request_id,station_id,window_start,window_end,request_url,retrieved_at,http_status,content_type,response_bytes,response_sha256,response_gzip6_bytes,result,grid_rows,nonnull_value,nonnull_discharge,nonnull_value_out,grid_first,grid_last,body_retained,request_error
1_2026-08-31_2026-09-06_a1,1,2026-08-31,2026-09-06,https://api-v3.thaiwater.net/api/v1/thaiwater30/public/waterlevel_graph?station_type=tele_waterlevel&station_id=1&start_date=2026-08-31&end_date=2026-09-06,2026-09-11T07:55:50.882871Z,200,application/json; charset=utf-8,80661,cdcf40b61d7acfc15401bf9539cb61ec18da06fc365ed6fb3b0bf427e14566d0,5256,OK,1008,1005,0,0,2026-08-31 00:00,2026-09-06 23:50,False,
3_2026-08-31_2026-09-06_a1,3,2026-08-31,2026-09-06,https://api-v3.thaiwater.net/api/v1/thaiwater30/public/waterlevel_graph?station_type=tele_waterlevel&station_id=3&start_date=2026-08-31&end_date=2026-09-06,2026-09-11T07:55:55.210632Z,200,application/json; charset=utf-8,81656,a8643c07fa52e0878297a2eeebe3caa6f0d07680ebc43d0cf8f2228baffdef6e,4164,OK,1008,1005,0,0,2026-08-31 00:00,2026-09-06 23:50,False,
4_2026-08-31_2026-09-06_a1,4,2026-08-31,2026-09-06,https://api-v3.thaiwater.net/api/v1/thaiwater30/public/waterlevel_graph?station_type=tele_waterlevel&station_id=4&start_date=2026-08-31&end_date=2026-09-06,2026-09-11T07:55:56.864523Z,200,application/json; charset=utf-8,79972,72e2e8f6ac3fb916afc953f13e2d5275882c5f816187f9fb1cf60c7473564391,5086,OK,1008,985,0,0,2026-08-31 00:00,2026-09-06 23:50,False,
5_2026-08-31_2026-09-06_a1,5,2026-08-31,2026-09-06,https://api-v3.thaiwater.net/api/v1/thaiwater30/public/waterlevel_graph?station_type=tele_waterlevel&station_id=5&start_date=2026-08-31&end_date=2026-09-06,2026-09-11T07:55:58.668773Z,200,application/json; charset=utf-8,79975,899a99fcc1a4bd11fceea782ca84677e66c41f87ab43a855aa3a403527db3414,4120,OK,1008,250,0,0,2026-08-31 00:00,2026-09-06 23:50,False,
8_2026-08-31_2026-09-06_a1,8,2026-08-31,2026-09-06,https://api-v3.thaiwater.net/api/v1/thaiwater30/public/waterlevel_graph?station_type=tele_waterlevel&station_id=8&start_date=2026-08-31&end_date=2026-09-06,2026-09-11T07:56:00.242283Z,200,application/json; charset=utf-8,80655,3c63dbfac740ac830293c3e615de70f5b5237accf61328509c89bc838814ca53,4956,OK,1008,1002,0,0,2026-08-31 00:00,2026-09-06 23:50,False,
10_2026-08-31_2026-09-06_a1,10,2026-08-31,2026-09-06,https://api-v3.thaiwater.net/api/v1/thaiwater30/public/waterlevel_graph?station_type=tele_waterlevel&station_id=10&start_date=2026-08-31&end_date=2026-09-06,2026-09-11T07:56:01.814181Z,200,application/json; charset=utf-8,81671,f9034f096604036c77923f0b096605e76b2d8b69e9fe351e252e8b695ad0fc67,5611,OK,1008,1005,0,0,2026-08-31 00:00,2026-09-06 23:50,False,
11_2026-08-31_2026-09-06_a1,11,2026-08-31,2026-09-06,https://api-v3.thaiwater.net/api/v1/thaiwater30/public/waterlevel_graph?station_type=tele_waterlevel&station_id=11&start_date=2026-08-31&end_date=2026-09-06,2026-09-11T07:56:03.387017Z,200,application/json; charset=utf-8,80653,e5a351e3b59fba59de8ddaeb3d288df55bddede0fbbad1c755d5d847d8f2cfdb,5050,OK,1008,1005,0,0,2026-08-31 00:00,2026-09-06 23:50,False,
14_2026-08-31_2026-09-06_a1,14,2026-08-31,2026-09-06,https://api-v3.thaiwater.net/api/v1/thaiwater30/public/waterlevel_graph?station_type=tele_waterlevel&station_id=14&start_date=2026-08-31&end_date=2026-09-06,2026-09-11T07:56:04.964268Z,200,application/json; charset=utf-8,79765,b993ba3fa59b39718d30663284e1bbf3b5325921777841d836a9e98e88022423,3022,OK,1008,0,0,0,2026-08-31 00:00,2026-09-06 23:50,True,
21_2026-08-31_2026-09-06_a1,21,2026-08-31,2026-09-06,https://api-v3.thaiwater.net/api/v1/thaiwater30/public/waterlevel_graph?station_type=tele_waterlevel&station_id=21&start_date=2026-08-31&end_date=2026-09-06,2026-09-11T07:56:06.566759Z,200,application/json; charset=utf-8,81694,b05eb4422e6168b5c098e6c818da58f7016a8f9c5f0c3dc2ad4ecf53c732d2b8,4133,OK,1008,1003,0,0,2026-08-31 00:00,2026-09-06 23:50,False,
24_2026-08-31_2026-09-06_a1,24,2026-08-31,2026-09-06,https://api-v3.thaiwater.net/api/v1/thaiwater30/public/waterlevel_graph?station_type=tele_waterlevel&station_id=24&start_date=2026-08-31&end_date=2026-09-06,2026-09-11T07:56:08.107174Z,200,application/json; charset=utf-8,80628,0a5f9d06b4cf774b9a51bcb2f232c446ab061a8404511b21f75a3f4b1338e451,4538,OK,1008,1005,0,0,2026-08-31 00:00,2026-09-06 23:50,False,
26_2026-08-31_2026-09-06_a1,26,2026-08-31,2026-09-06,https://api-v3.thaiwater.net/api/v1/thaiwater30/public/waterlevel_graph?station_type=tele_waterlevel&station_id=26&start_date=2026-08-31&end_date=2026-09-06,2026-09-11T07:56:09.679473Z,200,application/json; charset=utf-8,79634,0039b71195e72dea35ff078c40802df2e48fce20f918fd3ae3f5277a917904ac,4899,OK,1008,997,0,0,2026-08-31 00:00,2026-09-06 23:50,False,
27_2026-08-31_2026-09-06_a1,27,2026-08-31,2026-09-06,https://api-v3.thaiwater.net/api/v1/thaiwater30/public/waterlevel_graph?station_type=tele_waterlevel&station_id=27&start_date=2026-08-31&end_date=2026-09-06,2026-09-11T07:56:11.253289Z,200,application/json; charset=utf-8,80638,b9d4cadc8fa7ceeb9435fb237b08bf742b5e7f859c8c8fda4deb2cc3fa260673,5067,OK,1008,987,0,0,2026-08-31 00:00,2026-09-06 23:50,False,
29_2026-08-31_2026-09-06_a1,29,2026-08-31,2026-09-06,https://api-v3.thaiwater.net/api/v1/thaiwater30/public/waterlevel_graph?station_type=tele_waterlevel&station_id=29&start_date=2026-08-31&end_date=2026-09-06,2026-09-11T07:56:12.829230Z,200,application/json; charset=utf-8,80642,298c85c71ddc930224f4470e85295eab382296bd1fbb06ca7b6ce9c32242c683,5370,OK,1008,999,0,0,2026-08-31 00:00,2026-09-06 23:50,False,
36_2026-08-31_2026-09-06_a1,36,2026-08-31,2026-09-06,https://api-v3.thaiwater.net/api/v1/thaiwater30/public/waterlevel_graph?station_type=tele_waterlevel&station_id=36&start_date=2026-08-31&end_date=2026-09-06,2026-09-11T07:56:14.398193Z,200,application/json; charset=utf-8,80676,06cbf24d9f934b60c2f14bef47d532f4110c5ba4ae1076ff49ade0d44de716ea,5060,OK,1008,1005,0,0,2026-08-31 00:00,2026-09-06 23:50,False,
37_2026-08-31_2026-09-06_a1,37,2026-08-31,2026-09-06,https://api-v3.thaiwater.net/api/v1/thaiwater30/public/waterlevel_graph?station_type=tele_waterlevel&station_id=37&start_date=2026-08-31&end_date=2026-09-06,2026-09-11T07:56:15.967724Z,200,application/json; charset=utf-8,80685,dbb92f88d2ea6777bd52f37045be39d6fdf63de7fe267a3b2e6e084cf1ae0925,5192,OK,1008,1005,0,0,2026-08-31 00:00,2026-09-06 23:50,False,
39_2026-08-31_2026-09-06_a1,39,2026-08-31,2026-09-06,https://api-v3.thaiwater.net/api/v1/thaiwater30/public/waterlevel_graph?station_type=tele_waterlevel&station_id=39&start_date=2026-08-31&end_date=2026-09-06,2026-09-11T07:56:17.544994Z,200,application/json; charset=utf-8,80687,0f4308b1d199152594e56b54db1d14e282d2d8208e23f500f68e0caf7bb60c6a,5545,OK,1008,1005,0,0,2026-08-31 00:00,2026-09-06 23:50,False,
40_2026-08-31_2026-09-06_a1,40,2026-08-31,2026-09-06,https://api-v3.thaiwater.net/api/v1/thaiwater30/public/waterlevel_graph?station_type=tele_waterlevel&station_id=40&start_date=2026-08-31&end_date=2026-09-06,2026-09-11T07:56:19.118271Z,200,application/json; charset=utf-8,80679,ec1822b4ff0a46f8a4a7cfc97a7585da4c60d7e099152a9015ab6d61e4c5a7f3,5789,OK,1008,1005,0,0,2026-08-31 00:00,2026-09-06 23:50,False,
44_2026-08-31_2026-09-06_a1,44,2026-08-31,2026-09-06,https://api-v3.thaiwater.net/api/v1/thaiwater30/public/waterlevel_graph?station_type=tele_waterlevel&station_id=44&start_date=2026-08-31&end_date=2026-09-06,2026-09-11T07:56:20.689528Z,200,application/json; charset=utf-8,80679,bbdfe6ea7b5cc350f44e9054b1e7cc74209c28f498abe8279ddabaa4017220b4,5664,OK,1008,1005,0,0,2026-08-31 00:00,2026-09-06 23:50,False,
47_2026-08-31_2026-09-06_a1,47,2026-08-31,2026-09-06,https://api-v3.thaiwater.net/api/v1/thaiwater30/public/waterlevel_graph?station_type=tele_waterlevel&station_id=47&start_date=2026-08-31&end_date=2026-09-06,2026-09-11T07:56:22.261576Z,200,application/json; charset=utf-8,80657,7275b2f0cf991acbe7ac1ad09900ab99ddf45dcdd9d6612a62993071522d7b0c,5425,OK,1008,999,0,0,2026-08-31 00:00,2026-09-06 23:50,False,
48_2026-08-31_2026-09-06_a1,48,2026-08-31,2026-09-06,https://api-v3.thaiwater.net/api/v1/thaiwater30/public/waterlevel_graph?station_type=tele_waterlevel&station_id=48&start_date=2026-08-31&end_date=2026-09-06,2026-09-11T07:56:23.836810Z,200,application/json; charset=utf-8,80647,445b7a86f70de37be8388444f13b82f43bdc6a1ad63997c8ba42c4bf528c60ca,5384,OK,1008,1002,0,0,2026-08-31 00:00,2026-09-06 23:50,False,
49_2026-08-31_2026-09-06_a1,49,2026-08-31,2026-09-06,https://api-v3.thaiwater.net/api/v1/thaiwater30/public/waterlevel_graph?station_type=tele_waterlevel&station_id=49&start_date=2026-08-31&end_date=2026-09-06,2026-09-11T07:56:25.425496Z,200,application/json; charset=utf-8,80659,900d5d37df8704c41aa837268f7891a1393e9b80ab12efc2427bef9c4ebeab72,5711,OK,1008,996,0,0,2026-08-31 00:00,2026-09-06 23:50,False,
50_2026-08-31_2026-09-06_a1,50,2026-08-31,2026-09-06,https://api-v3.thaiwater.net/api/v1/thaiwater30/public/waterlevel_graph?station_type=tele_waterlevel&station_id=50&start_date=2026-08-31&end_date=2026-09-06,2026-09-11T07:56:26.982272Z,200,application/json; charset=utf-8,80643,3c23aae647e2f1b839c89f5837fc68f8e62604d813731d73cce63820e87ac8fb,5616,OK,1008,1005,0,0,2026-08-31 00:00,2026-09-06 23:50,False,
54_2026-08-31_2026-09-06_a1,54,2026-08-31,2026-09-06,https://api-v3.thaiwater.net/api/v1/thaiwater30/public/waterlevel_graph?station_type=tele_waterlevel&station_id=54&start_date=2026-08-31&end_date=2026-09-06,2026-09-11T07:56:28.577696Z,200,application/json; charset=utf-8,80619,23ab1b9390a2e06441f3562a6015098fa58ddd6c34e4ef35b13a06a000135ac5,4750,OK,1008,1005,0,0,2026-08-31 00:00,2026-09-06 23:50,False,
57_2026-08-31_2026-09-06_a1,57,2026-08-31,2026-09-06,https://api-v3.thaiwater.net/api/v1/thaiwater30/public/waterlevel_graph?station_type=tele_waterlevel&station_id=57&start_date=2026-08-31&end_date=2026-09-06,2026-09-11T07:56:30.127547Z,200,application/json; charset=utf-8,80660,2a8c9041f57477341de853340e3076bf0e865248207ffa9f4472ec2a2aba21c6,4832,OK,1008,1005,0,0,2026-08-31 00:00,2026-09-06 23:50,False,
58_2026-08-31_2026-09-06_a1,58,2026-08-31,2026-09-06,https://api-v3.thaiwater.net/api/v1/thaiwater30/public/waterlevel_graph?station_type=tele_waterlevel&station_id=58&start_date=2026-08-31&end_date=2026-09-06,2026-09-11T07:56:31.699878Z,200,application/json; charset=utf-8,80635,33d082f4935286b540fdea32bbb59cfc339998f29971d366270b11516948d014,5354,OK,1008,1001,0,0,2026-08-31 00:00,2026-09-06 23:50,False,
61_2026-08-31_2026-09-06_a1,61,2026-08-31,2026-09-06,https://api-v3.thaiwater.net/api/v1/thaiwater30/public/waterlevel_graph?station_type=tele_waterlevel&station_id=61&start_date=2026-08-31&end_date=2026-09-06,2026-09-11T07:56:33.144419Z,200,application/json; charset=utf-8,80667,1157a85d39cf9bb8b49a2adab3b3f091cbc3cd3c6fdfecc1c5d7782ca0287075,5140,OK,1008,1005,0,0,2026-08-31 00:00,2026-09-06 23:50,False,
68_2026-08-31_2026-09-06_a1,68,2026-08-31,2026-09-06,https://api-v3.thaiwater.net/api/v1/thaiwater30/public/waterlevel_graph?station_type=tele_waterlevel&station_id=68&start_date=2026-08-31&end_date=2026-09-06,2026-09-11T07:56:34.752423Z,200,application/json; charset=utf-8,80653,e4605fe0c3f230757624d2900446cbf4b51f91dbde46b74668368eefd1707a0f,5243,OK,1008,1005,0,0,2026-08-31 00:00,2026-09-06 23:50,False,
71_2026-08-31_2026-09-06_a1,71,2026-08-31,2026-09-06,https://api-v3.thaiwater.net/api/v1/thaiwater30/public/waterlevel_graph?station_type=tele_waterlevel&station_id=71&start_date=2026-08-31&end_date=2026-09-06,2026-09-11T07:56:36.322127Z,200,application/json; charset=utf-8,80656,8fd7cbee29efd8972b4a914296cb31c8c8a9531357021044601433cd5fc2b689,5435,OK,1008,1004,0,0,2026-08-31 00:00,2026-09-06 23:50,False,
79_2026-08-31_2026-09-06_a1,79,2026-08-31,2026-09-06,https://api-v3.thaiwater.net/api/v1/thaiwater30/public/waterlevel_graph?station_type=tele_waterlevel&station_id=79&start_date=2026-08-31&end_date=2026-09-06,2026-09-11T07:56:37.989883Z,200,application/json; charset=utf-8,81673,f09c6e01dc5e5089991e1f1ad6c880a19ea3980b2d63dd03952b626879a42438,4895,OK,1008,1005,0,0,2026-08-31 00:00,2026-09-06 23:50,False,
80_2026-08-31_2026-09-06_a1,80,2026-08-31,2026-09-06,https://api-v3.thaiwater.net/api/v1/thaiwater30/public/waterlevel_graph?station_type=tele_waterlevel&station_id=80&start_date=2026-08-31&end_date=2026-09-06,2026-09-11T07:56:39.562328Z,200,application/json; charset=utf-8,81635,ba1183cd3d5e2fa70ac51f057b8dec457f7db635d21a52b05bb99e570795b221,4962,OK,1008,1005,0,0,2026-08-31 00:00,2026-09-06 23:50,False,
83_2026-08-31_2026-09-06_a1,83,2026-08-31,2026-09-06,https://api-v3.thaiwater.net/api/v1/thaiwater30/public/waterlevel_graph?station_type=tele_waterlevel&station_id=83&start_date=2026-08-31&end_date=2026-09-06,2026-09-11T07:56:41.133774Z,200,application/json; charset=utf-8,81654,19b50625ee75b63fdb28ba9a07b66e4e499a192948cdb21ac7f50a7cd9a4f6cb,4870,OK,1008,1005,0,0,2026-08-31 00:00,2026-09-06 23:50,False,
89_2026-08-31_2026-09-06_a1,89,2026-08-31,2026-09-06,https://api-v3.thaiwater.net/api/v1/thaiwater30/public/waterlevel_graph?station_type=tele_waterlevel&station_id=89&start_date=2026-08-31&end_date=2026-09-06,2026-09-11T07:56:42.710897Z,200,application/json; charset=utf-8,80653,4371a00c4ee61ad47d65b656ea28d9bc7e53d9e1226230a6ec1a3234e263548a,5017,OK,1008,1003,0,0,2026-08-31 00:00,2026-09-06 23:50,False,
115_2026-08-31_2026-09-06_a1,115,2026-08-31,2026-09-06,https://api-v3.thaiwater.net/api/v1/thaiwater30/public/waterlevel_graph?station_type=tele_waterlevel&station_id=115&start_date=2026-08-31&end_date=2026-09-06,2026-09-11T07:56:44.284285Z,200,application/json; charset=utf-8,79648,9af47ce834bec4aa715b34bae6bcb3e6e656948501f172848effecec9cc7065f,3771,OK,1008,958,0,0,2026-08-31 00:00,2026-09-06 23:50,False,
118_2026-08-31_2026-09-06_a1,118,2026-08-31,2026-09-06,https://api-v3.thaiwater.net/api/v1/thaiwater30/public/waterlevel_graph?station_type=tele_waterlevel&station_id=118&start_date=2026-08-31&end_date=2026-09-06,2026-09-11T07:56:45.851404Z,200,application/json; charset=utf-8,80652,773992767cb5049ca970aaa5008616a65a34056fe63ea19d8975e5e489d4ce5c,3904,OK,1008,1002,0,0,2026-08-31 00:00,2026-09-06 23:50,False,
120_2026-08-31_2026-09-06_a1,120,2026-08-31,2026-09-06,https://api-v3.thaiwater.net/api/v1/thaiwater30/public/waterlevel_graph?station_type=tele_waterlevel&station_id=120&start_date=2026-08-31&end_date=2026-09-06,2026-09-11T07:56:47.428010Z,200,application/json; charset=utf-8,79661,2127f1f3badc77207ac82730cab6458f0a2da8c20bb57ea3d243b32a9084433b,4529,OK,1008,962,0,0,2026-08-31 00:00,2026-09-06 23:50,False,
128_2026-08-31_2026-09-06_a1,128,2026-08-31,2026-09-06,https://api-v3.thaiwater.net/api/v1/thaiwater30/public/waterlevel_graph?station_type=tele_waterlevel&station_id=128&start_date=2026-08-31&end_date=2026-09-06,2026-09-11T07:56:48.900180Z,200,application/json; charset=utf-8,80505,f24417d357523d60b190f37eadadcbaf8dc2f6e2364c0bf0db1bbf113f94e382,3909,OK,1008,941,0,0,2026-08-31 00:00,2026-09-06 23:50,False,
131_2026-08-31_2026-09-06_a1,131,2026-08-31,2026-09-06,https://api-v3.thaiwater.net/api/v1/thaiwater30/public/waterlevel_graph?station_type=tele_waterlevel&station_id=131&start_date=2026-08-31&end_date=2026-09-06,2026-09-11T07:56:50.426286Z,200,application/json; charset=utf-8,79665,f97ef98acd1a0e17dee1d5342737121d2f48f5867053397bc3936311f882099c,4231,OK,1008,1000,0,0,2026-08-31 00:00,2026-09-06 23:50,False,
136_2026-08-31_2026-09-06_a1,136,2026-08-31,2026-09-06,https://api-v3.thaiwater.net/api/v1/thaiwater30/public/waterlevel_graph?station_type=tele_waterlevel&station_id=136&start_date=2026-08-31&end_date=2026-09-06,2026-09-11T07:56:51.859776Z,200,application/json; charset=utf-8,80025,a529f4b8f2e02e38da406265160dedd878822a56f30e61fa1d6a44f5558d6025,4815,OK,1008,1005,0,0,2026-08-31 00:00,2026-09-06 23:50,False,
137_2026-08-31_2026-09-06_a1,137,2026-08-31,2026-09-06,https://api-v3.thaiwater.net/api/v1/thaiwater30/public/waterlevel_graph?station_type=tele_waterlevel&station_id=137&start_date=2026-08-31&end_date=2026-09-06,2026-09-11T07:56:53.386023Z,200,application/json; charset=utf-8,80395,a00bd3bb8b0e976d9596c3b1f370079d9700142b69cc7ea5c21d89190d7df327,4873,OK,1008,1005,0,0,2026-08-31 00:00,2026-09-06 23:50,False,
138_2026-08-31_2026-09-06_a1,138,2026-08-31,2026-09-06,https://api-v3.thaiwater.net/api/v1/thaiwater30/public/waterlevel_graph?station_type=tele_waterlevel&station_id=138&start_date=2026-08-31&end_date=2026-09-06,2026-09-11T07:56:54.955997Z,200,application/json; charset=utf-8,80309,4720733f44804613a27fdd108d0671ee95397ebe190c943a5eb7e7cfdf79ccd3,4898,OK,1008,993,0,0,2026-08-31 00:00,2026-09-06 23:50,False,
149_2026-08-31_2026-09-06_a1,149,2026-08-31,2026-09-06,https://api-v3.thaiwater.net/api/v1/thaiwater30/public/waterlevel_graph?station_type=tele_waterlevel&station_id=149&start_date=2026-08-31&end_date=2026-09-06,2026-09-11T07:56:56.388708Z,200,application/json; charset=utf-8,81633,f7530a6beaa4b9b3a054f0e7cb5bb262f52c1f70c21948c5ea0336a54953de0a,4652,OK,1008,999,0,0,2026-08-31 00:00,2026-09-06 23:50,False,
151_2026-08-31_2026-09-06_a1,151,2026-08-31,2026-09-06,https://api-v3.thaiwater.net/api/v1/thaiwater30/public/waterlevel_graph?station_type=tele_waterlevel&station_id=151&start_date=2026-08-31&end_date=2026-09-06,2026-09-11T07:56:57.912972Z,200,application/json; charset=utf-8,80646,0464e9b9207e4f4fb78db8e35d2d28dd99b18e2411cbd4adc6817f11228c43f4,5668,OK,1008,1005,0,0,2026-08-31 00:00,2026-09-06 23:50,False,
154_2026-08-31_2026-09-06_a1,154,2026-08-31,2026-09-06,https://api-v3.thaiwater.net/api/v1/thaiwater30/public/waterlevel_graph?station_type=tele_waterlevel&station_id=154&start_date=2026-08-31&end_date=2026-09-06,2026-09-11T07:56:59.483836Z,200,application/json; charset=utf-8,81149,b347444a9c439c0172f944e41c610233b933e290da1ba22cbf44cdf093bdb5eb,5905,OK,1008,1005,0,0,2026-08-31 00:00,2026-09-06 23:50,False,
156_2026-08-31_2026-09-06_a1,156,2026-08-31,2026-09-06,https://api-v3.thaiwater.net/api/v1/thaiwater30/public/waterlevel_graph?station_type=tele_waterlevel&station_id=156&start_date=2026-08-31&end_date=2026-09-06,2026-09-11T07:57:01.060523Z,200,application/json; charset=utf-8,80664,8cdd761ce1782a8ed7599c447b75c5b33ee0888a8cb4c809848d1993e562f42e,5663,OK,1008,1005,0,0,2026-08-31 00:00,2026-09-06 23:50,False,
160_2026-08-31_2026-09-06_a1,160,2026-08-31,2026-09-06,https://api-v3.thaiwater.net/api/v1/thaiwater30/public/waterlevel_graph?station_type=tele_waterlevel&station_id=160&start_date=2026-08-31&end_date=2026-09-06,2026-09-11T07:57:02.659985Z,200,application/json; charset=utf-8,79648,26f2207d732cb3d277792cea0466d341642265a68b2d2c5efbb40b6c4b7019f7,3336,OK,1008,347,0,0,2026-08-31 00:00,2026-09-06 23:50,False,
162_2026-08-31_2026-09-06_a1,162,2026-08-31,2026-09-06,https://api-v3.thaiwater.net/api/v1/thaiwater30/public/waterlevel_graph?station_type=tele_waterlevel&station_id=162&start_date=2026-08-31&end_date=2026-09-06,2026-09-11T07:57:04.238761Z,200,application/json; charset=utf-8,79692,cacccbf9e8553cfe5e8e2547c102eb42787d403aa54693ed99339a744a82902d,3915,OK,1008,990,0,0,2026-08-31 00:00,2026-09-06 23:50,False,
165_2026-08-31_2026-09-06_a1,165,2026-08-31,2026-09-06,https://api-v3.thaiwater.net/api/v1/thaiwater30/public/waterlevel_graph?station_type=tele_waterlevel&station_id=165&start_date=2026-08-31&end_date=2026-09-06,2026-09-11T07:57:05.661878Z,200,application/json; charset=utf-8,80654,ae457e9c51e7538268e19dc34497ca536ed06455f238d30f5864f2a120919226,4463,OK,1008,1005,0,0,2026-08-31 00:00,2026-09-06 23:50,False,
169_2026-08-31_2026-09-06_a1,169,2026-08-31,2026-09-06,https://api-v3.thaiwater.net/api/v1/thaiwater30/public/waterlevel_graph?station_type=tele_waterlevel&station_id=169&start_date=2026-08-31&end_date=2026-09-06,2026-09-11T07:57:07.348034Z,200,application/json; charset=utf-8,79658,00d1f83d24d9f7dcaaca3c6e7c8c7ad66bf2df3455053fb26d27fee47be560af,3645,OK,1008,948,0,0,2026-08-31 00:00,2026-09-06 23:50,False,
170_2026-08-31_2026-09-06_a1,170,2026-08-31,2026-09-06,https://api-v3.thaiwater.net/api/v1/thaiwater30/public/waterlevel_graph?station_type=tele_waterlevel&station_id=170&start_date=2026-08-31&end_date=2026-09-06,2026-09-11T07:57:08.923309Z,200,application/json; charset=utf-8,79676,4a93142cb8549e7e90a6774399e73e31bfe27c2cf714d7749e81e71a95a8147a,3861,OK,1008,932,0,0,2026-08-31 00:00,2026-09-06 23:50,False,
175_2026-08-31_2026-09-06_a1,175,2026-08-31,2026-09-06,https://api-v3.thaiwater.net/api/v1/thaiwater30/public/waterlevel_graph?station_type=tele_waterlevel&station_id=175&start_date=2026-08-31&end_date=2026-09-06,2026-09-11T07:57:10.494307Z,200,application/json; charset=utf-8,79668,dc88df3728c5cf62acd3f19a3004c47159bf4d70f34a8dd71999b4f7dde15734,4235,OK,1008,994,0,0,2026-08-31 00:00,2026-09-06 23:50,False,
189_2026-08-31_2026-09-06_a1,189,2026-08-31,2026-09-06,https://api-v3.thaiwater.net/api/v1/thaiwater30/public/waterlevel_graph?station_type=tele_waterlevel&station_id=189&start_date=2026-08-31&end_date=2026-09-06,2026-09-11T07:57:12.086304Z,200,application/json; charset=utf-8,79590,adbfe9602e3ab5c08a6a16ac02da12980e04f1ee35f1369ab8693718dc92c53b,3873,OK,1008,992,0,0,2026-08-31 00:00,2026-09-06 23:50,False,
190_2026-08-31_2026-09-06_a1,190,2026-08-31,2026-09-06,https://api-v3.thaiwater.net/api/v1/thaiwater30/public/waterlevel_graph?station_type=tele_waterlevel&station_id=190&start_date=2026-08-31&end_date=2026-09-06,2026-09-11T07:57:13.708215Z,200,application/json; charset=utf-8,80656,78353b316ae6029a02faab16d5daa6a6662c5e356bbbce1eb5b54b5df4bd7d7e,4536,OK,1008,1005,0,0,2026-08-31 00:00,2026-09-06 23:50,False,
191_2026-08-31_2026-09-06_a1,191,2026-08-31,2026-09-06,https://api-v3.thaiwater.net/api/v1/thaiwater30/public/waterlevel_graph?station_type=tele_waterlevel&station_id=191&start_date=2026-08-31&end_date=2026-09-06,2026-09-11T07:57:15.261258Z,200,application/json; charset=utf-8,79765,b56093adb27cb8629ea12ba3e6a91b218642cfefd4e76870378b75c15fab97fd,3022,OK,1008,0,0,0,2026-08-31 00:00,2026-09-06 23:50,True,
192_2026-08-31_2026-09-06_a1,192,2026-08-31,2026-09-06,https://api-v3.thaiwater.net/api/v1/thaiwater30/public/waterlevel_graph?station_type=tele_waterlevel&station_id=192&start_date=2026-08-31&end_date=2026-09-06,2026-09-11T07:57:16.790030Z,200,application/json; charset=utf-8,80712,3c66e1e2643267e17cacb59abd554da0cb84d55c08e4dd6e77c5262751dc3203,3515,OK,1008,1002,0,0,2026-08-31 00:00,2026-09-06 23:50,False,
200_2026-08-31_2026-09-06_a1,200,2026-08-31,2026-09-06,https://api-v3.thaiwater.net/api/v1/thaiwater30/public/waterlevel_graph?station_type=tele_waterlevel&station_id=200&start_date=2026-08-31&end_date=2026-09-06,2026-09-11T07:57:18.357354Z,200,application/json; charset=utf-8,80654,84ca63071df780598408b9d980365d9a6a16b42be5e530971c6ff41bb2807285,4281,OK,1008,1003,0,0,2026-08-31 00:00,2026-09-06 23:50,False,
218_2026-08-31_2026-09-06_a1,218,2026-08-31,2026-09-06,https://api-v3.thaiwater.net/api/v1/thaiwater30/public/waterlevel_graph?station_type=tele_waterlevel&station_id=218&start_date=2026-08-31&end_date=2026-09-06,2026-09-11T07:57:19.810695Z,200,application/json; charset=utf-8,82690,74f4d1ce2e6794eda4f98a0fa6292c9235b0b8ef649ed73af3147d9fd48cc4fe,4418,OK,1008,999,0,0,2026-08-31 00:00,2026-09-06 23:50,False,
228_2026-08-31_2026-09-06_a1,228,2026-08-31,2026-09-06,https://api-v3.thaiwater.net/api/v1/thaiwater30/public/waterlevel_graph?station_type=tele_waterlevel&station_id=228&start_date=2026-08-31&end_date=2026-09-06,2026-09-11T07:57:21.354839Z,200,application/json; charset=utf-8,82630,7a076247e67f1b36add1df9a4d1d7184e45ce1c00d3bd806d31c1a87310c629e,4680,OK,1008,1005,0,0,2026-08-31 00:00,2026-09-06 23:50,False,
236_2026-08-31_2026-09-06_a1,236,2026-08-31,2026-09-06,https://api-v3.thaiwater.net/api/v1/thaiwater30/public/waterlevel_graph?station_type=tele_waterlevel&station_id=236&start_date=2026-08-31&end_date=2026-09-06,2026-09-11T07:57:22.972285Z,200,application/json; charset=utf-8,81069,9c00c3f7d0262ed81c93ca9e6db9ce3a488938d6f9c320b6b1a9458dee4e844b,4144,OK,1008,690,0,0,2026-08-31 00:00,2026-09-06 23:50,False,
238_2026-08-31_2026-09-06_a1,238,2026-08-31,2026-09-06,https://api-v3.thaiwater.net/api/v1/thaiwater30/public/waterlevel_graph?station_type=tele_waterlevel&station_id=238&start_date=2026-08-31&end_date=2026-09-06,2026-09-11T07:57:24.510955Z,200,application/json; charset=utf-8,81457,f84882bbac9ff9460fbea857ed904191cac69747a66361ee8c178289e594faa3,3732,OK,1008,885,0,0,2026-08-31 00:00,2026-09-06 23:50,False,
245_2026-08-31_2026-09-06_a1,245,2026-08-31,2026-09-06,https://api-v3.thaiwater.net/api/v1/thaiwater30/public/waterlevel_graph?station_type=tele_waterlevel&station_id=245&start_date=2026-08-31&end_date=2026-09-06,2026-09-11T07:57:26.099659Z,200,application/json; charset=utf-8,81694,825effe79e89a6b65cb4b924b6bb4d6dfaa13bc50e7df3865b163005dc05506a,3764,OK,1008,985,0,0,2026-08-31 00:00,2026-09-06 23:50,False,
255_2026-08-31_2026-09-06_a1,255,2026-08-31,2026-09-06,https://api-v3.thaiwater.net/api/v1/thaiwater30/public/waterlevel_graph?station_type=tele_waterlevel&station_id=255&start_date=2026-08-31&end_date=2026-09-06,2026-09-11T07:57:27.530559Z,200,application/json; charset=utf-8,81628,6ef7c670912b40ccfa29f134c41f360d1db9313f87da310dc51bc8acb2c9a69a,4499,OK,1008,975,0,0,2026-08-31 00:00,2026-09-06 23:50,False,
262_2026-08-31_2026-09-06_a1,262,2026-08-31,2026-09-06,https://api-v3.thaiwater.net/api/v1/thaiwater30/public/waterlevel_graph?station_type=tele_waterlevel&station_id=262&start_date=2026-08-31&end_date=2026-09-06,2026-09-11T07:57:29.059854Z,200,application/json; charset=utf-8,82679,1de2e73da4030d465fd11796b669c9f9a44226af3aa9ccdc4b01a7d2e72b4e54,5108,OK,1008,1005,0,0,2026-08-31 00:00,2026-09-06 23:50,False,
269_2026-08-31_2026-09-06_a1,269,2026-08-31,2026-09-06,https://api-v3.thaiwater.net/api/v1/thaiwater30/public/waterlevel_graph?station_type=tele_waterlevel&station_id=269&start_date=2026-08-31&end_date=2026-09-06,2026-09-11T07:57:30.651809Z,200,application/json; charset=utf-8,82630,fca513b6b65022cc2e75801afeb184c64ca5d397ad9b0e28296af1a81d765bae,5082,OK,1008,1000,0,0,2026-08-31 00:00,2026-09-06 23:50,False,
281_2026-08-31_2026-09-06_a1,281,2026-08-31,2026-09-06,https://api-v3.thaiwater.net/api/v1/thaiwater30/public/waterlevel_graph?station_type=tele_waterlevel&station_id=281&start_date=2026-08-31&end_date=2026-09-06,2026-09-11T07:57:32.218723Z,200,application/json; charset=utf-8,81417,b31090d9a1eefd4f3de887ffa021a18a540e860e476be4f4b9d2d2e13664db15,3845,OK,1008,863,0,0,2026-08-31 00:00,2026-09-06 23:50,False,
296_2026-08-31_2026-09-06_a1,296,2026-08-31,2026-09-06,https://api-v3.thaiwater.net/api/v1/thaiwater30/public/waterlevel_graph?station_type=tele_waterlevel&station_id=296&start_date=2026-08-31&end_date=2026-09-06,2026-09-11T07:57:33.809251Z,200,application/json; charset=utf-8,82628,b8e67654e53fd70df34427810c1350292e42e64aa5db1b18cf2c1e5884857005,4914,OK,1008,1005,0,0,2026-08-31 00:00,2026-09-06 23:50,False,
298_2026-08-31_2026-09-06_a1,298,2026-08-31,2026-09-06,https://api-v3.thaiwater.net/api/v1/thaiwater30/public/waterlevel_graph?station_type=tele_waterlevel&station_id=298&start_date=2026-08-31&end_date=2026-09-06,2026-09-11T07:57:35.428399Z,200,application/json; charset=utf-8,82652,df7e9061139ffb28f037826ea758ea8180cac9b8b1d52f36b337a885c367961a,5376,OK,1008,998,0,0,2026-08-31 00:00,2026-09-06 23:50,False,
315_2026-08-31_2026-09-06_a1,315,2026-08-31,2026-09-06,https://api-v3.thaiwater.net/api/v1/thaiwater30/public/waterlevel_graph?station_type=tele_waterlevel&station_id=315&start_date=2026-08-31&end_date=2026-09-06,2026-09-11T07:57:37.147634Z,200,application/json; charset=utf-8,81761,aaeb63fa36c744f90042cc2105acae7d6852c9197cec61166324c77970ff5803,3393,OK,1008,998,0,0,2026-08-31 00:00,2026-09-06 23:50,False,
319_2026-08-31_2026-09-06_a1,319,2026-08-31,2026-09-06,https://api-v3.thaiwater.net/api/v1/thaiwater30/public/waterlevel_graph?station_type=tele_waterlevel&station_id=319&start_date=2026-08-31&end_date=2026-09-06,2026-09-11T07:57:38.825435Z,200,application/json; charset=utf-8,81660,f1eabef2f42e8f612c1f5cf7e63ffff695a0fe97ddf46f4f251445fb5dc8ecf7,3716,OK,1008,999,0,0,2026-08-31 00:00,2026-09-06 23:50,False,
330_2026-08-31_2026-09-06_a1,330,2026-08-31,2026-09-06,https://api-v3.thaiwater.net/api/v1/thaiwater30/public/waterlevel_graph?station_type=tele_waterlevel&station_id=330&start_date=2026-08-31&end_date=2026-09-06,2026-09-11T07:57:40.275999Z,200,application/json; charset=utf-8,82680,de9058dbca283b471218b2c091c6cb2eaab2a792526795f798fbbf6080f9e18a,4540,OK,1008,1005,0,0,2026-08-31 00:00,2026-09-06 23:50,False,
333_2026-08-31_2026-09-06_a1,333,2026-08-31,2026-09-06,https://api-v3.thaiwater.net/api/v1/thaiwater30/public/waterlevel_graph?station_type=tele_waterlevel&station_id=333&start_date=2026-08-31&end_date=2026-09-06,2026-09-11T07:57:41.867354Z,200,application/json; charset=utf-8,82680,8f52089e6c5c8d4c13aedcef039cdff10d710198c33aaf2812bb4a4e6a1152fc,5165,OK,1008,1005,0,0,2026-08-31 00:00,2026-09-06 23:50,False,
335_2026-08-31_2026-09-06_a1,335,2026-08-31,2026-09-06,https://api-v3.thaiwater.net/api/v1/thaiwater30/public/waterlevel_graph?station_type=tele_waterlevel&station_id=335&start_date=2026-08-31&end_date=2026-09-06,2026-09-11T07:57:43.378851Z,200,application/json; charset=utf-8,81562,11297153c3c93ab0e778bc1f5429e53c14732bbf45eabcd47efd9ea532e29f5a,3601,OK,1008,938,0,0,2026-08-31 00:00,2026-09-06 23:50,False,
342_2026-08-31_2026-09-06_a1,342,2026-08-31,2026-09-06,https://api-v3.thaiwater.net/api/v1/thaiwater30/public/waterlevel_graph?station_type=tele_waterlevel&station_id=342&start_date=2026-08-31&end_date=2026-09-06,2026-09-11T07:57:45.011729Z,200,application/json; charset=utf-8,81722,76a49aab1fb3dc10b7cf388de76436548b178fe47565c3166e05a29eea35d083,3651,OK,1008,1004,0,0,2026-08-31 00:00,2026-09-06 23:50,False,
348_2026-08-31_2026-09-06_a1,348,2026-08-31,2026-09-06,https://api-v3.thaiwater.net/api/v1/thaiwater30/public/waterlevel_graph?station_type=tele_waterlevel&station_id=348&start_date=2026-08-31&end_date=2026-09-06,2026-09-11T07:57:46.540281Z,200,application/json; charset=utf-8,81588,973de51d7e91d6319fb9288bc786abe6f8c6b0cd53d87b6aa938e69ecbad3614,3638,OK,1008,959,0,0,2026-08-31 00:00,2026-09-06 23:50,False,
358_2026-08-31_2026-09-06_a1,358,2026-08-31,2026-09-06,https://api-v3.thaiwater.net/api/v1/thaiwater30/public/waterlevel_graph?station_type=tele_waterlevel&station_id=358&start_date=2026-08-31&end_date=2026-09-06,2026-09-11T07:57:48.125441Z,200,application/json; charset=utf-8,82670,d051244d9042f1271bdab0fd682cf900b9234320318a7838e123fd6aaa0ae023,5315,OK,1008,1005,0,0,2026-08-31 00:00,2026-09-06 23:50,False,
380_2026-08-31_2026-09-06_a1,380,2026-08-31,2026-09-06,https://api-v3.thaiwater.net/api/v1/thaiwater30/public/waterlevel_graph?station_type=tele_waterlevel&station_id=380&start_date=2026-08-31&end_date=2026-09-06,2026-09-11T07:57:49.817634Z,200,application/json; charset=utf-8,81516,283e19fb41128c83213da71bb56c036b208131e3ffd55e7ce70e75565105341b,3857,OK,1008,978,0,0,2026-08-31 00:00,2026-09-06 23:50,False,
393_2026-08-31_2026-09-06_a1,393,2026-08-31,2026-09-06,https://api-v3.thaiwater.net/api/v1/thaiwater30/public/waterlevel_graph?station_type=tele_waterlevel&station_id=393&start_date=2026-08-31&end_date=2026-09-06,2026-09-11T07:57:51.393066Z,200,application/json; charset=utf-8,79766,e59d34841a06245c4340a0fc62a037f16039fa74b98f3eacf49a27958297a807,3023,OK,1008,0,0,0,2026-08-31 00:00,2026-09-06 23:50,True,
395_2026-08-31_2026-09-06_a1,395,2026-08-31,2026-09-06,https://api-v3.thaiwater.net/api/v1/thaiwater30/public/waterlevel_graph?station_type=tele_waterlevel&station_id=395&start_date=2026-08-31&end_date=2026-09-06,2026-09-11T07:57:52.842013Z,200,application/json; charset=utf-8,81636,ade418d7f2d207bbf3c4930f4012ffb6d1dea868ce83c7dffada314b85fd727a,3644,OK,1008,990,0,0,2026-08-31 00:00,2026-09-06 23:50,False,
396_2026-08-31_2026-09-06_a1,396,2026-08-31,2026-09-06,https://api-v3.thaiwater.net/api/v1/thaiwater30/public/waterlevel_graph?station_type=tele_waterlevel&station_id=396&start_date=2026-08-31&end_date=2026-09-06,2026-09-11T07:57:54.538810Z,200,application/json; charset=utf-8,81459,e56912763e7aee06978e24e22198a98c658d13aa36dcd0fe36d3ff39bf685012,3590,OK,1008,874,0,0,2026-08-31 00:00,2026-09-06 23:50,False,
405_2026-08-31_2026-09-06_a1,405,2026-08-31,2026-09-06,https://api-v3.thaiwater.net/api/v1/thaiwater30/public/waterlevel_graph?station_type=tele_waterlevel&station_id=405&start_date=2026-08-31&end_date=2026-09-06,2026-09-11T07:57:55.983268Z,200,application/json; charset=utf-8,81556,bdf5706a3d1796a00c57789af736ee45e523b4bc3679f302f6b8dd03ed40f728,3793,OK,1008,947,0,0,2026-08-31 00:00,2026-09-06 23:50,False,
414_2026-08-31_2026-09-06_a1,414,2026-08-31,2026-09-06,https://api-v3.thaiwater.net/api/v1/thaiwater30/public/waterlevel_graph?station_type=tele_waterlevel&station_id=414&start_date=2026-08-31&end_date=2026-09-06,2026-09-11T07:57:57.686196Z,200,application/json; charset=utf-8,82669,88faf844b5c84665a3cb3a2f2346b5411006a1d0aad37beaab54e4b25d64aedf,4943,OK,1008,1005,0,0,2026-08-31 00:00,2026-09-06 23:50,False,
418_2026-08-31_2026-09-06_a1,418,2026-08-31,2026-09-06,https://api-v3.thaiwater.net/api/v1/thaiwater30/public/waterlevel_graph?station_type=tele_waterlevel&station_id=418&start_date=2026-08-31&end_date=2026-09-06,2026-09-11T07:57:59.327979Z,200,application/json; charset=utf-8,82674,7ee5c0f0bfd95e44211c2b0290db1575410e96c22d1d4d807f4251ca26583b32,5204,OK,1008,1005,0,0,2026-08-31 00:00,2026-09-06 23:50,False,
422_2026-08-31_2026-09-06_a1,422,2026-08-31,2026-09-06,https://api-v3.thaiwater.net/api/v1/thaiwater30/public/waterlevel_graph?station_type=tele_waterlevel&station_id=422&start_date=2026-08-31&end_date=2026-09-06,2026-09-11T07:58:00.931978Z,200,application/json; charset=utf-8,82671,d353af8cd86faf4bb00ee240fb966473530f2c653e48cecb680380fe5d754488,4845,OK,1008,1004,0,0,2026-08-31 00:00,2026-09-06 23:50,False,
424_2026-08-31_2026-09-06_a1,424,2026-08-31,2026-09-06,https://api-v3.thaiwater.net/api/v1/thaiwater30/public/waterlevel_graph?station_type=tele_waterlevel&station_id=424&start_date=2026-08-31&end_date=2026-09-06,2026-09-11T07:58:02.610704Z,200,application/json; charset=utf-8,82664,a4d351837c6dc4d355f40d56092ca456f2328fa7f36694a0977e5ba1a365ee32,5225,OK,1008,1005,0,0,2026-08-31 00:00,2026-09-06 23:50,False,
427_2026-08-31_2026-09-06_a1,427,2026-08-31,2026-09-06,https://api-v3.thaiwater.net/api/v1/thaiwater30/public/waterlevel_graph?station_type=tele_waterlevel&station_id=427&start_date=2026-08-31&end_date=2026-09-06,2026-09-11T07:58:04.175225Z,200,application/json; charset=utf-8,82662,2f74617bcd95d1cddc291fc1f4895645fe4bbaf1a9f95457634490933c5d64d5,4635,OK,1008,1005,0,0,2026-08-31 00:00,2026-09-06 23:50,False,
430_2026-08-31_2026-09-06_a1,430,2026-08-31,2026-09-06,https://api-v3.thaiwater.net/api/v1/thaiwater30/public/waterlevel_graph?station_type=tele_waterlevel&station_id=430&start_date=2026-08-31&end_date=2026-09-06,2026-09-11T07:58:05.952718Z,200,application/json; charset=utf-8,82680,a287ac9f16871438230860cc060369ecc15b4bb11217f010ab3a484c4ec9d864,5425,OK,1008,1005,0,0,2026-08-31 00:00,2026-09-06 23:50,False,
434_2026-08-31_2026-09-06_a1,434,2026-08-31,2026-09-06,https://api-v3.thaiwater.net/api/v1/thaiwater30/public/waterlevel_graph?station_type=tele_waterlevel&station_id=434&start_date=2026-08-31&end_date=2026-09-06,2026-09-11T07:58:07.651081Z,200,application/json; charset=utf-8,82682,229ada4c032dd0902afb4f247fbeb2fff75e323f950abccafd122b23ef858bbb,5492,OK,1008,1005,0,0,2026-08-31 00:00,2026-09-06 23:50,False,
454_2026-08-31_2026-09-06_a1,454,2026-08-31,2026-09-06,https://api-v3.thaiwater.net/api/v1/thaiwater30/public/waterlevel_graph?station_type=tele_waterlevel&station_id=454&start_date=2026-08-31&end_date=2026-09-06,2026-09-11T07:58:09.301728Z,200,application/json; charset=utf-8,82669,1694f8d1459c63d52bc13d29319280309600289217824c294c9efe3a980f2a70,5091,OK,1008,1005,0,0,2026-08-31 00:00,2026-09-06 23:50,False,
463_2026-08-31_2026-09-06_a1,463,2026-08-31,2026-09-06,https://api-v3.thaiwater.net/api/v1/thaiwater30/public/waterlevel_graph?station_type=tele_waterlevel&station_id=463&start_date=2026-08-31&end_date=2026-09-06,2026-09-11T07:58:10.999982Z,200,application/json; charset=utf-8,82683,0a7bc00f2a9e134799b3913ca177b8df9bf063b16de72085180bb2440604a14d,4714,OK,1008,1005,0,0,2026-08-31 00:00,2026-09-06 23:50,False,
464_2026-08-31_2026-09-06_a1,464,2026-08-31,2026-09-06,https://api-v3.thaiwater.net/api/v1/thaiwater30/public/waterlevel_graph?station_type=tele_waterlevel&station_id=464&start_date=2026-08-31&end_date=2026-09-06,2026-09-11T07:58:12.562715Z,200,application/json; charset=utf-8,82654,188f9a824ada0a184b4f6df16a8ed3eb9527de0d72a728f9febafc42bb87a4c8,5172,OK,1008,1005,0,0,2026-08-31 00:00,2026-09-06 23:50,False,
472_2026-08-31_2026-09-06_a1,472,2026-08-31,2026-09-06,https://api-v3.thaiwater.net/api/v1/thaiwater30/public/waterlevel_graph?station_type=tele_waterlevel&station_id=472&start_date=2026-08-31&end_date=2026-09-06,2026-09-11T07:58:14.344121Z,200,application/json; charset=utf-8,81654,f8c4478b44cf180ed8b0373f5faa91e34c57ad550dca45c300a46c014ce2035d,5000,OK,1008,999,0,0,2026-08-31 00:00,2026-09-06 23:50,False,
475_2026-08-31_2026-09-06_a1,475,2026-08-31,2026-09-06,https://api-v3.thaiwater.net/api/v1/thaiwater30/public/waterlevel_graph?station_type=tele_waterlevel&station_id=475&start_date=2026-08-31&end_date=2026-09-06,2026-09-11T07:58:16.034668Z,200,application/json; charset=utf-8,81657,f724bc401e3250d3c5bffdc19541489ed49948342723c1d01cb2fb3f1a890bd4,4975,OK,1008,1005,0,0,2026-08-31 00:00,2026-09-06 23:50,False,
478_2026-08-31_2026-09-06_a1,478,2026-08-31,2026-09-06,https://api-v3.thaiwater.net/api/v1/thaiwater30/public/waterlevel_graph?station_type=tele_waterlevel&station_id=478&start_date=2026-08-31&end_date=2026-09-06,2026-09-11T07:58:17.608927Z,200,application/json; charset=utf-8,82677,d9ee877d76e3a7aef009defa19b5857cde71060acabff282c46a7c7367e14aa8,5319,OK,1008,1005,0,0,2026-08-31 00:00,2026-09-06 23:50,False,
482_2026-08-31_2026-09-06_a1,482,2026-08-31,2026-09-06,https://api-v3.thaiwater.net/api/v1/thaiwater30/public/waterlevel_graph?station_type=tele_waterlevel&station_id=482&start_date=2026-08-31&end_date=2026-09-06,2026-09-11T07:58:19.184434Z,200,application/json; charset=utf-8,81650,ce4d60e5dd07095eaa243cf9934a40ccc6f00834d5dfcfa56973c73535bd74b9,4848,OK,1008,1005,0,0,2026-08-31 00:00,2026-09-06 23:50,False,
483_2026-08-31_2026-09-06_a1,483,2026-08-31,2026-09-06,https://api-v3.thaiwater.net/api/v1/thaiwater30/public/waterlevel_graph?station_type=tele_waterlevel&station_id=483&start_date=2026-08-31&end_date=2026-09-06,2026-09-11T07:58:20.767613Z,200,application/json; charset=utf-8,81689,a8bd7860348616a77c026f9499357ecda244d64ee1e16384c79feaf35eb8fdd1,4800,OK,1008,1005,0,0,2026-08-31 00:00,2026-09-06 23:50,False,
489_2026-08-31_2026-09-06_a1,489,2026-08-31,2026-09-06,https://api-v3.thaiwater.net/api/v1/thaiwater30/public/waterlevel_graph?station_type=tele_waterlevel&station_id=489&start_date=2026-08-31&end_date=2026-09-06,2026-09-11T07:58:22.326666Z,200,application/json; charset=utf-8,82665,4bf5f6c669f1baa5ba5abb5b6f8789d00ea8316abfc088bb3686a8fdbb378244,5328,OK,1008,1005,0,0,2026-08-31 00:00,2026-09-06 23:50,False,
493_2026-08-31_2026-09-06_a1,493,2026-08-31,2026-09-06,https://api-v3.thaiwater.net/api/v1/thaiwater30/public/waterlevel_graph?station_type=tele_waterlevel&station_id=493&start_date=2026-08-31&end_date=2026-09-06,2026-09-11T07:58:23.898020Z,200,application/json; charset=utf-8,82661,7710375e0be8899e52554fb014a88fa1115c9e62f52ac2bbd043616196d62c3d,5500,OK,1008,1005,0,0,2026-08-31 00:00,2026-09-06 23:50,False,
499_2026-08-31_2026-09-06_a1,499,2026-08-31,2026-09-06,https://api-v3.thaiwater.net/api/v1/thaiwater30/public/waterlevel_graph?station_type=tele_waterlevel&station_id=499&start_date=2026-08-31&end_date=2026-09-06,2026-09-11T07:58:25.469946Z,200,application/json; charset=utf-8,82672,d41470a200c0483bee67f246e074a33dcfe288ac7af5bab0118851de88f0ba87,5276,OK,1008,1005,0,0,2026-08-31 00:00,2026-09-06 23:50,False,
510_2026-08-31_2026-09-06_a1,510,2026-08-31,2026-09-06,https://api-v3.thaiwater.net/api/v1/thaiwater30/public/waterlevel_graph?station_type=tele_waterlevel&station_id=510&start_date=2026-08-31&end_date=2026-09-06,2026-09-11T07:58:27.046356Z,200,application/json; charset=utf-8,82669,8bd8bb9959b7b8715d92713f277148d80da49b47bbb53bda05aab4f3dffe1e99,5614,OK,1008,1005,0,0,2026-08-31 00:00,2026-09-06 23:50,False,
512_2026-08-31_2026-09-06_a1,512,2026-08-31,2026-09-06,https://api-v3.thaiwater.net/api/v1/thaiwater30/public/waterlevel_graph?station_type=tele_waterlevel&station_id=512&start_date=2026-08-31&end_date=2026-09-06,2026-09-11T07:58:28.524987Z,200,application/json; charset=utf-8,82687,68e3f2c2ca1e94f939321cbeeb9a7d43f16e7feeb12f44f43aee148f88223237,5897,OK,1008,1005,0,0,2026-08-31 00:00,2026-09-06 23:50,False,
522_2026-08-31_2026-09-06_a1,522,2026-08-31,2026-09-06,https://api-v3.thaiwater.net/api/v1/thaiwater30/public/waterlevel_graph?station_type=tele_waterlevel&station_id=522&start_date=2026-08-31&end_date=2026-09-06,2026-09-11T07:58:30.184460Z,200,application/json; charset=utf-8,82656,5307d5c6d2309ec385bfab83cd33d11252cb1c3905f965afbd1f052fe3e16fd2,5818,OK,1008,1002,0,0,2026-08-31 00:00,2026-09-06 23:50,False,
523_2026-08-31_2026-09-06_a1,523,2026-08-31,2026-09-06,https://api-v3.thaiwater.net/api/v1/thaiwater30/public/waterlevel_graph?station_type=tele_waterlevel&station_id=523&start_date=2026-08-31&end_date=2026-09-06,2026-09-11T07:58:31.759148Z,200,application/json; charset=utf-8,82671,a5868092b1ca6159e0f77f41f601b917a5915367173d01ab0bd88581413689ba,5646,OK,1008,1005,0,0,2026-08-31 00:00,2026-09-06 23:50,False,
526_2026-08-31_2026-09-06_a1,526,2026-08-31,2026-09-06,https://api-v3.thaiwater.net/api/v1/thaiwater30/public/waterlevel_graph?station_type=tele_waterlevel&station_id=526&start_date=2026-08-31&end_date=2026-09-06,2026-09-11T07:58:33.335217Z,200,application/json; charset=utf-8,82655,25d94f0aadaf5be2c2aee690efac2b3230508e7ed7f5e61225eb0ba6f7f0b71a,4298,OK,1008,1005,0,0,2026-08-31 00:00,2026-09-06 23:50,False,
537_2026-08-31_2026-09-06_a1,537,2026-08-31,2026-09-06,https://api-v3.thaiwater.net/api/v1/thaiwater30/public/waterlevel_graph?station_type=tele_waterlevel&station_id=537&start_date=2026-08-31&end_date=2026-09-06,2026-09-11T07:58:34.919029Z,200,application/json; charset=utf-8,82688,99eb950cf28b2f6b010aff66c34d7fb841eada96339b652048e510d4b1843807,5090,OK,1008,1005,0,0,2026-08-31 00:00,2026-09-06 23:50,False,
542_2026-08-31_2026-09-06_a1,542,2026-08-31,2026-09-06,https://api-v3.thaiwater.net/api/v1/thaiwater30/public/waterlevel_graph?station_type=tele_waterlevel&station_id=542&start_date=2026-08-31&end_date=2026-09-06,2026-09-11T07:58:36.337434Z,200,application/json; charset=utf-8,82656,8ebee38e6ea0d2bbb1b0730b0af84d40bd91c9a9600fcffb14dbd36a93738301,5210,OK,1008,1005,0,0,2026-08-31 00:00,2026-09-06 23:50,False,
545_2026-08-31_2026-09-06_a1,545,2026-08-31,2026-09-06,https://api-v3.thaiwater.net/api/v1/thaiwater30/public/waterlevel_graph?station_type=tele_waterlevel&station_id=545&start_date=2026-08-31&end_date=2026-09-06,2026-09-11T07:58:37.900012Z,200,application/json; charset=utf-8,82666,1194cd269f88848cf4eceb91c73f1a1803a5c94f414d54bdd7668561a0128e7f,5105,OK,1008,1005,0,0,2026-08-31 00:00,2026-09-06 23:50,False,
547_2026-08-31_2026-09-06_a1,547,2026-08-31,2026-09-06,https://api-v3.thaiwater.net/api/v1/thaiwater30/public/waterlevel_graph?station_type=tele_waterlevel&station_id=547&start_date=2026-08-31&end_date=2026-09-06,2026-09-11T07:58:39.375898Z,200,application/json; charset=utf-8,82674,b9581c9a282d04ff909494419ee4b7c3f68949b136c61d86b71622e55ae9cfe2,5654,OK,1008,1005,0,0,2026-08-31 00:00,2026-09-06 23:50,False,
550_2026-08-31_2026-09-06_a1,550,2026-08-31,2026-09-06,https://api-v3.thaiwater.net/api/v1/thaiwater30/public/waterlevel_graph?station_type=tele_waterlevel&station_id=550&start_date=2026-08-31&end_date=2026-09-06,2026-09-11T07:58:40.913479Z,200,application/json; charset=utf-8,82678,9a30c99904e5e9b95482877a412bb5167f0f6272852e65e688c574e5cf88613b,5234,OK,1008,1005,0,0,2026-08-31 00:00,2026-09-06 23:50,False,
560_2026-08-31_2026-09-06_a1,560,2026-08-31,2026-09-06,https://api-v3.thaiwater.net/api/v1/thaiwater30/public/waterlevel_graph?station_type=tele_waterlevel&station_id=560&start_date=2026-08-31&end_date=2026-09-06,2026-09-11T07:58:42.525660Z,200,application/json; charset=utf-8,82669,f0f67b343ef354583dc955fccb2ffbd2813ce8eb8008d1c62d064c6223bbbd3e,5179,OK,1008,1005,0,0,2026-08-31 00:00,2026-09-06 23:50,False,
568_2026-08-31_2026-09-06_a1,568,2026-08-31,2026-09-06,https://api-v3.thaiwater.net/api/v1/thaiwater30/public/waterlevel_graph?station_type=tele_waterlevel&station_id=568&start_date=2026-08-31&end_date=2026-09-06,2026-09-11T07:58:44.117835Z,200,application/json; charset=utf-8,81667,41a347380b5c53cff8d981c81b378dd95eae61a12b687795e1b18e0a63dc91d3,5016,OK,1008,1005,0,0,2026-08-31 00:00,2026-09-06 23:50,False,
573_2026-08-31_2026-09-06_a1,573,2026-08-31,2026-09-06,https://api-v3.thaiwater.net/api/v1/thaiwater30/public/waterlevel_graph?station_type=tele_waterlevel&station_id=573&start_date=2026-08-31&end_date=2026-09-06,2026-09-11T07:58:45.794643Z,200,application/json; charset=utf-8,81663,081b88912656c3fb35ec8d63805d4cb4c370e25208740c394d52efc325ed9b52,5261,OK,1008,1005,0,0,2026-08-31 00:00,2026-09-06 23:50,False,
577_2026-08-31_2026-09-06_a1,577,2026-08-31,2026-09-06,https://api-v3.thaiwater.net/api/v1/thaiwater30/public/waterlevel_graph?station_type=tele_waterlevel&station_id=577&start_date=2026-08-31&end_date=2026-09-06,2026-09-11T07:58:47.492206Z,200,application/json; charset=utf-8,81667,224ac262549e3abf94bf998a963d7422a9ffef90fd9150b2364f6c07fd82704f,4875,OK,1008,1005,0,0,2026-08-31 00:00,2026-09-06 23:50,False,
584_2026-08-31_2026-09-06_a1,584,2026-08-31,2026-09-06,https://api-v3.thaiwater.net/api/v1/thaiwater30/public/waterlevel_graph?station_type=tele_waterlevel&station_id=584&start_date=2026-08-31&end_date=2026-09-06,2026-09-11T07:58:49.065093Z,200,application/json; charset=utf-8,81653,1689b46d69fb0910a1ea6e5b94f52051918bcc68158a8c31171b08bdd35ae164,4599,OK,1008,1005,0,0,2026-08-31 00:00,2026-09-06 23:50,False,
587_2026-08-31_2026-09-06_a1,587,2026-08-31,2026-09-06,https://api-v3.thaiwater.net/api/v1/thaiwater30/public/waterlevel_graph?station_type=tele_waterlevel&station_id=587&start_date=2026-08-31&end_date=2026-09-06,2026-09-11T07:58:50.636332Z,200,application/json; charset=utf-8,81653,b1364663a591b8135717562b9b7bd0c243789431acc72cf370180fc5fa423d88,5377,OK,1008,1005,0,0,2026-08-31 00:00,2026-09-06 23:50,False,
592_2026-08-31_2026-09-06_a1,592,2026-08-31,2026-09-06,https://api-v3.thaiwater.net/api/v1/thaiwater30/public/waterlevel_graph?station_type=tele_waterlevel&station_id=592&start_date=2026-08-31&end_date=2026-09-06,2026-09-11T07:58:52.210769Z,200,application/json; charset=utf-8,82624,f9742aea758ed294a4a6eb53546d453160721a217f99db9bfe98b7b3da4f26fa,3897,OK,1008,1005,0,0,2026-08-31 00:00,2026-09-06 23:50,False,
595_2026-08-31_2026-09-06_a1,595,2026-08-31,2026-09-06,https://api-v3.thaiwater.net/api/v1/thaiwater30/public/waterlevel_graph?station_type=tele_waterlevel&station_id=595&start_date=2026-08-31&end_date=2026-09-06,2026-09-11T07:58:53.782860Z,200,application/json; charset=utf-8,79766,197e981a4261928ac61f1ce8e834e6e32bdc9a07b720a73506628f42c9483fcb,3036,OK,1008,1,0,0,2026-08-31 00:00,2026-09-06 23:50,False,
609_2026-08-31_2026-09-06_a1,609,2026-08-31,2026-09-06,https://api-v3.thaiwater.net/api/v1/thaiwater30/public/waterlevel_graph?station_type=tele_waterlevel&station_id=609&start_date=2026-08-31&end_date=2026-09-06,2026-09-11T07:58:55.369998Z,200,application/json; charset=utf-8,81672,102e4bdd2bbcca964a03e7435696387a19dcc291b0dc24a13ef715918a541666,5117,OK,1008,1005,0,0,2026-08-31 00:00,2026-09-06 23:50,False,
610_2026-08-31_2026-09-06_a1,610,2026-08-31,2026-09-06,https://api-v3.thaiwater.net/api/v1/thaiwater30/public/waterlevel_graph?station_type=tele_waterlevel&station_id=610&start_date=2026-08-31&end_date=2026-09-06,2026-09-11T07:58:56.978342Z,200,application/json; charset=utf-8,81671,de1a0f297710861c42b9d3cc6bfc063a79dd3e3b5f8ff160903c9822fef2b229,5257,OK,1008,1005,0,0,2026-08-31 00:00,2026-09-06 23:50,False,
611_2026-08-31_2026-09-06_a1,611,2026-08-31,2026-09-06,https://api-v3.thaiwater.net/api/v1/thaiwater30/public/waterlevel_graph?station_type=tele_waterlevel&station_id=611&start_date=2026-08-31&end_date=2026-09-06,2026-09-11T07:58:58.502364Z,200,application/json; charset=utf-8,81645,4345477cc906bcf3f06b3dc8d941be8d7ec72c94ab90e10bd67bfdccc995d277,4705,OK,1008,1005,0,0,2026-08-31 00:00,2026-09-06 23:50,False,
616_2026-08-31_2026-09-06_a1,616,2026-08-31,2026-09-06,https://api-v3.thaiwater.net/api/v1/thaiwater30/public/waterlevel_graph?station_type=tele_waterlevel&station_id=616&start_date=2026-08-31&end_date=2026-09-06,2026-09-11T07:59:00.074703Z,200,application/json; charset=utf-8,81679,c7d8d72cb2daf3d8cebadf929de4f25039dc5bcc67a0e536f1a14b4ff139ebbb,4954,OK,1008,1005,0,0,2026-08-31 00:00,2026-09-06 23:50,False,
618_2026-08-31_2026-09-06_a1,618,2026-08-31,2026-09-06,https://api-v3.thaiwater.net/api/v1/thaiwater30/public/waterlevel_graph?station_type=tele_waterlevel&station_id=618&start_date=2026-08-31&end_date=2026-09-06,2026-09-11T07:59:01.729233Z,200,application/json; charset=utf-8,82645,8b74cd5928f601f3520300f6570ecf519a334a1e7a565be70973b138314381ee,4579,OK,1008,1005,0,0,2026-08-31 00:00,2026-09-06 23:50,False,
619_2026-08-31_2026-09-06_a1,619,2026-08-31,2026-09-06,https://api-v3.thaiwater.net/api/v1/thaiwater30/public/waterlevel_graph?station_type=tele_waterlevel&station_id=619&start_date=2026-08-31&end_date=2026-09-06,2026-09-11T07:59:03.634564Z,200,application/json; charset=utf-8,82671,bfdd5fb4a4e553fd5509b176e354315486d9d166968e052f41a157b200fc87e2,4400,OK,1008,1005,0,0,2026-08-31 00:00,2026-09-06 23:50,False,
628_2026-08-31_2026-09-06_a1,628,2026-08-31,2026-09-06,https://api-v3.thaiwater.net/api/v1/thaiwater30/public/waterlevel_graph?station_type=tele_waterlevel&station_id=628&start_date=2026-08-31&end_date=2026-09-06,2026-09-11T07:59:05.161320Z,200,application/json; charset=utf-8,82669,79efb0907b7f7a235d4b78346413edb28b098f128189566bf2251fd085c60fcc,5565,OK,1008,1005,0,0,2026-08-31 00:00,2026-09-06 23:50,False,
630_2026-08-31_2026-09-06_a1,630,2026-08-31,2026-09-06,https://api-v3.thaiwater.net/api/v1/thaiwater30/public/waterlevel_graph?station_type=tele_waterlevel&station_id=630&start_date=2026-08-31&end_date=2026-09-06,2026-09-11T07:59:06.607288Z,200,application/json; charset=utf-8,82666,dc5de0a99a60cbefc4dce185a3a3786b6c62bcf97dcb820a45cdd692f6eb9ad5,5070,OK,1008,1005,0,0,2026-08-31 00:00,2026-09-06 23:50,False,
638_2026-08-31_2026-09-06_a1,638,2026-08-31,2026-09-06,https://api-v3.thaiwater.net/api/v1/thaiwater30/public/waterlevel_graph?station_type=tele_waterlevel&station_id=638&start_date=2026-08-31&end_date=2026-09-06,2026-09-11T07:59:08.332602Z,200,application/json; charset=utf-8,81659,b6ea8ca55e1a16b47eae45346adff5e665c77867c7d8aaa948aa3922f3613b27,5445,OK,1008,1005,0,0,2026-08-31 00:00,2026-09-06 23:50,False,
640_2026-08-31_2026-09-06_a1,640,2026-08-31,2026-09-06,https://api-v3.thaiwater.net/api/v1/thaiwater30/public/waterlevel_graph?station_type=tele_waterlevel&station_id=640&start_date=2026-08-31&end_date=2026-09-06,2026-09-11T07:59:09.880231Z,200,application/json; charset=utf-8,80839,0595df5fd3c9d692c9d5a6cc8f71bac5c378424c5115b37b943957c7caac906d,4811,OK,1008,568,0,0,2026-08-31 00:00,2026-09-06 23:50,False,
645_2026-08-31_2026-09-06_a1,645,2026-08-31,2026-09-06,https://api-v3.thaiwater.net/api/v1/thaiwater30/public/waterlevel_graph?station_type=tele_waterlevel&station_id=645&start_date=2026-08-31&end_date=2026-09-06,2026-09-11T07:59:11.453265Z,200,application/json; charset=utf-8,81674,dc6f09a5d994303333d9a6d1bb2f43e730a75361b8a485d1e8f7a11c8ce321d3,5606,OK,1008,1005,0,0,2026-08-31 00:00,2026-09-06 23:50,False,
647_2026-08-31_2026-09-06_a1,647,2026-08-31,2026-09-06,https://api-v3.thaiwater.net/api/v1/thaiwater30/public/waterlevel_graph?station_type=tele_waterlevel&station_id=647&start_date=2026-08-31&end_date=2026-09-06,2026-09-11T07:59:13.027686Z,200,application/json; charset=utf-8,81666,b3f00d63a66de0dec9f258c3d1069511384a7f3f625653b168f0d9c9d480e15c,5157,OK,1008,1005,0,0,2026-08-31 00:00,2026-09-06 23:50,False,
653_2026-08-31_2026-09-06_a1,653,2026-08-31,2026-09-06,https://api-v3.thaiwater.net/api/v1/thaiwater30/public/waterlevel_graph?station_type=tele_waterlevel&station_id=653&start_date=2026-08-31&end_date=2026-09-06,2026-09-11T07:59:14.631629Z,200,application/json; charset=utf-8,81633,929db9a072d773ffe724671adfc156b6be67a53658470866eb0d50f1a35bab9a,5435,OK,1008,1005,0,0,2026-08-31 00:00,2026-09-06 23:50,False,
657_2026-08-31_2026-09-06_a1,657,2026-08-31,2026-09-06,https://api-v3.thaiwater.net/api/v1/thaiwater30/public/waterlevel_graph?station_type=tele_waterlevel&station_id=657&start_date=2026-08-31&end_date=2026-09-06,2026-09-11T07:59:16.064977Z,200,application/json; charset=utf-8,81659,88de87b930d4bb3e19cada4a8e2064a93a9bb1a4b43d0b93bbb506d2d3411c5d,5363,OK,1008,1005,0,0,2026-08-31 00:00,2026-09-06 23:50,False,
658_2026-08-31_2026-09-06_a1,658,2026-08-31,2026-09-06,https://api-v3.thaiwater.net/api/v1/thaiwater30/public/waterlevel_graph?station_type=tele_waterlevel&station_id=658&start_date=2026-08-31&end_date=2026-09-06,2026-09-11T07:59:17.750600Z,200,application/json; charset=utf-8,81671,145f86dc401ec0c3dea2fef0b86ca0db786faa02d77bc5f550b79d5007892868,5302,OK,1008,1005,0,0,2026-08-31 00:00,2026-09-06 23:50,False,
661_2026-08-31_2026-09-06_a1,661,2026-08-31,2026-09-06,https://api-v3.thaiwater.net/api/v1/thaiwater30/public/waterlevel_graph?station_type=tele_waterlevel&station_id=661&start_date=2026-08-31&end_date=2026-09-06,2026-09-11T07:59:19.320778Z,200,application/json; charset=utf-8,82682,323d257f1539cbfec446b4d848a1cdf23452717dc15fed172999e12bb7963341,5226,OK,1008,1005,0,0,2026-08-31 00:00,2026-09-06 23:50,False,
664_2026-08-31_2026-09-06_a1,664,2026-08-31,2026-09-06,https://api-v3.thaiwater.net/api/v1/thaiwater30/public/waterlevel_graph?station_type=tele_waterlevel&station_id=664&start_date=2026-08-31&end_date=2026-09-06,2026-09-11T07:59:20.917064Z,200,application/json; charset=utf-8,81667,dfd0f5040c611979ed3a6bb3fdac605f541ef2117c5a0cd307b983e51a3b0525,5473,OK,1008,1005,0,0,2026-08-31 00:00,2026-09-06 23:50,False,
665_2026-08-31_2026-09-06_a1,665,2026-08-31,2026-09-06,https://api-v3.thaiwater.net/api/v1/thaiwater30/public/waterlevel_graph?station_type=tele_waterlevel&station_id=665&start_date=2026-08-31&end_date=2026-09-06,2026-09-11T07:59:22.508548Z,200,application/json; charset=utf-8,81675,dfac010065825497800e2f5334a14075dfe5e120c7cbcc362bff6ad264db0958,5722,OK,1008,1005,0,0,2026-08-31 00:00,2026-09-06 23:50,False,
667_2026-08-31_2026-09-06_a1,667,2026-08-31,2026-09-06,https://api-v3.thaiwater.net/api/v1/thaiwater30/public/waterlevel_graph?station_type=tele_waterlevel&station_id=667&start_date=2026-08-31&end_date=2026-09-06,2026-09-11T07:59:24.191320Z,200,application/json; charset=utf-8,81655,2d046bb11d2a86995721327fa1486f9783c8502b2140660fa0b17d133b904bcd,5195,OK,1008,1005,0,0,2026-08-31 00:00,2026-09-06 23:50,False,
668_2026-08-31_2026-09-06_a1,668,2026-08-31,2026-09-06,https://api-v3.thaiwater.net/api/v1/thaiwater30/public/waterlevel_graph?station_type=tele_waterlevel&station_id=668&start_date=2026-08-31&end_date=2026-09-06,2026-09-11T07:59:25.780924Z,200,application/json; charset=utf-8,81684,93a4cc006de64af1f09c0da209b1b9cc18dba403ce7125947afdfa8e97b3efb4,4663,OK,1008,1005,0,0,2026-08-31 00:00,2026-09-06 23:50,False,
671_2026-08-31_2026-09-06_a1,671,2026-08-31,2026-09-06,https://api-v3.thaiwater.net/api/v1/thaiwater30/public/waterlevel_graph?station_type=tele_waterlevel&station_id=671&start_date=2026-08-31&end_date=2026-09-06,2026-09-11T07:59:27.229215Z,200,application/json; charset=utf-8,81654,42926b50305042967966845bf17339c4c6ff76a1943530ee2bc3d40860509342,5580,OK,1008,1005,0,0,2026-08-31 00:00,2026-09-06 23:50,False,
675_2026-08-31_2026-09-06_a1,675,2026-08-31,2026-09-06,https://api-v3.thaiwater.net/api/v1/thaiwater30/public/waterlevel_graph?station_type=tele_waterlevel&station_id=675&start_date=2026-08-31&end_date=2026-09-06,2026-09-11T07:59:28.911373Z,200,application/json; charset=utf-8,81668,d4d63af4b4bb6abf9147a45aa844ced8178cfe00d1cee73af50e71b5a30cc413,5289,OK,1008,1005,0,0,2026-08-31 00:00,2026-09-06 23:50,False,
676_2026-08-31_2026-09-06_a1,676,2026-08-31,2026-09-06,https://api-v3.thaiwater.net/api/v1/thaiwater30/public/waterlevel_graph?station_type=tele_waterlevel&station_id=676&start_date=2026-08-31&end_date=2026-09-06,2026-09-11T07:59:30.492303Z,200,application/json; charset=utf-8,82662,e24ad3834e7aadc788d1f003f2d513d422ba2229646f50187f7ddf39c414897e,4684,OK,1008,1005,0,0,2026-08-31 00:00,2026-09-06 23:50,False,
680_2026-08-31_2026-09-06_a1,680,2026-08-31,2026-09-06,https://api-v3.thaiwater.net/api/v1/thaiwater30/public/waterlevel_graph?station_type=tele_waterlevel&station_id=680&start_date=2026-08-31&end_date=2026-09-06,2026-09-11T07:59:32.057931Z,200,application/json; charset=utf-8,81654,0eeafa1d4b0c4c55c83ef9593df4fab1493086d82c45dfd0ccd36fcf931e855c,5669,OK,1008,1005,0,0,2026-08-31 00:00,2026-09-06 23:50,False,
683_2026-08-31_2026-09-06_a1,683,2026-08-31,2026-09-06,https://api-v3.thaiwater.net/api/v1/thaiwater30/public/waterlevel_graph?station_type=tele_waterlevel&station_id=683&start_date=2026-08-31&end_date=2026-09-06,2026-09-11T07:59:33.628604Z,200,application/json; charset=utf-8,81662,9a7a8a1aed47a769f56d4055b2ebad79d8fcc96779e94532a3317d34976d6dbb,5377,OK,1008,1005,0,0,2026-08-31 00:00,2026-09-06 23:50,False,
691_2026-08-31_2026-09-06_a1,691,2026-08-31,2026-09-06,https://api-v3.thaiwater.net/api/v1/thaiwater30/public/waterlevel_graph?station_type=tele_waterlevel&station_id=691&start_date=2026-08-31&end_date=2026-09-06,2026-09-11T07:59:35.265818Z,200,application/json; charset=utf-8,82647,234c46979a2f1b008398295971de0ee2fda73bc74ee4b2503c2ed10d077e55ae,4633,OK,1008,997,0,0,2026-08-31 00:00,2026-09-06 23:50,False,
693_2026-08-31_2026-09-06_a1,693,2026-08-31,2026-09-06,https://api-v3.thaiwater.net/api/v1/thaiwater30/public/waterlevel_graph?station_type=tele_waterlevel&station_id=693&start_date=2026-08-31&end_date=2026-09-06,2026-09-11T07:59:36.850375Z,200,application/json; charset=utf-8,82648,fd084051b6cc517255f1bf75f71e03eaa4686375e929597ba53875e66f3e52cc,5051,OK,1008,1005,0,0,2026-08-31 00:00,2026-09-06 23:50,False,
700_2026-08-31_2026-09-06_a1,700,2026-08-31,2026-09-06,https://api-v3.thaiwater.net/api/v1/thaiwater30/public/waterlevel_graph?station_type=tele_waterlevel&station_id=700&start_date=2026-08-31&end_date=2026-09-06,2026-09-11T07:59:38.548472Z,200,application/json; charset=utf-8,81653,bd18613fbff42ba4ff214c95d1a6c14c896a9e929d4b44e9625abfee518c4a86,4294,OK,1008,1005,0,0,2026-08-31 00:00,2026-09-06 23:50,False,
706_2026-08-31_2026-09-06_a1,706,2026-08-31,2026-09-06,https://api-v3.thaiwater.net/api/v1/thaiwater30/public/waterlevel_graph?station_type=tele_waterlevel&station_id=706&start_date=2026-08-31&end_date=2026-09-06,2026-09-11T07:59:40.321728Z,200,application/json; charset=utf-8,81670,6a251e5b72beaad99b1d8d8dac92d74408e53392d2bd56ad16d5112e227eb656,4861,OK,1008,1005,0,0,2026-08-31 00:00,2026-09-06 23:50,False,
709_2026-08-31_2026-09-06_a1,709,2026-08-31,2026-09-06,https://api-v3.thaiwater.net/api/v1/thaiwater30/public/waterlevel_graph?station_type=tele_waterlevel&station_id=709&start_date=2026-08-31&end_date=2026-09-06,2026-09-11T07:59:42.020258Z,200,application/json; charset=utf-8,80652,b25357ed3539e6f6c446d87056e12137ce9bef92d802a1e2fe8853d13274f4aa,5661,OK,1008,1005,0,0,2026-08-31 00:00,2026-09-06 23:50,False,
710_2026-08-31_2026-09-06_a1,710,2026-08-31,2026-09-06,https://api-v3.thaiwater.net/api/v1/thaiwater30/public/waterlevel_graph?station_type=tele_waterlevel&station_id=710&start_date=2026-08-31&end_date=2026-09-06,2026-09-11T07:59:43.678153Z,200,application/json; charset=utf-8,80696,be811e3a25ba99fe913bf9ac5bd4043620e2e02f9188bcd1335c9e045991a181,5778,OK,1008,1005,0,0,2026-08-31 00:00,2026-09-06 23:50,False,
714_2026-08-31_2026-09-06_a1,714,2026-08-31,2026-09-06,https://api-v3.thaiwater.net/api/v1/thaiwater30/public/waterlevel_graph?station_type=tele_waterlevel&station_id=714&start_date=2026-08-31&end_date=2026-09-06,2026-09-11T07:59:45.563612Z,200,application/json; charset=utf-8,81683,ae678c85e10fb8b6a2d3b3d158679e0bae7817d1daaee84a7715f3dab9792f8d,5645,OK,1008,1005,0,0,2026-08-31 00:00,2026-09-06 23:50,False,
717_2026-08-31_2026-09-06_a1,717,2026-08-31,2026-09-06,https://api-v3.thaiwater.net/api/v1/thaiwater30/public/waterlevel_graph?station_type=tele_waterlevel&station_id=717&start_date=2026-08-31&end_date=2026-09-06,2026-09-11T07:59:47.261518Z,200,application/json; charset=utf-8,81661,5549f72626e5a552f33e3ffb5e7130ff33a10d12e06358ed4322b62fccf3fd96,6049,OK,1008,1005,0,0,2026-08-31 00:00,2026-09-06 23:50,False,
731_2026-08-31_2026-09-06_a1,731,2026-08-31,2026-09-06,https://api-v3.thaiwater.net/api/v1/thaiwater30/public/waterlevel_graph?station_type=tele_waterlevel&station_id=731&start_date=2026-08-31&end_date=2026-09-06,2026-09-11T07:59:48.870205Z,200,application/json; charset=utf-8,80676,e5bdd514741c683b7a5285679f59bed11a0daa8fda1700f7450b74eb7ede6e84,5165,OK,1008,1005,0,0,2026-08-31 00:00,2026-09-06 23:50,False,
734_2026-08-31_2026-09-06_a1,734,2026-08-31,2026-09-06,https://api-v3.thaiwater.net/api/v1/thaiwater30/public/waterlevel_graph?station_type=tele_waterlevel&station_id=734&start_date=2026-08-31&end_date=2026-09-06,2026-09-11T07:59:50.404039Z,200,application/json; charset=utf-8,81635,7b4b8926a8e4ccdd3cfe307712e704cc353530516e491010d847f5d7101d4f39,4705,OK,1008,1005,0,0,2026-08-31 00:00,2026-09-06 23:50,False,
736_2026-08-31_2026-09-06_a1,736,2026-08-31,2026-09-06,https://api-v3.thaiwater.net/api/v1/thaiwater30/public/waterlevel_graph?station_type=tele_waterlevel&station_id=736&start_date=2026-08-31&end_date=2026-09-06,2026-09-11T07:59:51.979966Z,200,application/json; charset=utf-8,80675,1da360813e7fe423212756fbc3df021c9b16a8380ec5791d62bd5f2585ac5cf7,4755,OK,1008,1005,0,0,2026-08-31 00:00,2026-09-06 23:50,False,
737_2026-08-31_2026-09-06_a1,737,2026-08-31,2026-09-06,https://api-v3.thaiwater.net/api/v1/thaiwater30/public/waterlevel_graph?station_type=tele_waterlevel&station_id=737&start_date=2026-08-31&end_date=2026-09-06,2026-09-11T07:59:53.423643Z,200,application/json; charset=utf-8,80653,0e8c3306f5670d781dcb9cb57fa3d924399905f6e5b57ac6a52a5da68026673d,5115,OK,1008,1005,0,0,2026-08-31 00:00,2026-09-06 23:50,False,
738_2026-08-31_2026-09-06_a1,738,2026-08-31,2026-09-06,https://api-v3.thaiwater.net/api/v1/thaiwater30/public/waterlevel_graph?station_type=tele_waterlevel&station_id=738&start_date=2026-08-31&end_date=2026-09-06,2026-09-11T07:59:55.153258Z,200,application/json; charset=utf-8,80684,c3d4a2999f09809786437d84a359cff9c3cd36d991eb232a53529aed66cd20dc,5005,OK,1008,1005,0,0,2026-08-31 00:00,2026-09-06 23:50,False,
745_2026-08-31_2026-09-06_a1,745,2026-08-31,2026-09-06,https://api-v3.thaiwater.net/api/v1/thaiwater30/public/waterlevel_graph?station_type=tele_waterlevel&station_id=745&start_date=2026-08-31&end_date=2026-09-06,2026-09-11T07:59:56.907069Z,200,application/json; charset=utf-8,80668,bd9d6c0a6fae668ff510beb7ea1e9e2770f10c2763ff92ce296187ae8f69f0f5,5328,OK,1008,1005,0,0,2026-08-31 00:00,2026-09-06 23:50,False,
747_2026-08-31_2026-09-06_a1,747,2026-08-31,2026-09-06,https://api-v3.thaiwater.net/api/v1/thaiwater30/public/waterlevel_graph?station_type=tele_waterlevel&station_id=747&start_date=2026-08-31&end_date=2026-09-06,2026-09-11T07:59:58.520832Z,200,application/json; charset=utf-8,80683,ee38e872c8229ac5dba8c6118708385029395cf628cd21fc17eab6e851580800,4644,OK,1008,1005,0,0,2026-08-31 00:00,2026-09-06 23:50,False,
748_2026-08-31_2026-09-06_a1,748,2026-08-31,2026-09-06,https://api-v3.thaiwater.net/api/v1/thaiwater30/public/waterlevel_graph?station_type=tele_waterlevel&station_id=748&start_date=2026-08-31&end_date=2026-09-06,2026-09-11T08:00:00.112544Z,200,application/json; charset=utf-8,80666,bc2b6c0bb194ffb075f579b139eaee602b0466aa2c4deff3327c8b287dc9d18e,5635,OK,1008,1005,0,0,2026-08-31 00:00,2026-09-06 23:50,False,
749_2026-08-31_2026-09-06_a1,749,2026-08-31,2026-09-06,https://api-v3.thaiwater.net/api/v1/thaiwater30/public/waterlevel_graph?station_type=tele_waterlevel&station_id=749&start_date=2026-08-31&end_date=2026-09-06,2026-09-11T08:00:02.460737Z,200,application/json; charset=utf-8,80216,aa27acd59f9bc97119e38d34ac87ee70526a3880bb0987e2d9b613e0bc9f9daf,4335,OK,1008,509,0,0,2026-08-31 00:00,2026-09-06 23:50,False,
750_2026-08-31_2026-09-06_a1,750,2026-08-31,2026-09-06,https://api-v3.thaiwater.net/api/v1/thaiwater30/public/waterlevel_graph?station_type=tele_waterlevel&station_id=750&start_date=2026-08-31&end_date=2026-09-06,2026-09-11T08:00:06.660699Z,200,application/json; charset=utf-8,81090,952f81236425ec49e48a17334333769bab8b38c121f684e4aee92266f0625081,5882,OK,1008,1005,0,0,2026-08-31 00:00,2026-09-06 23:50,False,
751_2026-08-31_2026-09-06_a1,751,2026-08-31,2026-09-06,https://api-v3.thaiwater.net/api/v1/thaiwater30/public/waterlevel_graph?station_type=tele_waterlevel&station_id=751&start_date=2026-08-31&end_date=2026-09-06,2026-09-11T08:00:08.450527Z,200,application/json; charset=utf-8,81061,dd74975f8a1d9d997f8fdc5f86a917c51a422206f4030aa440e442e1e072fe71,5763,OK,1008,1005,0,0,2026-08-31 00:00,2026-09-06 23:50,False,
754_2026-08-31_2026-09-06_a1,754,2026-08-31,2026-09-06,https://api-v3.thaiwater.net/api/v1/thaiwater30/public/waterlevel_graph?station_type=tele_waterlevel&station_id=754&start_date=2026-08-31&end_date=2026-09-06,2026-09-11T08:00:10.325905Z,200,application/json; charset=utf-8,80650,e33a2d24125e6f94a80cf5cd5ea74aa704e475f81af171e07fa744537ec5d76a,4593,OK,1008,1002,0,0,2026-08-31 00:00,2026-09-06 23:50,False,
755_2026-08-31_2026-09-06_a1,755,2026-08-31,2026-09-06,https://api-v3.thaiwater.net/api/v1/thaiwater30/public/waterlevel_graph?station_type=tele_waterlevel&station_id=755&start_date=2026-08-31&end_date=2026-09-06,2026-09-11T08:00:14.521846Z,200,application/json; charset=utf-8,81048,618dc3012eac160a44b7cf084fba6428bcb892fafa588fea0e89802e09e9c757,5888,OK,1008,1005,0,0,2026-08-31 00:00,2026-09-06 23:50,False,
758_2026-08-31_2026-09-06_a1,758,2026-08-31,2026-09-06,https://api-v3.thaiwater.net/api/v1/thaiwater30/public/waterlevel_graph?station_type=tele_waterlevel&station_id=758&start_date=2026-08-31&end_date=2026-09-06,2026-09-11T08:00:16.618092Z,200,application/json; charset=utf-8,80665,f45402ac8e648610ac7047927a16a388e724604c80b67f5ba96fa651f650200e,5297,OK,1008,1005,0,0,2026-08-31 00:00,2026-09-06 23:50,False,
770_2026-08-31_2026-09-06_a1,770,2026-08-31,2026-09-06,https://api-v3.thaiwater.net/api/v1/thaiwater30/public/waterlevel_graph?station_type=tele_waterlevel&station_id=770&start_date=2026-08-31&end_date=2026-09-06,2026-09-11T08:00:18.398958Z,200,application/json; charset=utf-8,80966,91e1990b1280bf408f6ec8e44f54a2e6d23a754d8f87a7d0ed57c3578bd2c080,5945,OK,1008,1005,0,0,2026-08-31 00:00,2026-09-06 23:50,False,
772_2026-08-31_2026-09-06_a1,772,2026-08-31,2026-09-06,https://api-v3.thaiwater.net/api/v1/thaiwater30/public/waterlevel_graph?station_type=tele_waterlevel&station_id=772&start_date=2026-08-31&end_date=2026-09-06,2026-09-11T08:00:20.694907Z,200,application/json; charset=utf-8,81679,a7059489f569e9c25fb86501c69144a9975c6cdc8fe57ed4a04ad92a7b9f618f,4721,OK,1008,1005,0,0,2026-08-31 00:00,2026-09-06 23:50,False,
784_2026-08-31_2026-09-06_a1,784,2026-08-31,2026-09-06,https://api-v3.thaiwater.net/api/v1/thaiwater30/public/waterlevel_graph?station_type=tele_waterlevel&station_id=784&start_date=2026-08-31&end_date=2026-09-06,2026-09-11T08:00:22.576410Z,200,application/json; charset=utf-8,76750,b9038e5577bb97306e706be418627461501e85fcfaccacbe3fc5d575cd4b7f32,3035,OK,1008,1005,0,0,2026-08-31 00:00,2026-09-06 23:50,False,
792_2026-08-31_2026-09-06_a1,792,2026-08-31,2026-09-06,https://api-v3.thaiwater.net/api/v1/thaiwater30/public/waterlevel_graph?station_type=tele_waterlevel&station_id=792&start_date=2026-08-31&end_date=2026-09-06,2026-09-11T08:00:27.506486Z,200,application/json; charset=utf-8,80674,7516a02e68ebbd9f1f776f91e8a74b6c0629ac66d5f83699f6f37033c6d9464d,3636,OK,1008,992,0,0,2026-08-31 00:00,2026-09-06 23:50,False,
794_2026-08-31_2026-09-06_a1,794,2026-08-31,2026-09-06,https://api-v3.thaiwater.net/api/v1/thaiwater30/public/waterlevel_graph?station_type=tele_waterlevel&station_id=794&start_date=2026-08-31&end_date=2026-09-06,2026-09-11T08:00:29.807788Z,200,application/json; charset=utf-8,80288,209bcd03d0b49a59d4d8b3ccccfa46b86dbf7d314421a3c854e3fd818bc2f987,4751,OK,1008,993,0,0,2026-08-31 00:00,2026-09-06 23:50,False,
795_2026-08-31_2026-09-06_a1,795,2026-08-31,2026-09-06,https://api-v3.thaiwater.net/api/v1/thaiwater30/public/waterlevel_graph?station_type=tele_waterlevel&station_id=795&start_date=2026-08-31&end_date=2026-09-06,2026-09-11T08:00:32.031107Z,200,application/json; charset=utf-8,80728,707e72c8324479e0a802bc3b67c4df69c126d52d486dd1fed9efad58be2690ab,3438,OK,1008,1004,0,0,2026-08-31 00:00,2026-09-06 23:50,False,
802_2026-08-31_2026-09-06_a1,802,2026-08-31,2026-09-06,https://api-v3.thaiwater.net/api/v1/thaiwater30/public/waterlevel_graph?station_type=tele_waterlevel&station_id=802&start_date=2026-08-31&end_date=2026-09-06,2026-09-11T08:00:34.447394Z,200,application/json; charset=utf-8,79651,65747378022c92a7a16b9d8206a6f0ad4fcd80361b1008cfab93acc94fe20daa,3932,OK,1008,1001,0,0,2026-08-31 00:00,2026-09-06 23:50,False,
804_2026-08-31_2026-09-06_a1,804,2026-08-31,2026-09-06,https://api-v3.thaiwater.net/api/v1/thaiwater30/public/waterlevel_graph?station_type=tele_waterlevel&station_id=804&start_date=2026-08-31&end_date=2026-09-06,2026-09-11T08:00:36.544952Z,200,application/json; charset=utf-8,79764,59bb9f866f509f7f85eb9fa0c12e1c59b2bbe4e584c4edec24aa4f2ae3f1dc5b,4564,OK,1008,985,0,0,2026-08-31 00:00,2026-09-06 23:50,False,
812_2026-08-31_2026-09-06_a1,812,2026-08-31,2026-09-06,https://api-v3.thaiwater.net/api/v1/thaiwater30/public/waterlevel_graph?station_type=tele_waterlevel&station_id=812&start_date=2026-08-31&end_date=2026-09-06,2026-09-11T08:00:39.966619Z,200,application/json; charset=utf-8,79666,4099f518f441eea0e4ead84c0b1bf60564ed81409f946b07fed76fba9417df26,4521,OK,1008,1005,0,0,2026-08-31 00:00,2026-09-06 23:50,False,
823_2026-08-31_2026-09-06_a1,823,2026-08-31,2026-09-06,https://api-v3.thaiwater.net/api/v1/thaiwater30/public/waterlevel_graph?station_type=tele_waterlevel&station_id=823&start_date=2026-08-31&end_date=2026-09-06,2026-09-11T08:00:43.040937Z,200,application/json; charset=utf-8,80214,b039b5628a78cd980a43b2ebc690e5e23ba69a06a0786199fdb119fdceeeeabf,5031,OK,1008,1002,0,0,2026-08-31 00:00,2026-09-06 23:50,False,
824_2026-08-31_2026-09-06_a1,824,2026-08-31,2026-09-06,https://api-v3.thaiwater.net/api/v1/thaiwater30/public/waterlevel_graph?station_type=tele_waterlevel&station_id=824&start_date=2026-08-31&end_date=2026-09-06,2026-09-11T08:00:46.236593Z,200,application/json; charset=utf-8,79988,60fc572f4f1d5d0f973f75e4124ea02f5a910ddfb4df2f48e8339fc77bfbd167,4994,OK,1008,1005,0,0,2026-08-31 00:00,2026-09-06 23:50,False,
825_2026-08-31_2026-09-06_a1,825,2026-08-31,2026-09-06,https://api-v3.thaiwater.net/api/v1/thaiwater30/public/waterlevel_graph?station_type=tele_waterlevel&station_id=825&start_date=2026-08-31&end_date=2026-09-06,2026-09-11T08:00:48.355974Z,200,application/json; charset=utf-8,80117,4c9eb353d7a2e9d4a23436cb90f0af1bf71a9960a56b8ad2478036b2d5a6dbb1,5010,OK,1008,1005,0,0,2026-08-31 00:00,2026-09-06 23:50,False,
826_2026-08-31_2026-09-06_a1,826,2026-08-31,2026-09-06,https://api-v3.thaiwater.net/api/v1/thaiwater30/public/waterlevel_graph?station_type=tele_waterlevel&station_id=826&start_date=2026-08-31&end_date=2026-09-06,2026-09-11T08:00:51.427794Z,200,application/json; charset=utf-8,80040,3d2fc39cd8a5e014260056976a28d42d055eb41936524e5df25fc86d36d0ed2c,4973,OK,1008,994,0,0,2026-08-31 00:00,2026-09-06 23:50,False,
828_2026-08-31_2026-09-06_a1,828,2026-08-31,2026-09-06,https://api-v3.thaiwater.net/api/v1/thaiwater30/public/waterlevel_graph?station_type=tele_waterlevel&station_id=828&start_date=2026-08-31&end_date=2026-09-06,2026-09-11T08:00:54.067312Z,200,application/json; charset=utf-8,80675,2b02bce2ec3faf0892bbc0bc147191505c36ee88585907fadc04399d790fd8e4,4077,OK,1008,1005,0,0,2026-08-31 00:00,2026-09-06 23:50,False,
829_2026-08-31_2026-09-06_a1,829,2026-08-31,2026-09-06,https://api-v3.thaiwater.net/api/v1/thaiwater30/public/waterlevel_graph?station_type=tele_waterlevel&station_id=829&start_date=2026-08-31&end_date=2026-09-06,2026-09-11T08:00:56.147170Z,200,application/json; charset=utf-8,79642,9618d400ef4849f66ccf2b5e90aa879bab1429debbe29862cf048466cf77a157,3990,OK,1008,1005,0,0,2026-08-31 00:00,2026-09-06 23:50,False,
835_2026-08-31_2026-09-06_a1,835,2026-08-31,2026-09-06,https://api-v3.thaiwater.net/api/v1/thaiwater30/public/waterlevel_graph?station_type=tele_waterlevel&station_id=835&start_date=2026-08-31&end_date=2026-09-06,2026-09-11T08:00:58.226076Z,200,application/json; charset=utf-8,79765,c54d0e322481ba5b884b40fbcbed50360fbc66884f6f6632617cf86c63971c51,3138,OK,1008,28,0,0,2026-08-31 00:00,2026-09-06 23:50,False,
841_2026-08-31_2026-09-06_a1,841,2026-08-31,2026-09-06,https://api-v3.thaiwater.net/api/v1/thaiwater30/public/waterlevel_graph?station_type=tele_waterlevel&station_id=841&start_date=2026-08-31&end_date=2026-09-06,2026-09-11T08:01:00.171232Z,200,application/json; charset=utf-8,79618,1109eb5fbca6a0aaf3205a034a866ac3b7fa0cde92ea9ecd77e50baf9ba5a6ff,4380,OK,1008,992,0,0,2026-08-31 00:00,2026-09-06 23:50,False,
845_2026-08-31_2026-09-06_a1,845,2026-08-31,2026-09-06,https://api-v3.thaiwater.net/api/v1/thaiwater30/public/waterlevel_graph?station_type=tele_waterlevel&station_id=845&start_date=2026-08-31&end_date=2026-09-06,2026-09-11T08:01:03.374979Z,200,application/json; charset=utf-8,79665,60f3a8f17fda6f14845c4ac5df501c0b7024c526f4d859b572dcdde06f29f447,4735,OK,1008,993,0,0,2026-08-31 00:00,2026-09-06 23:50,False,
846_2026-08-31_2026-09-06_a1,846,2026-08-31,2026-09-06,https://api-v3.thaiwater.net/api/v1/thaiwater30/public/waterlevel_graph?station_type=tele_waterlevel&station_id=846&start_date=2026-08-31&end_date=2026-09-06,2026-09-11T08:01:05.588557Z,200,application/json; charset=utf-8,79707,7c02d3c841e02b97edd6460b77307d17243c79a2e5922520a61266567c197a32,4207,OK,1008,471,0,0,2026-08-31 00:00,2026-09-06 23:50,False,
849_2026-08-31_2026-09-06_a1,849,2026-08-31,2026-09-06,https://api-v3.thaiwater.net/api/v1/thaiwater30/public/waterlevel_graph?station_type=tele_waterlevel&station_id=849&start_date=2026-08-31&end_date=2026-09-06,2026-09-11T08:01:07.682657Z,200,application/json; charset=utf-8,79640,af786d720746993a5540fc2e478d83981820b4eda14f39fda17c99a7f2da56b3,4602,OK,1008,1002,0,0,2026-08-31 00:00,2026-09-06 23:50,False,
850_2026-08-31_2026-09-06_a1,850,2026-08-31,2026-09-06,https://api-v3.thaiwater.net/api/v1/thaiwater30/public/waterlevel_graph?station_type=tele_waterlevel&station_id=850&start_date=2026-08-31&end_date=2026-09-06,2026-09-11T08:01:09.969006Z,200,application/json; charset=utf-8,80710,f98275093fa74e4c064b60b18a9d8de1c972cf99ca2104d46f678ec88d61a895,3651,OK,1008,1003,0,0,2026-08-31 00:00,2026-09-06 23:50,False,
855_2026-08-31_2026-09-06_a1,855,2026-08-31,2026-09-06,https://api-v3.thaiwater.net/api/v1/thaiwater30/public/waterlevel_graph?station_type=tele_waterlevel&station_id=855&start_date=2026-08-31&end_date=2026-09-06,2026-09-11T08:01:11.668256Z,200,application/json; charset=utf-8,80610,9d38c39600e52420aa84972db6760bd2704bdae7a0179989a123116fb33dbfe5,4074,OK,1008,1005,0,0,2026-08-31 00:00,2026-09-06 23:50,False,
858_2026-08-31_2026-09-06_a1,858,2026-08-31,2026-09-06,https://api-v3.thaiwater.net/api/v1/thaiwater30/public/waterlevel_graph?station_type=tele_waterlevel&station_id=858&start_date=2026-08-31&end_date=2026-09-06,2026-09-11T08:01:13.678587Z,200,application/json; charset=utf-8,80433,9cc895eb4922b50db4f9f3a42834d4e366da359d0a49805b5bc1937574e10b94,4312,OK,1008,1005,0,0,2026-08-31 00:00,2026-09-06 23:50,False,
859_2026-08-31_2026-09-06_a1,859,2026-08-31,2026-09-06,https://api-v3.thaiwater.net/api/v1/thaiwater30/public/waterlevel_graph?station_type=tele_waterlevel&station_id=859&start_date=2026-08-31&end_date=2026-09-06,2026-09-11T08:01:15.430638Z,200,application/json; charset=utf-8,79619,07b95d8e402cf45d12ae2c50dee652684c58e34708c0975508403a2609ff92f2,4032,OK,1008,1004,0,0,2026-08-31 00:00,2026-09-06 23:50,False,
860_2026-08-31_2026-09-06_a1,860,2026-08-31,2026-09-06,https://api-v3.thaiwater.net/api/v1/thaiwater30/public/waterlevel_graph?station_type=tele_waterlevel&station_id=860&start_date=2026-08-31&end_date=2026-09-06,2026-09-11T08:01:17.438674Z,200,application/json; charset=utf-8,79575,1d37a4ecd9ba32f3be72472a45e29c6a4ce90f9285d179434927845e7096029e,3998,OK,1008,998,0,0,2026-08-31 00:00,2026-09-06 23:50,False,
861_2026-08-31_2026-09-06_a1,861,2026-08-31,2026-09-06,https://api-v3.thaiwater.net/api/v1/thaiwater30/public/waterlevel_graph?station_type=tele_waterlevel&station_id=861&start_date=2026-08-31&end_date=2026-09-06,2026-09-11T08:01:19.226105Z,200,application/json; charset=utf-8,80679,346818c917e45224aaa86d5a0426b31f833699f4dcbcb86679de982e02002356,3751,OK,1008,996,0,0,2026-08-31 00:00,2026-09-06 23:50,False,
865_2026-08-31_2026-09-06_a1,865,2026-08-31,2026-09-06,https://api-v3.thaiwater.net/api/v1/thaiwater30/public/waterlevel_graph?station_type=tele_waterlevel&station_id=865&start_date=2026-08-31&end_date=2026-09-06,2026-09-11T08:01:21.380195Z,200,application/json; charset=utf-8,79741,49ff8455cb1b12e5ec9cfad6e361ba3b033fcbe4d8bd0431b8f129891c9e51f7,4986,OK,1008,995,0,0,2026-08-31 00:00,2026-09-06 23:50,False,
869_2026-08-31_2026-09-06_a1,869,2026-08-31,2026-09-06,https://api-v3.thaiwater.net/api/v1/thaiwater30/public/waterlevel_graph?station_type=tele_waterlevel&station_id=869&start_date=2026-08-31&end_date=2026-09-06,2026-09-11T08:01:23.729907Z,200,application/json; charset=utf-8,79701,3bee2f48c22ff25f35e40a4f6933634a86f564959e7986e222785e747dabb003,4083,OK,1008,1001,0,0,2026-08-31 00:00,2026-09-06 23:50,False,
870_2026-08-31_2026-09-06_a1,870,2026-08-31,2026-09-06,https://api-v3.thaiwater.net/api/v1/thaiwater30/public/waterlevel_graph?station_type=tele_waterlevel&station_id=870&start_date=2026-08-31&end_date=2026-09-06,2026-09-11T08:01:25.605927Z,200,application/json; charset=utf-8,80674,9d6d82358d59d94190655e92d18912261a773c9ef182b3b0abc3f0b7ba203cd1,3579,OK,1008,984,0,0,2026-08-31 00:00,2026-09-06 23:50,False,
901_2026-08-31_2026-09-06_a1,901,2026-08-31,2026-09-06,https://api-v3.thaiwater.net/api/v1/thaiwater30/public/waterlevel_graph?station_type=tele_waterlevel&station_id=901&start_date=2026-08-31&end_date=2026-09-06,2026-09-11T08:01:27.959460Z,200,application/json; charset=utf-8,80705,421b3207482146269f194d34e066355f7ffe37877f7b3b46585cec35c48ac1c3,3820,OK,1008,1004,0,0,2026-08-31 00:00,2026-09-06 23:50,False,
905_2026-08-31_2026-09-06_a1,905,2026-08-31,2026-09-06,https://api-v3.thaiwater.net/api/v1/thaiwater30/public/waterlevel_graph?station_type=tele_waterlevel&station_id=905&start_date=2026-08-31&end_date=2026-09-06,2026-09-11T08:01:30.390521Z,200,application/json; charset=utf-8,80652,9afaa184cf7ba7196f1fca552d42ad8da25143c6aa5da8f0a8c05e6ab31d391f,4431,OK,1008,1003,0,0,2026-08-31 00:00,2026-09-06 23:50,False,
922_2026-08-31_2026-09-06_a1,922,2026-08-31,2026-09-06,https://api-v3.thaiwater.net/api/v1/thaiwater30/public/waterlevel_graph?station_type=tele_waterlevel&station_id=922&start_date=2026-08-31&end_date=2026-09-06,2026-09-11T08:01:32.410800Z,200,application/json; charset=utf-8,80647,03259d3e1ed0a1c5e0d92b267c6d3090a5824eff547779522569720491a9556b,4009,OK,1008,969,0,0,2026-08-31 00:00,2026-09-06 23:50,False,
2559_2026-08-31_2026-09-06_a1,2559,2026-08-31,2026-09-06,https://api-v3.thaiwater.net/api/v1/thaiwater30/public/waterlevel_graph?station_type=tele_waterlevel&station_id=2559&start_date=2026-08-31&end_date=2026-09-06,2026-09-11T08:01:34.741105Z,200,application/json; charset=utf-8,13780,5997e8d5e7b5b1c8835ba50852996f17c00ae7dade0fe6e8a753e85ee483129f,1490,OK,168,147,147,0,2026-08-31 00:00,2026-09-06 23:00,False,
2561_2026-08-31_2026-09-06_a1,2561,2026-08-31,2026-09-06,https://api-v3.thaiwater.net/api/v1/thaiwater30/public/waterlevel_graph?station_type=tele_waterlevel&station_id=2561&start_date=2026-08-31&end_date=2026-09-06,2026-09-11T08:01:36.076144Z,200,application/json; charset=utf-8,13389,d0598db6a7dd9ec0df36e5e59183632bfdbda27f156e9edd37e2e2c61e6718e4,915,OK,168,74,74,0,2026-08-31 00:00,2026-09-06 23:00,False,
2562_2026-08-31_2026-09-06_a1,2562,2026-08-31,2026-09-06,https://api-v3.thaiwater.net/api/v1/thaiwater30/public/waterlevel_graph?station_type=tele_waterlevel&station_id=2562&start_date=2026-08-31&end_date=2026-09-06,2026-09-11T08:01:37.363149Z,200,application/json; charset=utf-8,13442,ce8101ac37dc8f9d4192a84d30cb1fd44617ef57571d5e5059cd7361d066e3e8,1326,OK,168,148,148,0,2026-08-31 00:00,2026-09-06 23:00,False,
2563_2026-08-31_2026-09-06_a1,2563,2026-08-31,2026-09-06,https://api-v3.thaiwater.net/api/v1/thaiwater30/public/waterlevel_graph?station_type=tele_waterlevel&station_id=2563&start_date=2026-08-31&end_date=2026-09-06,2026-09-11T08:01:38.601628Z,200,application/json; charset=utf-8,13508,d6b01ad04671dfbf57eea7e990c63c3dac0888e4d6474d1a208a9a37474680e3,930,OK,168,148,148,0,2026-08-31 00:00,2026-09-06 23:00,False,
2565_2026-08-31_2026-09-06_a1,2565,2026-08-31,2026-09-06,https://api-v3.thaiwater.net/api/v1/thaiwater30/public/waterlevel_graph?station_type=tele_waterlevel&station_id=2565&start_date=2026-08-31&end_date=2026-09-06,2026-09-11T08:01:39.978207Z,200,application/json; charset=utf-8,13387,a0aeea2a9aa8d989945e966d9b4132af41eff93f593adf3e4278cfa0026923e2,973,OK,168,148,0,0,2026-08-31 00:00,2026-09-06 23:00,False,
2567_2026-08-31_2026-09-06_a1,2567,2026-08-31,2026-09-06,https://api-v3.thaiwater.net/api/v1/thaiwater30/public/waterlevel_graph?station_type=tele_waterlevel&station_id=2567&start_date=2026-08-31&end_date=2026-09-06,2026-09-11T08:01:41.235006Z,200,application/json; charset=utf-8,13388,8262f45f2b613adf0265c3a92a2d901c237f4a1112a4bf6fbb11f88293557b37,1001,OK,168,148,0,0,2026-08-31 00:00,2026-09-06 23:00,False,
2568_2026-08-31_2026-09-06_a1,2568,2026-08-31,2026-09-06,https://api-v3.thaiwater.net/api/v1/thaiwater30/public/waterlevel_graph?station_type=tele_waterlevel&station_id=2568&start_date=2026-08-31&end_date=2026-09-06,2026-09-11T08:01:42.676323Z,200,application/json; charset=utf-8,14926,c8a440658e60169a226179ca5b80b4714d7c65cc9bcb8ff36e522fdbbe0c186e,1590,OK,168,161,161,0,2026-08-31 00:00,2026-09-06 23:00,False,
2569_2026-08-31_2026-09-06_a1,2569,2026-08-31,2026-09-06,https://api-v3.thaiwater.net/api/v1/thaiwater30/public/waterlevel_graph?station_type=tele_waterlevel&station_id=2569&start_date=2026-08-31&end_date=2026-09-06,2026-09-11T08:01:44.211974Z,200,application/json; charset=utf-8,13986,4a70781eba445ceb29df645e033e9812c8c89e5bd466739a80f13f3fe02799f8,1086,OK,168,152,152,0,2026-08-31 00:00,2026-09-06 23:00,False,
2571_2026-08-31_2026-09-06_a1,2571,2026-08-31,2026-09-06,https://api-v3.thaiwater.net/api/v1/thaiwater30/public/waterlevel_graph?station_type=tele_waterlevel&station_id=2571&start_date=2026-08-31&end_date=2026-09-06,2026-09-11T08:01:45.443707Z,200,application/json; charset=utf-8,15083,666dbfe64e4e93102bf27a22f261cedc69c3f750eedecf38ce6ceb50cac7a8e3,1644,OK,168,151,151,0,2026-08-31 00:00,2026-09-06 23:00,False,
2572_2026-08-31_2026-09-06_a1,2572,2026-08-31,2026-09-06,https://api-v3.thaiwater.net/api/v1/thaiwater30/public/waterlevel_graph?station_type=tele_waterlevel&station_id=2572&start_date=2026-08-31&end_date=2026-09-06,2026-09-11T08:01:47.006445Z,200,application/json; charset=utf-8,14608,60a3df651e56f052b96b66c6703364e26bb5db30ddff4ebfbfa31a039896c40c,1833,OK,168,152,152,0,2026-08-31 00:00,2026-09-06 23:00,False,
2573_2026-08-31_2026-09-06_a1,2573,2026-08-31,2026-09-06,https://api-v3.thaiwater.net/api/v1/thaiwater30/public/waterlevel_graph?station_type=tele_waterlevel&station_id=2573&start_date=2026-08-31&end_date=2026-09-06,2026-09-11T08:01:48.713122Z,200,application/json; charset=utf-8,15059,bdea56a9f404e2829cdfe6ad1eb3c8dc96b7a37e744f1047ec5e4a77c7ff96ea,1750,OK,168,152,152,0,2026-08-31 00:00,2026-09-06 23:00,False,
2575_2026-08-31_2026-09-06_a1,2575,2026-08-31,2026-09-06,https://api-v3.thaiwater.net/api/v1/thaiwater30/public/waterlevel_graph?station_type=tele_waterlevel&station_id=2575&start_date=2026-08-31&end_date=2026-09-06,2026-09-11T08:01:50.253756Z,200,application/json; charset=utf-8,13828,c3155c3551f6c7e732115c7a583b2a2fa86f9fbcd6476948f5cfc23f575de9db,959,OK,168,160,0,0,2026-08-31 00:00,2026-09-06 23:00,False,
2576_2026-08-31_2026-09-06_a1,2576,2026-08-31,2026-09-06,https://api-v3.thaiwater.net/api/v1/thaiwater30/public/waterlevel_graph?station_type=tele_waterlevel&station_id=2576&start_date=2026-08-31&end_date=2026-09-06,2026-09-11T08:01:51.516577Z,200,application/json; charset=utf-8,15086,bbdd38f2efcb713efd458ac2bb26aef4afd2e7e53aefae0692ad2a5397c858c4,1296,OK,168,161,161,0,2026-08-31 00:00,2026-09-06 23:00,False,
2578_2026-08-31_2026-09-06_a1,2578,2026-08-31,2026-09-06,https://api-v3.thaiwater.net/api/v1/thaiwater30/public/waterlevel_graph?station_type=tele_waterlevel&station_id=2578&start_date=2026-08-31&end_date=2026-09-06,2026-09-11T08:01:52.937507Z,200,application/json; charset=utf-8,14848,6c1f9b3ecfa8b2fe1339170caf2d6e32a0632a364d7c0a60cc73aaf5abe0de29,1149,OK,168,161,161,0,2026-08-31 00:00,2026-09-06 23:00,False,
2579_2026-08-31_2026-09-06_a1,2579,2026-08-31,2026-09-06,https://api-v3.thaiwater.net/api/v1/thaiwater30/public/waterlevel_graph?station_type=tele_waterlevel&station_id=2579&start_date=2026-08-31&end_date=2026-09-06,2026-09-11T08:01:54.555013Z,200,application/json; charset=utf-8,14502,9deefe865c3412a053bb69f88fed7aaaddd65e92c112f04729053eafc0e5f0fc,1283,OK,168,161,161,0,2026-08-31 00:00,2026-09-06 23:00,False,
2580_2026-08-31_2026-09-06_a1,2580,2026-08-31,2026-09-06,https://api-v3.thaiwater.net/api/v1/thaiwater30/public/waterlevel_graph?station_type=tele_waterlevel&station_id=2580&start_date=2026-08-31&end_date=2026-09-06,2026-09-11T08:01:55.787016Z,200,application/json; charset=utf-8,15405,9039913fdc905f55d47e2811b7eaa4844966827bf3f7a97752614833441c0535,1338,OK,168,159,159,0,2026-08-31 00:00,2026-09-06 23:00,False,
2581_2026-08-31_2026-09-06_a1,2581,2026-08-31,2026-09-06,https://api-v3.thaiwater.net/api/v1/thaiwater30/public/waterlevel_graph?station_type=tele_waterlevel&station_id=2581&start_date=2026-08-31&end_date=2026-09-06,2026-09-11T08:01:57.501711Z,200,application/json; charset=utf-8,13685,32d774ab27f1d3625517a8cfd73aaf1639b47d4b73059df34b4a080e550407ee,1169,OK,168,148,148,0,2026-08-31 00:00,2026-09-06 23:00,False,
2582_2026-08-31_2026-09-06_a1,2582,2026-08-31,2026-09-06,https://api-v3.thaiwater.net/api/v1/thaiwater30/public/waterlevel_graph?station_type=tele_waterlevel&station_id=2582&start_date=2026-08-31&end_date=2026-09-06,2026-09-11T08:01:58.719448Z,200,application/json; charset=utf-8,13443,ac0ee92111254974b7d054234177937628e5d4947bf476eeec8a5d7e429579b3,983,OK,168,148,148,0,2026-08-31 00:00,2026-09-06 23:00,False,
2583_2026-08-31_2026-09-06_a1,2583,2026-08-31,2026-09-06,https://api-v3.thaiwater.net/api/v1/thaiwater30/public/waterlevel_graph?station_type=tele_waterlevel&station_id=2583&start_date=2026-08-31&end_date=2026-09-06,2026-09-11T08:01:59.998007Z,200,application/json; charset=utf-8,14101,2faa0c237c143db94b331d2885b443207004f56c6278e9270b461d42839e22c6,1165,OK,168,148,148,0,2026-08-31 00:00,2026-09-06 23:00,False,
2584_2026-08-31_2026-09-06_a1,2584,2026-08-31,2026-09-06,https://api-v3.thaiwater.net/api/v1/thaiwater30/public/waterlevel_graph?station_type=tele_waterlevel&station_id=2584&start_date=2026-08-31&end_date=2026-09-06,2026-09-11T08:02:01.826669Z,200,application/json; charset=utf-8,13394,0c2be015a3579dae31b9c67e0ae2268ff89aeb574f40bd07f294f8d4827f1c8e,1121,OK,168,148,148,0,2026-08-31 00:00,2026-09-06 23:00,False,
2585_2026-08-31_2026-09-06_a1,2585,2026-08-31,2026-09-06,https://api-v3.thaiwater.net/api/v1/thaiwater30/public/waterlevel_graph?station_type=tele_waterlevel&station_id=2585&start_date=2026-08-31&end_date=2026-09-06,2026-09-11T08:02:03.048044Z,200,application/json; charset=utf-8,13351,b63d4fda48ec1e48ab109246687db4ab9447c91dee76676530c3905779924a32,1220,OK,168,148,148,0,2026-08-31 00:00,2026-09-06 23:00,False,
2587_2026-08-31_2026-09-06_a1,2587,2026-08-31,2026-09-06,https://api-v3.thaiwater.net/api/v1/thaiwater30/public/waterlevel_graph?station_type=tele_waterlevel&station_id=2587&start_date=2026-08-31&end_date=2026-09-06,2026-09-11T08:02:04.900765Z,200,application/json; charset=utf-8,13479,9bf1b1afc77cb58a71dade00382082ae1ebf17bb5282e7844773ed36e6a2f620,898,OK,168,148,0,0,2026-08-31 00:00,2026-09-06 23:00,False,
2589_2026-08-31_2026-09-06_a1,2589,2026-08-31,2026-09-06,https://api-v3.thaiwater.net/api/v1/thaiwater30/public/waterlevel_graph?station_type=tele_waterlevel&station_id=2589&start_date=2026-08-31&end_date=2026-09-06,2026-09-11T08:02:06.267621Z,200,application/json; charset=utf-8,13245,0fa671dcb94f59f255bf8e0e6820350acdbec7cb2e49ffc4021f04e61b61fe94,1228,OK,168,148,148,0,2026-08-31 00:00,2026-09-06 23:00,False,
2590_2026-08-31_2026-09-06_a1,2590,2026-08-31,2026-09-06,https://api-v3.thaiwater.net/api/v1/thaiwater30/public/waterlevel_graph?station_type=tele_waterlevel&station_id=2590&start_date=2026-08-31&end_date=2026-09-06,2026-09-11T08:02:07.438125Z,200,application/json; charset=utf-8,13380,755618ca098f262c37a4cf279274a817ce35ff5e1d1602b6db80d5c98d35a412,851,OK,168,148,148,0,2026-08-31 00:00,2026-09-06 23:00,False,
2591_2026-08-31_2026-09-06_a1,2591,2026-08-31,2026-09-06,https://api-v3.thaiwater.net/api/v1/thaiwater30/public/waterlevel_graph?station_type=tele_waterlevel&station_id=2591&start_date=2026-08-31&end_date=2026-09-06,2026-09-11T08:02:08.813445Z,200,application/json; charset=utf-8,13358,67ad2de467cc99c33b15952fdb2b7bf95ac73d3de5342393d48c4aafe30f6619,1194,OK,168,148,148,0,2026-08-31 00:00,2026-09-06 23:00,False,
2594_2026-08-31_2026-09-06_a1,2594,2026-08-31,2026-09-06,https://api-v3.thaiwater.net/api/v1/thaiwater30/public/waterlevel_graph?station_type=tele_waterlevel&station_id=2594&start_date=2026-08-31&end_date=2026-09-06,2026-09-11T08:02:10.168043Z,200,application/json; charset=utf-8,13430,ed4290779b6c14244f48ef2a7c8cdeb6f407e290c739ab0d67e57545420ee5e6,688,OK,168,7,1,0,2026-08-31 00:00,2026-09-06 23:00,False,
2596_2026-08-31_2026-09-06_a1,2596,2026-08-31,2026-09-06,https://api-v3.thaiwater.net/api/v1/thaiwater30/public/waterlevel_graph?station_type=tele_waterlevel&station_id=2596&start_date=2026-08-31&end_date=2026-09-06,2026-09-11T08:02:11.442356Z,200,application/json; charset=utf-8,13378,840ba871b8b35bc1b69c99a588680eb35825d0a3541d8b87a6067cb27e83b48f,995,OK,168,148,0,0,2026-08-31 00:00,2026-09-06 23:00,False,
2597_2026-08-31_2026-09-06_a1,2597,2026-08-31,2026-09-06,https://api-v3.thaiwater.net/api/v1/thaiwater30/public/waterlevel_graph?station_type=tele_waterlevel&station_id=2597&start_date=2026-08-31&end_date=2026-09-06,2026-09-11T08:02:12.822450Z,200,application/json; charset=utf-8,13633,464422fbc7d0f48b6f9d0a49f4a3dbd7712013edc29f8b4cfcad10341342e49c,971,OK,168,148,148,0,2026-08-31 00:00,2026-09-06 23:00,False,
2599_2026-08-31_2026-09-06_a1,2599,2026-08-31,2026-09-06,https://api-v3.thaiwater.net/api/v1/thaiwater30/public/waterlevel_graph?station_type=tele_waterlevel&station_id=2599&start_date=2026-08-31&end_date=2026-09-06,2026-09-11T08:02:14.059679Z,200,application/json; charset=utf-8,13421,5d6d3ae26bc6242bb0f844f6744acece4f8ac28c8ff3cd951f458d6046e59ed2,1051,OK,168,161,0,0,2026-08-31 00:00,2026-09-06 23:00,False,
2607_2026-08-31_2026-09-06_a1,2607,2026-08-31,2026-09-06,https://api-v3.thaiwater.net/api/v1/thaiwater30/public/waterlevel_graph?station_type=tele_waterlevel&station_id=2607&start_date=2026-08-31&end_date=2026-09-06,2026-09-11T08:02:15.346575Z,200,application/json; charset=utf-8,13379,63bf63913e5165eabf8c30824f3a4247bbc5b8d5326892a41b47a9f73369ac53,984,OK,168,161,0,0,2026-08-31 00:00,2026-09-06 23:00,False,
2608_2026-08-31_2026-09-06_a1,2608,2026-08-31,2026-09-06,https://api-v3.thaiwater.net/api/v1/thaiwater30/public/waterlevel_graph?station_type=tele_waterlevel&station_id=2608&start_date=2026-08-31&end_date=2026-09-06,2026-09-11T08:02:16.682509Z,200,application/json; charset=utf-8,13384,b640cc8ed2eaed819ae763404c4584eb7d8d7a584a8f85b6f5cf3dd5bc1c1638,960,OK,168,161,0,0,2026-08-31 00:00,2026-09-06 23:00,False,
2609_2026-08-31_2026-09-06_a1,2609,2026-08-31,2026-09-06,https://api-v3.thaiwater.net/api/v1/thaiwater30/public/waterlevel_graph?station_type=tele_waterlevel&station_id=2609&start_date=2026-08-31&end_date=2026-09-06,2026-09-11T08:02:17.833488Z,200,application/json; charset=utf-8,13389,e9c450064803d7c374677cc4398dda24d71e679d68d441c1316987255adacbab,991,OK,168,161,0,0,2026-08-31 00:00,2026-09-06 23:00,False,
2611_2026-08-31_2026-09-06_a1,2611,2026-08-31,2026-09-06,https://api-v3.thaiwater.net/api/v1/thaiwater30/public/waterlevel_graph?station_type=tele_waterlevel&station_id=2611&start_date=2026-08-31&end_date=2026-09-06,2026-09-11T08:02:19.083510Z,200,application/json; charset=utf-8,13377,64cd5a59fcdd9e479eeceb7007c0d6a5e5975d1976e4dce018fced6bb281d5a9,962,OK,168,161,0,0,2026-08-31 00:00,2026-09-06 23:00,False,
2618_2026-08-31_2026-09-06_a1,2618,2026-08-31,2026-09-06,https://api-v3.thaiwater.net/api/v1/thaiwater30/public/waterlevel_graph?station_type=tele_waterlevel&station_id=2618&start_date=2026-08-31&end_date=2026-09-06,2026-09-11T08:02:20.351781Z,200,application/json; charset=utf-8,13416,bd3f4c4de6fd11c57971d05a78af01c64686de4e888ab64a50f8399edff558a1,707,OK,168,7,7,0,2026-08-31 00:00,2026-09-06 23:00,False,
2620_2026-08-31_2026-09-06_a1,2620,2026-08-31,2026-09-06,https://api-v3.thaiwater.net/api/v1/thaiwater30/public/waterlevel_graph?station_type=tele_waterlevel&station_id=2620&start_date=2026-08-31&end_date=2026-09-06,2026-09-11T08:02:21.701781Z,200,application/json; charset=utf-8,14486,759187956e1faa95e0b0a11c11f2e7dcbecbfb62a6009c88659e3f3165e17153,1127,OK,168,157,157,0,2026-08-31 00:00,2026-09-06 23:00,False,
2621_2026-08-31_2026-09-06_a1,2621,2026-08-31,2026-09-06,https://api-v3.thaiwater.net/api/v1/thaiwater30/public/waterlevel_graph?station_type=tele_waterlevel&station_id=2621&start_date=2026-08-31&end_date=2026-09-06,2026-09-11T08:02:22.974427Z,200,application/json; charset=utf-8,14685,4625e63759389afe0e731b8a3a97588ae47316a766a3386df72775e4c8e75008,1305,OK,168,157,157,0,2026-08-31 00:00,2026-09-06 23:00,False,
2623_2026-08-31_2026-09-06_a1,2623,2026-08-31,2026-09-06,https://api-v3.thaiwater.net/api/v1/thaiwater30/public/waterlevel_graph?station_type=tele_waterlevel&station_id=2623&start_date=2026-08-31&end_date=2026-09-06,2026-09-11T08:02:24.280512Z,200,application/json; charset=utf-8,13384,16c4772de7887bfdff156e1e2eb22f5db877159eeedb92b898ad46f13716a161,1036,OK,168,161,0,0,2026-08-31 00:00,2026-09-06 23:00,False,
2624_2026-08-31_2026-09-06_a1,2624,2026-08-31,2026-09-06,https://api-v3.thaiwater.net/api/v1/thaiwater30/public/waterlevel_graph?station_type=tele_waterlevel&station_id=2624&start_date=2026-08-31&end_date=2026-09-06,2026-09-11T08:02:25.670050Z,200,application/json; charset=utf-8,13387,952159160904d4dc8459e6fed270fe4621961c9703aab55434b562c6e2f66c71,1024,OK,168,161,0,0,2026-08-31 00:00,2026-09-06 23:00,False,
2626_2026-08-31_2026-09-06_a1,2626,2026-08-31,2026-09-06,https://api-v3.thaiwater.net/api/v1/thaiwater30/public/waterlevel_graph?station_type=tele_waterlevel&station_id=2626&start_date=2026-08-31&end_date=2026-09-06,2026-09-11T08:02:26.946943Z,200,application/json; charset=utf-8,13353,7ef9789ddefc1f2e3fdae9d0fb6a0216bdee8c802f6e9d86fb72a326310052b9,1058,OK,168,161,29,0,2026-08-31 00:00,2026-09-06 23:00,False,
2632_2026-08-31_2026-09-06_a1,2632,2026-08-31,2026-09-06,https://api-v3.thaiwater.net/api/v1/thaiwater30/public/waterlevel_graph?station_type=tele_waterlevel&station_id=2632&start_date=2026-08-31&end_date=2026-09-06,2026-09-11T08:02:28.280683Z,200,application/json; charset=utf-8,13385,5b2dcd1f78f6d31330ed4430e0d264088fe3b37f4fe5d25fcad44c3ef12febb7,894,OK,168,161,0,0,2026-08-31 00:00,2026-09-06 23:00,False,
2634_2026-08-31_2026-09-06_a1,2634,2026-08-31,2026-09-06,https://api-v3.thaiwater.net/api/v1/thaiwater30/public/waterlevel_graph?station_type=tele_waterlevel&station_id=2634&start_date=2026-08-31&end_date=2026-09-06,2026-09-11T08:02:29.519484Z,200,application/json; charset=utf-8,13528,dde1af726afcd3ae90f8045628c18764e3b7eb9ed21607799723796c87deba3d,1324,OK,168,148,148,0,2026-08-31 00:00,2026-09-06 23:00,False,
2635_2026-08-31_2026-09-06_a1,2635,2026-08-31,2026-09-06,https://api-v3.thaiwater.net/api/v1/thaiwater30/public/waterlevel_graph?station_type=tele_waterlevel&station_id=2635&start_date=2026-08-31&end_date=2026-09-06,2026-09-11T08:02:30.831965Z,200,application/json; charset=utf-8,13383,f3b7b1de4f557ee8a86d326f66e275ef808185b0c9c3226861d72ee5b6386bf1,932,OK,168,148,0,0,2026-08-31 00:00,2026-09-06 23:00,False,
2636_2026-08-31_2026-09-06_a1,2636,2026-08-31,2026-09-06,https://api-v3.thaiwater.net/api/v1/thaiwater30/public/waterlevel_graph?station_type=tele_waterlevel&station_id=2636&start_date=2026-08-31&end_date=2026-09-06,2026-09-11T08:02:32.086126Z,200,application/json; charset=utf-8,13319,14cb0c00b8f62f130187d00ffb12de792afa70d57a9eb9f11c35e18cf4e7abbb,1093,OK,168,129,129,0,2026-08-31 00:00,2026-09-06 23:00,False,
2638_2026-08-31_2026-09-06_a1,2638,2026-08-31,2026-09-06,https://api-v3.thaiwater.net/api/v1/thaiwater30/public/waterlevel_graph?station_type=tele_waterlevel&station_id=2638&start_date=2026-08-31&end_date=2026-09-06,2026-09-11T08:02:33.454126Z,200,application/json; charset=utf-8,13542,44dfa18e1bfb453ac429b6276d9584b462728320b4664b37dbc6660b748b1c06,968,OK,168,148,43,0,2026-08-31 00:00,2026-09-06 23:00,False,
2639_2026-08-31_2026-09-06_a1,2639,2026-08-31,2026-09-06,https://api-v3.thaiwater.net/api/v1/thaiwater30/public/waterlevel_graph?station_type=tele_waterlevel&station_id=2639&start_date=2026-08-31&end_date=2026-09-06,2026-09-11T08:02:34.555779Z,200,application/json; charset=utf-8,13336,64bd212f9cb2f016973f315392e252f1940dc9887e7bd7c16064130b43415b02,958,OK,168,148,148,0,2026-08-31 00:00,2026-09-06 23:00,False,
2641_2026-08-31_2026-09-06_a1,2641,2026-08-31,2026-09-06,https://api-v3.thaiwater.net/api/v1/thaiwater30/public/waterlevel_graph?station_type=tele_waterlevel&station_id=2641&start_date=2026-08-31&end_date=2026-09-06,2026-09-11T08:02:35.852770Z,200,application/json; charset=utf-8,13554,e121af2a05d002884f776a895462a0b6312afcf3edce045b280a00e7bc0ff125,923,OK,168,148,148,0,2026-08-31 00:00,2026-09-06 23:00,False,
2643_2026-08-31_2026-09-06_a1,2643,2026-08-31,2026-09-06,https://api-v3.thaiwater.net/api/v1/thaiwater30/public/waterlevel_graph?station_type=tele_waterlevel&station_id=2643&start_date=2026-08-31&end_date=2026-09-06,2026-09-11T08:02:37.159635Z,200,application/json; charset=utf-8,13805,713beffe5436fd0e8f801017fd06d0637f5fb9394166fc7f08dfa60afdbad46b,1092,OK,168,148,148,0,2026-08-31 00:00,2026-09-06 23:00,False,
2644_2026-08-31_2026-09-06_a1,2644,2026-08-31,2026-09-06,https://api-v3.thaiwater.net/api/v1/thaiwater30/public/waterlevel_graph?station_type=tele_waterlevel&station_id=2644&start_date=2026-08-31&end_date=2026-09-06,2026-09-11T08:02:38.541484Z,200,application/json; charset=utf-8,13836,ae52640f959bb6f26c6bbeefd44cd616e2fb9d10da8a2545ddb0b9f3ebef5efd,904,OK,168,148,79,0,2026-08-31 00:00,2026-09-06 23:00,False,
2645_2026-08-31_2026-09-06_a1,2645,2026-08-31,2026-09-06,https://api-v3.thaiwater.net/api/v1/thaiwater30/public/waterlevel_graph?station_type=tele_waterlevel&station_id=2645&start_date=2026-08-31&end_date=2026-09-06,2026-09-11T08:02:39.754819Z,200,application/json; charset=utf-8,13945,3844d57858b3b2dd169d0d46f5924addb24efb8207aa1ee7ab4cce7244b48f49,1267,OK,168,148,148,0,2026-08-31 00:00,2026-09-06 23:00,False,
2647_2026-08-31_2026-09-06_a1,2647,2026-08-31,2026-09-06,https://api-v3.thaiwater.net/api/v1/thaiwater30/public/waterlevel_graph?station_type=tele_waterlevel&station_id=2647&start_date=2026-08-31&end_date=2026-09-06,2026-09-11T08:02:41.000551Z,200,application/json; charset=utf-8,13442,c5cab61bb28e2c17c7e2d1eb341b6dff5b20b3f39b4c415aaec9cb83e0c74cff,1018,OK,168,148,0,0,2026-08-31 00:00,2026-09-06 23:00,False,
2648_2026-08-31_2026-09-06_a1,2648,2026-08-31,2026-09-06,https://api-v3.thaiwater.net/api/v1/thaiwater30/public/waterlevel_graph?station_type=tele_waterlevel&station_id=2648&start_date=2026-08-31&end_date=2026-09-06,2026-09-11T08:02:42.379224Z,200,application/json; charset=utf-8,13946,7f3ae1fdf93f40326ac49ce349dd618feed2aa84aa51a753137910b10ed35142,1426,OK,168,148,148,0,2026-08-31 00:00,2026-09-06 23:00,False,
2650_2026-08-31_2026-09-06_a1,2650,2026-08-31,2026-09-06,https://api-v3.thaiwater.net/api/v1/thaiwater30/public/waterlevel_graph?station_type=tele_waterlevel&station_id=2650&start_date=2026-08-31&end_date=2026-09-06,2026-09-11T08:02:43.509246Z,200,application/json; charset=utf-8,13714,460c38ce6e3421298c564dbf3389b76af61a3fc6db95f9e07e7976f9c09b179c,1347,OK,168,148,148,0,2026-08-31 00:00,2026-09-06 23:00,False,
2651_2026-08-31_2026-09-06_a1,2651,2026-08-31,2026-09-06,https://api-v3.thaiwater.net/api/v1/thaiwater30/public/waterlevel_graph?station_type=tele_waterlevel&station_id=2651&start_date=2026-08-31&end_date=2026-09-06,2026-09-11T08:02:44.751169Z,200,application/json; charset=utf-8,13776,b6bf9ffd5d997b012a173668f40e7c8a2b1d61dcc9470c813da100f7f2df92e0,1092,OK,168,148,148,0,2026-08-31 00:00,2026-09-06 23:00,False,
2654_2026-08-31_2026-09-06_a1,2654,2026-08-31,2026-09-06,https://api-v3.thaiwater.net/api/v1/thaiwater30/public/waterlevel_graph?station_type=tele_waterlevel&station_id=2654&start_date=2026-08-31&end_date=2026-09-06,2026-09-11T08:02:46.059679Z,200,application/json; charset=utf-8,13387,396e39df93cc8c7339eadb9c205d6822ed0ab39098ea6645d9c98a77bc9d20d2,998,OK,168,148,0,0,2026-08-31 00:00,2026-09-06 23:00,False,
2655_2026-08-31_2026-09-06_a1,2655,2026-08-31,2026-09-06,https://api-v3.thaiwater.net/api/v1/thaiwater30/public/waterlevel_graph?station_type=tele_waterlevel&station_id=2655&start_date=2026-08-31&end_date=2026-09-06,2026-09-11T08:02:47.167868Z,200,application/json; charset=utf-8,13774,f538c5cfa2eba5ae456361724a1d35984c206b7c9b9d010d98751993efc92aa9,1287,OK,168,148,148,0,2026-08-31 00:00,2026-09-06 23:00,False,
2656_2026-08-31_2026-09-06_a1,2656,2026-08-31,2026-09-06,https://api-v3.thaiwater.net/api/v1/thaiwater30/public/waterlevel_graph?station_type=tele_waterlevel&station_id=2656&start_date=2026-08-31&end_date=2026-09-06,2026-09-11T08:02:48.660223Z,200,application/json; charset=utf-8,13633,9b4124986954084117dcb3accd5564e85a2cb45c5f0e8e40316d262167a353e7,689,OK,168,45,45,0,2026-08-31 00:00,2026-09-06 23:00,False,
2658_2026-08-31_2026-09-06_a1,2658,2026-08-31,2026-09-06,https://api-v3.thaiwater.net/api/v1/thaiwater30/public/waterlevel_graph?station_type=tele_waterlevel&station_id=2658&start_date=2026-08-31&end_date=2026-09-06,2026-09-11T08:02:49.894312Z,200,application/json; charset=utf-8,14188,ffa925234627e6f791d094754e4636c638e2785e60b198a5328fb129114bcb81,1225,OK,168,152,152,0,2026-08-31 00:00,2026-09-06 23:00,False,
2659_2026-08-31_2026-09-06_a1,2659,2026-08-31,2026-09-06,https://api-v3.thaiwater.net/api/v1/thaiwater30/public/waterlevel_graph?station_type=tele_waterlevel&station_id=2659&start_date=2026-08-31&end_date=2026-09-06,2026-09-11T08:02:51.186025Z,200,application/json; charset=utf-8,14227,73410dcb3750e92096a67b55c2e14ae0aa1151f520d4c5ba85cc308d3ab7ac03,898,OK,168,152,120,0,2026-08-31 00:00,2026-09-06 23:00,False,
2661_2026-08-31_2026-09-06_a1,2661,2026-08-31,2026-09-06,https://api-v3.thaiwater.net/api/v1/thaiwater30/public/waterlevel_graph?station_type=tele_waterlevel&station_id=2661&start_date=2026-08-31&end_date=2026-09-06,2026-09-11T08:02:52.413894Z,200,application/json; charset=utf-8,13377,4eea1a571803633a6e41f1a15c116706b32b4dfec6b88dc1dc96e321699e3e8a,1046,OK,168,161,0,0,2026-08-31 00:00,2026-09-06 23:00,False,
2662_2026-08-31_2026-09-06_a1,2662,2026-08-31,2026-09-06,https://api-v3.thaiwater.net/api/v1/thaiwater30/public/waterlevel_graph?station_type=tele_waterlevel&station_id=2662&start_date=2026-08-31&end_date=2026-09-06,2026-09-11T08:02:53.747672Z,200,application/json; charset=utf-8,13382,7cc39c9089062f03b8912e9d7c339347897d0710063027a8e3e42a067d7c08f3,1008,OK,168,161,0,0,2026-08-31 00:00,2026-09-06 23:00,False,
2663_2026-08-31_2026-09-06_a1,2663,2026-08-31,2026-09-06,https://api-v3.thaiwater.net/api/v1/thaiwater30/public/waterlevel_graph?station_type=tele_waterlevel&station_id=2663&start_date=2026-08-31&end_date=2026-09-06,2026-09-11T08:02:54.959652Z,200,application/json; charset=utf-8,13972,83ded692772d0548e39f3db82a4d7e8322d7905574ec94d8123724f7ab5f8b42,1513,OK,168,161,161,0,2026-08-31 00:00,2026-09-06 23:00,False,
2664_2026-08-31_2026-09-06_a1,2664,2026-08-31,2026-09-06,https://api-v3.thaiwater.net/api/v1/thaiwater30/public/waterlevel_graph?station_type=tele_waterlevel&station_id=2664&start_date=2026-08-31&end_date=2026-09-06,2026-09-11T08:02:56.210029Z,200,application/json; charset=utf-8,14196,9b411ca4c9f3a3655b7aa5066af5448de96ad2f0971e3e1fcead1ead118053ec,1493,OK,168,161,161,0,2026-08-31 00:00,2026-09-06 23:00,False,
2665_2026-08-31_2026-09-06_a1,2665,2026-08-31,2026-09-06,https://api-v3.thaiwater.net/api/v1/thaiwater30/public/waterlevel_graph?station_type=tele_waterlevel&station_id=2665&start_date=2026-08-31&end_date=2026-09-06,2026-09-11T08:02:57.435743Z,200,application/json; charset=utf-8,14549,d004f58e938016cad68bde9f21c7e6d82e0c23f2efdc5db73a325a48c93a4bd1,1354,OK,168,161,161,0,2026-08-31 00:00,2026-09-06 23:00,False,
2666_2026-08-31_2026-09-06_a1,2666,2026-08-31,2026-09-06,https://api-v3.thaiwater.net/api/v1/thaiwater30/public/waterlevel_graph?station_type=tele_waterlevel&station_id=2666&start_date=2026-08-31&end_date=2026-09-06,2026-09-11T08:02:58.830024Z,200,application/json; charset=utf-8,14250,6e94427dd4fb31a500282c6b35703e8f5b54923599367f95dfff2acd63875ba9,855,OK,168,152,0,0,2026-08-31 00:00,2026-09-06 23:00,False,
2668_2026-08-31_2026-09-06_a1,2668,2026-08-31,2026-09-06,https://api-v3.thaiwater.net/api/v1/thaiwater30/public/waterlevel_graph?station_type=tele_waterlevel&station_id=2668&start_date=2026-08-31&end_date=2026-09-06,2026-09-11T08:03:00.071698Z,200,application/json; charset=utf-8,13424,47db1693dd4020cb18c1d01be9e74e757cf9d1fdb84cb5ae168491fff09aaab9,681,OK,168,6,0,0,2026-08-31 00:00,2026-09-06 23:00,False,
2669_2026-08-31_2026-09-06_a1,2669,2026-08-31,2026-09-06,https://api-v3.thaiwater.net/api/v1/thaiwater30/public/waterlevel_graph?station_type=tele_waterlevel&station_id=2669&start_date=2026-08-31&end_date=2026-09-06,2026-09-11T08:03:01.252890Z,200,application/json; charset=utf-8,13504,113d6e64ce1c266067e57e3ddaa17ee83aca55071e2f69933f46bc0448482430,889,OK,168,161,161,0,2026-08-31 00:00,2026-09-06 23:00,False,
2671_2026-08-31_2026-09-06_a1,2671,2026-08-31,2026-09-06,https://api-v3.thaiwater.net/api/v1/thaiwater30/public/waterlevel_graph?station_type=tele_waterlevel&station_id=2671&start_date=2026-08-31&end_date=2026-09-06,2026-09-11T08:03:02.426190Z,200,application/json; charset=utf-8,14281,2d4f49a4270cdda8d008545c7e8212b8743148089c4cee05ff8c1f5a853e2f09,1335,OK,168,152,152,0,2026-08-31 00:00,2026-09-06 23:00,False,
2672_2026-08-31_2026-09-06_a1,2672,2026-08-31,2026-09-06,https://api-v3.thaiwater.net/api/v1/thaiwater30/public/waterlevel_graph?station_type=tele_waterlevel&station_id=2672&start_date=2026-08-31&end_date=2026-09-06,2026-09-11T08:03:03.617502Z,200,application/json; charset=utf-8,14350,6134fec1de8c5783135e63fa5134867eaa98f2143a2b9a84439e01e566b93f13,1429,OK,168,161,161,0,2026-08-31 00:00,2026-09-06 23:00,False,
2675_2026-08-31_2026-09-06_a1,2675,2026-08-31,2026-09-06,https://api-v3.thaiwater.net/api/v1/thaiwater30/public/waterlevel_graph?station_type=tele_waterlevel&station_id=2675&start_date=2026-08-31&end_date=2026-09-06,2026-09-11T08:03:05.002904Z,200,application/json; charset=utf-8,13826,4d88874c75aae82399e532dfd9cd7e6d5edfbba1bbb340b92b2ab87194f90c78,1450,OK,168,161,161,0,2026-08-31 00:00,2026-09-06 23:00,False,
2676_2026-08-31_2026-09-06_a1,2676,2026-08-31,2026-09-06,https://api-v3.thaiwater.net/api/v1/thaiwater30/public/waterlevel_graph?station_type=tele_waterlevel&station_id=2676&start_date=2026-08-31&end_date=2026-09-06,2026-09-11T08:03:06.315009Z,200,application/json; charset=utf-8,15420,53cedc50c85512755383c8c6fb1258332f3782b108762f0a468b54387b62ce26,1154,OK,168,152,0,0,2026-08-31 00:00,2026-09-06 23:00,False,
2677_2026-08-31_2026-09-06_a1,2677,2026-08-31,2026-09-06,https://api-v3.thaiwater.net/api/v1/thaiwater30/public/waterlevel_graph?station_type=tele_waterlevel&station_id=2677&start_date=2026-08-31&end_date=2026-09-06,2026-09-11T08:03:07.649100Z,200,application/json; charset=utf-8,13778,0a94a37068307d124da388cbc404469f4471ea401ef0b92ff02973d8c4e20b80,1475,OK,168,161,161,0,2026-08-31 00:00,2026-09-06 23:00,False,
2679_2026-08-31_2026-09-06_a1,2679,2026-08-31,2026-09-06,https://api-v3.thaiwater.net/api/v1/thaiwater30/public/waterlevel_graph?station_type=tele_waterlevel&station_id=2679&start_date=2026-08-31&end_date=2026-09-06,2026-09-11T08:03:08.989067Z,200,application/json; charset=utf-8,15067,8303fc74378ac643c63d56c1c423a621b07706d735647cfbff10e4d4eaef53ea,1540,OK,168,152,152,0,2026-08-31 00:00,2026-09-06 23:00,False,
2680_2026-08-31_2026-09-06_a1,2680,2026-08-31,2026-09-06,https://api-v3.thaiwater.net/api/v1/thaiwater30/public/waterlevel_graph?station_type=tele_waterlevel&station_id=2680&start_date=2026-08-31&end_date=2026-09-06,2026-09-11T08:03:10.261073Z,200,application/json; charset=utf-8,13948,3ed08dfa6857dacf993ea8c1f4ccc866d45776a6ba640b18e39a55b9ec4a0eca,1309,OK,168,161,161,0,2026-08-31 00:00,2026-09-06 23:00,False,
2682_2026-08-31_2026-09-06_a1,2682,2026-08-31,2026-09-06,https://api-v3.thaiwater.net/api/v1/thaiwater30/public/waterlevel_graph?station_type=tele_waterlevel&station_id=2682&start_date=2026-08-31&end_date=2026-09-06,2026-09-11T08:03:11.636665Z,200,application/json; charset=utf-8,14076,c68ca6d8010b4c492246fb4ef5ed8608b97d45e761601639f02e9d4859b530f8,1458,OK,168,152,152,0,2026-08-31 00:00,2026-09-06 23:00,False,
2683_2026-08-31_2026-09-06_a1,2683,2026-08-31,2026-09-06,https://api-v3.thaiwater.net/api/v1/thaiwater30/public/waterlevel_graph?station_type=tele_waterlevel&station_id=2683&start_date=2026-08-31&end_date=2026-09-06,2026-09-11T08:03:12.889452Z,200,application/json; charset=utf-8,13387,1eacae0a9774eb9cdb18b9352ad36a732b572d242d83f66d3eae5dae09736e0a,936,OK,168,161,0,0,2026-08-31 00:00,2026-09-06 23:00,False,
2686_2026-08-31_2026-09-06_a1,2686,2026-08-31,2026-09-06,https://api-v3.thaiwater.net/api/v1/thaiwater30/public/waterlevel_graph?station_type=tele_waterlevel&station_id=2686&start_date=2026-08-31&end_date=2026-09-06,2026-09-11T08:03:14.119221Z,200,application/json; charset=utf-8,14167,1a47be757c9069ea057afc1407d792f9c68d56d2deef3ae18bba960bcc6e5a01,748,OK,168,152,0,0,2026-08-31 00:00,2026-09-06 23:00,False,
2687_2026-08-31_2026-09-06_a1,2687,2026-08-31,2026-09-06,https://api-v3.thaiwater.net/api/v1/thaiwater30/public/waterlevel_graph?station_type=tele_waterlevel&station_id=2687&start_date=2026-08-31&end_date=2026-09-06,2026-09-11T08:03:15.289964Z,200,application/json; charset=utf-8,13922,b83b57cba2ee24564188de7956659cb07e79a53ce98c3788e3341c71bc725b45,1332,OK,168,161,161,0,2026-08-31 00:00,2026-09-06 23:00,False,
2688_2026-08-31_2026-09-06_a1,2688,2026-08-31,2026-09-06,https://api-v3.thaiwater.net/api/v1/thaiwater30/public/waterlevel_graph?station_type=tele_waterlevel&station_id=2688&start_date=2026-08-31&end_date=2026-09-06,2026-09-11T08:03:16.546970Z,200,application/json; charset=utf-8,14547,b58bf798259bcf4342efe56faaaf85bdfaa030d7eb9ef679be3361936c2a7c5e,1487,OK,168,152,152,0,2026-08-31 00:00,2026-09-06 23:00,False,
2689_2026-08-31_2026-09-06_a1,2689,2026-08-31,2026-09-06,https://api-v3.thaiwater.net/api/v1/thaiwater30/public/waterlevel_graph?station_type=tele_waterlevel&station_id=2689&start_date=2026-08-31&end_date=2026-09-06,2026-09-11T08:03:18.030486Z,200,application/json; charset=utf-8,13973,80ae297f1ce43ce4df38fde9f865174f1b5518d726058d393a4c22d95b2a57bc,1303,OK,168,161,80,0,2026-08-31 00:00,2026-09-06 23:00,False,
2694_2026-08-31_2026-09-06_a1,2694,2026-08-31,2026-09-06,https://api-v3.thaiwater.net/api/v1/thaiwater30/public/waterlevel_graph?station_type=tele_waterlevel&station_id=2694&start_date=2026-08-31&end_date=2026-09-06,2026-09-11T08:03:19.244495Z,200,application/json; charset=utf-8,14406,ab28379fcf02f7a8cd7e945a0bb9c6ff7228e39689b76da1501584da5628bb20,970,OK,168,157,0,0,2026-08-31 00:00,2026-09-06 23:00,False,
2695_2026-08-31_2026-09-06_a1,2695,2026-08-31,2026-09-06,https://api-v3.thaiwater.net/api/v1/thaiwater30/public/waterlevel_graph?station_type=tele_waterlevel&station_id=2695&start_date=2026-08-31&end_date=2026-09-06,2026-09-11T08:03:20.421791Z,200,application/json; charset=utf-8,14788,950ef97875bb569a68953007eb89d501ae21b0429eca9f724e87fdc6bffd8756,1418,OK,168,157,157,0,2026-08-31 00:00,2026-09-06 23:00,False,
2698_2026-08-31_2026-09-06_a1,2698,2026-08-31,2026-09-06,https://api-v3.thaiwater.net/api/v1/thaiwater30/public/waterlevel_graph?station_type=tele_waterlevel&station_id=2698&start_date=2026-08-31&end_date=2026-09-06,2026-09-11T08:03:21.702951Z,200,application/json; charset=utf-8,14473,8e850fab4a050ff56701e52060e333180aa55d7986f6a567356342188242c6e8,1318,OK,168,157,157,0,2026-08-31 00:00,2026-09-06 23:00,False,
2700_2026-08-31_2026-09-06_a1,2700,2026-08-31,2026-09-06,https://api-v3.thaiwater.net/api/v1/thaiwater30/public/waterlevel_graph?station_type=tele_waterlevel&station_id=2700&start_date=2026-08-31&end_date=2026-09-06,2026-09-11T08:03:22.943099Z,200,application/json; charset=utf-8,14230,bcccc1a34fa3ab6f142b01025f749cfeba5d5a8805d86d70735deb627592efda,1006,OK,168,157,157,0,2026-08-31 00:00,2026-09-06 23:00,False,
2707_2026-08-31_2026-09-06_a1,2707,2026-08-31,2026-09-06,https://api-v3.thaiwater.net/api/v1/thaiwater30/public/waterlevel_graph?station_type=tele_waterlevel&station_id=2707&start_date=2026-08-31&end_date=2026-09-06,2026-09-11T08:03:24.102300Z,200,application/json; charset=utf-8,15201,fe170ad8ece95471cd8e2e115d60b6eae6e7612170800081818a1f4d471489b7,1589,OK,168,151,151,0,2026-08-31 00:00,2026-09-06 23:00,False,
2712_2026-08-31_2026-09-06_a1,2712,2026-08-31,2026-09-06,https://api-v3.thaiwater.net/api/v1/thaiwater30/public/waterlevel_graph?station_type=tele_waterlevel&station_id=2712&start_date=2026-08-31&end_date=2026-09-06,2026-09-11T08:03:25.585711Z,200,application/json; charset=utf-8,13405,b72a12e4fc66eea1a062822dc3298e33b45ea33a8680a68b258c6e793aab6a37,934,OK,168,161,161,0,2026-08-31 00:00,2026-09-06 23:00,False,
2713_2026-08-31_2026-09-06_a1,2713,2026-08-31,2026-09-06,https://api-v3.thaiwater.net/api/v1/thaiwater30/public/waterlevel_graph?station_type=tele_waterlevel&station_id=2713&start_date=2026-08-31&end_date=2026-09-06,2026-09-11T08:03:26.826413Z,200,application/json; charset=utf-8,14351,9366f8c8ce137cf2e636a001879ea62280e5ad4528a1c03c784254a09b564ca1,773,OK,168,157,157,0,2026-08-31 00:00,2026-09-06 23:00,False,
2714_2026-08-31_2026-09-06_a1,2714,2026-08-31,2026-09-06,https://api-v3.thaiwater.net/api/v1/thaiwater30/public/waterlevel_graph?station_type=tele_waterlevel&station_id=2714&start_date=2026-08-31&end_date=2026-09-06,2026-09-11T08:03:27.987943Z,200,application/json; charset=utf-8,14331,1298ad8264b92862cdfefb2cc76125bd67268559934fdbbc2077cc0eb72c1d27,869,OK,168,157,157,0,2026-08-31 00:00,2026-09-06 23:00,False,
2723_2026-08-31_2026-09-06_a1,2723,2026-08-31,2026-09-06,https://api-v3.thaiwater.net/api/v1/thaiwater30/public/waterlevel_graph?station_type=tele_waterlevel&station_id=2723&start_date=2026-08-31&end_date=2026-09-06,2026-09-11T08:03:29.294153Z,200,application/json; charset=utf-8,13361,2eeee3dd323d47abc3a1f83a0859c13a469a1228beb2cca2b036aa35aa16ab5b,1073,OK,168,161,29,0,2026-08-31 00:00,2026-09-06 23:00,False,
2725_2026-08-31_2026-09-06_a1,2725,2026-08-31,2026-09-06,https://api-v3.thaiwater.net/api/v1/thaiwater30/public/waterlevel_graph?station_type=tele_waterlevel&station_id=2725&start_date=2026-08-31&end_date=2026-09-06,2026-09-11T08:03:30.476878Z,200,application/json; charset=utf-8,13537,c87ce0947a5749ea16951af9441a576b5c014b75dfd8364cc3176ecfcd27f1f6,947,OK,168,138,91,0,2026-08-31 00:00,2026-09-06 23:00,False,
2726_2026-08-31_2026-09-06_a1,2726,2026-08-31,2026-09-06,https://api-v3.thaiwater.net/api/v1/thaiwater30/public/waterlevel_graph?station_type=tele_waterlevel&station_id=2726&start_date=2026-08-31&end_date=2026-09-06,2026-09-11T08:03:31.656813Z,200,application/json; charset=utf-8,14397,d69a30877cb6f7584020794ec2ac533de10270583dc4c8efa30ed58514e5270a,822,OK,168,157,157,0,2026-08-31 00:00,2026-09-06 23:00,False,
2729_2026-08-31_2026-09-06_a1,2729,2026-08-31,2026-09-06,https://api-v3.thaiwater.net/api/v1/thaiwater30/public/waterlevel_graph?station_type=tele_waterlevel&station_id=2729&start_date=2026-08-31&end_date=2026-09-06,2026-09-11T08:03:32.784968Z,200,application/json; charset=utf-8,15261,6dbe3e4056ba4ddbda79fdd4b27e97d82e368b3bad26c1c714b0de7ca9e75250,1444,OK,168,157,157,0,2026-08-31 00:00,2026-09-06 23:00,False,
2731_2026-08-31_2026-09-06_a1,2731,2026-08-31,2026-09-06,https://api-v3.thaiwater.net/api/v1/thaiwater30/public/waterlevel_graph?station_type=tele_waterlevel&station_id=2731&start_date=2026-08-31&end_date=2026-09-06,2026-09-11T08:03:34.190994Z,200,application/json; charset=utf-8,14559,709e314b3e85180f9ef7ff51ce8f7d5f0239ef4872b8f46973aaf7254fef3cc9,981,OK,168,157,0,0,2026-08-31 00:00,2026-09-06 23:00,False,
2737_2026-08-31_2026-09-06_a1,2737,2026-08-31,2026-09-06,https://api-v3.thaiwater.net/api/v1/thaiwater30/public/waterlevel_graph?station_type=tele_waterlevel&station_id=2737&start_date=2026-08-31&end_date=2026-09-06,2026-09-11T08:03:35.609585Z,200,application/json; charset=utf-8,13703,c8d4cf7abb17a1da0aca1dcd04b1b02f98d1f12037ced2923e508f7dd8519e77,997,OK,168,157,0,0,2026-08-31 00:00,2026-09-06 23:00,False,
2739_2026-08-31_2026-09-06_a1,2739,2026-08-31,2026-09-06,https://api-v3.thaiwater.net/api/v1/thaiwater30/public/waterlevel_graph?station_type=tele_waterlevel&station_id=2739&start_date=2026-08-31&end_date=2026-09-06,2026-09-11T08:03:36.740466Z,200,application/json; charset=utf-8,14206,d7222fa223125f745007c3e9ef3600d856afb71b62a5dff81f54bdb98963a0b4,1179,OK,168,157,157,0,2026-08-31 00:00,2026-09-06 23:00,False,
2740_2026-08-31_2026-09-06_a1,2740,2026-08-31,2026-09-06,https://api-v3.thaiwater.net/api/v1/thaiwater30/public/waterlevel_graph?station_type=tele_waterlevel&station_id=2740&start_date=2026-08-31&end_date=2026-09-06,2026-09-11T08:03:37.946426Z,200,application/json; charset=utf-8,14421,497d600fff908aacfdeab9d99661c5e2c3d98ed9e52e22ab5f8953bc12117230,907,OK,168,157,157,0,2026-08-31 00:00,2026-09-06 23:00,False,
2744_2026-08-31_2026-09-06_a1,2744,2026-08-31,2026-09-06,https://api-v3.thaiwater.net/api/v1/thaiwater30/public/waterlevel_graph?station_type=tele_waterlevel&station_id=2744&start_date=2026-08-31&end_date=2026-09-06,2026-09-11T08:03:39.071616Z,200,application/json; charset=utf-8,13240,ee871d1b1b7e844b20e0e6547546fddfae941b2b409e7c2e6632669565290ad7,824,OK,168,161,161,0,2026-08-31 00:00,2026-09-06 23:00,False,
2750_2026-08-31_2026-09-06_a1,2750,2026-08-31,2026-09-06,https://api-v3.thaiwater.net/api/v1/thaiwater30/public/waterlevel_graph?station_type=tele_waterlevel&station_id=2750&start_date=2026-08-31&end_date=2026-09-06,2026-09-11T08:03:40.463327Z,200,application/json; charset=utf-8,13646,cb66ecda28b5c5b4c0392a4824e5e351fc7afa6aad37543c570e0ddcdc9af073,739,OK,168,157,157,0,2026-08-31 00:00,2026-09-06 23:00,False,
2752_2026-08-31_2026-09-06_a1,2752,2026-08-31,2026-09-06,https://api-v3.thaiwater.net/api/v1/thaiwater30/public/waterlevel_graph?station_type=tele_waterlevel&station_id=2752&start_date=2026-08-31&end_date=2026-09-06,2026-09-11T08:03:41.813228Z,200,application/json; charset=utf-8,14519,b91b3c1db25e976e4d542b707d8b11fd1b06f3942bcfcc0fa9f1726b7e9e2740,1268,OK,168,157,157,0,2026-08-31 00:00,2026-09-06 23:00,False,
2755_2026-08-31_2026-09-06_a1,2755,2026-08-31,2026-09-06,https://api-v3.thaiwater.net/api/v1/thaiwater30/public/waterlevel_graph?station_type=tele_waterlevel&station_id=2755&start_date=2026-08-31&end_date=2026-09-06,2026-09-11T08:03:43.290529Z,200,application/json; charset=utf-8,13557,63347230ae080b9d13f62cbb6f0cf0654cabba3b4e9be9e7b6cc87b5bac1e10b,1081,OK,168,157,157,0,2026-08-31 00:00,2026-09-06 23:00,False,
2760_2026-08-31_2026-09-06_a1,2760,2026-08-31,2026-09-06,https://api-v3.thaiwater.net/api/v1/thaiwater30/public/waterlevel_graph?station_type=tele_waterlevel&station_id=2760&start_date=2026-08-31&end_date=2026-09-06,2026-09-11T08:03:44.536347Z,200,application/json; charset=utf-8,13493,9a3e03c540da446124242c499efb092b958a4493ae3953759f4f48f6b0ee4509,856,OK,168,157,157,0,2026-08-31 00:00,2026-09-06 23:00,False,
2763_2026-08-31_2026-09-06_a1,2763,2026-08-31,2026-09-06,https://api-v3.thaiwater.net/api/v1/thaiwater30/public/waterlevel_graph?station_type=tele_waterlevel&station_id=2763&start_date=2026-08-31&end_date=2026-09-06,2026-09-11T08:03:45.812081Z,200,application/json; charset=utf-8,13654,0a11ec09fcb31477a1fa5ba492eef24717a260cf2da012dcb2163f866308dd74,972,OK,168,157,157,0,2026-08-31 00:00,2026-09-06 23:00,False,
2764_2026-08-31_2026-09-06_a1,2764,2026-08-31,2026-09-06,https://api-v3.thaiwater.net/api/v1/thaiwater30/public/waterlevel_graph?station_type=tele_waterlevel&station_id=2764&start_date=2026-08-31&end_date=2026-09-06,2026-09-11T08:03:47.100925Z,200,application/json; charset=utf-8,14431,5e1c8c6b1d16588576535fd3855a09d472028ac9396c4d9d87adede7e0fcbdbf,825,OK,168,157,157,0,2026-08-31 00:00,2026-09-06 23:00,False,
2770_2026-08-31_2026-09-06_a1,2770,2026-08-31,2026-09-06,https://api-v3.thaiwater.net/api/v1/thaiwater30/public/waterlevel_graph?station_type=tele_waterlevel&station_id=2770&start_date=2026-08-31&end_date=2026-09-06,2026-09-11T08:03:48.299121Z,200,application/json; charset=utf-8,13863,03266c4b36314651c947d56a2741c5f712594b9430925c325b77c98e77e514c4,914,OK,168,161,0,0,2026-08-31 00:00,2026-09-06 23:00,False,
2773_2026-08-31_2026-09-06_a1,2773,2026-08-31,2026-09-06,https://api-v3.thaiwater.net/api/v1/thaiwater30/public/waterlevel_graph?station_type=tele_waterlevel&station_id=2773&start_date=2026-08-31&end_date=2026-09-06,2026-09-11T08:03:49.682965Z,200,application/json; charset=utf-8,14192,c0249c24283d97ddf562ea7e6bc2384d618616040b74c3c7083988ea2f32505d,718,OK,168,157,157,0,2026-08-31 00:00,2026-09-06 23:00,False,
2777_2026-08-31_2026-09-06_a1,2777,2026-08-31,2026-09-06,https://api-v3.thaiwater.net/api/v1/thaiwater30/public/waterlevel_graph?station_type=tele_waterlevel&station_id=2777&start_date=2026-08-31&end_date=2026-09-06,2026-09-11T08:03:50.921098Z,200,application/json; charset=utf-8,13944,a9b8c7f9ee9f460536931000aeb6f9625f6f6c0a293b3baa0cbd4251dfeb3b0d,813,OK,168,161,0,0,2026-08-31 00:00,2026-09-06 23:00,False,
2780_2026-08-31_2026-09-06_a1,2780,2026-08-31,2026-09-06,https://api-v3.thaiwater.net/api/v1/thaiwater30/public/waterlevel_graph?station_type=tele_waterlevel&station_id=2780&start_date=2026-08-31&end_date=2026-09-06,2026-09-11T08:03:52.311766Z,200,application/json; charset=utf-8,13679,08307604ee7a06bb10550ad922a44949cff01130bc855764f1379ef23322830d,1106,OK,168,123,123,0,2026-08-31 00:00,2026-09-06 23:00,False,
2781_2026-08-31_2026-09-06_a1,2781,2026-08-31,2026-09-06,https://api-v3.thaiwater.net/api/v1/thaiwater30/public/waterlevel_graph?station_type=tele_waterlevel&station_id=2781&start_date=2026-08-31&end_date=2026-09-06,2026-09-11T08:03:53.694699Z,200,application/json; charset=utf-8,14375,cbf94b66c9266c94deed6deb23cd40816def3e00f5422cdbd1d1b3a06b3f9b73,736,OK,168,161,0,0,2026-08-31 00:00,2026-09-06 23:00,False,
2782_2026-08-31_2026-09-06_a1,2782,2026-08-31,2026-09-06,https://api-v3.thaiwater.net/api/v1/thaiwater30/public/waterlevel_graph?station_type=tele_waterlevel&station_id=2782&start_date=2026-08-31&end_date=2026-09-06,2026-09-11T08:03:54.928630Z,200,application/json; charset=utf-8,14611,31c6a349d98b4e49ec1b5db926045e83cea09766033b62d91639751fad0f5fd3,1290,OK,168,160,160,0,2026-08-31 00:00,2026-09-06 23:00,False,
2795_2026-08-31_2026-09-06_a1,2795,2026-08-31,2026-09-06,https://api-v3.thaiwater.net/api/v1/thaiwater30/public/waterlevel_graph?station_type=tele_waterlevel&station_id=2795&start_date=2026-08-31&end_date=2026-09-06,2026-09-11T08:03:56.294707Z,200,application/json; charset=utf-8,13708,1db3d0d30d9c7e28bd81e9d88b1c0cd7fe2b404d2299a24cc950c103190d60f2,1165,OK,168,161,161,0,2026-08-31 00:00,2026-09-06 23:00,False,
2797_2026-08-31_2026-09-06_a1,2797,2026-08-31,2026-09-06,https://api-v3.thaiwater.net/api/v1/thaiwater30/public/waterlevel_graph?station_type=tele_waterlevel&station_id=2797&start_date=2026-08-31&end_date=2026-09-06,2026-09-11T08:03:57.640744Z,200,application/json; charset=utf-8,14463,ec855191bb95e2fad79e4c10f2e87e2a1dd89c14fbb6d1d302e136738a1ba26e,1102,OK,168,160,160,0,2026-08-31 00:00,2026-09-06 23:00,False,
2799_2026-08-31_2026-09-06_a1,2799,2026-08-31,2026-09-06,https://api-v3.thaiwater.net/api/v1/thaiwater30/public/waterlevel_graph?station_type=tele_waterlevel&station_id=2799&start_date=2026-08-31&end_date=2026-09-06,2026-09-11T08:03:58.803016Z,200,application/json; charset=utf-8,15626,f12d5dfb8606540db63e009f41996a7a7362ffbe1ca6646ffbdd9d5969c00bcc,1715,OK,168,161,161,0,2026-08-31 00:00,2026-09-06 23:00,False,
2808_2026-08-31_2026-09-06_a1,2808,2026-08-31,2026-09-06,https://api-v3.thaiwater.net/api/v1/thaiwater30/public/waterlevel_graph?station_type=tele_waterlevel&station_id=2808&start_date=2026-08-31&end_date=2026-09-06,2026-09-11T08:04:00.168978Z,200,application/json; charset=utf-8,13733,95ac01e663c52a54a8960bfff0c37aeb0520b422f9b351fe3722c819b31dea6c,1125,OK,168,160,160,0,2026-08-31 00:00,2026-09-06 23:00,False,
2809_2026-08-31_2026-09-06_a1,2809,2026-08-31,2026-09-06,https://api-v3.thaiwater.net/api/v1/thaiwater30/public/waterlevel_graph?station_type=tele_waterlevel&station_id=2809&start_date=2026-08-31&end_date=2026-09-06,2026-09-11T08:04:01.313618Z,200,application/json; charset=utf-8,13688,1654aaa877516973243af17f5826d6c1f745f2f8aef031098ee696f8550fa8de,991,OK,168,160,160,0,2026-08-31 00:00,2026-09-06 23:00,False,
2811_2026-08-31_2026-09-06_a1,2811,2026-08-31,2026-09-06,https://api-v3.thaiwater.net/api/v1/thaiwater30/public/waterlevel_graph?station_type=tele_waterlevel&station_id=2811&start_date=2026-08-31&end_date=2026-09-06,2026-09-11T08:04:02.686414Z,200,application/json; charset=utf-8,14212,e3dcb8461f83fe62a420c22370cde7ffd84307e3d96a083b28606056456cbda3,802,OK,168,161,0,0,2026-08-31 00:00,2026-09-06 23:00,False,
2814_2026-08-31_2026-09-06_a1,2814,2026-08-31,2026-09-06,https://api-v3.thaiwater.net/api/v1/thaiwater30/public/waterlevel_graph?station_type=tele_waterlevel&station_id=2814&start_date=2026-08-31&end_date=2026-09-06,2026-09-11T08:04:04.175612Z,200,application/json; charset=utf-8,13943,e2319c77e570495a84562dbccbe942d2f4eaabf0c19cd1fbb76e698201e4e4d1,1108,OK,168,157,157,0,2026-08-31 00:00,2026-09-06 23:00,False,
2820_2026-08-31_2026-09-06_a1,2820,2026-08-31,2026-09-06,https://api-v3.thaiwater.net/api/v1/thaiwater30/public/waterlevel_graph?station_type=tele_waterlevel&station_id=2820&start_date=2026-08-31&end_date=2026-09-06,2026-09-11T08:04:05.465565Z,200,application/json; charset=utf-8,15291,85a5adccb0e51b83381c9e5bb4ac10d6dee71ecf15a19950b0cb79692b3f4120,1428,OK,168,157,157,0,2026-08-31 00:00,2026-09-06 23:00,False,
2821_2026-08-31_2026-09-06_a1,2821,2026-08-31,2026-09-06,https://api-v3.thaiwater.net/api/v1/thaiwater30/public/waterlevel_graph?station_type=tele_waterlevel&station_id=2821&start_date=2026-08-31&end_date=2026-09-06,2026-09-11T08:04:06.835465Z,200,application/json; charset=utf-8,13754,bde071f72dbf4d790ec6185ff965c20c89226b98a93f4be686844029a1cff6a7,1405,OK,168,161,161,0,2026-08-31 00:00,2026-09-06 23:00,False,
2828_2026-08-31_2026-09-06_a1,2828,2026-08-31,2026-09-06,https://api-v3.thaiwater.net/api/v1/thaiwater30/public/waterlevel_graph?station_type=tele_waterlevel&station_id=2828&start_date=2026-08-31&end_date=2026-09-06,2026-09-11T08:04:08.121603Z,200,application/json; charset=utf-8,13720,03c465f4eb2df88b562d95d19ca5aceca0b24a114afdcb212fa29637c3268283,1342,OK,168,160,160,0,2026-08-31 00:00,2026-09-06 23:00,False,
2830_2026-08-31_2026-09-06_a1,2830,2026-08-31,2026-09-06,https://api-v3.thaiwater.net/api/v1/thaiwater30/public/waterlevel_graph?station_type=tele_waterlevel&station_id=2830&start_date=2026-08-31&end_date=2026-09-06,2026-09-11T08:04:09.412878Z,200,application/json; charset=utf-8,14287,53d029bae0774d0d5e8f5ad74b0872cf8e8e8ea0e0b3065a80d5a5aecd1cbfe2,872,OK,168,161,0,0,2026-08-31 00:00,2026-09-06 23:00,False,
2832_2026-08-31_2026-09-06_a1,2832,2026-08-31,2026-09-06,https://api-v3.thaiwater.net/api/v1/thaiwater30/public/waterlevel_graph?station_type=tele_waterlevel&station_id=2832&start_date=2026-08-31&end_date=2026-09-06,2026-09-11T08:04:10.540696Z,200,application/json; charset=utf-8,13707,a96db82b1834004781633639af7833ae3df7e85a8003e233b16dce216a5c46bf,922,OK,168,161,161,0,2026-08-31 00:00,2026-09-06 23:00,False,
2836_2026-08-31_2026-09-06_a1,2836,2026-08-31,2026-09-06,https://api-v3.thaiwater.net/api/v1/thaiwater30/public/waterlevel_graph?station_type=tele_waterlevel&station_id=2836&start_date=2026-08-31&end_date=2026-09-06,2026-09-11T08:04:11.806293Z,200,application/json; charset=utf-8,14591,c6a9e6b1b07a35b698f9ca54ad0866bf05dea6fb9911c3a6c72efb5e3860aa9e,1029,OK,168,160,160,0,2026-08-31 00:00,2026-09-06 23:00,False,
2845_2026-08-31_2026-09-06_a1,2845,2026-08-31,2026-09-06,https://api-v3.thaiwater.net/api/v1/thaiwater30/public/waterlevel_graph?station_type=tele_waterlevel&station_id=2845&start_date=2026-08-31&end_date=2026-09-06,2026-09-11T08:04:13.076585Z,200,application/json; charset=utf-8,14943,75eaa12d019dad53eccae12d3f7e1af1aad70dc3aba51cafac538520aa1bb011,1385,OK,168,160,160,0,2026-08-31 00:00,2026-09-06 23:00,False,
2847_2026-08-31_2026-09-06_a1,2847,2026-08-31,2026-09-06,https://api-v3.thaiwater.net/api/v1/thaiwater30/public/waterlevel_graph?station_type=tele_waterlevel&station_id=2847&start_date=2026-08-31&end_date=2026-09-06,2026-09-11T08:04:14.385268Z,200,application/json; charset=utf-8,15695,516cbbf53fc92eb14dc9ea5c4bce21fe7fc00f1182904a4cfe2edafef2582a33,1034,OK,168,161,161,0,2026-08-31 00:00,2026-09-06 23:00,False,
2851_2026-08-31_2026-09-06_a1,2851,2026-08-31,2026-09-06,https://api-v3.thaiwater.net/api/v1/thaiwater30/public/waterlevel_graph?station_type=tele_waterlevel&station_id=2851&start_date=2026-08-31&end_date=2026-09-06,2026-09-11T08:04:15.704085Z,200,application/json; charset=utf-8,14411,1866ec3d69f4abf38456d78492a612672c1b36cfbae2ebafd37f27fda31c4819,1061,OK,168,161,0,0,2026-08-31 00:00,2026-09-06 23:00,False,
2852_2026-08-31_2026-09-06_a1,2852,2026-08-31,2026-09-06,https://api-v3.thaiwater.net/api/v1/thaiwater30/public/waterlevel_graph?station_type=tele_waterlevel&station_id=2852&start_date=2026-08-31&end_date=2026-09-06,2026-09-11T08:04:16.806697Z,200,application/json; charset=utf-8,14727,63911f45773f99c16c87d13bdd953417ff3feba6dbcb29aa8156f0ccbe3341b0,1052,OK,168,160,160,0,2026-08-31 00:00,2026-09-06 23:00,False,
2855_2026-08-31_2026-09-06_a1,2855,2026-08-31,2026-09-06,https://api-v3.thaiwater.net/api/v1/thaiwater30/public/waterlevel_graph?station_type=tele_waterlevel&station_id=2855&start_date=2026-08-31&end_date=2026-09-06,2026-09-11T08:04:18.072970Z,200,application/json; charset=utf-8,13575,caf096063f70bf1b976992480a34e874dca825570457d1917a60948c72a62c94,667,OK,168,159,159,0,2026-08-31 00:00,2026-09-06 23:00,False,
2857_2026-08-31_2026-09-06_a1,2857,2026-08-31,2026-09-06,https://api-v3.thaiwater.net/api/v1/thaiwater30/public/waterlevel_graph?station_type=tele_waterlevel&station_id=2857&start_date=2026-08-31&end_date=2026-09-06,2026-09-11T08:04:19.211510Z,200,application/json; charset=utf-8,14909,0dc4695d6d852a288872baf97af98da20aa08919bc861603a5ae703938e9c5ed,1435,OK,168,160,160,0,2026-08-31 00:00,2026-09-06 23:00,False,
2860_2026-08-31_2026-09-06_a1,2860,2026-08-31,2026-09-06,https://api-v3.thaiwater.net/api/v1/thaiwater30/public/waterlevel_graph?station_type=tele_waterlevel&station_id=2860&start_date=2026-08-31&end_date=2026-09-06,2026-09-11T08:04:20.447482Z,200,application/json; charset=utf-8,14298,a2936897d0d3c45081b590ff6cd65062d5d9d9b84ff4f8a691bfaa816004d7f2,741,OK,168,161,161,0,2026-08-31 00:00,2026-09-06 23:00,False,
2863_2026-08-31_2026-09-06_a1,2863,2026-08-31,2026-09-06,https://api-v3.thaiwater.net/api/v1/thaiwater30/public/waterlevel_graph?station_type=tele_waterlevel&station_id=2863&start_date=2026-08-31&end_date=2026-09-06,2026-09-11T08:04:21.767631Z,200,application/json; charset=utf-8,14271,4a915e4fe5b1869e8dc050b778b0278b737953f6611a25a0399d08921b7e3c41,1119,OK,168,160,160,0,2026-08-31 00:00,2026-09-06 23:00,False,
2867_2026-08-31_2026-09-06_a1,2867,2026-08-31,2026-09-06,https://api-v3.thaiwater.net/api/v1/thaiwater30/public/waterlevel_graph?station_type=tele_waterlevel&station_id=2867&start_date=2026-08-31&end_date=2026-09-06,2026-09-11T08:04:22.932788Z,200,application/json; charset=utf-8,15207,02ec21b476b7a4f1360c2dc82d972abd64b49e61d1580049e003eb2a42debc0c,1652,OK,168,159,159,0,2026-08-31 00:00,2026-09-06 23:00,False,
2869_2026-08-31_2026-09-06_a1,2869,2026-08-31,2026-09-06,https://api-v3.thaiwater.net/api/v1/thaiwater30/public/waterlevel_graph?station_type=tele_waterlevel&station_id=2869&start_date=2026-08-31&end_date=2026-09-06,2026-09-11T08:04:24.295967Z,200,application/json; charset=utf-8,14440,507e513f26b0cd660184e9ba3e052db396b14b976f6bf1d1e0b6c9be4ecf0eee,1054,OK,168,161,161,0,2026-08-31 00:00,2026-09-06 23:00,False,
2872_2026-08-31_2026-09-06_a1,2872,2026-08-31,2026-09-06,https://api-v3.thaiwater.net/api/v1/thaiwater30/public/waterlevel_graph?station_type=tele_waterlevel&station_id=2872&start_date=2026-08-31&end_date=2026-09-06,2026-09-11T08:04:25.707392Z,200,application/json; charset=utf-8,15246,dff7bda1b87c4cd2161d4d346d50606a06b99d14f7230cbac00ddd87231d6a63,999,OK,168,160,160,0,2026-08-31 00:00,2026-09-06 23:00,False,
2874_2026-08-31_2026-09-06_a1,2874,2026-08-31,2026-09-06,https://api-v3.thaiwater.net/api/v1/thaiwater30/public/waterlevel_graph?station_type=tele_waterlevel&station_id=2874&start_date=2026-08-31&end_date=2026-09-06,2026-09-11T08:04:27.014213Z,200,application/json; charset=utf-8,14369,85d7b33d42f5800f53ac9b459ce19304e87873cbc7a27fc3c373e62a5eca4c37,1155,OK,168,160,160,0,2026-08-31 00:00,2026-09-06 23:00,False,
2875_2026-08-31_2026-09-06_a1,2875,2026-08-31,2026-09-06,https://api-v3.thaiwater.net/api/v1/thaiwater30/public/waterlevel_graph?station_type=tele_waterlevel&station_id=2875&start_date=2026-08-31&end_date=2026-09-06,2026-09-11T08:04:28.283529Z,200,application/json; charset=utf-8,14448,a38925d78f9de22ccecd91b2a9f1d093b3b680c35ecb4616ee56894a6696bea2,1208,OK,168,160,160,0,2026-08-31 00:00,2026-09-06 23:00,False,
2881_2026-08-31_2026-09-06_a1,2881,2026-08-31,2026-09-06,https://api-v3.thaiwater.net/api/v1/thaiwater30/public/waterlevel_graph?station_type=tele_waterlevel&station_id=2881&start_date=2026-08-31&end_date=2026-09-06,2026-09-11T08:04:29.380088Z,200,application/json; charset=utf-8,14188,6e2e36d4e7a55b9059d0806b077d43a54bbc6d43626fb687435770ea47ca455d,1187,OK,168,161,161,0,2026-08-31 00:00,2026-09-06 23:00,False,
2888_2026-08-31_2026-09-06_a1,2888,2026-08-31,2026-09-06,https://api-v3.thaiwater.net/api/v1/thaiwater30/public/waterlevel_graph?station_type=tele_waterlevel&station_id=2888&start_date=2026-08-31&end_date=2026-09-06,2026-09-11T08:04:30.573734Z,200,application/json; charset=utf-8,14973,e5e9c0df6ea342a922e160db52f6bf736da68aebd4f4502eb638ebe33844ef45,1230,OK,168,154,154,0,2026-08-31 00:00,2026-09-06 23:00,False,
2895_2026-08-31_2026-09-06_a1,2895,2026-08-31,2026-09-06,https://api-v3.thaiwater.net/api/v1/thaiwater30/public/waterlevel_graph?station_type=tele_waterlevel&station_id=2895&start_date=2026-08-31&end_date=2026-09-06,2026-09-11T08:04:31.803138Z,200,application/json; charset=utf-8,14517,044fcee64aa03efe77e7304cb1dd09e5c8a630ff3f0bbfc8490e4fb95acfe464,1218,OK,168,161,161,0,2026-08-31 00:00,2026-09-06 23:00,False,
2900_2026-08-31_2026-09-06_a1,2900,2026-08-31,2026-09-06,https://api-v3.thaiwater.net/api/v1/thaiwater30/public/waterlevel_graph?station_type=tele_waterlevel&station_id=2900&start_date=2026-08-31&end_date=2026-09-06,2026-09-11T08:04:33.218416Z,200,application/json; charset=utf-8,15329,1c5a65ecd537eca4d27ca4432367693edd263d768b9ae86d89543bf5dbe6b542,1133,OK,168,161,156,0,2026-08-31 00:00,2026-09-06 23:00,False,
2905_2026-08-31_2026-09-06_a1,2905,2026-08-31,2026-09-06,https://api-v3.thaiwater.net/api/v1/thaiwater30/public/waterlevel_graph?station_type=tele_waterlevel&station_id=2905&start_date=2026-08-31&end_date=2026-09-06,2026-09-11T08:04:34.572107Z,200,application/json; charset=utf-8,13415,e0dd99fdd337de49c6d529450f96bdf970a6156e9b8e68b8098e05ac50e3a543,691,OK,168,7,7,0,2026-08-31 00:00,2026-09-06 23:00,False,
2906_2026-08-31_2026-09-06_a1,2906,2026-08-31,2026-09-06,https://api-v3.thaiwater.net/api/v1/thaiwater30/public/waterlevel_graph?station_type=tele_waterlevel&station_id=2906&start_date=2026-08-31&end_date=2026-09-06,2026-09-11T08:04:35.881930Z,200,application/json; charset=utf-8,13973,f476045e824a960b5cac86148d71b6eab0294354f8c5571cd585df93ff973ff5,1032,OK,168,161,0,0,2026-08-31 00:00,2026-09-06 23:00,False,
2914_2026-08-31_2026-09-06_a1,2914,2026-08-31,2026-09-06,https://api-v3.thaiwater.net/api/v1/thaiwater30/public/waterlevel_graph?station_type=tele_waterlevel&station_id=2914&start_date=2026-08-31&end_date=2026-09-06,2026-09-11T08:04:37.074012Z,200,application/json; charset=utf-8,14456,d14bc66d6f99f42e2de7980843c07a3be912511e996c390bd1168b79229a6182,888,OK,168,161,161,0,2026-08-31 00:00,2026-09-06 23:00,False,
2915_2026-08-31_2026-09-06_a1,2915,2026-08-31,2026-09-06,https://api-v3.thaiwater.net/api/v1/thaiwater30/public/waterlevel_graph?station_type=tele_waterlevel&station_id=2915&start_date=2026-08-31&end_date=2026-09-06,2026-09-11T08:04:38.318745Z,200,application/json; charset=utf-8,14766,2f1450cae0d74972a6f8b3b6f5c4f468734a87c68c435e7c109b3f73c7305f45,1268,OK,168,161,161,0,2026-08-31 00:00,2026-09-06 23:00,False,
2918_2026-08-31_2026-09-06_a1,2918,2026-08-31,2026-09-06,https://api-v3.thaiwater.net/api/v1/thaiwater30/public/waterlevel_graph?station_type=tele_waterlevel&station_id=2918&start_date=2026-08-31&end_date=2026-09-06,2026-09-11T08:04:39.815239Z,200,application/json; charset=utf-8,13564,93b10e1d820cae61f006e9c290837016cd7d73c12523450434ead29765100873,721,OK,168,160,160,0,2026-08-31 00:00,2026-09-06 23:00,False,
2920_2026-08-31_2026-09-06_a1,2920,2026-08-31,2026-09-06,https://api-v3.thaiwater.net/api/v1/thaiwater30/public/waterlevel_graph?station_type=tele_waterlevel&station_id=2920&start_date=2026-08-31&end_date=2026-09-06,2026-09-11T08:04:41.125075Z,200,application/json; charset=utf-8,14274,f0f0be695a63650900b9cf2ee0a44d6746a6c8a4e44c2bc8fea7603c6b2f01f3,852,OK,168,160,160,0,2026-08-31 00:00,2026-09-06 23:00,False,
2924_2026-08-31_2026-09-06_a1,2924,2026-08-31,2026-09-06,https://api-v3.thaiwater.net/api/v1/thaiwater30/public/waterlevel_graph?station_type=tele_waterlevel&station_id=2924&start_date=2026-08-31&end_date=2026-09-06,2026-09-11T08:04:42.331251Z,200,application/json; charset=utf-8,14858,787045aa5176d9aa752fa6aff5a4d28e85bbc79c7d8bd870b35027099db80908,922,OK,168,160,160,0,2026-08-31 00:00,2026-09-06 23:00,False,
2925_2026-08-31_2026-09-06_a1,2925,2026-08-31,2026-09-06,https://api-v3.thaiwater.net/api/v1/thaiwater30/public/waterlevel_graph?station_type=tele_waterlevel&station_id=2925&start_date=2026-08-31&end_date=2026-09-06,2026-09-11T08:04:43.739824Z,200,application/json; charset=utf-8,13456,4c6d0c31c78eefef5b53f9121c5c5604a04f88d5cefa04fdf5230598baaf26fd,702,OK,168,8,8,0,2026-08-31 00:00,2026-09-06 23:00,False,
2941_2026-08-31_2026-09-06_a1,2941,2026-08-31,2026-09-06,https://api-v3.thaiwater.net/api/v1/thaiwater30/public/waterlevel_graph?station_type=tele_waterlevel&station_id=2941&start_date=2026-08-31&end_date=2026-09-06,2026-09-11T08:04:44.936684Z,200,application/json; charset=utf-8,15302,f54c7862eb2aa56a17e7c9f724a2558d08599e21f77a5f2678a93c06b2bdc48f,1547,OK,168,161,161,0,2026-08-31 00:00,2026-09-06 23:00,False,
2948_2026-08-31_2026-09-06_a1,2948,2026-08-31,2026-09-06,https://api-v3.thaiwater.net/api/v1/thaiwater30/public/waterlevel_graph?station_type=tele_waterlevel&station_id=2948&start_date=2026-08-31&end_date=2026-09-06,2026-09-11T08:04:46.294934Z,200,application/json; charset=utf-8,13465,adb6c340289de5490ad502a6d392a898e67ce4cad12e9e9b0959bc70a9fa6df7,721,OK,168,7,7,0,2026-08-31 00:00,2026-09-06 23:00,False,
2953_2026-08-31_2026-09-06_a1,2953,2026-08-31,2026-09-06,https://api-v3.thaiwater.net/api/v1/thaiwater30/public/waterlevel_graph?station_type=tele_waterlevel&station_id=2953&start_date=2026-08-31&end_date=2026-09-06,2026-09-11T08:04:47.401342Z,200,application/json; charset=utf-8,14387,0b8f920deb13f4212727e0e9c2764989e2dd0f7af8e8dde936850f9d4ac06d1f,1252,OK,168,161,161,0,2026-08-31 00:00,2026-09-06 23:00,False,
2957_2026-08-31_2026-09-06_a1,2957,2026-08-31,2026-09-06,https://api-v3.thaiwater.net/api/v1/thaiwater30/public/waterlevel_graph?station_type=tele_waterlevel&station_id=2957&start_date=2026-08-31&end_date=2026-09-06,2026-09-11T08:04:48.574822Z,200,application/json; charset=utf-8,13455,b179f4524ceee13d9babc43ca4c40acddcf158a13b85b2a027afa33b808f02d1,712,OK,168,8,8,0,2026-08-31 00:00,2026-09-06 23:00,False,
2963_2026-08-31_2026-09-06_a1,2963,2026-08-31,2026-09-06,https://api-v3.thaiwater.net/api/v1/thaiwater30/public/waterlevel_graph?station_type=tele_waterlevel&station_id=2963&start_date=2026-08-31&end_date=2026-09-06,2026-09-11T08:04:49.772567Z,200,application/json; charset=utf-8,14459,3583d2dcfff4c1486e402558fbde244f33bd48a8f7e95211117a331c2e1924ae,1316,OK,168,161,161,0,2026-08-31 00:00,2026-09-06 23:00,False,
2964_2026-08-31_2026-09-06_a1,2964,2026-08-31,2026-09-06,https://api-v3.thaiwater.net/api/v1/thaiwater30/public/waterlevel_graph?station_type=tele_waterlevel&station_id=2964&start_date=2026-08-31&end_date=2026-09-06,2026-09-11T08:04:51.086998Z,200,application/json; charset=utf-8,14669,8adac0fca9cee885f494212115533a90ea7be9de592e94dbdf33adf0d906adc9,1060,OK,168,160,160,0,2026-08-31 00:00,2026-09-06 23:00,False,
2972_2026-08-31_2026-09-06_a1,2972,2026-08-31,2026-09-06,https://api-v3.thaiwater.net/api/v1/thaiwater30/public/waterlevel_graph?station_type=tele_waterlevel&station_id=2972&start_date=2026-08-31&end_date=2026-09-06,2026-09-11T08:04:52.399499Z,200,application/json; charset=utf-8,13580,ef212ec745492a9c0c95dbf8b51af5fff272ccfeaf811aa9ea6d780cd29d17b2,845,OK,168,161,0,0,2026-08-31 00:00,2026-09-06 23:00,False,
2975_2026-08-31_2026-09-06_a1,2975,2026-08-31,2026-09-06,https://api-v3.thaiwater.net/api/v1/thaiwater30/public/waterlevel_graph?station_type=tele_waterlevel&station_id=2975&start_date=2026-08-31&end_date=2026-09-06,2026-09-11T08:04:53.674781Z,200,application/json; charset=utf-8,14095,f9ceb3da93de8ba37aa59168db19413709d8b535697e89c332964bf679ddb6f4,1265,OK,168,160,160,0,2026-08-31 00:00,2026-09-06 23:00,False,
2976_2026-08-31_2026-09-06_a1,2976,2026-08-31,2026-09-06,https://api-v3.thaiwater.net/api/v1/thaiwater30/public/waterlevel_graph?station_type=tele_waterlevel&station_id=2976&start_date=2026-08-31&end_date=2026-09-06,2026-09-11T08:04:55.020580Z,200,application/json; charset=utf-8,14870,a663032ff17ab39964b0037d593e2ad82f41bba02c8273c01598212b657c425a,966,OK,168,160,160,0,2026-08-31 00:00,2026-09-06 23:00,False,
2985_2026-08-31_2026-09-06_a1,2985,2026-08-31,2026-09-06,https://api-v3.thaiwater.net/api/v1/thaiwater30/public/waterlevel_graph?station_type=tele_waterlevel&station_id=2985&start_date=2026-08-31&end_date=2026-09-06,2026-09-11T08:04:56.260472Z,200,application/json; charset=utf-8,15077,7fad5fd34b2ea473dbd1ecfff9636129230d07bd0ec4598daf5294ed63d91d88,1388,OK,168,161,161,0,2026-08-31 00:00,2026-09-06 23:00,False,
2986_2026-08-31_2026-09-06_a1,2986,2026-08-31,2026-09-06,https://api-v3.thaiwater.net/api/v1/thaiwater30/public/waterlevel_graph?station_type=tele_waterlevel&station_id=2986&start_date=2026-08-31&end_date=2026-09-06,2026-09-11T08:04:57.646327Z,200,application/json; charset=utf-8,15107,53bd377ca5882ce1880db0a2840f2fd55b157f156052cb3dad47d7691a241520,1521,OK,168,161,161,0,2026-08-31 00:00,2026-09-06 23:00,False,
2993_2026-08-31_2026-09-06_a1,2993,2026-08-31,2026-09-06,https://api-v3.thaiwater.net/api/v1/thaiwater30/public/waterlevel_graph?station_type=tele_waterlevel&station_id=2993&start_date=2026-08-31&end_date=2026-09-06,2026-09-11T08:04:58.898175Z,200,application/json; charset=utf-8,14402,460bd2f3883655f20b33cac4617b3caee4a6f029c45215797f48a1dc2c7e184a,1220,OK,168,161,161,0,2026-08-31 00:00,2026-09-06 23:00,False,
3000_2026-08-31_2026-09-06_a1,3000,2026-08-31,2026-09-06,https://api-v3.thaiwater.net/api/v1/thaiwater30/public/waterlevel_graph?station_type=tele_waterlevel&station_id=3000&start_date=2026-08-31&end_date=2026-09-06,2026-09-11T08:05:00.272555Z,200,application/json; charset=utf-8,13546,45689412e9a0653361839bf2d71a3e082e65d6155ef32dacbc718c7369d26df5,1002,OK,168,160,160,0,2026-08-31 00:00,2026-09-06 23:00,False,
3002_2026-08-31_2026-09-06_a1,3002,2026-08-31,2026-09-06,https://api-v3.thaiwater.net/api/v1/thaiwater30/public/waterlevel_graph?station_type=tele_waterlevel&station_id=3002&start_date=2026-08-31&end_date=2026-09-06,2026-09-11T08:05:01.454702Z,200,application/json; charset=utf-8,14448,00280f05bfc480a3809dc8b3228b1e654c92600ed34d786d0dcc58801ea1c649,1013,OK,168,160,160,0,2026-08-31 00:00,2026-09-06 23:00,False,
3003_2026-08-31_2026-09-06_a1,3003,2026-08-31,2026-09-06,https://api-v3.thaiwater.net/api/v1/thaiwater30/public/waterlevel_graph?station_type=tele_waterlevel&station_id=3003&start_date=2026-08-31&end_date=2026-09-06,2026-09-11T08:05:02.985786Z,200,application/json; charset=utf-8,15584,06fdac93ae10599a9b5a3652b8974da36e16280ad98859c6c60bd7330ce5a567,1406,OK,168,161,161,0,2026-08-31 00:00,2026-09-06 23:00,False,
3014_2026-08-31_2026-09-06_a1,3014,2026-08-31,2026-09-06,https://api-v3.thaiwater.net/api/v1/thaiwater30/public/waterlevel_graph?station_type=tele_waterlevel&station_id=3014&start_date=2026-08-31&end_date=2026-09-06,2026-09-11T08:05:04.470947Z,200,application/json; charset=utf-8,14720,7bc35ee9c9b65403ce1bfaf0862e80cf954569c860cdae6985b8d4930056b7cd,1067,OK,168,160,160,0,2026-08-31 00:00,2026-09-06 23:00,False,
3017_2026-08-31_2026-09-06_a1,3017,2026-08-31,2026-09-06,https://api-v3.thaiwater.net/api/v1/thaiwater30/public/waterlevel_graph?station_type=tele_waterlevel&station_id=3017&start_date=2026-08-31&end_date=2026-09-06,2026-09-11T08:05:05.887208Z,200,application/json; charset=utf-8,14319,ca5bea60e88e73c20a145ab8337bc3214515e08e7d1916316b3d0c90719b8edd,1581,OK,168,161,161,0,2026-08-31 00:00,2026-09-06 23:00,False,
3018_2026-08-31_2026-09-06_a1,3018,2026-08-31,2026-09-06,https://api-v3.thaiwater.net/api/v1/thaiwater30/public/waterlevel_graph?station_type=tele_waterlevel&station_id=3018&start_date=2026-08-31&end_date=2026-09-06,2026-09-11T08:05:07.076347Z,200,application/json; charset=utf-8,14205,be9d0754f6e45e39a658516f74c3217c07c4c50d09ce257bc90af76ff7aef7ac,1043,OK,168,161,161,0,2026-08-31 00:00,2026-09-06 23:00,False,
3025_2026-08-31_2026-09-06_a1,3025,2026-08-31,2026-09-06,https://api-v3.thaiwater.net/api/v1/thaiwater30/public/waterlevel_graph?station_type=tele_waterlevel&station_id=3025&start_date=2026-08-31&end_date=2026-09-06,2026-09-11T08:05:08.404599Z,200,application/json; charset=utf-8,14280,670e7f26f530e7a180e75d54d151973c01b5caf962b405a291e1d0ea9de118a9,1647,OK,168,161,161,0,2026-08-31 00:00,2026-09-06 23:00,False,
3029_2026-08-31_2026-09-06_a1,3029,2026-08-31,2026-09-06,https://api-v3.thaiwater.net/api/v1/thaiwater30/public/waterlevel_graph?station_type=tele_waterlevel&station_id=3029&start_date=2026-08-31&end_date=2026-09-06,2026-09-11T08:05:09.908045Z,200,application/json; charset=utf-8,15156,7c5910aed4ad5098d689e44b7aa0310f81bee5eb987914252345a6311899b738,1488,OK,168,161,161,0,2026-08-31 00:00,2026-09-06 23:00,False,
3032_2026-08-31_2026-09-06_a1,3032,2026-08-31,2026-09-06,https://api-v3.thaiwater.net/api/v1/thaiwater30/public/waterlevel_graph?station_type=tele_waterlevel&station_id=3032&start_date=2026-08-31&end_date=2026-09-06,2026-09-11T08:05:11.353662Z,200,application/json; charset=utf-8,14267,ad8b05164bfd332a674ffddc5a9548ec62fa20675a2024d52feb0518df109d15,955,OK,168,160,159,0,2026-08-31 00:00,2026-09-06 23:00,False,
3041_2026-08-31_2026-09-06_a1,3041,2026-08-31,2026-09-06,https://api-v3.thaiwater.net/api/v1/thaiwater30/public/waterlevel_graph?station_type=tele_waterlevel&station_id=3041&start_date=2026-08-31&end_date=2026-09-06,2026-09-11T08:05:12.848081Z,200,application/json; charset=utf-8,14207,be2b7703c4d43416c72206b6da5c49e2b9c7dee9e44f3acc6ff68a337b2da079,1315,OK,168,161,161,0,2026-08-31 00:00,2026-09-06 23:00,False,
3044_2026-08-31_2026-09-06_a1,3044,2026-08-31,2026-09-06,https://api-v3.thaiwater.net/api/v1/thaiwater30/public/waterlevel_graph?station_type=tele_waterlevel&station_id=3044&start_date=2026-08-31&end_date=2026-09-06,2026-09-11T08:05:14.092863Z,200,application/json; charset=utf-8,14795,525a4255752d4db6a5000a571873273ba72a8f2a45df0a3cf5bd7047bf81b8d5,1143,OK,168,160,160,0,2026-08-31 00:00,2026-09-06 23:00,False,
3047_2026-08-31_2026-09-06_a1,3047,2026-08-31,2026-09-06,https://api-v3.thaiwater.net/api/v1/thaiwater30/public/waterlevel_graph?station_type=tele_waterlevel&station_id=3047&start_date=2026-08-31&end_date=2026-09-06,2026-09-11T08:05:15.469802Z,200,application/json; charset=utf-8,14818,bb92a8b4104082f99b55c976f0fcc6b042b8545b42c89892f2f124f7ae266843,1091,OK,168,161,161,0,2026-08-31 00:00,2026-09-06 23:00,False,
3049_2026-08-31_2026-09-06_a1,3049,2026-08-31,2026-09-06,https://api-v3.thaiwater.net/api/v1/thaiwater30/public/waterlevel_graph?station_type=tele_waterlevel&station_id=3049&start_date=2026-08-31&end_date=2026-09-06,2026-09-11T08:05:16.772316Z,200,application/json; charset=utf-8,14459,873a26b6cab539a1bd250bd7470f26f52019f27b2897c4c7e5dd37b7a46cf6ed,904,OK,168,161,161,0,2026-08-31 00:00,2026-09-06 23:00,False,
3059_2026-08-31_2026-09-06_a1,3059,2026-08-31,2026-09-06,https://api-v3.thaiwater.net/api/v1/thaiwater30/public/waterlevel_graph?station_type=tele_waterlevel&station_id=3059&start_date=2026-08-31&end_date=2026-09-06,2026-09-11T08:05:18.148317Z,200,application/json; charset=utf-8,15432,78a42313556d27c7384a26eecc1030d68a2702a5119a86d99b0f17f92a421c94,1094,OK,168,161,161,0,2026-08-31 00:00,2026-09-06 23:00,False,
3065_2026-08-31_2026-09-06_a1,3065,2026-08-31,2026-09-06,https://api-v3.thaiwater.net/api/v1/thaiwater30/public/waterlevel_graph?station_type=tele_waterlevel&station_id=3065&start_date=2026-08-31&end_date=2026-09-06,2026-09-11T08:05:19.549293Z,200,application/json; charset=utf-8,14278,0388223187c6f0635420cbf954e17d92f4e4ff191741065eedfaf7aae76df02c,1293,OK,168,161,161,0,2026-08-31 00:00,2026-09-06 23:00,False,
3076_2026-08-31_2026-09-06_a1,3076,2026-08-31,2026-09-06,https://api-v3.thaiwater.net/api/v1/thaiwater30/public/waterlevel_graph?station_type=tele_waterlevel&station_id=3076&start_date=2026-08-31&end_date=2026-09-06,2026-09-11T08:05:20.809614Z,200,application/json; charset=utf-8,14187,66ee02093958ace8e60b1c9ce39b35235046a13e792a33f14275a9baeceb2630,993,OK,168,160,160,0,2026-08-31 00:00,2026-09-06 23:00,False,
3082_2026-08-31_2026-09-06_a1,3082,2026-08-31,2026-09-06,https://api-v3.thaiwater.net/api/v1/thaiwater30/public/waterlevel_graph?station_type=tele_waterlevel&station_id=3082&start_date=2026-08-31&end_date=2026-09-06,2026-09-11T08:05:21.990623Z,200,application/json; charset=utf-8,15116,7c7376fe30ffaddb08c65374e02291b28c475b1bb9cdd3812889366e64cda16f,1263,OK,168,160,160,0,2026-08-31 00:00,2026-09-06 23:00,False,
3085_2026-08-31_2026-09-06_a1,3085,2026-08-31,2026-09-06,https://api-v3.thaiwater.net/api/v1/thaiwater30/public/waterlevel_graph?station_type=tele_waterlevel&station_id=3085&start_date=2026-08-31&end_date=2026-09-06,2026-09-11T08:05:23.446343Z,200,application/json; charset=utf-8,13719,157c58becf7ef12970f8f5c2d075a7ccabb2c8e6e098c1ad97c22f4500bccce4,1046,OK,168,139,139,0,2026-08-31 00:00,2026-09-06 23:00,False,
3095_2026-08-31_2026-09-06_a1,3095,2026-08-31,2026-09-06,https://api-v3.thaiwater.net/api/v1/thaiwater30/public/waterlevel_graph?station_type=tele_waterlevel&station_id=3095&start_date=2026-08-31&end_date=2026-09-06,2026-09-11T08:05:24.927464Z,200,application/json; charset=utf-8,15155,946647de2291ae77492d06c1e17cbc0d3ec4eeba1613e55063d4d3eadb669b92,1117,OK,168,161,161,0,2026-08-31 00:00,2026-09-06 23:00,False,
3102_2026-08-31_2026-09-06_a1,3102,2026-08-31,2026-09-06,https://api-v3.thaiwater.net/api/v1/thaiwater30/public/waterlevel_graph?station_type=tele_waterlevel&station_id=3102&start_date=2026-08-31&end_date=2026-09-06,2026-09-11T08:05:26.297011Z,200,application/json; charset=utf-8,13843,9cee1dd0e607edc9d2057c3b6769df2fd0a123b06a411de44dbb98b0056b725e,1027,OK,168,161,161,0,2026-08-31 00:00,2026-09-06 23:00,False,
3107_2026-08-31_2026-09-06_a1,3107,2026-08-31,2026-09-06,https://api-v3.thaiwater.net/api/v1/thaiwater30/public/waterlevel_graph?station_type=tele_waterlevel&station_id=3107&start_date=2026-08-31&end_date=2026-09-06,2026-09-11T08:05:27.527661Z,200,application/json; charset=utf-8,14297,4c3cfd226a1272b466d17f2fcf9dea57907215ea4646d7455776d2d28d3e96c2,1659,OK,168,161,161,0,2026-08-31 00:00,2026-09-06 23:00,False,
3112_2026-08-31_2026-09-06_a1,3112,2026-08-31,2026-09-06,https://api-v3.thaiwater.net/api/v1/thaiwater30/public/waterlevel_graph?station_type=tele_waterlevel&station_id=3112&start_date=2026-08-31&end_date=2026-09-06,2026-09-11T08:05:28.692338Z,200,application/json; charset=utf-8,13724,d2ed6b789cc43ee8176dbfa3376f6fd9d36dca2c48de6df29e7d50c9cbe30884,796,OK,168,37,7,0,2026-08-31 00:00,2026-09-06 23:00,False,
3113_2026-08-31_2026-09-06_a1,3113,2026-08-31,2026-09-06,https://api-v3.thaiwater.net/api/v1/thaiwater30/public/waterlevel_graph?station_type=tele_waterlevel&station_id=3113&start_date=2026-08-31&end_date=2026-09-06,2026-09-11T08:05:30.012089Z,200,application/json; charset=utf-8,14842,0445dde9cbb726decf2068fe15ce4487202dbd30f3cdc53f4665120191d98c5d,884,OK,168,161,161,0,2026-08-31 00:00,2026-09-06 23:00,False,
3117_2026-08-31_2026-09-06_a1,3117,2026-08-31,2026-09-06,https://api-v3.thaiwater.net/api/v1/thaiwater30/public/waterlevel_graph?station_type=tele_waterlevel&station_id=3117&start_date=2026-08-31&end_date=2026-09-06,2026-09-11T08:05:31.386173Z,200,application/json; charset=utf-8,15197,172a24f46f9e01d375768da655872c94ea947389116e99c69c91a3d950cdfc6c,1577,OK,168,160,160,0,2026-08-31 00:00,2026-09-06 23:00,False,
3122_2026-08-31_2026-09-06_a1,3122,2026-08-31,2026-09-06,https://api-v3.thaiwater.net/api/v1/thaiwater30/public/waterlevel_graph?station_type=tele_waterlevel&station_id=3122&start_date=2026-08-31&end_date=2026-09-06,2026-09-11T08:05:32.767651Z,200,application/json; charset=utf-8,13919,aef27666a4ddea890bac54fe62fe9b0d88b209d8ea936c562571b92147dc94dd,1137,OK,168,160,160,0,2026-08-31 00:00,2026-09-06 23:00,False,
3127_2026-08-31_2026-09-06_a1,3127,2026-08-31,2026-09-06,https://api-v3.thaiwater.net/api/v1/thaiwater30/public/waterlevel_graph?station_type=tele_waterlevel&station_id=3127&start_date=2026-08-31&end_date=2026-09-06,2026-09-11T08:05:34.067625Z,200,application/json; charset=utf-8,15121,9d88cd8c5b3d2e66c527c2d0dbb114ff8c3646d2b5fc275e3cd9f05afdcd6cf6,1363,OK,168,161,161,0,2026-08-31 00:00,2026-09-06 23:00,False,
3134_2026-08-31_2026-09-06_a1,3134,2026-08-31,2026-09-06,https://api-v3.thaiwater.net/api/v1/thaiwater30/public/waterlevel_graph?station_type=tele_waterlevel&station_id=3134&start_date=2026-08-31&end_date=2026-09-06,2026-09-11T08:05:35.432096Z,200,application/json; charset=utf-8,14377,36fd3d789bebc329649d44b4ca2295cde56a6d85e03c16d945d7bfe417710e37,902,OK,168,161,0,0,2026-08-31 00:00,2026-09-06 23:00,False,
3146_2026-08-31_2026-09-06_a1,3146,2026-08-31,2026-09-06,https://api-v3.thaiwater.net/api/v1/thaiwater30/public/waterlevel_graph?station_type=tele_waterlevel&station_id=3146&start_date=2026-08-31&end_date=2026-09-06,2026-09-11T08:05:36.690659Z,200,application/json; charset=utf-8,14202,9d2dceec93236f8459bca4361e04c2e1332a769569ecf8d6c53df0f30ba8a680,1316,OK,168,161,161,0,2026-08-31 00:00,2026-09-06 23:00,False,
3149_2026-08-31_2026-09-06_a1,3149,2026-08-31,2026-09-06,https://api-v3.thaiwater.net/api/v1/thaiwater30/public/waterlevel_graph?station_type=tele_waterlevel&station_id=3149&start_date=2026-08-31&end_date=2026-09-06,2026-09-11T08:05:37.918962Z,200,application/json; charset=utf-8,15029,80a1cfa0d9256947f88cbdf7e45c89f518acd0279e402eefa197a4e7f3c6fd38,1104,OK,168,161,161,0,2026-08-31 00:00,2026-09-06 23:00,False,
3152_2026-08-31_2026-09-06_a1,3152,2026-08-31,2026-09-06,https://api-v3.thaiwater.net/api/v1/thaiwater30/public/waterlevel_graph?station_type=tele_waterlevel&station_id=3152&start_date=2026-08-31&end_date=2026-09-06,2026-09-11T08:05:39.371816Z,200,application/json; charset=utf-8,14744,fadeaf5654e6bb9db72ce8a1b050aea35b162a7cf02c650465b0dfb2a14c603a,956,OK,168,155,155,0,2026-08-31 00:00,2026-09-06 23:00,False,
3154_2026-08-31_2026-09-06_a1,3154,2026-08-31,2026-09-06,https://api-v3.thaiwater.net/api/v1/thaiwater30/public/waterlevel_graph?station_type=tele_waterlevel&station_id=3154&start_date=2026-08-31&end_date=2026-09-06,2026-09-11T08:05:40.847842Z,200,application/json; charset=utf-8,14729,fc478ee1929e453393d97709f218c5aad93dec8d9726d2d34fa6f71b2f187fce,885,OK,168,149,0,0,2026-08-31 00:00,2026-09-06 23:00,False,
3156_2026-08-31_2026-09-06_a1,3156,2026-08-31,2026-09-06,https://api-v3.thaiwater.net/api/v1/thaiwater30/public/waterlevel_graph?station_type=tele_waterlevel&station_id=3156&start_date=2026-08-31&end_date=2026-09-06,2026-09-11T08:05:42.425952Z,200,application/json; charset=utf-8,15012,3f9cf19cd1b96a6f44eb361a74ef1e9187d58b2abaf14fd11103eb166416a641,1296,OK,168,155,155,0,2026-08-31 00:00,2026-09-06 23:00,False,
3157_2026-08-31_2026-09-06_a1,3157,2026-08-31,2026-09-06,https://api-v3.thaiwater.net/api/v1/thaiwater30/public/waterlevel_graph?station_type=tele_waterlevel&station_id=3157&start_date=2026-08-31&end_date=2026-09-06,2026-09-11T08:05:43.995065Z,200,application/json; charset=utf-8,14345,c0b537cf7112950b8bf0bfe842b2f6b9d3ded92be018cffdb2f463b59a812787,882,OK,168,161,161,0,2026-08-31 00:00,2026-09-06 23:00,False,
3163_2026-08-31_2026-09-06_a1,3163,2026-08-31,2026-09-06,https://api-v3.thaiwater.net/api/v1/thaiwater30/public/waterlevel_graph?station_type=tele_waterlevel&station_id=3163&start_date=2026-08-31&end_date=2026-09-06,2026-09-11T08:05:45.376752Z,200,application/json; charset=utf-8,14747,26d61cafdb528e0ea370d964dea4f60d37c6c8dd3287a0dec29d893cb3267131,1195,OK,168,161,161,0,2026-08-31 00:00,2026-09-06 23:00,False,
3164_2026-08-31_2026-09-06_a1,3164,2026-08-31,2026-09-06,https://api-v3.thaiwater.net/api/v1/thaiwater30/public/waterlevel_graph?station_type=tele_waterlevel&station_id=3164&start_date=2026-08-31&end_date=2026-09-06,2026-09-11T08:05:46.720214Z,200,application/json; charset=utf-8,13684,9a6607718edaa67494194674c42cfd66cf9e340260021096d69e2ae7436129f9,990,OK,168,155,0,0,2026-08-31 00:00,2026-09-06 23:00,False,
3168_2026-08-31_2026-09-06_a1,3168,2026-08-31,2026-09-06,https://api-v3.thaiwater.net/api/v1/thaiwater30/public/waterlevel_graph?station_type=tele_waterlevel&station_id=3168&start_date=2026-08-31&end_date=2026-09-06,2026-09-11T08:05:47.986638Z,200,application/json; charset=utf-8,15019,e11ec4446feb8a26b11ffbc44a40dba5bd88facc5d150db10a147b2ec40ed788,1086,OK,168,161,161,0,2026-08-31 00:00,2026-09-06 23:00,False,
3171_2026-08-31_2026-09-06_a1,3171,2026-08-31,2026-09-06,https://api-v3.thaiwater.net/api/v1/thaiwater30/public/waterlevel_graph?station_type=tele_waterlevel&station_id=3171&start_date=2026-08-31&end_date=2026-09-06,2026-09-11T08:05:49.234061Z,200,application/json; charset=utf-8,14750,bbde14f90f8c7a555970c6595173fd6487119f73828145f98b2e80cb05738dd1,1097,OK,168,155,155,0,2026-08-31 00:00,2026-09-06 23:00,False,
3172_2026-08-31_2026-09-06_a1,3172,2026-08-31,2026-09-06,https://api-v3.thaiwater.net/api/v1/thaiwater30/public/waterlevel_graph?station_type=tele_waterlevel&station_id=3172&start_date=2026-08-31&end_date=2026-09-06,2026-09-11T08:05:50.604177Z,200,application/json; charset=utf-8,13626,f1f9b226cd06796a3a570a1b6f13950687b5ff64d026ef03a29c2c403c9012bc,864,OK,168,155,155,0,2026-08-31 00:00,2026-09-06 23:00,False,
3174_2026-08-31_2026-09-06_a1,3174,2026-08-31,2026-09-06,https://api-v3.thaiwater.net/api/v1/thaiwater30/public/waterlevel_graph?station_type=tele_waterlevel&station_id=3174&start_date=2026-08-31&end_date=2026-09-06,2026-09-11T08:05:51.923695Z,200,application/json; charset=utf-8,14309,85a7e2d3933ea967583b7dfecf32d59c9e5c54c4ff7f90c3c5e07ba251e1419f,817,OK,168,161,161,0,2026-08-31 00:00,2026-09-06 23:00,False,
3186_2026-08-31_2026-09-06_a1,3186,2026-08-31,2026-09-06,https://api-v3.thaiwater.net/api/v1/thaiwater30/public/waterlevel_graph?station_type=tele_waterlevel&station_id=3186&start_date=2026-08-31&end_date=2026-09-06,2026-09-11T08:05:53.091482Z,200,application/json; charset=utf-8,15037,d050ca3d9df126577172abb8cfa3c6a17f238a5d03edf30d36d91cae03d73509,1060,OK,168,161,161,0,2026-08-31 00:00,2026-09-06 23:00,False,
3205_2026-08-31_2026-09-06_a1,3205,2026-08-31,2026-09-06,https://api-v3.thaiwater.net/api/v1/thaiwater30/public/waterlevel_graph?station_type=tele_waterlevel&station_id=3205&start_date=2026-08-31&end_date=2026-09-06,2026-09-11T08:05:54.500849Z,200,application/json; charset=utf-8,13959,88815c8294e29c879fee40d2d654b4e64ad345ced085e55f64925faa0b4ae0ca,1361,OK,168,161,161,0,2026-08-31 00:00,2026-09-06 23:00,False,
3212_2026-08-31_2026-09-06_a1,3212,2026-08-31,2026-09-06,https://api-v3.thaiwater.net/api/v1/thaiwater30/public/waterlevel_graph?station_type=tele_waterlevel&station_id=3212&start_date=2026-08-31&end_date=2026-09-06,2026-09-11T08:05:55.868678Z,200,application/json; charset=utf-8,14819,0399230d4aa99e00ba829e51ed8a37a9f7de299d4e2b353281c47c60e8555301,1220,OK,168,160,160,0,2026-08-31 00:00,2026-09-06 23:00,False,
3213_2026-08-31_2026-09-06_a1,3213,2026-08-31,2026-09-06,https://api-v3.thaiwater.net/api/v1/thaiwater30/public/waterlevel_graph?station_type=tele_waterlevel&station_id=3213&start_date=2026-08-31&end_date=2026-09-06,2026-09-11T08:05:57.163330Z,200,application/json; charset=utf-8,13481,a3a1c6221aa50b59ac28bfcc7015fae831271b42634bef17f1e065861d75ce7f,724,OK,168,7,7,0,2026-08-31 00:00,2026-09-06 23:00,False,
3215_2026-08-31_2026-09-06_a1,3215,2026-08-31,2026-09-06,https://api-v3.thaiwater.net/api/v1/thaiwater30/public/waterlevel_graph?station_type=tele_waterlevel&station_id=3215&start_date=2026-08-31&end_date=2026-09-06,2026-09-11T08:05:58.458896Z,200,application/json; charset=utf-8,13697,c0f8f5f393da977d3ad7163a0a07b88e4dbc7495a85dad1b8ee00f1118c42293,1138,OK,168,161,161,0,2026-08-31 00:00,2026-09-06 23:00,False,
3217_2026-08-31_2026-09-06_a1,3217,2026-08-31,2026-09-06,https://api-v3.thaiwater.net/api/v1/thaiwater30/public/waterlevel_graph?station_type=tele_waterlevel&station_id=3217&start_date=2026-08-31&end_date=2026-09-06,2026-09-11T08:05:59.739236Z,200,application/json; charset=utf-8,14489,788aa9f48e03caf1535341c0ee17a4bd2fbbad5552af2a6c09ecfd63d5203d4c,1006,OK,168,160,160,0,2026-08-31 00:00,2026-09-06 23:00,False,
3219_2026-08-31_2026-09-06_a1,3219,2026-08-31,2026-09-06,https://api-v3.thaiwater.net/api/v1/thaiwater30/public/waterlevel_graph?station_type=tele_waterlevel&station_id=3219&start_date=2026-08-31&end_date=2026-09-06,2026-09-11T08:06:01.106772Z,200,application/json; charset=utf-8,15193,5a98f31b7acbf6bbfcbfed35d1ec92c0b9eac577c4af654345ea98fd0362d271,1459,OK,168,161,161,0,2026-08-31 00:00,2026-09-06 23:00,False,
3220_2026-08-31_2026-09-06_a1,3220,2026-08-31,2026-09-06,https://api-v3.thaiwater.net/api/v1/thaiwater30/public/waterlevel_graph?station_type=tele_waterlevel&station_id=3220&start_date=2026-08-31&end_date=2026-09-06,2026-09-11T08:06:02.417190Z,200,application/json; charset=utf-8,15264,ad9d0144238465585e378ff248bd96475aeaaf5e579930ab4c380fca901c438e,929,OK,168,161,161,0,2026-08-31 00:00,2026-09-06 23:00,False,
3221_2026-08-31_2026-09-06_a1,3221,2026-08-31,2026-09-06,https://api-v3.thaiwater.net/api/v1/thaiwater30/public/waterlevel_graph?station_type=tele_waterlevel&station_id=3221&start_date=2026-08-31&end_date=2026-09-06,2026-09-11T08:06:03.704706Z,200,application/json; charset=utf-8,15369,023306eddad34921fb7a0bf536e33e683f03a52859b4f163b6d8c862065e4869,1604,OK,168,161,161,0,2026-08-31 00:00,2026-09-06 23:00,False,
3222_2026-08-31_2026-09-06_a1,3222,2026-08-31,2026-09-06,https://api-v3.thaiwater.net/api/v1/thaiwater30/public/waterlevel_graph?station_type=tele_waterlevel&station_id=3222&start_date=2026-08-31&end_date=2026-09-06,2026-09-11T08:06:05.132081Z,200,application/json; charset=utf-8,14709,fbcbc9903ce55c5eee81e812ce3c8a1ff55d22045396f6ae1b89b1f1b1751c40,1213,OK,168,161,161,0,2026-08-31 00:00,2026-09-06 23:00,False,
3223_2026-08-31_2026-09-06_a1,3223,2026-08-31,2026-09-06,https://api-v3.thaiwater.net/api/v1/thaiwater30/public/waterlevel_graph?station_type=tele_waterlevel&station_id=3223&start_date=2026-08-31&end_date=2026-09-06,2026-09-11T08:06:06.547317Z,200,application/json; charset=utf-8,14186,cf9756131842d96e346f544f6fed8f3963b8c8a9b867d6a8e7011eca1276420e,679,OK,168,155,155,0,2026-08-31 00:00,2026-09-06 23:00,False,
3224_2026-08-31_2026-09-06_a1,3224,2026-08-31,2026-09-06,https://api-v3.thaiwater.net/api/v1/thaiwater30/public/waterlevel_graph?station_type=tele_waterlevel&station_id=3224&start_date=2026-08-31&end_date=2026-09-06,2026-09-11T08:06:07.992189Z,200,application/json; charset=utf-8,13726,ce8dd0ef52f4db09ccf2fb4397d8ef616e19b0c4148fceabc00dd2d7ba545676,799,OK,168,161,161,0,2026-08-31 00:00,2026-09-06 23:00,False,
3226_2026-08-31_2026-09-06_a1,3226,2026-08-31,2026-09-06,https://api-v3.thaiwater.net/api/v1/thaiwater30/public/waterlevel_graph?station_type=tele_waterlevel&station_id=3226&start_date=2026-08-31&end_date=2026-09-06,2026-09-11T08:06:09.235908Z,200,application/json; charset=utf-8,14193,ab43f8a1f9e15b6ed90c389fc23ec875b3286e1ffeea54433288a96bedf6cda8,1375,OK,168,161,161,0,2026-08-31 00:00,2026-09-06 23:00,False,
3233_2026-08-31_2026-09-06_a1,3233,2026-08-31,2026-09-06,https://api-v3.thaiwater.net/api/v1/thaiwater30/public/waterlevel_graph?station_type=tele_waterlevel&station_id=3233&start_date=2026-08-31&end_date=2026-09-06,2026-09-11T08:06:10.520247Z,200,application/json; charset=utf-8,14438,ba5a9890f63daf191c0460378334a57f4fbc45dc86509b21935d26ddd8fde872,1002,OK,168,149,149,0,2026-08-31 00:00,2026-09-06 23:00,False,
3237_2026-08-31_2026-09-06_a1,3237,2026-08-31,2026-09-06,https://api-v3.thaiwater.net/api/v1/thaiwater30/public/waterlevel_graph?station_type=tele_waterlevel&station_id=3237&start_date=2026-08-31&end_date=2026-09-06,2026-09-11T08:06:11.764202Z,200,application/json; charset=utf-8,14447,fec671ad71f7e17462ae224b6e6ef6aedcc8fa8df6fe74ab9063cc0e9026d3ca,933,OK,168,155,155,0,2026-08-31 00:00,2026-09-06 23:00,False,
3240_2026-08-31_2026-09-06_a1,3240,2026-08-31,2026-09-06,https://api-v3.thaiwater.net/api/v1/thaiwater30/public/waterlevel_graph?station_type=tele_waterlevel&station_id=3240&start_date=2026-08-31&end_date=2026-09-06,2026-09-11T08:06:13.176093Z,200,application/json; charset=utf-8,14768,65c8029190696906bfa87add02c0a0a0540ca72460905dece22050f72ecafd2c,1313,OK,168,161,161,0,2026-08-31 00:00,2026-09-06 23:00,False,
3243_2026-08-31_2026-09-06_a1,3243,2026-08-31,2026-09-06,https://api-v3.thaiwater.net/api/v1/thaiwater30/public/waterlevel_graph?station_type=tele_waterlevel&station_id=3243&start_date=2026-08-31&end_date=2026-09-06,2026-09-11T08:06:14.466629Z,200,application/json; charset=utf-8,14289,f32b04b46f8d296da20b5ddd728e8a0de6e83d6b0216dbeb931fcec988b638f3,1456,OK,168,161,161,0,2026-08-31 00:00,2026-09-06 23:00,False,
3244_2026-08-31_2026-09-06_a1,3244,2026-08-31,2026-09-06,https://api-v3.thaiwater.net/api/v1/thaiwater30/public/waterlevel_graph?station_type=tele_waterlevel&station_id=3244&start_date=2026-08-31&end_date=2026-09-06,2026-09-11T08:06:15.845412Z,200,application/json; charset=utf-8,14744,88e16a3c8c45e6fd46b9901666d201820b4b4d36a876d558df5d4d2123d71313,967,OK,168,155,155,0,2026-08-31 00:00,2026-09-06 23:00,False,
3245_2026-08-31_2026-09-06_a1,3245,2026-08-31,2026-09-06,https://api-v3.thaiwater.net/api/v1/thaiwater30/public/waterlevel_graph?station_type=tele_waterlevel&station_id=3245&start_date=2026-08-31&end_date=2026-09-06,2026-09-11T08:06:17.216233Z,200,application/json; charset=utf-8,14861,d9ef855a28afe6d7f0815d8c0efac65038a86a55d1306a337f11cbf7dfbfcfae,1237,OK,168,161,161,0,2026-08-31 00:00,2026-09-06 23:00,False,
3246_2026-08-31_2026-09-06_a1,3246,2026-08-31,2026-09-06,https://api-v3.thaiwater.net/api/v1/thaiwater30/public/waterlevel_graph?station_type=tele_waterlevel&station_id=3246&start_date=2026-08-31&end_date=2026-09-06,2026-09-11T08:06:18.683000Z,200,application/json; charset=utf-8,15320,475924b4045ba9783994bef4f94c45a25ec002af6fa4bdee8617878bcdc824de,1502,OK,168,161,161,0,2026-08-31 00:00,2026-09-06 23:00,False,
3247_2026-08-31_2026-09-06_a1,3247,2026-08-31,2026-09-06,https://api-v3.thaiwater.net/api/v1/thaiwater30/public/waterlevel_graph?station_type=tele_waterlevel&station_id=3247&start_date=2026-08-31&end_date=2026-09-06,2026-09-11T08:06:19.997477Z,200,application/json; charset=utf-8,15571,32ceb0f10e26066fb57a03cbf852321343c262655225ec324618c1de57f5a972,1456,OK,168,161,161,0,2026-08-31 00:00,2026-09-06 23:00,False,
3251_2026-08-31_2026-09-06_a1,3251,2026-08-31,2026-09-06,https://api-v3.thaiwater.net/api/v1/thaiwater30/public/waterlevel_graph?station_type=tele_waterlevel&station_id=3251&start_date=2026-08-31&end_date=2026-09-06,2026-09-11T08:06:21.529721Z,200,application/json; charset=utf-8,13611,e4d2de4640e1a6fa436b2e764530b721ef61a9217380f05568dd779c3f4e24dd,1136,OK,168,161,161,0,2026-08-31 00:00,2026-09-06 23:00,False,
3253_2026-08-31_2026-09-06_a1,3253,2026-08-31,2026-09-06,https://api-v3.thaiwater.net/api/v1/thaiwater30/public/waterlevel_graph?station_type=tele_waterlevel&station_id=3253&start_date=2026-08-31&end_date=2026-09-06,2026-09-11T08:06:22.675833Z,200,application/json; charset=utf-8,15019,20a1f37a9b71ff19cdf075a5d16935ff4f82928dfc6e0a89118892f30a8678a7,1293,OK,168,161,161,0,2026-08-31 00:00,2026-09-06 23:00,False,
3267_2026-08-31_2026-09-06_a1,3267,2026-08-31,2026-09-06,https://api-v3.thaiwater.net/api/v1/thaiwater30/public/waterlevel_graph?station_type=tele_waterlevel&station_id=3267&start_date=2026-08-31&end_date=2026-09-06,2026-09-11T08:06:24.151367Z,200,application/json; charset=utf-8,15148,bbcecd29eba350743ebd7793cdf4d0da2796081bdd912238b4fa6ee9c0b5dff2,1193,OK,168,161,161,0,2026-08-31 00:00,2026-09-06 23:00,False,
3269_2026-08-31_2026-09-06_a1,3269,2026-08-31,2026-09-06,https://api-v3.thaiwater.net/api/v1/thaiwater30/public/waterlevel_graph?station_type=tele_waterlevel&station_id=3269&start_date=2026-08-31&end_date=2026-09-06,2026-09-11T08:06:25.429357Z,200,application/json; charset=utf-8,13461,cdf27a8aa8ad748e8f68635972b0e85b7ed2495341fb1bcde4c5f085df921b11,703,OK,168,7,7,0,2026-08-31 00:00,2026-09-06 23:00,False,
3271_2026-08-31_2026-09-06_a1,3271,2026-08-31,2026-09-06,https://api-v3.thaiwater.net/api/v1/thaiwater30/public/waterlevel_graph?station_type=tele_waterlevel&station_id=3271&start_date=2026-08-31&end_date=2026-09-06,2026-09-11T08:06:26.519602Z,200,application/json; charset=utf-8,14823,9c7bcc1bfeb08fd738cbc31404a110740138694627ee6c0375468fc516404a09,1186,OK,168,160,160,0,2026-08-31 00:00,2026-09-06 23:00,False,
3281_2026-08-31_2026-09-06_a1,3281,2026-08-31,2026-09-06,https://api-v3.thaiwater.net/api/v1/thaiwater30/public/waterlevel_graph?station_type=tele_waterlevel&station_id=3281&start_date=2026-08-31&end_date=2026-09-06,2026-09-11T08:06:27.898039Z,200,application/json; charset=utf-8,14786,0c3dfa92aa05e88dd8f699d4a38e217bf378880de5199bbd267e989f56fcc004,1169,OK,168,152,152,0,2026-08-31 00:00,2026-09-06 23:00,False,
3283_2026-08-31_2026-09-06_a1,3283,2026-08-31,2026-09-06,https://api-v3.thaiwater.net/api/v1/thaiwater30/public/waterlevel_graph?station_type=tele_waterlevel&station_id=3283&start_date=2026-08-31&end_date=2026-09-06,2026-09-11T08:06:29.395540Z,200,application/json; charset=utf-8,14421,f4daa2e4280959af3604fa7c5d6b5415b5273c934c92c170119ccab4d9c9d1df,1303,OK,168,161,161,0,2026-08-31 00:00,2026-09-06 23:00,False,
3285_2026-08-31_2026-09-06_a1,3285,2026-08-31,2026-09-06,https://api-v3.thaiwater.net/api/v1/thaiwater30/public/waterlevel_graph?station_type=tele_waterlevel&station_id=3285&start_date=2026-08-31&end_date=2026-09-06,2026-09-11T08:06:30.699554Z,200,application/json; charset=utf-8,13456,45a6d7cbb4bd8f882d854b6027d5a2415980ccc8ef473d6b335c969a625881bc,696,OK,168,7,7,0,2026-08-31 00:00,2026-09-06 23:00,False,
3286_2026-08-31_2026-09-06_a1,3286,2026-08-31,2026-09-06,https://api-v3.thaiwater.net/api/v1/thaiwater30/public/waterlevel_graph?station_type=tele_waterlevel&station_id=3286&start_date=2026-08-31&end_date=2026-09-06,2026-09-11T08:06:31.875652Z,200,application/json; charset=utf-8,15174,1ecb4c9a56ec3cd55d7e186b464257593d6347962021592898e5eb7b2b887640,1111,OK,168,161,161,0,2026-08-31 00:00,2026-09-06 23:00,False,
3288_2026-08-31_2026-09-06_a1,3288,2026-08-31,2026-09-06,https://api-v3.thaiwater.net/api/v1/thaiwater30/public/waterlevel_graph?station_type=tele_waterlevel&station_id=3288&start_date=2026-08-31&end_date=2026-09-06,2026-09-11T08:06:33.159849Z,200,application/json; charset=utf-8,14437,e8279c86a11da05e8cfc82fe14330e0400dbbeb5aeef338c2920803c68288fa2,1109,OK,168,155,155,0,2026-08-31 00:00,2026-09-06 23:00,False,
3292_2026-08-31_2026-09-06_a1,3292,2026-08-31,2026-09-06,https://api-v3.thaiwater.net/api/v1/thaiwater30/public/waterlevel_graph?station_type=tele_waterlevel&station_id=3292&start_date=2026-08-31&end_date=2026-09-06,2026-09-11T08:06:34.456065Z,200,application/json; charset=utf-8,14769,358a9099a832a9e81accccae60fb5f189fb51ec7134e35b3e7f1044758a2f3fb,1511,OK,168,161,161,0,2026-08-31 00:00,2026-09-06 23:00,False,
3294_2026-08-31_2026-09-06_a1,3294,2026-08-31,2026-09-06,https://api-v3.thaiwater.net/api/v1/thaiwater30/public/waterlevel_graph?station_type=tele_waterlevel&station_id=3294&start_date=2026-08-31&end_date=2026-09-06,2026-09-11T08:06:35.883374Z,200,application/json; charset=utf-8,13664,5c024b024813f8f4262d9811003b11427a01c77540a4d07292fe90a5dccd5b59,843,OK,168,20,20,0,2026-08-31 00:00,2026-09-06 23:00,False,
3295_2026-08-31_2026-09-06_a1,3295,2026-08-31,2026-09-06,https://api-v3.thaiwater.net/api/v1/thaiwater30/public/waterlevel_graph?station_type=tele_waterlevel&station_id=3295&start_date=2026-08-31&end_date=2026-09-06,2026-09-11T08:06:37.012972Z,200,application/json; charset=utf-8,15642,93f19aa7b2d616c7a6fba9a47b53ec0a87c05f03f979733f8a7e0c064aa1878c,1521,OK,168,161,161,0,2026-08-31 00:00,2026-09-06 23:00,False,
3296_2026-08-31_2026-09-06_a1,3296,2026-08-31,2026-09-06,https://api-v3.thaiwater.net/api/v1/thaiwater30/public/waterlevel_graph?station_type=tele_waterlevel&station_id=3296&start_date=2026-08-31&end_date=2026-09-06,2026-09-11T08:06:38.316686Z,200,application/json; charset=utf-8,13456,c34df4281ca7db6c36f216c75a842626825abcac1f7b38aac3560e42709529c8,683,OK,168,7,7,0,2026-08-31 00:00,2026-09-06 23:00,False,
3298_2026-08-31_2026-09-06_a1,3298,2026-08-31,2026-09-06,https://api-v3.thaiwater.net/api/v1/thaiwater30/public/waterlevel_graph?station_type=tele_waterlevel&station_id=3298&start_date=2026-08-31&end_date=2026-09-06,2026-09-11T08:06:39.410498Z,200,application/json; charset=utf-8,13494,1de9f8c70964548a603a5fd1046bbdec723b0e08348c4f8899445b2c4608f983,736,OK,168,7,7,0,2026-08-31 00:00,2026-09-06 23:00,False,
3299_2026-08-31_2026-09-06_a1,3299,2026-08-31,2026-09-06,https://api-v3.thaiwater.net/api/v1/thaiwater30/public/waterlevel_graph?station_type=tele_waterlevel&station_id=3299&start_date=2026-08-31&end_date=2026-09-06,2026-09-11T08:06:40.602793Z,200,application/json; charset=utf-8,13478,fa12738a52f345ae210a90a6466e11bc818d2dba8ee39fd9e5d2073ebc968e5c,718,OK,168,7,7,0,2026-08-31 00:00,2026-09-06 23:00,False,
3303_2026-08-31_2026-09-06_a1,3303,2026-08-31,2026-09-06,https://api-v3.thaiwater.net/api/v1/thaiwater30/public/waterlevel_graph?station_type=tele_waterlevel&station_id=3303&start_date=2026-08-31&end_date=2026-09-06,2026-09-11T08:06:41.987045Z,200,application/json; charset=utf-8,14409,7b6b5e0441d8978db63807f22bdcc63431113325337521097f43bcbaa18a3139,1107,OK,168,159,159,0,2026-08-31 00:00,2026-09-06 23:00,False,
3304_2026-08-31_2026-09-06_a1,3304,2026-08-31,2026-09-06,https://api-v3.thaiwater.net/api/v1/thaiwater30/public/waterlevel_graph?station_type=tele_waterlevel&station_id=3304&start_date=2026-08-31&end_date=2026-09-06,2026-09-11T08:06:43.257285Z,200,application/json; charset=utf-8,14796,58bfe170c529f7d8f821611e341eb6e9a9c76368ee39c25d08652cd68826e8c2,1329,OK,168,159,159,0,2026-08-31 00:00,2026-09-06 23:00,False,
3441_2026-08-31_2026-09-06_a1,3441,2026-08-31,2026-09-06,https://api-v3.thaiwater.net/api/v1/thaiwater30/public/waterlevel_graph?station_type=tele_waterlevel&station_id=3441&start_date=2026-08-31&end_date=2026-09-06,2026-09-11T08:06:44.803676Z,200,application/json; charset=utf-8,14425,5b2cc3043f56436b4821a7a283d1af49ab656a0ad7ce58833f5a1c192456163c,1676,OK,168,168,168,0,2026-08-31 00:00,2026-09-06 23:00,False,
3459_2026-08-31_2026-09-06_a1,3459,2026-08-31,2026-09-06,https://api-v3.thaiwater.net/api/v1/thaiwater30/public/waterlevel_graph?station_type=tele_waterlevel&station_id=3459&start_date=2026-08-31&end_date=2026-09-06,2026-09-11T08:06:45.939410Z,200,application/json; charset=utf-8,13405,8d60dd000f9b5a8b699c40b7eea045c89294d77e64c74624b2fefac3f510e390,784,OK,168,85,85,0,2026-08-31 00:00,2026-09-06 23:00,False,
3476_2026-08-31_2026-09-06_a1,3476,2026-08-31,2026-09-06,https://api-v3.thaiwater.net/api/v1/thaiwater30/public/waterlevel_graph?station_type=tele_waterlevel&station_id=3476&start_date=2026-08-31&end_date=2026-09-06,2026-09-11T08:06:47.130228Z,200,application/json; charset=utf-8,13610,e6fc93874f8e41f1d2dea21d869e16b89d9b5164b78d5cc44dc16448bcecb4f3,920,OK,168,94,0,0,2026-08-31 00:00,2026-09-06 23:00,False,
3509_2026-08-31_2026-09-06_a1,3509,2026-08-31,2026-09-06,https://api-v3.thaiwater.net/api/v1/thaiwater30/public/waterlevel_graph?station_type=tele_waterlevel&station_id=3509&start_date=2026-08-31&end_date=2026-09-06,2026-09-11T08:06:48.546524Z,200,application/json; charset=utf-8,13394,ce459ad14d10bcc15c520080bc3d0c9a19af1694722967698bdca86e10d078df,976,OK,168,160,160,0,2026-08-31 00:00,2026-09-06 23:00,False,
3510_2026-08-31_2026-09-06_a1,3510,2026-08-31,2026-09-06,https://api-v3.thaiwater.net/api/v1/thaiwater30/public/waterlevel_graph?station_type=tele_waterlevel&station_id=3510&start_date=2026-08-31&end_date=2026-09-06,2026-09-11T08:06:49.883556Z,200,application/json; charset=utf-8,13771,b93591d3e1ed24eb649f417a5a58e552eb9eb015e2df71a6670ae6a67db9e57d,1409,OK,168,168,168,0,2026-08-31 00:00,2026-09-06 23:00,False,
3519_2026-08-31_2026-09-06_a1,3519,2026-08-31,2026-09-06,https://api-v3.thaiwater.net/api/v1/thaiwater30/public/waterlevel_graph?station_type=tele_waterlevel&station_id=3519&start_date=2026-08-31&end_date=2026-09-06,2026-09-11T08:06:50.973763Z,200,application/json; charset=utf-8,14083,13a65c164f2e7288c98ba795e5c6c4bd8cca1ce12def123ced6161ad00e65e72,1741,OK,168,168,168,0,2026-08-31 00:00,2026-09-06 23:00,False,
3523_2026-08-31_2026-09-06_a1,3523,2026-08-31,2026-09-06,https://api-v3.thaiwater.net/api/v1/thaiwater30/public/waterlevel_graph?station_type=tele_waterlevel&station_id=3523&start_date=2026-08-31&end_date=2026-09-06,2026-09-11T08:06:52.169436Z,200,application/json; charset=utf-8,13897,c0e5a982f493455081f943355e2e2ba0dd24e049717e9bbad1eac0d91e667d3d,1027,OK,168,168,0,0,2026-08-31 00:00,2026-09-06 23:00,False,
3524_2026-08-31_2026-09-06_a1,3524,2026-08-31,2026-09-06,https://api-v3.thaiwater.net/api/v1/thaiwater30/public/waterlevel_graph?station_type=tele_waterlevel&station_id=3524&start_date=2026-08-31&end_date=2026-09-06,2026-09-11T08:06:53.542104Z,200,application/json; charset=utf-8,14511,a0a3dc74e5e9162070d36cf4bdf19ce7bfe2ff373301d3d59c838d7a5fede265,1460,OK,168,168,168,0,2026-08-31 00:00,2026-09-06 23:00,False,
3525_2026-08-31_2026-09-06_a1,3525,2026-08-31,2026-09-06,https://api-v3.thaiwater.net/api/v1/thaiwater30/public/waterlevel_graph?station_type=tele_waterlevel&station_id=3525&start_date=2026-08-31&end_date=2026-09-06,2026-09-11T08:06:54.837710Z,200,application/json; charset=utf-8,14644,0aff44c4cbf289d44419f145c808b27e8ac293507317ffd00bb6a1491f583b92,1961,OK,168,168,168,0,2026-08-31 00:00,2026-09-06 23:00,False,
3526_2026-08-31_2026-09-06_a1,3526,2026-08-31,2026-09-06,https://api-v3.thaiwater.net/api/v1/thaiwater30/public/waterlevel_graph?station_type=tele_waterlevel&station_id=3526&start_date=2026-08-31&end_date=2026-09-06,2026-09-11T08:06:56.132468Z,200,application/json; charset=utf-8,13744,de12006fd8cee14f56bf9fce35e68d8e9058877d7c8bf74d0596a65a5a622a62,650,OK,168,168,0,0,2026-08-31 00:00,2026-09-06 23:00,False,
3529_2026-08-31_2026-09-06_a1,3529,2026-08-31,2026-09-06,https://api-v3.thaiwater.net/api/v1/thaiwater30/public/waterlevel_graph?station_type=tele_waterlevel&station_id=3529&start_date=2026-08-31&end_date=2026-09-06,2026-09-11T08:06:57.542653Z,200,application/json; charset=utf-8,13741,8c8a609f348655e60c1ad8850c8c5cec3f1770a5d0f3e8d4b5452939ac3ee4f9,719,OK,168,168,0,0,2026-08-31 00:00,2026-09-06 23:00,False,
3531_2026-08-31_2026-09-06_a1,3531,2026-08-31,2026-09-06,https://api-v3.thaiwater.net/api/v1/thaiwater30/public/waterlevel_graph?station_type=tele_waterlevel&station_id=3531&start_date=2026-08-31&end_date=2026-09-06,2026-09-11T08:06:58.960820Z,200,application/json; charset=utf-8,13718,5b33ea2f70761c918664c80d989336b8eb64bde9882c283da495a128f35cdac2,959,OK,168,168,0,0,2026-08-31 00:00,2026-09-06 23:00,False,
3533_2026-08-31_2026-09-06_a1,3533,2026-08-31,2026-09-06,https://api-v3.thaiwater.net/api/v1/thaiwater30/public/waterlevel_graph?station_type=tele_waterlevel&station_id=3533&start_date=2026-08-31&end_date=2026-09-06,2026-09-11T08:07:00.430435Z,200,application/json; charset=utf-8,13734,ff14d2a0f4ca5e66c1a430e5dc9cb20db4c5d0c647792232fa20784a91c3264d,1086,OK,168,168,0,0,2026-08-31 00:00,2026-09-06 23:00,False,
3542_2026-08-31_2026-09-06_a1,3542,2026-08-31,2026-09-06,https://api-v3.thaiwater.net/api/v1/thaiwater30/public/waterlevel_graph?station_type=tele_waterlevel&station_id=3542&start_date=2026-08-31&end_date=2026-09-06,2026-09-11T08:07:03.998146Z,200,application/json; charset=utf-8,13727,1192ce0659d533c8067d639ac9b50dff3ef6ad25f5829406b7b8564f3921c9d5,945,OK,168,168,0,0,2026-08-31 00:00,2026-09-06 23:00,False,
3543_2026-08-31_2026-09-06_a1,3543,2026-08-31,2026-09-06,https://api-v3.thaiwater.net/api/v1/thaiwater30/public/waterlevel_graph?station_type=tele_waterlevel&station_id=3543&start_date=2026-08-31&end_date=2026-09-06,2026-09-11T08:07:06.721227Z,200,application/json; charset=utf-8,13722,fcbefdd9ef45db054bc8d56a56fd57621e5bf3dfd8ebe43866e3b81895145281,961,OK,168,168,0,0,2026-08-31 00:00,2026-09-06 23:00,False,
3544_2026-08-31_2026-09-06_a1,3544,2026-08-31,2026-09-06,https://api-v3.thaiwater.net/api/v1/thaiwater30/public/waterlevel_graph?station_type=tele_waterlevel&station_id=3544&start_date=2026-08-31&end_date=2026-09-06,2026-09-11T08:07:08.841787Z,200,application/json; charset=utf-8,13688,96572408541649a1b144df072f327d6b89101993c57dd18d40dca77f0bd83aae,1027,OK,168,168,0,0,2026-08-31 00:00,2026-09-06 23:00,False,
12349_2026-08-31_2026-09-06_a1,12349,2026-08-31,2026-09-06,https://api-v3.thaiwater.net/api/v1/thaiwater30/public/waterlevel_graph?station_type=tele_waterlevel&station_id=12349&start_date=2026-08-31&end_date=2026-09-06,2026-09-11T08:07:10.100116Z,200,application/json; charset=utf-8,80727,907bb4ebfd9c737cb2f1415ff0d50a5662586fac3ce740d1b1f6efcb12162e53,3994,OK,1008,1003,0,0,2026-08-31 00:00,2026-09-06 23:50,False,
12350_2026-08-31_2026-09-06_a1,12350,2026-08-31,2026-09-06,https://api-v3.thaiwater.net/api/v1/thaiwater30/public/waterlevel_graph?station_type=tele_waterlevel&station_id=12350&start_date=2026-08-31&end_date=2026-09-06,2026-09-11T08:07:12.416848Z,200,application/json; charset=utf-8,80707,a66b2b72b9363ab610756e5de603365ba851b2dfb19a1fc03bc570cd48c11348,3646,OK,1008,1005,0,0,2026-08-31 00:00,2026-09-06 23:50,False,
12474_2026-08-31_2026-09-06_a1,12474,2026-08-31,2026-09-06,https://api-v3.thaiwater.net/api/v1/thaiwater30/public/waterlevel_graph?station_type=tele_waterlevel&station_id=12474&start_date=2026-08-31&end_date=2026-09-06,2026-09-11T08:07:14.768406Z,200,application/json; charset=utf-8,79645,11082080fb0a3ad74682b013557c6de91ac3f90a2dd46fef883d6fb0eedecbfb,4014,OK,1008,1004,0,0,2026-08-31 00:00,2026-09-06 23:50,False,
12475_2026-08-31_2026-09-06_a1,12475,2026-08-31,2026-09-06,https://api-v3.thaiwater.net/api/v1/thaiwater30/public/waterlevel_graph?station_type=tele_waterlevel&station_id=12475&start_date=2026-08-31&end_date=2026-09-06,2026-09-11T08:07:16.957053Z,200,application/json; charset=utf-8,79678,ab415c6e1dba03531fff4e86b254a5ede878a0e227ba2ea2c43700fe356ce01a,4648,OK,1008,985,0,0,2026-08-31 00:00,2026-09-06 23:50,False,
12476_2026-08-31_2026-09-06_a1,12476,2026-08-31,2026-09-06,https://api-v3.thaiwater.net/api/v1/thaiwater30/public/waterlevel_graph?station_type=tele_waterlevel&station_id=12476&start_date=2026-08-31&end_date=2026-09-06,2026-09-11T08:07:19.076155Z,200,application/json; charset=utf-8,81655,7daabe6db1f8351faa86e8c2b99fbc22632b85624e1fedd61af92099e823d784,5734,OK,1008,1005,0,0,2026-08-31 00:00,2026-09-06 23:50,False,
12477_2026-08-31_2026-09-06_a1,12477,2026-08-31,2026-09-06,https://api-v3.thaiwater.net/api/v1/thaiwater30/public/waterlevel_graph?station_type=tele_waterlevel&station_id=12477&start_date=2026-08-31&end_date=2026-09-06,2026-09-11T08:07:21.301109Z,200,application/json; charset=utf-8,81672,da83dd349220a919783f450bb1ab6aa6eb585a97fffd13e762968385859dd87f,4099,OK,1008,999,0,0,2026-08-31 00:00,2026-09-06 23:50,False,
12478_2026-08-31_2026-09-06_a1,12478,2026-08-31,2026-09-06,https://api-v3.thaiwater.net/api/v1/thaiwater30/public/waterlevel_graph?station_type=tele_waterlevel&station_id=12478&start_date=2026-08-31&end_date=2026-09-06,2026-09-11T08:07:23.426218Z,200,application/json; charset=utf-8,81658,3ccf5ef7a20d5aad0646805244486c5d73b9e79bbbfdee2f8b3fe50a9cf46f8f,5232,OK,1008,1005,0,0,2026-08-31 00:00,2026-09-06 23:50,False,
12479_2026-08-31_2026-09-06_a1,12479,2026-08-31,2026-09-06,https://api-v3.thaiwater.net/api/v1/thaiwater30/public/waterlevel_graph?station_type=tele_waterlevel&station_id=12479&start_date=2026-08-31&end_date=2026-09-06,2026-09-11T08:07:25.697208Z,200,application/json; charset=utf-8,81661,c8261135121f1e355e3d8ce5ca7e06481a4deb8b1dd7b529ad09b3d76cf27411,4427,OK,1008,1005,0,0,2026-08-31 00:00,2026-09-06 23:50,False,
12480_2026-08-31_2026-09-06_a1,12480,2026-08-31,2026-09-06,https://api-v3.thaiwater.net/api/v1/thaiwater30/public/waterlevel_graph?station_type=tele_waterlevel&station_id=12480&start_date=2026-08-31&end_date=2026-09-06,2026-09-11T08:07:27.811837Z,200,application/json; charset=utf-8,80601,3db4812dc0133b44ae32041ecccdd9107dae2b8f7460bcfb4bfb1b6243501cb3,3385,OK,1008,1005,0,0,2026-08-31 00:00,2026-09-06 23:50,False,
12481_2026-08-31_2026-09-06_a1,12481,2026-08-31,2026-09-06,https://api-v3.thaiwater.net/api/v1/thaiwater30/public/waterlevel_graph?station_type=tele_waterlevel&station_id=12481&start_date=2026-08-31&end_date=2026-09-06,2026-09-11T08:07:29.898255Z,200,application/json; charset=utf-8,79872,e75a6113bdc6164404e1b434b48e28a797ca089d5bf8c19013b73453dba8a8d3,5066,OK,1008,1002,0,0,2026-08-31 00:00,2026-09-06 23:50,False,
12483_2026-08-31_2026-09-06_a1,12483,2026-08-31,2026-09-06,https://api-v3.thaiwater.net/api/v1/thaiwater30/public/waterlevel_graph?station_type=tele_waterlevel&station_id=12483&start_date=2026-08-31&end_date=2026-09-06,2026-09-11T08:07:32.167487Z,200,application/json; charset=utf-8,80761,befdf2062518645ab252ca2f1e5f31c301cbed331213fcac4c6fdb0bb74abad5,3081,OK,1008,995,0,0,2026-08-31 00:00,2026-09-06 23:50,False,
12484_2026-08-31_2026-09-06_a1,12484,2026-08-31,2026-09-06,https://api-v3.thaiwater.net/api/v1/thaiwater30/public/waterlevel_graph?station_type=tele_waterlevel&station_id=12484&start_date=2026-08-31&end_date=2026-09-06,2026-09-11T08:07:34.411353Z,200,application/json; charset=utf-8,79620,de01e47aa2ebac5e831c206a8fbe5a895f603a8724297720b98e4046e0244dd3,3719,OK,1008,988,0,0,2026-08-31 00:00,2026-09-06 23:50,False,
12485_2026-08-31_2026-09-06_a1,12485,2026-08-31,2026-09-06,https://api-v3.thaiwater.net/api/v1/thaiwater30/public/waterlevel_graph?station_type=tele_waterlevel&station_id=12485&start_date=2026-08-31&end_date=2026-09-06,2026-09-11T08:07:36.701807Z,200,application/json; charset=utf-8,79763,11f1afa5b5cc9eb640b6351c0264fc3b399048fbdff5ac8e4d9af3ce0fd64165,3020,OK,1008,0,0,0,2026-08-31 00:00,2026-09-06 23:50,True,
13892_2026-08-31_2026-09-06_a1,13892,2026-08-31,2026-09-06,https://api-v3.thaiwater.net/api/v1/thaiwater30/public/waterlevel_graph?station_type=tele_waterlevel&station_id=13892&start_date=2026-08-31&end_date=2026-09-06,2026-09-11T08:07:38.791373Z,200,application/json; charset=utf-8,80139,8130d91e0c7e59039ca6037982df768245c3b2862abb42515e982fbb28f658c4,3171,OK,1008,330,0,0,2026-08-31 00:00,2026-09-06 23:50,False,
13906_2026-08-31_2026-09-06_a1,13906,2026-08-31,2026-09-06,https://api-v3.thaiwater.net/api/v1/thaiwater30/public/waterlevel_graph?station_type=tele_waterlevel&station_id=13906&start_date=2026-08-31&end_date=2026-09-06,2026-09-11T08:07:40.876300Z,200,application/json; charset=utf-8,80697,057dba58c5b5fd9f511b2c691b54de265a3b57c8c434d016f6acb7037193cf15,4014,OK,1008,993,0,0,2026-08-31 00:00,2026-09-06 23:50,False,
385579_2026-08-31_2026-09-06_a1,385579,2026-08-31,2026-09-06,https://api-v3.thaiwater.net/api/v1/thaiwater30/public/waterlevel_graph?station_type=tele_waterlevel&station_id=385579&start_date=2026-08-31&end_date=2026-09-06,2026-09-11T08:07:43.007042Z,200,application/json; charset=utf-8,82657,92913ea9a3ab45e4b03d3973b89bcf39bfd61eff219c3403f9760a1e4bb64315,5169,OK,1008,1005,0,0,2026-08-31 00:00,2026-09-06 23:50,False,
385582_2026-08-31_2026-09-06_a1,385582,2026-08-31,2026-09-06,https://api-v3.thaiwater.net/api/v1/thaiwater30/public/waterlevel_graph?station_type=tele_waterlevel&station_id=385582&start_date=2026-08-31&end_date=2026-09-06,2026-09-11T08:07:45.421812Z,200,application/json; charset=utf-8,80621,fa16aacca847b3be8d65ceae65d5f1199d7a51f3dbda30f38676ddbf19c01356,4203,OK,1008,458,0,0,2026-08-31 00:00,2026-09-06 23:50,False,
385586_2026-08-31_2026-09-06_a1,385586,2026-08-31,2026-09-06,https://api-v3.thaiwater.net/api/v1/thaiwater30/public/waterlevel_graph?station_type=tele_waterlevel&station_id=385586&start_date=2026-08-31&end_date=2026-09-06,2026-09-11T08:07:47.561450Z,200,application/json; charset=utf-8,79590,8e43ce58a96f431bcac2e2b6c9eeabae1057c55c2ef11b85db2ec932f7a2e86b,3855,OK,1008,1004,0,0,2026-08-31 00:00,2026-09-06 23:50,False,
471583_2026-08-31_2026-09-06_a1,471583,2026-08-31,2026-09-06,https://api-v3.thaiwater.net/api/v1/thaiwater30/public/waterlevel_graph?station_type=tele_waterlevel&station_id=471583&start_date=2026-08-31&end_date=2026-09-06,2026-09-11T08:07:49.840104Z,200,application/json; charset=utf-8,79721,32c6499677b1ae4fe3aadc2fc7869c75dad4fa28fb136f70e410d8d20ce8bf3e,3574,OK,1008,995,0,0,2026-08-31 00:00,2026-09-06 23:50,False,
479230_2026-08-31_2026-09-06_a1,479230,2026-08-31,2026-09-06,https://api-v3.thaiwater.net/api/v1/thaiwater30/public/waterlevel_graph?station_type=tele_waterlevel&station_id=479230&start_date=2026-08-31&end_date=2026-09-06,2026-09-11T08:07:52.119826Z,200,application/json; charset=utf-8,82686,38cb7708ff3db7d7df9d46fddf4a34099aaeced7253849e01bc54edb1f8f1d61,5289,OK,1008,1005,0,0,2026-08-31 00:00,2026-09-06 23:50,False,
479231_2026-08-31_2026-09-06_a1,479231,2026-08-31,2026-09-06,https://api-v3.thaiwater.net/api/v1/thaiwater30/public/waterlevel_graph?station_type=tele_waterlevel&station_id=479231&start_date=2026-08-31&end_date=2026-09-06,2026-09-11T08:07:54.413702Z,200,application/json; charset=utf-8,82648,dba9d95fbf143b529fc7c74b9e2a227df5a3f06ad915a0ae0dddcd8b589c6a85,4592,OK,1008,1005,0,0,2026-08-31 00:00,2026-09-06 23:50,False,
479232_2026-08-31_2026-09-06_a1,479232,2026-08-31,2026-09-06,https://api-v3.thaiwater.net/api/v1/thaiwater30/public/waterlevel_graph?station_type=tele_waterlevel&station_id=479232&start_date=2026-08-31&end_date=2026-09-06,2026-09-11T08:07:56.711331Z,200,application/json; charset=utf-8,82675,3350289c7fc9c51b8035eec9b3d1cedda45bb747397a66b08d2906fa9a08d15d,6178,OK,1008,1005,0,0,2026-08-31 00:00,2026-09-06 23:50,False,
479233_2026-08-31_2026-09-06_a1,479233,2026-08-31,2026-09-06,https://api-v3.thaiwater.net/api/v1/thaiwater30/public/waterlevel_graph?station_type=tele_waterlevel&station_id=479233&start_date=2026-08-31&end_date=2026-09-06,2026-09-11T08:07:58.933694Z,200,application/json; charset=utf-8,81577,ec84f82c647bf3f06871050614047345927763dff024db28f438e421709a1734,3782,OK,1008,1003,0,0,2026-08-31 00:00,2026-09-06 23:50,False,
479234_2026-08-31_2026-09-06_a1,479234,2026-08-31,2026-09-06,https://api-v3.thaiwater.net/api/v1/thaiwater30/public/waterlevel_graph?station_type=tele_waterlevel&station_id=479234&start_date=2026-08-31&end_date=2026-09-06,2026-09-11T08:08:01.015093Z,200,application/json; charset=utf-8,81687,4bc91ec1c2b5efd05d795aea646e10ae0e6aef8ed341c32ffd0460a8ce502d2a,3435,OK,1008,1005,0,0,2026-08-31 00:00,2026-09-06 23:50,False,
479235_2026-08-31_2026-09-06_a1,479235,2026-08-31,2026-09-06,https://api-v3.thaiwater.net/api/v1/thaiwater30/public/waterlevel_graph?station_type=tele_waterlevel&station_id=479235&start_date=2026-08-31&end_date=2026-09-06,2026-09-11T08:08:03.126143Z,200,application/json; charset=utf-8,81691,c890073dd2c34d8ec22903e03e86d5c1e13cc1bfc7953581bc8b4e4ec8fc507a,3481,OK,1008,1004,0,0,2026-08-31 00:00,2026-09-06 23:50,False,
479236_2026-08-31_2026-09-06_a1,479236,2026-08-31,2026-09-06,https://api-v3.thaiwater.net/api/v1/thaiwater30/public/waterlevel_graph?station_type=tele_waterlevel&station_id=479236&start_date=2026-08-31&end_date=2026-09-06,2026-09-11T08:08:05.342078Z,200,application/json; charset=utf-8,81645,05f6c33e2cafa27c00f4145d95741ca5971e63c76ef3d22aa62ec0c48c7d85eb,3968,OK,1008,992,0,0,2026-08-31 00:00,2026-09-06 23:50,False,
479237_2026-08-31_2026-09-06_a1,479237,2026-08-31,2026-09-06,https://api-v3.thaiwater.net/api/v1/thaiwater30/public/waterlevel_graph?station_type=tele_waterlevel&station_id=479237&start_date=2026-08-31&end_date=2026-09-06,2026-09-11T08:08:07.547315Z,200,application/json; charset=utf-8,79764,e147bbf3adba6fd85b8af4e4281bd9889e79445c3a3821813a38c8a3c6471d7a,3020,OK,1008,0,0,0,2026-08-31 00:00,2026-09-06 23:50,True,
479238_2026-08-31_2026-09-06_a1,479238,2026-08-31,2026-09-06,https://api-v3.thaiwater.net/api/v1/thaiwater30/public/waterlevel_graph?station_type=tele_waterlevel&station_id=479238&start_date=2026-08-31&end_date=2026-09-06,2026-09-11T08:08:09.740587Z,200,application/json; charset=utf-8,81681,20c555f7894c5b12c266fd90f0669288c0f1278cd9db581f042c3bd2062f76e4,3954,OK,1008,1000,0,0,2026-08-31 00:00,2026-09-06 23:50,False,
479240_2026-08-31_2026-09-06_a1,479240,2026-08-31,2026-09-06,https://api-v3.thaiwater.net/api/v1/thaiwater30/public/waterlevel_graph?station_type=tele_waterlevel&station_id=479240&start_date=2026-08-31&end_date=2026-09-06,2026-09-11T08:08:11.854454Z,200,application/json; charset=utf-8,79768,aaa8a73d0c513beb8a54d5cad8b6c0b6360982fbe8528550f17b3ac22ff63917,3024,OK,1008,0,0,0,2026-08-31 00:00,2026-09-06 23:50,True,
479241_2026-08-31_2026-09-06_a1,479241,2026-08-31,2026-09-06,https://api-v3.thaiwater.net/api/v1/thaiwater30/public/waterlevel_graph?station_type=tele_waterlevel&station_id=479241&start_date=2026-08-31&end_date=2026-09-06,2026-09-11T08:08:14.130712Z,200,application/json; charset=utf-8,81640,9c108403a12674a6e25acd20bb904590a9e95365df30052481928940ae9d85b8,3500,OK,1008,1005,0,0,2026-08-31 00:00,2026-09-06 23:50,False,
504679_2026-08-31_2026-09-06_a1,504679,2026-08-31,2026-09-06,https://api-v3.thaiwater.net/api/v1/thaiwater30/public/waterlevel_graph?station_type=tele_waterlevel&station_id=504679&start_date=2026-08-31&end_date=2026-09-06,2026-09-11T08:08:16.433729Z,200,application/json; charset=utf-8,14971,f5ac160d6ef33960adad4962558e4247f5de801d5de03b3318af597976e43b46,1287,OK,168,161,161,0,2026-08-31 00:00,2026-09-06 23:00,False,
504708_2026-08-31_2026-09-06_a1,504708,2026-08-31,2026-09-06,https://api-v3.thaiwater.net/api/v1/thaiwater30/public/waterlevel_graph?station_type=tele_waterlevel&station_id=504708&start_date=2026-08-31&end_date=2026-09-06,2026-09-11T08:08:17.750437Z,200,application/json; charset=utf-8,15095,edba9a040c3ea7d9630947699a9b76e9790ebc32925adc9c533a9715a8afcec6,1389,OK,168,161,161,0,2026-08-31 00:00,2026-09-06 23:00,False,
504897_2026-08-31_2026-09-06_a1,504897,2026-08-31,2026-09-06,https://api-v3.thaiwater.net/api/v1/thaiwater30/public/waterlevel_graph?station_type=tele_waterlevel&station_id=504897&start_date=2026-08-31&end_date=2026-09-06,2026-09-11T08:08:19.165389Z,200,application/json; charset=utf-8,15653,e8a53c607f5484724cbb27517e5cbebe453819634694173454db810f7b5beaf6,1632,OK,168,161,161,0,2026-08-31 00:00,2026-09-06 23:00,False,
504940_2026-08-31_2026-09-06_a1,504940,2026-08-31,2026-09-06,https://api-v3.thaiwater.net/api/v1/thaiwater30/public/waterlevel_graph?station_type=tele_waterlevel&station_id=504940&start_date=2026-08-31&end_date=2026-09-06,2026-09-11T08:08:20.417389Z,200,application/json; charset=utf-8,13745,dc9877bad496f5dcd38f28c9535da24eae1e378eb53633879ec41a03dfccfc9e,961,OK,168,63,63,0,2026-08-31 00:00,2026-09-06 23:00,False,
504945_2026-08-31_2026-09-06_a1,504945,2026-08-31,2026-09-06,https://api-v3.thaiwater.net/api/v1/thaiwater30/public/waterlevel_graph?station_type=tele_waterlevel&station_id=504945&start_date=2026-08-31&end_date=2026-09-06,2026-09-11T08:08:21.680009Z,200,application/json; charset=utf-8,14468,d27fd0d6c79114f09e7278520c87ade7a2095a8cdc72e41c041dafc1a4042079,1121,OK,168,157,157,0,2026-08-31 00:00,2026-09-06 23:00,False,
504962_2026-08-31_2026-09-06_a1,504962,2026-08-31,2026-09-06,https://api-v3.thaiwater.net/api/v1/thaiwater30/public/waterlevel_graph?station_type=tele_waterlevel&station_id=504962&start_date=2026-08-31&end_date=2026-09-06,2026-09-11T08:08:22.904844Z,200,application/json; charset=utf-8,14565,315d9a38a5cc5f2d8f19ad6e5474281e77f0bbc679495b9103697d72298963c5,1389,OK,168,157,157,0,2026-08-31 00:00,2026-09-06 23:00,False,
504982_2026-08-31_2026-09-06_a1,504982,2026-08-31,2026-09-06,https://api-v3.thaiwater.net/api/v1/thaiwater30/public/waterlevel_graph?station_type=tele_waterlevel&station_id=504982&start_date=2026-08-31&end_date=2026-09-06,2026-09-11T08:08:24.325187Z,200,application/json; charset=utf-8,13883,ddc85abb29951885d3fbcdbe899199ae9569ad292780f3a9be0b1387d0b8dc6f,1279,OK,168,161,161,0,2026-08-31 00:00,2026-09-06 23:00,False,
504990_2026-08-31_2026-09-06_a1,504990,2026-08-31,2026-09-06,https://api-v3.thaiwater.net/api/v1/thaiwater30/public/waterlevel_graph?station_type=tele_waterlevel&station_id=504990&start_date=2026-08-31&end_date=2026-09-06,2026-09-11T08:08:25.655747Z,200,application/json; charset=utf-8,13388,2155789ae372240b59874b0116a45df0939bc53fa4590383f645dc671cdf577c,956,OK,168,161,0,0,2026-08-31 00:00,2026-09-06 23:00,False,
504994_2026-08-31_2026-09-06_a1,504994,2026-08-31,2026-09-06,https://api-v3.thaiwater.net/api/v1/thaiwater30/public/waterlevel_graph?station_type=tele_waterlevel&station_id=504994&start_date=2026-08-31&end_date=2026-09-06,2026-09-11T08:08:26.876438Z,200,application/json; charset=utf-8,14257,cb80c33a401545d4864dd5d4b7889fd9b85a3b5ac98d7184aad48042bae398c3,1504,OK,168,161,161,0,2026-08-31 00:00,2026-09-06 23:00,False,
504997_2026-08-31_2026-09-06_a1,504997,2026-08-31,2026-09-06,https://api-v3.thaiwater.net/api/v1/thaiwater30/public/waterlevel_graph?station_type=tele_waterlevel&station_id=504997&start_date=2026-08-31&end_date=2026-09-06,2026-09-11T08:08:28.079720Z,200,application/json; charset=utf-8,13458,4fbb0a9df0b1b3db3e100883cbbe4e32d693f9423aa69fcab097c4c9f374d775,818,OK,168,161,161,0,2026-08-31 00:00,2026-09-06 23:00,False,
504999_2026-08-31_2026-09-06_a1,504999,2026-08-31,2026-09-06,https://api-v3.thaiwater.net/api/v1/thaiwater30/public/waterlevel_graph?station_type=tele_waterlevel&station_id=504999&start_date=2026-08-31&end_date=2026-09-06,2026-09-11T08:08:29.468159Z,200,application/json; charset=utf-8,14140,ea1ef27b6f138f5e01399249bf485d4ba0bde5e13f4a998fa087dba08215d2bd,1423,OK,168,161,161,0,2026-08-31 00:00,2026-09-06 23:00,False,
505003_2026-08-31_2026-09-06_a1,505003,2026-08-31,2026-09-06,https://api-v3.thaiwater.net/api/v1/thaiwater30/public/waterlevel_graph?station_type=tele_waterlevel&station_id=505003&start_date=2026-08-31&end_date=2026-09-06,2026-09-11T08:08:30.826814Z,200,application/json; charset=utf-8,13758,d621e1a687f92a0bd89fd2e027c7e2e2633f6eb746bddacd43379e55dab95bf0,971,OK,168,161,0,0,2026-08-31 00:00,2026-09-06 23:00,False,
505011_2026-08-31_2026-09-06_a1,505011,2026-08-31,2026-09-06,https://api-v3.thaiwater.net/api/v1/thaiwater30/public/waterlevel_graph?station_type=tele_waterlevel&station_id=505011&start_date=2026-08-31&end_date=2026-09-06,2026-09-11T08:08:31.931892Z,200,application/json; charset=utf-8,13582,558fc104db607b080e88f529a7addf6124cf6afe0883ed0f7df1193dc21d6550,1232,OK,168,161,161,0,2026-08-31 00:00,2026-09-06 23:00,False,
505018_2026-08-31_2026-09-06_a1,505018,2026-08-31,2026-09-06,https://api-v3.thaiwater.net/api/v1/thaiwater30/public/waterlevel_graph?station_type=tele_waterlevel&station_id=505018&start_date=2026-08-31&end_date=2026-09-06,2026-09-11T08:08:33.124309Z,200,application/json; charset=utf-8,14447,6f455cd8535344ac695cab6b32ec243304895b4a2690d72caad4bf446558313f,1606,OK,168,152,152,0,2026-08-31 00:00,2026-09-06 23:00,False,
505025_2026-08-31_2026-09-06_a1,505025,2026-08-31,2026-09-06,https://api-v3.thaiwater.net/api/v1/thaiwater30/public/waterlevel_graph?station_type=tele_waterlevel&station_id=505025&start_date=2026-08-31&end_date=2026-09-06,2026-09-11T08:08:34.473870Z,200,application/json; charset=utf-8,14061,aa16ac4c9d7f8d01735fa0421008a66b18196e9f12f5a6a3c2a9a8285a00b90f,969,OK,168,152,0,0,2026-08-31 00:00,2026-09-06 23:00,False,
505027_2026-08-31_2026-09-06_a1,505027,2026-08-31,2026-09-06,https://api-v3.thaiwater.net/api/v1/thaiwater30/public/waterlevel_graph?station_type=tele_waterlevel&station_id=505027&start_date=2026-08-31&end_date=2026-09-06,2026-09-11T08:08:35.635126Z,200,application/json; charset=utf-8,14688,4e60bfaa6d128c82b9df33e3ba06d09f243675372f2d1e57de231c1109ac8f91,1216,OK,168,152,152,0,2026-08-31 00:00,2026-09-06 23:00,False,
505029_2026-08-31_2026-09-06_a1,505029,2026-08-31,2026-09-06,https://api-v3.thaiwater.net/api/v1/thaiwater30/public/waterlevel_graph?station_type=tele_waterlevel&station_id=505029&start_date=2026-08-31&end_date=2026-09-06,2026-09-11T08:08:36.996617Z,200,application/json; charset=utf-8,14205,950d631f28a7cfdf1223d449bd2ed833c2d5d713757fb2b8216bfe57050a1c8c,1424,OK,168,152,152,0,2026-08-31 00:00,2026-09-06 23:00,False,
505030_2026-08-31_2026-09-06_a1,505030,2026-08-31,2026-09-06,https://api-v3.thaiwater.net/api/v1/thaiwater30/public/waterlevel_graph?station_type=tele_waterlevel&station_id=505030&start_date=2026-08-31&end_date=2026-09-06,2026-09-11T08:08:38.225940Z,200,application/json; charset=utf-8,13385,5c956f141f376cacb619d4a6cf180dafd675b237bb52e3260efc477ea8c91a49,997,OK,168,152,0,0,2026-08-31 00:00,2026-09-06 23:00,False,
505037_2026-08-31_2026-09-06_a1,505037,2026-08-31,2026-09-06,https://api-v3.thaiwater.net/api/v1/thaiwater30/public/waterlevel_graph?station_type=tele_waterlevel&station_id=505037&start_date=2026-08-31&end_date=2026-09-06,2026-09-11T08:08:39.417118Z,200,application/json; charset=utf-8,13416,8af522399716621aa6ee307e5b3b7b0cf846b1e6178b297ceb8697251b0c032e,948,OK,168,151,0,0,2026-08-31 00:00,2026-09-06 23:00,False,
505038_2026-08-31_2026-09-06_a1,505038,2026-08-31,2026-09-06,https://api-v3.thaiwater.net/api/v1/thaiwater30/public/waterlevel_graph?station_type=tele_waterlevel&station_id=505038&start_date=2026-08-31&end_date=2026-09-06,2026-09-11T08:08:40.783507Z,200,application/json; charset=utf-8,14518,3c823e96aded8aa063fe524382738ccbda16bb885bc43add6c4dca97c3a33ab5,1037,OK,168,152,0,0,2026-08-31 00:00,2026-09-06 23:00,False,
505039_2026-08-31_2026-09-06_a1,505039,2026-08-31,2026-09-06,https://api-v3.thaiwater.net/api/v1/thaiwater30/public/waterlevel_graph?station_type=tele_waterlevel&station_id=505039&start_date=2026-08-31&end_date=2026-09-06,2026-09-11T08:08:42.058431Z,200,application/json; charset=utf-8,15011,d40c518465027e51031d53fffedf7629cb3d9e24e81def501d5d8426044ed786,1018,OK,168,152,0,0,2026-08-31 00:00,2026-09-06 23:00,False,
505041_2026-08-31_2026-09-06_a1,505041,2026-08-31,2026-09-06,https://api-v3.thaiwater.net/api/v1/thaiwater30/public/waterlevel_graph?station_type=tele_waterlevel&station_id=505041&start_date=2026-08-31&end_date=2026-09-06,2026-09-11T08:08:43.390000Z,200,application/json; charset=utf-8,15341,865492561b01e614d122ff7fccd4d2979acecca288e709122a190481b3f641b9,1223,OK,168,152,0,0,2026-08-31 00:00,2026-09-06 23:00,False,
505050_2026-08-31_2026-09-06_a1,505050,2026-08-31,2026-09-06,https://api-v3.thaiwater.net/api/v1/thaiwater30/public/waterlevel_graph?station_type=tele_waterlevel&station_id=505050&start_date=2026-08-31&end_date=2026-09-06,2026-09-11T08:08:44.708134Z,200,application/json; charset=utf-8,13745,45308eb85a03a28d2248593700ea00e5055ee75111cca83f468ce267840c4408,1208,OK,168,148,148,0,2026-08-31 00:00,2026-09-06 23:00,False,
505052_2026-08-31_2026-09-06_a1,505052,2026-08-31,2026-09-06,https://api-v3.thaiwater.net/api/v1/thaiwater30/public/waterlevel_graph?station_type=tele_waterlevel&station_id=505052&start_date=2026-08-31&end_date=2026-09-06,2026-09-11T08:08:46.006333Z,200,application/json; charset=utf-8,13376,8666b6f026c0c9ad9e719a8c1ea0c76b6509a46d491326dab05c0a684d895821,1024,OK,168,148,0,0,2026-08-31 00:00,2026-09-06 23:00,False,
505056_2026-08-31_2026-09-06_a1,505056,2026-08-31,2026-09-06,https://api-v3.thaiwater.net/api/v1/thaiwater30/public/waterlevel_graph?station_type=tele_waterlevel&station_id=505056&start_date=2026-08-31&end_date=2026-09-06,2026-09-11T08:08:47.158782Z,200,application/json; charset=utf-8,13456,1d2a90a235c38aa72e5b7bf0e61897ac1b64e75f798dae07561d22c3c1b7d8c9,1008,OK,168,148,0,0,2026-08-31 00:00,2026-09-06 23:00,False,
505069_2026-08-31_2026-09-06_a1,505069,2026-08-31,2026-09-06,https://api-v3.thaiwater.net/api/v1/thaiwater30/public/waterlevel_graph?station_type=tele_waterlevel&station_id=505069&start_date=2026-08-31&end_date=2026-09-06,2026-09-11T08:08:48.529105Z,200,application/json; charset=utf-8,13751,ce330a9c5bd31eefe76a2d80e9045998900a38c5efe8de20f5de7f94dc5888f8,1064,OK,168,148,148,0,2026-08-31 00:00,2026-09-06 23:00,False,
505072_2026-08-31_2026-09-06_a1,505072,2026-08-31,2026-09-06,https://api-v3.thaiwater.net/api/v1/thaiwater30/public/waterlevel_graph?station_type=tele_waterlevel&station_id=505072&start_date=2026-08-31&end_date=2026-09-06,2026-09-11T08:08:49.904805Z,200,application/json; charset=utf-8,13465,fd2c02554b566b23512ef435a492b6baf74d5f65c6d3ece9148530153bb24d0e,1022,OK,168,148,0,0,2026-08-31 00:00,2026-09-06 23:00,False,
508035_2026-08-31_2026-09-06_a1,508035,2026-08-31,2026-09-06,https://api-v3.thaiwater.net/api/v1/thaiwater30/public/waterlevel_graph?station_type=tele_waterlevel&station_id=508035&start_date=2026-08-31&end_date=2026-09-06,2026-09-11T08:08:51.282525Z,200,application/json; charset=utf-8,13679,76e12a4b48b800ddcf4ad9fe52335b529661a79c6abb1dd87ee25342c6ff3ca3,954,OK,168,160,160,0,2026-08-31 00:00,2026-09-06 23:00,False,
516210_2026-08-31_2026-09-06_a1,516210,2026-08-31,2026-09-06,https://api-v3.thaiwater.net/api/v1/thaiwater30/public/waterlevel_graph?station_type=tele_waterlevel&station_id=516210&start_date=2026-08-31&end_date=2026-09-06,2026-09-11T08:08:52.765593Z,200,application/json; charset=utf-8,79768,a6e384fb19abdd3f0ca6997ab65d6151048b6f7effc98aa04f0ad0f8b6dd78f8,3024,OK,1008,0,0,0,2026-08-31 00:00,2026-09-06 23:50,True,
516213_2026-08-31_2026-09-06_a1,516213,2026-08-31,2026-09-06,https://api-v3.thaiwater.net/api/v1/thaiwater30/public/waterlevel_graph?station_type=tele_waterlevel&station_id=516213&start_date=2026-08-31&end_date=2026-09-06,2026-09-11T08:08:54.840574Z,200,application/json; charset=utf-8,81624,3fc49cfc6f663fc342cfb1c4cb22be991b44abea8cce319637dac1334406af51,4009,OK,1008,995,0,0,2026-08-31 00:00,2026-09-06 23:50,False,
516216_2026-08-31_2026-09-06_a1,516216,2026-08-31,2026-09-06,https://api-v3.thaiwater.net/api/v1/thaiwater30/public/waterlevel_graph?station_type=tele_waterlevel&station_id=516216&start_date=2026-08-31&end_date=2026-09-06,2026-09-11T08:08:57.246973Z,200,application/json; charset=utf-8,81616,86ff912ff679c0f30eba80571b581822ab8067eb0591005d0653d33c0c2bd7ac,4013,OK,1008,995,0,0,2026-08-31 00:00,2026-09-06 23:50,False,
516218_2026-08-31_2026-09-06_a1,516218,2026-08-31,2026-09-06,https://api-v3.thaiwater.net/api/v1/thaiwater30/public/waterlevel_graph?station_type=tele_waterlevel&station_id=516218&start_date=2026-08-31&end_date=2026-09-06,2026-09-11T08:08:59.553601Z,200,application/json; charset=utf-8,81666,f31b5295fae216d4c937c7959f3b733f3cdc96769a23e3aef2906e037ac000a2,4433,OK,1008,987,0,0,2026-08-31 00:00,2026-09-06 23:50,False,
527828_2026-08-31_2026-09-06_a1,527828,2026-08-31,2026-09-06,https://api-v3.thaiwater.net/api/v1/thaiwater30/public/waterlevel_graph?station_type=tele_waterlevel&station_id=527828&start_date=2026-08-31&end_date=2026-09-06,2026-09-11T08:09:02.049592Z,200,application/json; charset=utf-8,14444,57099e946f177b88b415df345f6aaf5252dfea9eafed42bf383e04b6b176fc65,973,OK,168,161,161,0,2026-08-31 00:00,2026-09-06 23:00,False,
528052_2026-08-31_2026-09-06_a1,528052,2026-08-31,2026-09-06,https://api-v3.thaiwater.net/api/v1/thaiwater30/public/waterlevel_graph?station_type=tele_waterlevel&station_id=528052&start_date=2026-08-31&end_date=2026-09-06,2026-09-11T08:09:03.533178Z,200,application/json; charset=utf-8,15055,24c81b6527789dc33beeda5a179bd3d1dcf0621e7f0584c8983b4b2e86534fca,1018,OK,168,152,0,0,2026-08-31 00:00,2026-09-06 23:00,False,
529399_2026-08-31_2026-09-06_a1,529399,2026-08-31,2026-09-06,https://api-v3.thaiwater.net/api/v1/thaiwater30/public/waterlevel_graph?station_type=tele_waterlevel&station_id=529399&start_date=2026-08-31&end_date=2026-09-06,2026-09-11T08:09:04.927025Z,200,application/json; charset=utf-8,81473,0d7711fe4b0ea656836ec91f2a6ade8a5c4d15ca81938ea91e3802547d499566,3917,OK,1008,990,0,0,2026-08-31 00:00,2026-09-06 23:50,False,
558654_2026-08-31_2026-09-06_a1,558654,2026-08-31,2026-09-06,https://api-v3.thaiwater.net/api/v1/thaiwater30/public/waterlevel_graph?station_type=tele_waterlevel&station_id=558654&start_date=2026-08-31&end_date=2026-09-06,2026-09-11T08:09:07.207572Z,200,application/json; charset=utf-8,13861,da1a43855ac79f23947e045a74027ba8e6efb4487ddb2b0f21ce6ae4044f0263,734,OK,168,168,0,0,2026-08-31 00:00,2026-09-06 23:00,False,
558658_2026-08-31_2026-09-06_a1,558658,2026-08-31,2026-09-06,https://api-v3.thaiwater.net/api/v1/thaiwater30/public/waterlevel_graph?station_type=tele_waterlevel&station_id=558658&start_date=2026-08-31&end_date=2026-09-06,2026-09-11T08:09:08.525940Z,200,application/json; charset=utf-8,13888,7d686ad03eecb50e62eab8dbfed4cc34d61a55c4055ea5a8855671eacb31143b,991,OK,168,168,0,0,2026-08-31 00:00,2026-09-06 23:00,False,
558661_2026-08-31_2026-09-06_a1,558661,2026-08-31,2026-09-06,https://api-v3.thaiwater.net/api/v1/thaiwater30/public/waterlevel_graph?station_type=tele_waterlevel&station_id=558661&start_date=2026-08-31&end_date=2026-09-06,2026-09-11T08:09:09.920228Z,200,application/json; charset=utf-8,13849,a468938cc2a0c2b2f4199a954f747dcb584e873f456ac89bf3105f09b89bbb8c,1116,OK,168,166,0,0,2026-08-31 00:00,2026-09-06 23:00,False,
562796_2026-08-31_2026-09-06_a1,562796,2026-08-31,2026-09-06,https://api-v3.thaiwater.net/api/v1/thaiwater30/public/waterlevel_graph?station_type=tele_waterlevel&station_id=562796&start_date=2026-08-31&end_date=2026-09-06,2026-09-11T08:09:11.405264Z,200,application/json; charset=utf-8,14245,7e14e7094a5b15321b00c95b30e04c925b0fd880ae04d1fef759f027f7b58460,1576,OK,168,168,168,0,2026-08-31 00:00,2026-09-06 23:00,False,
562799_2026-08-31_2026-09-06_a1,562799,2026-08-31,2026-09-06,https://api-v3.thaiwater.net/api/v1/thaiwater30/public/waterlevel_graph?station_type=tele_waterlevel&station_id=562799&start_date=2026-08-31&end_date=2026-09-06,2026-09-11T08:09:12.763705Z,200,application/json; charset=utf-8,13536,cc7fc2c4fbbe8970209466607a3c55d9c7625163987dc3a48d8541f9e2499f28,1383,OK,168,168,168,0,2026-08-31 00:00,2026-09-06 23:00,False,
562800_2026-08-31_2026-09-06_a1,562800,2026-08-31,2026-09-06,https://api-v3.thaiwater.net/api/v1/thaiwater30/public/waterlevel_graph?station_type=tele_waterlevel&station_id=562800&start_date=2026-08-31&end_date=2026-09-06,2026-09-11T08:09:14.263073Z,200,application/json; charset=utf-8,13721,064325f361ca9da6f3775db9f7e90f42912c022121a0ee786428624bde64a04e,1046,OK,168,168,0,0,2026-08-31 00:00,2026-09-06 23:00,False,
562802_2026-08-31_2026-09-06_a1,562802,2026-08-31,2026-09-06,https://api-v3.thaiwater.net/api/v1/thaiwater30/public/waterlevel_graph?station_type=tele_waterlevel&station_id=562802&start_date=2026-08-31&end_date=2026-09-06,2026-09-11T08:09:15.592679Z,200,application/json; charset=utf-8,13725,b227561ee13467f2b1b8043ebec9252a3c173cf9e9a8d90bd7ee56207fbc9e97,966,OK,168,168,0,0,2026-08-31 00:00,2026-09-06 23:00,False,
562803_2026-08-31_2026-09-06_a1,562803,2026-08-31,2026-09-06,https://api-v3.thaiwater.net/api/v1/thaiwater30/public/waterlevel_graph?station_type=tele_waterlevel&station_id=562803&start_date=2026-08-31&end_date=2026-09-06,2026-09-11T08:09:16.768694Z,200,application/json; charset=utf-8,13657,39be46bda36279695904f65ba6cd9865004b8e6e2bceb3821b2af0e754fec1a4,1123,OK,168,168,0,0,2026-08-31 00:00,2026-09-06 23:00,False,
562804_2026-08-31_2026-09-06_a1,562804,2026-08-31,2026-09-06,https://api-v3.thaiwater.net/api/v1/thaiwater30/public/waterlevel_graph?station_type=tele_waterlevel&station_id=562804&start_date=2026-08-31&end_date=2026-09-06,2026-09-11T08:09:18.215223Z,200,application/json; charset=utf-8,13883,bbd1af385999a5f1195b78a2222b05550e8a8f21599ed6b9faa27ebb47ff7469,931,OK,168,168,0,0,2026-08-31 00:00,2026-09-06 23:00,False,
562808_2026-08-31_2026-09-06_a1,562808,2026-08-31,2026-09-06,https://api-v3.thaiwater.net/api/v1/thaiwater30/public/waterlevel_graph?station_type=tele_waterlevel&station_id=562808&start_date=2026-08-31&end_date=2026-09-06,2026-09-11T08:09:19.475234Z,200,application/json; charset=utf-8,13884,3934f409b634500dd6101338aeb2be5775616bbdacd8243ff582435795c74611,1069,OK,168,168,0,0,2026-08-31 00:00,2026-09-06 23:00,False,
575565_2026-08-31_2026-09-06_a1,575565,2026-08-31,2026-09-06,https://api-v3.thaiwater.net/api/v1/thaiwater30/public/waterlevel_graph?station_type=tele_waterlevel&station_id=575565&start_date=2026-08-31&end_date=2026-09-06,2026-09-11T08:09:20.731330Z,200,application/json; charset=utf-8,79764,d53ace4ffbc2fc7a697531d1964f6cb13e88ec8eb871028abc394225a6dfeb45,3021,OK,1008,0,0,0,2026-08-31 00:00,2026-09-06 23:50,True,
575566_2026-08-31_2026-09-06_a1,575566,2026-08-31,2026-09-06,https://api-v3.thaiwater.net/api/v1/thaiwater30/public/waterlevel_graph?station_type=tele_waterlevel&station_id=575566&start_date=2026-08-31&end_date=2026-09-06,2026-09-11T08:09:22.970184Z,200,application/json; charset=utf-8,79889,f60c27fc61b4c217e8f716b32c129a131ad2fa97bac9c3092681c9853760d175,5131,OK,1008,964,0,0,2026-08-31 00:00,2026-09-06 23:50,False,
575567_2026-08-31_2026-09-06_a1,575567,2026-08-31,2026-09-06,https://api-v3.thaiwater.net/api/v1/thaiwater30/public/waterlevel_graph?station_type=tele_waterlevel&station_id=575567&start_date=2026-08-31&end_date=2026-09-06,2026-09-11T08:09:25.233993Z,200,application/json; charset=utf-8,79917,b1d6f09cc30a608c28e876e69580a6cfc6eb5b4672f63ba63d0bce32169829fc,5121,OK,1008,971,0,0,2026-08-31 00:00,2026-09-06 23:50,False,
575568_2026-08-31_2026-09-06_a1,575568,2026-08-31,2026-09-06,https://api-v3.thaiwater.net/api/v1/thaiwater30/public/waterlevel_graph?station_type=tele_waterlevel&station_id=575568&start_date=2026-08-31&end_date=2026-09-06,2026-09-11T08:09:27.546842Z,200,application/json; charset=utf-8,79971,58c11767ad75a1de819a972ae5851faae4bd8ef17a5bb42904a52f574366fda8,5152,OK,1008,877,0,0,2026-08-31 00:00,2026-09-06 23:50,False,
575569_2026-08-31_2026-09-06_a1,575569,2026-08-31,2026-09-06,https://api-v3.thaiwater.net/api/v1/thaiwater30/public/waterlevel_graph?station_type=tele_waterlevel&station_id=575569&start_date=2026-08-31&end_date=2026-09-06,2026-09-11T08:09:29.774598Z,200,application/json; charset=utf-8,79763,833b94b3443ef1e1d9fcdb9df8cd22adaf3e86a02871e78a843c467bd8108e71,3020,OK,1008,0,0,0,2026-08-31 00:00,2026-09-06 23:50,True,
595071_2026-08-31_2026-09-06_a1,595071,2026-08-31,2026-09-06,https://api-v3.thaiwater.net/api/v1/thaiwater30/public/waterlevel_graph?station_type=tele_waterlevel&station_id=595071&start_date=2026-08-31&end_date=2026-09-06,2026-09-11T08:09:32.059618Z,200,application/json; charset=utf-8,81491,989c50a9418ba343b7a316445161a0edfa0ca1bcb7a712b3a885bf49ebbb635a,3787,OK,1008,1002,0,0,2026-08-31 00:00,2026-09-06 23:50,False,
595072_2026-08-31_2026-09-06_a1,595072,2026-08-31,2026-09-06,https://api-v3.thaiwater.net/api/v1/thaiwater30/public/waterlevel_graph?station_type=tele_waterlevel&station_id=595072&start_date=2026-08-31&end_date=2026-09-06,2026-09-11T08:09:34.178829Z,200,application/json; charset=utf-8,81291,67cf152161f3c900287649dde6f970259aac311577af068a7b1a93edad39547d,4092,OK,1008,820,0,0,2026-08-31 00:00,2026-09-06 23:50,False,
632505_2026-08-31_2026-09-06_a1,632505,2026-08-31,2026-09-06,https://api-v3.thaiwater.net/api/v1/thaiwater30/public/waterlevel_graph?station_type=tele_waterlevel&station_id=632505&start_date=2026-08-31&end_date=2026-09-06,2026-09-11T08:09:36.565662Z,200,application/json; charset=utf-8,15319,f070475bdaf142652139adfcb284ca2ba2a65a1ae9fea44599bbcd63ac1c28b7,1350,OK,168,161,161,0,2026-08-31 00:00,2026-09-06 23:00,False,
632511_2026-08-31_2026-09-06_a1,632511,2026-08-31,2026-09-06,https://api-v3.thaiwater.net/api/v1/thaiwater30/public/waterlevel_graph?station_type=tele_waterlevel&station_id=632511&start_date=2026-08-31&end_date=2026-09-06,2026-09-11T08:09:37.918775Z,200,application/json; charset=utf-8,14699,627163a1e6ec929e47808b61ad484575ad17ede3b6f9bfd4f782356acc13d1fb,1361,OK,168,161,161,0,2026-08-31 00:00,2026-09-06 23:00,False,
638734_2026-08-31_2026-09-06_a1,638734,2026-08-31,2026-09-06,https://api-v3.thaiwater.net/api/v1/thaiwater30/public/waterlevel_graph?station_type=tele_waterlevel&station_id=638734&start_date=2026-08-31&end_date=2026-09-06,2026-09-11T08:09:39.184053Z,200,application/json; charset=utf-8,80705,f42307fb05c15fc7e68bd2818b2b124dd4adb7894f3f099692bdafae2e76d2a7,4205,OK,1008,998,0,0,2026-08-31 00:00,2026-09-06 23:50,False,
642740_2026-08-31_2026-09-06_a1,642740,2026-08-31,2026-09-06,https://api-v3.thaiwater.net/api/v1/thaiwater30/public/waterlevel_graph?station_type=tele_waterlevel&station_id=642740&start_date=2026-08-31&end_date=2026-09-06,2026-09-11T08:09:41.503944Z,200,application/json; charset=utf-8,81649,c2bf4e31e51cb2e46f3a51edf4765a78901c905123b161cc757866deab924026,4261,OK,1008,1003,0,0,2026-08-31 00:00,2026-09-06 23:50,False,
642750_2026-08-31_2026-09-06_a1,642750,2026-08-31,2026-09-06,https://api-v3.thaiwater.net/api/v1/thaiwater30/public/waterlevel_graph?station_type=tele_waterlevel&station_id=642750&start_date=2026-08-31&end_date=2026-09-06,2026-09-11T08:09:43.783964Z,200,application/json; charset=utf-8,81725,4301052cf6365a2815256e68a40f0b25b3de840483d21f0a64b44cdaa58fb86d,4021,OK,1008,1001,0,0,2026-08-31 00:00,2026-09-06 23:50,False,
642753_2026-08-31_2026-09-06_a1,642753,2026-08-31,2026-09-06,https://api-v3.thaiwater.net/api/v1/thaiwater30/public/waterlevel_graph?station_type=tele_waterlevel&station_id=642753&start_date=2026-08-31&end_date=2026-09-06,2026-09-11T08:09:46.006310Z,200,application/json; charset=utf-8,81708,916a9c8981d29c87b511d6b9ca8d67552fef126f89cab0b1e2e88bb5701f2844,4346,OK,1008,998,0,0,2026-08-31 00:00,2026-09-06 23:50,False,
648042_2026-08-31_2026-09-06_a1,648042,2026-08-31,2026-09-06,https://api-v3.thaiwater.net/api/v1/thaiwater30/public/waterlevel_graph?station_type=tele_waterlevel&station_id=648042&start_date=2026-08-31&end_date=2026-09-06,2026-09-11T08:09:47.984108Z,200,application/json; charset=utf-8,81682,99d0692e4116a3d5b71a75133567497070095192783486b46c594a59cbb1f115,4079,OK,1008,1003,0,0,2026-08-31 00:00,2026-09-06 23:50,False,
670714_2026-08-31_2026-09-06_a1,670714,2026-08-31,2026-09-06,https://api-v3.thaiwater.net/api/v1/thaiwater30/public/waterlevel_graph?station_type=tele_waterlevel&station_id=670714&start_date=2026-08-31&end_date=2026-09-06,2026-09-11T08:09:50.272483Z,200,application/json; charset=utf-8,81702,1f099bf724a0c407e0faa45ebf66245b0a6e7702cfa3ce07de3cf60781fe8647,3408,OK,1008,1001,0,0,2026-08-31 00:00,2026-09-06 23:50,False,
670715_2026-08-31_2026-09-06_a1,670715,2026-08-31,2026-09-06,https://api-v3.thaiwater.net/api/v1/thaiwater30/public/waterlevel_graph?station_type=tele_waterlevel&station_id=670715&start_date=2026-08-31&end_date=2026-09-06,2026-09-11T08:09:52.347191Z,200,application/json; charset=utf-8,81696,b9585cf6540eb5b6f7d76363aeafd3949abb4eb073c15421bb03139cfa67e96d,3615,OK,1008,1002,0,0,2026-08-31 00:00,2026-09-06 23:50,False,
685637_2026-08-31_2026-09-06_a1,685637,2026-08-31,2026-09-06,https://api-v3.thaiwater.net/api/v1/thaiwater30/public/waterlevel_graph?station_type=tele_waterlevel&station_id=685637&start_date=2026-08-31&end_date=2026-09-06,2026-09-11T08:09:54.595055Z,200,application/json; charset=utf-8,81673,e2b495412049cb55e7f462f453d201e2a650fe785f2f34ed1fe7cf28174463a6,3800,OK,1008,1000,0,0,2026-08-31 00:00,2026-09-06 23:50,False,
685638_2026-08-31_2026-09-06_a1,685638,2026-08-31,2026-09-06,https://api-v3.thaiwater.net/api/v1/thaiwater30/public/waterlevel_graph?station_type=tele_waterlevel&station_id=685638&start_date=2026-08-31&end_date=2026-09-06,2026-09-11T08:09:56.680770Z,200,application/json; charset=utf-8,79768,2810b435efc2f1191de442be606fc8ddf21058d8dced0d8892d835e8c6dcb5c2,3027,OK,1008,0,0,0,2026-08-31 00:00,2026-09-06 23:50,True,
685643_2026-08-31_2026-09-06_a1,685643,2026-08-31,2026-09-06,https://api-v3.thaiwater.net/api/v1/thaiwater30/public/waterlevel_graph?station_type=tele_waterlevel&station_id=685643&start_date=2026-08-31&end_date=2026-09-06,2026-09-11T08:09:58.859941Z,200,application/json; charset=utf-8,81725,43f925ea148a8045f1269967eec47c0a121a86446b3c097918f2e582bb727a27,3814,OK,1008,999,0,0,2026-08-31 00:00,2026-09-06 23:50,False,
685650_2026-08-31_2026-09-06_a1,685650,2026-08-31,2026-09-06,https://api-v3.thaiwater.net/api/v1/thaiwater30/public/waterlevel_graph?station_type=tele_waterlevel&station_id=685650&start_date=2026-08-31&end_date=2026-09-06,2026-09-11T08:10:01.081115Z,200,application/json; charset=utf-8,81257,bd25a338b063f2908d3a28034a3292b78890fef6059d03dd6bc87e2f31c480ea,4360,OK,1008,790,0,0,2026-08-31 00:00,2026-09-06 23:50,False,
685653_2026-08-31_2026-09-06_a1,685653,2026-08-31,2026-09-06,https://api-v3.thaiwater.net/api/v1/thaiwater30/public/waterlevel_graph?station_type=tele_waterlevel&station_id=685653&start_date=2026-08-31&end_date=2026-09-06,2026-09-11T08:10:03.588447Z,200,application/json; charset=utf-8,81576,33aa55df0db293e51151992e2108a907a8ff4f1103bbe8b7c30d268c38f17ffa,4127,OK,1008,1000,0,0,2026-08-31 00:00,2026-09-06 23:50,False,
685658_2026-08-31_2026-09-06_a1,685658,2026-08-31,2026-09-06,https://api-v3.thaiwater.net/api/v1/thaiwater30/public/waterlevel_graph?station_type=tele_waterlevel&station_id=685658&start_date=2026-08-31&end_date=2026-09-06,2026-09-11T08:10:05.929271Z,200,application/json; charset=utf-8,81478,eb64a1e97149f6b66ad1996a7893260fa470b9008ad9f0e302fa19b51f2643fb,3592,OK,1008,889,0,0,2026-08-31 00:00,2026-09-06 23:50,False,
685678_2026-08-31_2026-09-06_a1,685678,2026-08-31,2026-09-06,https://api-v3.thaiwater.net/api/v1/thaiwater30/public/waterlevel_graph?station_type=tele_waterlevel&station_id=685678&start_date=2026-08-31&end_date=2026-09-06,2026-09-11T08:10:08.442022Z,200,application/json; charset=utf-8,80740,3414a47ed7b9238d1e67cb92f31f41e204ea92cfc1b33e92c596e8069d733c39,3825,OK,1008,324,0,0,2026-08-31 00:00,2026-09-06 23:50,False,
700551_2026-08-31_2026-09-06_a1,700551,2026-08-31,2026-09-06,https://api-v3.thaiwater.net/api/v1/thaiwater30/public/waterlevel_graph?station_type=tele_waterlevel&station_id=700551&start_date=2026-08-31&end_date=2026-09-06,2026-09-11T08:10:10.737482Z,200,application/json; charset=utf-8,14214,60186fe7aaff93e79b5d3bf6e13c1de5ed25edf256b9babb59ea2eebde57dd52,1344,OK,168,168,0,0,2026-08-31 00:00,2026-09-06 23:00,False,
700552_2026-08-31_2026-09-06_a1,700552,2026-08-31,2026-09-06,https://api-v3.thaiwater.net/api/v1/thaiwater30/public/waterlevel_graph?station_type=tele_waterlevel&station_id=700552&start_date=2026-08-31&end_date=2026-09-06,2026-09-11T08:10:14.333007Z,200,application/json; charset=utf-8,13858,56134904b5faf0121220be69b7d389a2b801cb63aafb59528fe00d9917ccb8f1,1805,OK,168,168,168,0,2026-08-31 00:00,2026-09-06 23:00,False,
700553_2026-08-31_2026-09-06_a1,700553,2026-08-31,2026-09-06,https://api-v3.thaiwater.net/api/v1/thaiwater30/public/waterlevel_graph?station_type=tele_waterlevel&station_id=700553&start_date=2026-08-31&end_date=2026-09-06,2026-09-11T08:10:15.889125Z,200,application/json; charset=utf-8,13724,8894e5db07e6915a2aaf76858e40068b5757c6103ba81dc6a54ad28d10286f51,1101,OK,168,168,0,0,2026-08-31 00:00,2026-09-06 23:00,False,
700555_2026-08-31_2026-09-06_a1,700555,2026-08-31,2026-09-06,https://api-v3.thaiwater.net/api/v1/thaiwater30/public/waterlevel_graph?station_type=tele_waterlevel&station_id=700555&start_date=2026-08-31&end_date=2026-09-06,2026-09-11T08:10:17.506846Z,200,application/json; charset=utf-8,13389,5331ed57b80b003aa5767631536e5a150202b44356158cce9b7418e72a3623d8,1001,OK,168,161,161,0,2026-08-31 00:00,2026-09-06 23:00,False,
700556_2026-08-31_2026-09-06_a1,700556,2026-08-31,2026-09-06,https://api-v3.thaiwater.net/api/v1/thaiwater30/public/waterlevel_graph?station_type=tele_waterlevel&station_id=700556&start_date=2026-08-31&end_date=2026-09-06,2026-09-11T08:10:19.078584Z,200,application/json; charset=utf-8,13874,bc7a44aebbdc1cd93f83d05fbc6202442718ec1a0e45962cd4c28bfc9b00f017,1155,OK,168,168,168,0,2026-08-31 00:00,2026-09-06 23:00,False,
700559_2026-08-31_2026-09-06_a1,700559,2026-08-31,2026-09-06,https://api-v3.thaiwater.net/api/v1/thaiwater30/public/waterlevel_graph?station_type=tele_waterlevel&station_id=700559&start_date=2026-08-31&end_date=2026-09-06,2026-09-11T08:10:20.486468Z,200,application/json; charset=utf-8,13889,60af186b0521b4cbc9bc10b16aaf31e0c6cc52f84cd9ae6c6af2241c51b866d4,956,OK,168,168,0,0,2026-08-31 00:00,2026-09-06 23:00,False,
700584_2026-08-31_2026-09-06_a1,700584,2026-08-31,2026-09-06,https://api-v3.thaiwater.net/api/v1/thaiwater30/public/waterlevel_graph?station_type=tele_waterlevel&station_id=700584&start_date=2026-08-31&end_date=2026-09-06,2026-09-11T08:10:21.891150Z,200,application/json; charset=utf-8,14111,9f60a852dcff4b26fa49647c8db4ad77805f5f0d1874649912e2ddf10f4abbb3,1905,OK,168,168,168,0,2026-08-31 00:00,2026-09-06 23:00,False,
700585_2026-08-31_2026-09-06_a1,700585,2026-08-31,2026-09-06,https://api-v3.thaiwater.net/api/v1/thaiwater30/public/waterlevel_graph?station_type=tele_waterlevel&station_id=700585&start_date=2026-08-31&end_date=2026-09-06,2026-09-11T08:10:23.283366Z,200,application/json; charset=utf-8,14833,588a60944787f1eda07e1b186dc706a14b92511019a08834c2539e2ede31e1f8,2344,OK,168,168,168,0,2026-08-31 00:00,2026-09-06 23:00,False,
700586_2026-08-31_2026-09-06_a1,700586,2026-08-31,2026-09-06,https://api-v3.thaiwater.net/api/v1/thaiwater30/public/waterlevel_graph?station_type=tele_waterlevel&station_id=700586&start_date=2026-08-31&end_date=2026-09-06,2026-09-11T08:10:26.185805Z,200,application/json; charset=utf-8,14602,24fbdf2216c7e423d5b9eb0510cc94ce8a553ad900b332c8d260429bafee2d40,2183,OK,168,168,168,0,2026-08-31 00:00,2026-09-06 23:00,False,
700587_2026-08-31_2026-09-06_a1,700587,2026-08-31,2026-09-06,https://api-v3.thaiwater.net/api/v1/thaiwater30/public/waterlevel_graph?station_type=tele_waterlevel&station_id=700587&start_date=2026-08-31&end_date=2026-09-06,2026-09-11T08:10:27.790935Z,200,application/json; charset=utf-8,15213,ee6b417221ace2b45ef1fe42cca8d574f07c1db2ef1123995a742170d6b52fe1,2632,OK,168,168,168,0,2026-08-31 00:00,2026-09-06 23:00,False,
700588_2026-08-31_2026-09-06_a1,700588,2026-08-31,2026-09-06,https://api-v3.thaiwater.net/api/v1/thaiwater30/public/waterlevel_graph?station_type=tele_waterlevel&station_id=700588&start_date=2026-08-31&end_date=2026-09-06,2026-09-11T08:10:29.344845Z,200,application/json; charset=utf-8,14773,7e71841e6768d5f969f381505af8c4ee4d9ab01365c7e0cadb77f3ea52687a54,2254,OK,168,168,168,0,2026-08-31 00:00,2026-09-06 23:00,False,
700589_2026-08-31_2026-09-06_a1,700589,2026-08-31,2026-09-06,https://api-v3.thaiwater.net/api/v1/thaiwater30/public/waterlevel_graph?station_type=tele_waterlevel&station_id=700589&start_date=2026-08-31&end_date=2026-09-06,2026-09-11T08:10:31.094281Z,200,application/json; charset=utf-8,15158,679c246d428dc4912e30697ffd39fb0f58a0d3c35f7772bf69bf9407c9ac6738,2388,OK,168,162,162,0,2026-08-31 00:00,2026-09-06 23:00,False,
700591_2026-08-31_2026-09-06_a1,700591,2026-08-31,2026-09-06,https://api-v3.thaiwater.net/api/v1/thaiwater30/public/waterlevel_graph?station_type=tele_waterlevel&station_id=700591&start_date=2026-08-31&end_date=2026-09-06,2026-09-11T08:10:32.576948Z,200,application/json; charset=utf-8,14891,de2c0ee4794cfcca84ba94a303d1da34ec692a4d078e93b2afe440302ad4bbfe,2286,OK,168,168,168,0,2026-08-31 00:00,2026-09-06 23:00,False,
700592_2026-08-31_2026-09-06_a1,700592,2026-08-31,2026-09-06,https://api-v3.thaiwater.net/api/v1/thaiwater30/public/waterlevel_graph?station_type=tele_waterlevel&station_id=700592&start_date=2026-08-31&end_date=2026-09-06,2026-09-11T08:10:34.063161Z,200,application/json; charset=utf-8,13405,e5678c2ec1651f186d6ac047e0dd77de1498b29766d3d9c631621565a420b71d,642,OK,168,0,0,0,2026-08-31 00:00,2026-09-06 23:00,True,
709863_2026-08-31_2026-09-06_a1,709863,2026-08-31,2026-09-06,https://api-v3.thaiwater.net/api/v1/thaiwater30/public/waterlevel_graph?station_type=tele_waterlevel&station_id=709863&start_date=2026-08-31&end_date=2026-09-06,2026-09-11T08:10:35.341061Z,200,application/json; charset=utf-8,13846,3a44f3da2a28acf4b469fdc230ff632d62447ec6eb1fa433b51be45ef2058810,1605,OK,168,168,168,0,2026-08-31 00:00,2026-09-06 23:00,False,
726653_2026-08-31_2026-09-06_a1,726653,2026-08-31,2026-09-06,https://api-v3.thaiwater.net/api/v1/thaiwater30/public/waterlevel_graph?station_type=tele_waterlevel&station_id=726653&start_date=2026-08-31&end_date=2026-09-06,2026-09-11T08:10:37.134150Z,200,application/json; charset=utf-8,13049,d7aef1d44ba2ecb8274cbbc92767a84eb77259a3d067740327739364274de7d4,899,OK,168,148,148,0,2026-08-31 00:00,2026-09-06 23:00,False,
726656_2026-08-31_2026-09-06_a1,726656,2026-08-31,2026-09-06,https://api-v3.thaiwater.net/api/v1/thaiwater30/public/waterlevel_graph?station_type=tele_waterlevel&station_id=726656&start_date=2026-08-31&end_date=2026-09-06,2026-09-11T08:10:40.529256Z,200,application/json; charset=utf-8,14029,0d7cb5626463b4e22df61acb34514d209aacae489920aecd1307f9d00b02afaa,914,OK,168,148,148,0,2026-08-31 00:00,2026-09-06 23:00,False,
726667_2026-08-31_2026-09-06_a1,726667,2026-08-31,2026-09-06,https://api-v3.thaiwater.net/api/v1/thaiwater30/public/waterlevel_graph?station_type=tele_waterlevel&station_id=726667&start_date=2026-08-31&end_date=2026-09-06,2026-09-11T08:10:41.918251Z,200,application/json; charset=utf-8,13401,df3a973c795354b3f25971ee8d39004bf173d5a9a3c023ad1eea4c213b28e286,697,OK,168,7,7,0,2026-08-31 00:00,2026-09-06 23:00,False,
726673_2026-08-31_2026-09-06_a1,726673,2026-08-31,2026-09-06,https://api-v3.thaiwater.net/api/v1/thaiwater30/public/waterlevel_graph?station_type=tele_waterlevel&station_id=726673&start_date=2026-08-31&end_date=2026-09-06,2026-09-11T08:10:43.757739Z,200,application/json; charset=utf-8,13800,4649cfa53bfb880965d56b689fae13a2fb9a1ecad46bd2a4a9137cd152eddac9,956,OK,168,148,148,0,2026-08-31 00:00,2026-09-06 23:00,False,
726680_2026-08-31_2026-09-06_a1,726680,2026-08-31,2026-09-06,https://api-v3.thaiwater.net/api/v1/thaiwater30/public/waterlevel_graph?station_type=tele_waterlevel&station_id=726680&start_date=2026-08-31&end_date=2026-09-06,2026-09-11T08:10:45.451342Z,200,application/json; charset=utf-8,13778,20814bf3acc50d3f4066a75739c78af684f0b2204248eca7c611d61716070db5,892,OK,168,148,148,0,2026-08-31 00:00,2026-09-06 23:00,False,
726684_2026-08-31_2026-09-06_a1,726684,2026-08-31,2026-09-06,https://api-v3.thaiwater.net/api/v1/thaiwater30/public/waterlevel_graph?station_type=tele_waterlevel&station_id=726684&start_date=2026-08-31&end_date=2026-09-06,2026-09-11T08:10:46.999828Z,200,application/json; charset=utf-8,13433,37dbfdca1e0d727aa24e947e5d2d0a1df54b287d5b8b196f8def6a1990725e38,945,OK,168,148,0,0,2026-08-31 00:00,2026-09-06 23:00,False,
726686_2026-08-31_2026-09-06_a1,726686,2026-08-31,2026-09-06,https://api-v3.thaiwater.net/api/v1/thaiwater30/public/waterlevel_graph?station_type=tele_waterlevel&station_id=726686&start_date=2026-08-31&end_date=2026-09-06,2026-09-11T08:10:48.673232Z,200,application/json; charset=utf-8,13578,5cc629d871033b967432a293f58f58d8ebc46c8cab2abe74168ebbb45cac79be,1036,OK,168,148,148,0,2026-08-31 00:00,2026-09-06 23:00,False,
740532_2026-08-31_2026-09-06_a1,740532,2026-08-31,2026-09-06,https://api-v3.thaiwater.net/api/v1/thaiwater30/public/waterlevel_graph?station_type=tele_waterlevel&station_id=740532&start_date=2026-08-31&end_date=2026-09-06,2026-09-11T08:10:50.493532Z,200,application/json; charset=utf-8,81666,047ac2574364610b9d98ac7180a93a2a02ca8826bc417bc733de1ee5dc6e88fa,4768,OK,1008,1004,0,0,2026-08-31 00:00,2026-09-06 23:50,False,
740533_2026-08-31_2026-09-06_a1,740533,2026-08-31,2026-09-06,https://api-v3.thaiwater.net/api/v1/thaiwater30/public/waterlevel_graph?station_type=tele_waterlevel&station_id=740533&start_date=2026-08-31&end_date=2026-09-06,2026-09-11T08:10:54.054925Z,200,application/json; charset=utf-8,79883,7c91dfba956169df5eae7a4406c2bfb381383aadac786984aa531374d68ed17e,3262,OK,1008,62,0,0,2026-08-31 00:00,2026-09-06 23:50,False,
740537_2026-08-31_2026-09-06_a1,740537,2026-08-31,2026-09-06,https://api-v3.thaiwater.net/api/v1/thaiwater30/public/waterlevel_graph?station_type=tele_waterlevel&station_id=740537&start_date=2026-08-31&end_date=2026-09-06,2026-09-11T08:10:57.000977Z,200,application/json; charset=utf-8,81654,bb9768d519d10d9e0484a952ef71f398d22a93349efbe35fc674709ab9b0d4c3,3828,OK,1008,1002,0,0,2026-08-31 00:00,2026-09-06 23:50,False,
740538_2026-08-31_2026-09-06_a1,740538,2026-08-31,2026-09-06,https://api-v3.thaiwater.net/api/v1/thaiwater30/public/waterlevel_graph?station_type=tele_waterlevel&station_id=740538&start_date=2026-08-31&end_date=2026-09-06,2026-09-11T08:11:00.458184Z,200,application/json; charset=utf-8,80471,6594ddf81af6c3ec7fbdcbffa7d2aa9c2758b67e0744538463ae1453fd32dd4a,3659,OK,1008,362,0,0,2026-08-31 00:00,2026-09-06 23:50,False,
740540_2026-08-31_2026-09-06_a1,740540,2026-08-31,2026-09-06,https://api-v3.thaiwater.net/api/v1/thaiwater30/public/waterlevel_graph?station_type=tele_waterlevel&station_id=740540&start_date=2026-08-31&end_date=2026-09-06,2026-09-11T08:11:03.353781Z,200,application/json; charset=utf-8,81290,bb02f1b52cbe225a0d04bb860778d0243fb58e1f42599f6ab105e6e60de5b6be,4136,OK,1008,915,0,0,2026-08-31 00:00,2026-09-06 23:50,False,
740720_2026-08-31_2026-09-06_a1,740720,2026-08-31,2026-09-06,https://api-v3.thaiwater.net/api/v1/thaiwater30/public/waterlevel_graph?station_type=tele_waterlevel&station_id=740720&start_date=2026-08-31&end_date=2026-09-06,2026-09-11T08:11:06.223806Z,200,application/json; charset=utf-8,81762,ffccd1c25337b3e30550c42d1855f4d02b05a9ee7955012a0eb2dbbe2388ae7b,3449,OK,1008,997,0,0,2026-08-31 00:00,2026-09-06 23:50,False,
740723_2026-08-31_2026-09-06_a1,740723,2026-08-31,2026-09-06,https://api-v3.thaiwater.net/api/v1/thaiwater30/public/waterlevel_graph?station_type=tele_waterlevel&station_id=740723&start_date=2026-08-31&end_date=2026-09-06,2026-09-11T08:11:09.451287Z,200,application/json; charset=utf-8,80580,0067dd3d5b3300fbb271ba0be69403f1f08bd7788c5d24a18a69e167d2e24013,3765,OK,1008,995,0,0,2026-08-31 00:00,2026-09-06 23:50,False,
740726_2026-08-31_2026-09-06_a1,740726,2026-08-31,2026-09-06,https://api-v3.thaiwater.net/api/v1/thaiwater30/public/waterlevel_graph?station_type=tele_waterlevel&station_id=740726&start_date=2026-08-31&end_date=2026-09-06,2026-09-11T08:11:12.099242Z,200,application/json; charset=utf-8,80701,c086551dd63167ae89a8fdefaf3f45c13847e0c95b9e82dfc1caedd99944a970,4081,OK,1008,999,0,0,2026-08-31 00:00,2026-09-06 23:50,False,
740727_2026-08-31_2026-09-06_a1,740727,2026-08-31,2026-09-06,https://api-v3.thaiwater.net/api/v1/thaiwater30/public/waterlevel_graph?station_type=tele_waterlevel&station_id=740727&start_date=2026-08-31&end_date=2026-09-06,2026-09-11T08:11:14.621519Z,200,application/json; charset=utf-8,80727,93313c99f4a14b599dfe41b2fab6f864a31afcc6d735ccea765a2018566995e0,3649,OK,1008,986,0,0,2026-08-31 00:00,2026-09-06 23:50,False,
740729_2026-08-31_2026-09-06_a1,740729,2026-08-31,2026-09-06,https://api-v3.thaiwater.net/api/v1/thaiwater30/public/waterlevel_graph?station_type=tele_waterlevel&station_id=740729&start_date=2026-08-31&end_date=2026-09-06,2026-09-11T08:11:17.108091Z,200,application/json; charset=utf-8,80246,96bd807d92c8c638aec65c046e47da0133854edb13d949d93d7742e81a395f22,3462,OK,1008,992,0,0,2026-08-31 00:00,2026-09-06 23:50,False,
740730_2026-08-31_2026-09-06_a1,740730,2026-08-31,2026-09-06,https://api-v3.thaiwater.net/api/v1/thaiwater30/public/waterlevel_graph?station_type=tele_waterlevel&station_id=740730&start_date=2026-08-31&end_date=2026-09-06,2026-09-11T08:11:19.411110Z,200,application/json; charset=utf-8,80759,95353f4b56167ea6851418a78da3575610addf18e1204a28475b26e0424e5e7d,3459,OK,1008,991,0,0,2026-08-31 00:00,2026-09-06 23:50,False,
740731_2026-08-31_2026-09-06_a1,740731,2026-08-31,2026-09-06,https://api-v3.thaiwater.net/api/v1/thaiwater30/public/waterlevel_graph?station_type=tele_waterlevel&station_id=740731&start_date=2026-08-31&end_date=2026-09-06,2026-09-11T08:11:21.954934Z,200,application/json; charset=utf-8,80737,6268886337cbb3111bd67ddb954f5eeaa33ed3e1edf456b88b78f83186e76577,3401,OK,1008,973,0,0,2026-08-31 00:00,2026-09-06 23:50,False,
740736_2026-08-31_2026-09-06_a1,740736,2026-08-31,2026-09-06,https://api-v3.thaiwater.net/api/v1/thaiwater30/public/waterlevel_graph?station_type=tele_waterlevel&station_id=740736&start_date=2026-08-31&end_date=2026-09-06,2026-09-11T08:11:24.579550Z,200,application/json; charset=utf-8,80612,d9a14a78b41a2d942697d086ab3fb6cd562eeeea5d495c3add38318a5d91f36d,3458,OK,1008,970,0,0,2026-08-31 00:00,2026-09-06 23:50,False,
740737_2026-08-31_2026-09-06_a1,740737,2026-08-31,2026-09-06,https://api-v3.thaiwater.net/api/v1/thaiwater30/public/waterlevel_graph?station_type=tele_waterlevel&station_id=740737&start_date=2026-08-31&end_date=2026-09-06,2026-09-11T08:11:26.933455Z,200,application/json; charset=utf-8,80736,55fc8f48a4b892b86e26ce5e61d9718e10d107ea339161688f28bd175f5483c5,4028,OK,1008,999,0,0,2026-08-31 00:00,2026-09-06 23:50,False,
740738_2026-08-31_2026-09-06_a1,740738,2026-08-31,2026-09-06,https://api-v3.thaiwater.net/api/v1/thaiwater30/public/waterlevel_graph?station_type=tele_waterlevel&station_id=740738&start_date=2026-08-31&end_date=2026-09-06,2026-09-11T08:11:29.320688Z,200,application/json; charset=utf-8,80766,15ec1072a955a0c7487e3796207b122045dddba66be62c9203e4d0f50590420c,3618,OK,1008,998,0,0,2026-08-31 00:00,2026-09-06 23:50,False,
740739_2026-08-31_2026-09-06_a1,740739,2026-08-31,2026-09-06,https://api-v3.thaiwater.net/api/v1/thaiwater30/public/waterlevel_graph?station_type=tele_waterlevel&station_id=740739&start_date=2026-08-31&end_date=2026-09-06,2026-09-11T08:11:31.672414Z,200,application/json; charset=utf-8,79674,fbdd572d93e3dbf703b49a19a9ed6da56255df60c4e7590892ae8faa1fe20e60,3288,OK,1008,999,0,0,2026-08-31 00:00,2026-09-06 23:50,False,
740740_2026-08-31_2026-09-06_a1,740740,2026-08-31,2026-09-06,https://api-v3.thaiwater.net/api/v1/thaiwater30/public/waterlevel_graph?station_type=tele_waterlevel&station_id=740740&start_date=2026-08-31&end_date=2026-09-06,2026-09-11T08:11:34.213054Z,200,application/json; charset=utf-8,80520,778ac950619e0867e4fa2ea087e5a778e0cac11f101633c59c8e2d531c288cde,4247,OK,1008,1002,0,0,2026-08-31 00:00,2026-09-06 23:50,False,
740742_2026-08-31_2026-09-06_a1,740742,2026-08-31,2026-09-06,https://api-v3.thaiwater.net/api/v1/thaiwater30/public/waterlevel_graph?station_type=tele_waterlevel&station_id=740742&start_date=2026-08-31&end_date=2026-09-06,2026-09-11T08:11:36.894383Z,200,application/json; charset=utf-8,79723,f776db5dd6c2c1294972f254498f8c1be616ab25a8bb9f33dd591285d373993b,4088,OK,1008,994,0,0,2026-08-31 00:00,2026-09-06 23:50,False,
740746_2026-08-31_2026-09-06_a1,740746,2026-08-31,2026-09-06,https://api-v3.thaiwater.net/api/v1/thaiwater30/public/waterlevel_graph?station_type=tele_waterlevel&station_id=740746&start_date=2026-08-31&end_date=2026-09-06,2026-09-11T08:11:39.440250Z,200,application/json; charset=utf-8,79636,d7430da210c930a3953151aa1145257127429cfc27590771e6c9ace757dbcdaf,4356,OK,1008,1001,0,0,2026-08-31 00:00,2026-09-06 23:50,False,
745748_2026-08-31_2026-09-06_a1,745748,2026-08-31,2026-09-06,https://api-v3.thaiwater.net/api/v1/thaiwater30/public/waterlevel_graph?station_type=tele_waterlevel&station_id=745748&start_date=2026-08-31&end_date=2026-09-06,2026-09-11T08:11:41.954959Z,200,application/json; charset=utf-8,81642,cf3ec91e69667a897165a04a3e07af05894a907fc817900a304d89b3baa1fb5b,4146,OK,1008,994,0,0,2026-08-31 00:00,2026-09-06 23:50,False,
786010_2026-08-31_2026-09-06_a1,786010,2026-08-31,2026-09-06,https://api-v3.thaiwater.net/api/v1/thaiwater30/public/waterlevel_graph?station_type=tele_waterlevel&station_id=786010&start_date=2026-08-31&end_date=2026-09-06,2026-09-11T08:11:44.187794Z,200,application/json; charset=utf-8,14387,501008a4351733515df0ffe060b7aa191ebec24c7ac0331ad16f629a1bb4a8d1,953,OK,168,160,0,0,2026-08-31 00:00,2026-09-06 23:00,False,
832057_2026-08-31_2026-09-06_a1,832057,2026-08-31,2026-09-06,https://api-v3.thaiwater.net/api/v1/thaiwater30/public/waterlevel_graph?station_type=tele_waterlevel&station_id=832057&start_date=2026-08-31&end_date=2026-09-06,2026-09-11T08:11:45.422880Z,200,application/json; charset=utf-8,13531,3a26415ffa93525c4667d55045d28dec3f2cec3ec2679603ed0d242617547809,894,OK,168,152,0,0,2026-08-31 00:00,2026-09-06 23:00,False,
832059_2026-08-31_2026-09-06_a1,832059,2026-08-31,2026-09-06,https://api-v3.thaiwater.net/api/v1/thaiwater30/public/waterlevel_graph?station_type=tele_waterlevel&station_id=832059&start_date=2026-08-31&end_date=2026-09-06,2026-09-11T08:11:46.589061Z,200,application/json; charset=utf-8,13672,d716e7052b2a5d8cf742b3dec803c69215b188c471d1268ccb162b48bfe533ca,819,OK,168,152,0,0,2026-08-31 00:00,2026-09-06 23:00,False,
832066_2026-08-31_2026-09-06_a1,832066,2026-08-31,2026-09-06,https://api-v3.thaiwater.net/api/v1/thaiwater30/public/waterlevel_graph?station_type=tele_waterlevel&station_id=832066&start_date=2026-08-31&end_date=2026-09-06,2026-09-11T08:11:47.733901Z,200,application/json; charset=utf-8,13967,49073cbd0c60e9688503de9b8ca60d0036552d1fd5b8f4d063875eb6ab31603f,1472,OK,168,152,152,0,2026-08-31 00:00,2026-09-06 23:00,False,
832084_2026-08-31_2026-09-06_a1,832084,2026-08-31,2026-09-06,https://api-v3.thaiwater.net/api/v1/thaiwater30/public/waterlevel_graph?station_type=tele_waterlevel&station_id=832084&start_date=2026-08-31&end_date=2026-09-06,2026-09-11T08:11:49.104866Z,200,application/json; charset=utf-8,14156,3c21cb8d881304d13fb70cdb9fe27ed0bdbb0a1b632664ba832ee603d85c23b9,843,OK,168,152,152,0,2026-08-31 00:00,2026-09-06 23:00,False,
852087_2026-08-31_2026-09-06_a1,852087,2026-08-31,2026-09-06,https://api-v3.thaiwater.net/api/v1/thaiwater30/public/waterlevel_graph?station_type=tele_waterlevel&station_id=852087&start_date=2026-08-31&end_date=2026-09-06,2026-09-11T08:11:50.365822Z,200,application/json; charset=utf-8,79679,4a211736c3a7bdf6767014c0024817e1d3a8cdb907c03ac2bd282f93fb7a64f4,3984,OK,1008,991,0,0,2026-08-31 00:00,2026-09-06 23:50,False,
999395_2026-08-31_2026-09-06_a1,999395,2026-08-31,2026-09-06,https://api-v3.thaiwater.net/api/v1/thaiwater30/public/waterlevel_graph?station_type=tele_waterlevel&station_id=999395&start_date=2026-08-31&end_date=2026-09-06,2026-09-11T08:11:52.633201Z,200,application/json; charset=utf-8,13829,d9a7aef49bcd8ebb26a5fc672865e83b3fbfe69135dcaa1a44a58df2db3409ac,910,OK,168,148,0,0,2026-08-31 00:00,2026-09-06 23:00,False,
999405_2026-08-31_2026-09-06_a1,999405,2026-08-31,2026-09-06,https://api-v3.thaiwater.net/api/v1/thaiwater30/public/waterlevel_graph?station_type=tele_waterlevel&station_id=999405&start_date=2026-08-31&end_date=2026-09-06,2026-09-11T08:11:53.769759Z,200,application/json; charset=utf-8,13229,a8797ced87de78c72688e9965acc73470a2e40508d09754db70254d27a352bac,923,OK,168,148,148,0,2026-08-31 00:00,2026-09-06 23:00,False,
1035512_2026-08-31_2026-09-06_a1,1035512,2026-08-31,2026-09-06,https://api-v3.thaiwater.net/api/v1/thaiwater30/public/waterlevel_graph?station_type=tele_waterlevel&station_id=1035512&start_date=2026-08-31&end_date=2026-09-06,2026-09-11T08:11:54.985854Z,200,application/json; charset=utf-8,14355,31d6ded4bc51125590ae82416d608dbe2aa1106994137f829e426cc15655fe6b,928,OK,168,157,157,0,2026-08-31 00:00,2026-09-06 23:00,False,
1035516_2026-08-31_2026-09-06_a1,1035516,2026-08-31,2026-09-06,https://api-v3.thaiwater.net/api/v1/thaiwater30/public/waterlevel_graph?station_type=tele_waterlevel&station_id=1035516&start_date=2026-08-31&end_date=2026-09-06,2026-09-11T08:11:56.084565Z,200,application/json; charset=utf-8,14358,8ef60550eb2589474314f86475526623e9592174af4b33238cc7cde74efef432,811,OK,168,157,88,0,2026-08-31 00:00,2026-09-06 23:00,False,
1035518_2026-08-31_2026-09-06_a1,1035518,2026-08-31,2026-09-06,https://api-v3.thaiwater.net/api/v1/thaiwater30/public/waterlevel_graph?station_type=tele_waterlevel&station_id=1035518&start_date=2026-08-31&end_date=2026-09-06,2026-09-11T08:11:57.466972Z,200,application/json; charset=utf-8,13477,89ea17a39875ae9c86341df8d41392fb36efbcac4acff1ee7039d72c71cbc627,672,OK,168,7,0,0,2026-08-31 00:00,2026-09-06 23:00,False,
1035521_2026-08-31_2026-09-06_a1,1035521,2026-08-31,2026-09-06,https://api-v3.thaiwater.net/api/v1/thaiwater30/public/waterlevel_graph?station_type=tele_waterlevel&station_id=1035521&start_date=2026-08-31&end_date=2026-09-06,2026-09-11T08:11:58.847609Z,200,application/json; charset=utf-8,14734,986cdfaa7cda27a4cc61b07c8f0857a8f2f36fc236e98994d2afb8541c5f7f50,894,OK,168,157,157,0,2026-08-31 00:00,2026-09-06 23:00,False,
1066916_2026-08-31_2026-09-06_a1,1066916,2026-08-31,2026-09-06,https://api-v3.thaiwater.net/api/v1/thaiwater30/public/waterlevel_graph?station_type=tele_waterlevel&station_id=1066916&start_date=2026-08-31&end_date=2026-09-06,2026-09-11T08:12:00.261218Z,200,application/json; charset=utf-8,14153,94f1460ead483dd7a82c3afb247b1fe2c78f4481ff40b9d83aa26cbaa36faab2,1455,OK,168,161,161,0,2026-08-31 00:00,2026-09-06 23:00,False,
1079844_2026-08-31_2026-09-06_a1,1079844,2026-08-31,2026-09-06,https://api-v3.thaiwater.net/api/v1/thaiwater30/public/waterlevel_graph?station_type=tele_waterlevel&station_id=1079844&start_date=2026-08-31&end_date=2026-09-06,2026-09-11T08:12:01.470748Z,200,application/json; charset=utf-8,14630,884768abd87e92e23561afe4a939efc831fc85f4132af18c9ce8fdcd284111c3,938,OK,168,157,0,0,2026-08-31 00:00,2026-09-06 23:00,False,
1079932_2026-08-31_2026-09-06_a1,1079932,2026-08-31,2026-09-06,https://api-v3.thaiwater.net/api/v1/thaiwater30/public/waterlevel_graph?station_type=tele_waterlevel&station_id=1079932&start_date=2026-08-31&end_date=2026-09-06,2026-09-11T08:12:03.065105Z,200,application/json; charset=utf-8,14031,d165ea666dd317290168ae94c0e25d84632637e57ac0b272ae4a00910b835629,1316,OK,168,161,161,0,2026-08-31 00:00,2026-09-06 23:00,False,
1079995_2026-08-31_2026-09-06_a1,1079995,2026-08-31,2026-09-06,https://api-v3.thaiwater.net/api/v1/thaiwater30/public/waterlevel_graph?station_type=tele_waterlevel&station_id=1079995&start_date=2026-08-31&end_date=2026-09-06,2026-09-11T08:12:04.737578Z,200,application/json; charset=utf-8,13963,de9f852cd400f917cbb25c708be4701e288bf31d2ef5940dfde21c8c4ba987f0,1109,OK,168,148,148,0,2026-08-31 00:00,2026-09-06 23:00,False,
1082427_2026-08-31_2026-09-06_a1,1082427,2026-08-31,2026-09-06,https://api-v3.thaiwater.net/api/v1/thaiwater30/public/waterlevel_graph?station_type=tele_waterlevel&station_id=1082427&start_date=2026-08-31&end_date=2026-09-06,2026-09-11T08:12:06.072381Z,200,application/json; charset=utf-8,80485,380f9a34cf3edd7c81eff3889d16787817e32b85051e283019ebab4891b1e494,4248,OK,1008,839,0,0,2026-08-31 00:00,2026-09-06 23:50,False,
1085210_2026-08-31_2026-09-06_a1,1085210,2026-08-31,2026-09-06,https://api-v3.thaiwater.net/api/v1/thaiwater30/public/waterlevel_graph?station_type=tele_waterlevel&station_id=1085210&start_date=2026-08-31&end_date=2026-09-06,2026-09-11T08:12:08.363957Z,200,application/json; charset=utf-8,80406,372e6eaa06cb423ec15e7d5d85ade0ebc5623866c53bfcb785c1dbddc8b0e489,3404,OK,1008,321,0,0,2026-08-31 00:00,2026-09-06 23:50,False,
1085211_2026-08-31_2026-09-06_a1,1085211,2026-08-31,2026-09-06,https://api-v3.thaiwater.net/api/v1/thaiwater30/public/waterlevel_graph?station_type=tele_waterlevel&station_id=1085211&start_date=2026-08-31&end_date=2026-09-06,2026-09-11T08:12:10.710596Z,200,application/json; charset=utf-8,80668,74dd19cfd4f04313021fe5fd06660fe7230ccf3253da853336fa5b3aa33ce976,3803,OK,1008,1000,0,0,2026-08-31 00:00,2026-09-06 23:50,False,
1087618_2026-08-31_2026-09-06_a1,1087618,2026-08-31,2026-09-06,https://api-v3.thaiwater.net/api/v1/thaiwater30/public/waterlevel_graph?station_type=tele_waterlevel&station_id=1087618&start_date=2026-08-31&end_date=2026-09-06,2026-09-11T08:12:13.006331Z,200,application/json; charset=utf-8,13516,eb5113011f865ab7e3cac8c34082fa98f247b3642f0a6e1ce09bc6837746a7f0,920,OK,168,148,0,0,2026-08-31 00:00,2026-09-06 23:00,False,
1091551_2026-08-31_2026-09-06_a1,1091551,2026-08-31,2026-09-06,https://api-v3.thaiwater.net/api/v1/thaiwater30/public/waterlevel_graph?station_type=tele_waterlevel&station_id=1091551&start_date=2026-08-31&end_date=2026-09-06,2026-09-11T08:12:14.599557Z,200,application/json; charset=utf-8,79742,4e30c35593033eb9ae0cdaaa6abee89fd81c2c5a70cb1ae15dd3a0daee72899b,3533,OK,1008,998,0,0,2026-08-31 00:00,2026-09-06 23:50,False,
1093079_2026-08-31_2026-09-06_a1,1093079,2026-08-31,2026-09-06,https://api-v3.thaiwater.net/api/v1/thaiwater30/public/waterlevel_graph?station_type=tele_waterlevel&station_id=1093079&start_date=2026-08-31&end_date=2026-09-06,2026-09-11T08:12:16.882360Z,200,application/json; charset=utf-8,81641,9d8682ddef2c3ac5827b53df7e0c27ea517f8060be6570ff5980de9799b6c9d1,4604,OK,1008,1005,0,0,2026-08-31 00:00,2026-09-06 23:50,False,
1093312_2026-08-31_2026-09-06_a1,1093312,2026-08-31,2026-09-06,https://api-v3.thaiwater.net/api/v1/thaiwater30/public/waterlevel_graph?station_type=tele_waterlevel&station_id=1093312&start_date=2026-08-31&end_date=2026-09-06,2026-09-11T08:12:19.096662Z,200,application/json; charset=utf-8,13386,0ece649b7ddb047c01f2dffb598779056c05e121c5db4530151a69fbc55a2ea8,904,OK,168,152,0,0,2026-08-31 00:00,2026-09-06 23:00,False,
1094448_2026-08-31_2026-09-06_a1,1094448,2026-08-31,2026-09-06,https://api-v3.thaiwater.net/api/v1/thaiwater30/public/waterlevel_graph?station_type=tele_waterlevel&station_id=1094448&start_date=2026-08-31&end_date=2026-09-06,2026-09-11T08:12:20.440840Z,200,application/json; charset=utf-8,81670,7a04bab96df0ed3b86b1f100e67bbff063721b832d058c95d46a372ba1430b89,4701,OK,1008,1005,0,0,2026-08-31 00:00,2026-09-06 23:50,False,
1095455_2026-08-31_2026-09-06_a1,1095455,2026-08-31,2026-09-06,https://api-v3.thaiwater.net/api/v1/thaiwater30/public/waterlevel_graph?station_type=tele_waterlevel&station_id=1095455&start_date=2026-08-31&end_date=2026-09-06,2026-09-11T08:12:22.535371Z,200,application/json; charset=utf-8,81655,bf4eab3ce27b24cd9873bf8c5f062fc6879916d22a0c9f697192d803999724cd,5509,OK,1008,1005,0,0,2026-08-31 00:00,2026-09-06 23:50,False,
1095849_2026-08-31_2026-09-06_a1,1095849,2026-08-31,2026-09-06,https://api-v3.thaiwater.net/api/v1/thaiwater30/public/waterlevel_graph?station_type=tele_waterlevel&station_id=1095849&start_date=2026-08-31&end_date=2026-09-06,2026-09-11T08:12:24.864817Z,200,application/json; charset=utf-8,13387,8417490d532b4e69fce13ecc69aee5267c049719a3f3da853ce9d290b3b5e3af,962,OK,168,161,0,0,2026-08-31 00:00,2026-09-06 23:00,False,
1095872_2026-08-31_2026-09-06_a1,1095872,2026-08-31,2026-09-06,https://api-v3.thaiwater.net/api/v1/thaiwater30/public/waterlevel_graph?station_type=tele_waterlevel&station_id=1095872&start_date=2026-08-31&end_date=2026-09-06,2026-09-11T08:12:25.975628Z,200,application/json; charset=utf-8,14406,92b0f5f7a39667d305a2fac5f1eb8805f9e6ae20d11a3e5d7b9f73a781426e85,1213,OK,168,148,148,0,2026-08-31 00:00,2026-09-06 23:00,False,
1095875_2026-08-31_2026-09-06_a1,1095875,2026-08-31,2026-09-06,https://api-v3.thaiwater.net/api/v1/thaiwater30/public/waterlevel_graph?station_type=tele_waterlevel&station_id=1095875&start_date=2026-08-31&end_date=2026-09-06,2026-09-11T08:12:27.398904Z,200,application/json; charset=utf-8,13967,39986cccda56a3dbd05bf98a7cd0158fda433ea76c33cfdb4eae1b88157b04ca,1237,OK,168,148,136,0,2026-08-31 00:00,2026-09-06 23:00,False,
1095876_2026-08-31_2026-09-06_a1,1095876,2026-08-31,2026-09-06,https://api-v3.thaiwater.net/api/v1/thaiwater30/public/waterlevel_graph?station_type=tele_waterlevel&station_id=1095876&start_date=2026-08-31&end_date=2026-09-06,2026-09-11T08:12:28.762464Z,200,application/json; charset=utf-8,13625,9de8d29a4e57e680304c1f896ec78d1f284cfc52cb1e87be85b7057446f9ebf6,792,OK,168,148,148,0,2026-08-31 00:00,2026-09-06 23:00,False,
1095877_2026-08-31_2026-09-06_a1,1095877,2026-08-31,2026-09-06,https://api-v3.thaiwater.net/api/v1/thaiwater30/public/waterlevel_graph?station_type=tele_waterlevel&station_id=1095877&start_date=2026-08-31&end_date=2026-09-06,2026-09-11T08:12:30.108759Z,200,application/json; charset=utf-8,14127,e2992231e33d4b003edc73165c76f7b656bd404da3fc0b7fde59af9779da0d93,1191,OK,168,148,148,0,2026-08-31 00:00,2026-09-06 23:00,False,
1095878_2026-08-31_2026-09-06_a1,1095878,2026-08-31,2026-09-06,https://api-v3.thaiwater.net/api/v1/thaiwater30/public/waterlevel_graph?station_type=tele_waterlevel&station_id=1095878&start_date=2026-08-31&end_date=2026-09-06,2026-09-11T08:12:31.471552Z,200,application/json; charset=utf-8,13380,37907057d0dc5929e7928314f6500654af7d5c583e9aa2dcb6b405d6fa1beb84,906,OK,168,148,0,0,2026-08-31 00:00,2026-09-06 23:00,False,
1095879_2026-08-31_2026-09-06_a1,1095879,2026-08-31,2026-09-06,https://api-v3.thaiwater.net/api/v1/thaiwater30/public/waterlevel_graph?station_type=tele_waterlevel&station_id=1095879&start_date=2026-08-31&end_date=2026-09-06,2026-09-11T08:12:32.750789Z,200,application/json; charset=utf-8,13548,b010971d6fb7066bb859f165dade701bcd04fa80ae62e7f553943fe105920623,1159,OK,168,148,148,0,2026-08-31 00:00,2026-09-06 23:00,False,
1095881_2026-08-31_2026-09-06_a1,1095881,2026-08-31,2026-09-06,https://api-v3.thaiwater.net/api/v1/thaiwater30/public/waterlevel_graph?station_type=tele_waterlevel&station_id=1095881&start_date=2026-08-31&end_date=2026-09-06,2026-09-11T08:12:33.868547Z,200,application/json; charset=utf-8,13778,a10712a8ba5acde9ec1aa23a15625bdfbb5cb6a3b99273986430e4af485a2ad8,1235,OK,168,148,148,0,2026-08-31 00:00,2026-09-06 23:00,False,
1095882_2026-08-31_2026-09-06_a1,1095882,2026-08-31,2026-09-06,https://api-v3.thaiwater.net/api/v1/thaiwater30/public/waterlevel_graph?station_type=tele_waterlevel&station_id=1095882&start_date=2026-08-31&end_date=2026-09-06,2026-09-11T08:12:35.215150Z,200,application/json; charset=utf-8,13758,05a495ef6833ff1d5a519409065e814c3e42c96b5575b6e1e044d37fff836070,1205,OK,168,120,120,0,2026-08-31 00:00,2026-09-06 23:00,False,
1097520_2026-08-31_2026-09-06_a1,1097520,2026-08-31,2026-09-06,https://api-v3.thaiwater.net/api/v1/thaiwater30/public/waterlevel_graph?station_type=tele_waterlevel&station_id=1097520&start_date=2026-08-31&end_date=2026-09-06,2026-09-11T08:12:36.402332Z,200,application/json; charset=utf-8,14385,66677c3c714bafa0edda5b4106d68564928f6ace35564ba3fc9ea837867d036b,891,OK,168,152,113,0,2026-08-31 00:00,2026-09-06 23:00,False,
1098852_2026-08-31_2026-09-06_a1,1098852,2026-08-31,2026-09-06,https://api-v3.thaiwater.net/api/v1/thaiwater30/public/waterlevel_graph?station_type=tele_waterlevel&station_id=1098852&start_date=2026-08-31&end_date=2026-09-06,2026-09-11T08:12:37.769011Z,200,application/json; charset=utf-8,14494,f2ac5f08aea5182b801692454e50c008ce99d1dcb75a0099f7261d2d34ed4160,884,OK,168,157,0,0,2026-08-31 00:00,2026-09-06 23:00,False,
1098871_2026-08-31_2026-09-06_a1,1098871,2026-08-31,2026-09-06,https://api-v3.thaiwater.net/api/v1/thaiwater30/public/waterlevel_graph?station_type=tele_waterlevel&station_id=1098871&start_date=2026-08-31&end_date=2026-09-06,2026-09-11T08:12:39.222809Z,200,application/json; charset=utf-8,14727,4f9c9b4963035372acd0ecac364ea3b092e387ddeb72f72800a702889974ec68,845,OK,168,157,0,0,2026-08-31 00:00,2026-09-06 23:00,False,
1098950_2026-08-31_2026-09-06_a1,1098950,2026-08-31,2026-09-06,https://api-v3.thaiwater.net/api/v1/thaiwater30/public/waterlevel_graph?station_type=tele_waterlevel&station_id=1098950&start_date=2026-08-31&end_date=2026-09-06,2026-09-11T08:12:40.622000Z,200,application/json; charset=utf-8,14340,93741dc937f0909fba41714a9e4f319e6b54173fb2f0b828491afb260c3b4f69,1593,OK,168,161,161,0,2026-08-31 00:00,2026-09-06 23:00,False,
1098952_2026-08-31_2026-09-06_a1,1098952,2026-08-31,2026-09-06,https://api-v3.thaiwater.net/api/v1/thaiwater30/public/waterlevel_graph?station_type=tele_waterlevel&station_id=1098952&start_date=2026-08-31&end_date=2026-09-06,2026-09-11T08:12:41.837789Z,200,application/json; charset=utf-8,13530,f1cdfbdf03b0ce3ca3d77d9b4aef6bcad4fa7ed056ec9b7c2a9be854cebe7ed4,1140,OK,168,152,152,0,2026-08-31 00:00,2026-09-06 23:00,False,
1098955_2026-08-31_2026-09-06_a1,1098955,2026-08-31,2026-09-06,https://api-v3.thaiwater.net/api/v1/thaiwater30/public/waterlevel_graph?station_type=tele_waterlevel&station_id=1098955&start_date=2026-08-31&end_date=2026-09-06,2026-09-11T08:12:43.220237Z,200,application/json; charset=utf-8,14642,3357172440d131e6ff18b708c5cd9a07ae94d585d2723158ffa9f5af6b6fe8bd,1379,OK,168,161,161,0,2026-08-31 00:00,2026-09-06 23:00,False,
1098957_2026-08-31_2026-09-06_a1,1098957,2026-08-31,2026-09-06,https://api-v3.thaiwater.net/api/v1/thaiwater30/public/waterlevel_graph?station_type=tele_waterlevel&station_id=1098957&start_date=2026-08-31&end_date=2026-09-06,2026-09-11T08:12:44.498106Z,200,application/json; charset=utf-8,14446,085836c53de217249aa6050f822f9552fd04dcb723437f43184cfc6b3380573e,1013,OK,168,161,161,0,2026-08-31 00:00,2026-09-06 23:00,False,
1099005_2026-08-31_2026-09-06_a1,1099005,2026-08-31,2026-09-06,https://api-v3.thaiwater.net/api/v1/thaiwater30/public/waterlevel_graph?station_type=tele_waterlevel&station_id=1099005&start_date=2026-08-31&end_date=2026-09-06,2026-09-11T08:12:45.732272Z,200,application/json; charset=utf-8,14073,631c529cd00b1ce32f086fc9dde40e69a0c6c5f0d5d679c0b6f0849f7be9767f,806,OK,168,161,161,0,2026-08-31 00:00,2026-09-06 23:00,False,
1101563_2026-08-31_2026-09-06_a1,1101563,2026-08-31,2026-09-06,https://api-v3.thaiwater.net/api/v1/thaiwater30/public/waterlevel_graph?station_type=tele_waterlevel&station_id=1101563&start_date=2026-08-31&end_date=2026-09-06,2026-09-11T08:12:46.923100Z,200,application/json; charset=utf-8,81706,4642bffed6da3746de29dffc278cbf33ba4c64ebe40c3d65dcef8b9595cae366,3482,OK,1008,1002,0,0,2026-08-31 00:00,2026-09-06 23:50,False,
1101565_2026-08-31_2026-09-06_a1,1101565,2026-08-31,2026-09-06,https://api-v3.thaiwater.net/api/v1/thaiwater30/public/waterlevel_graph?station_type=tele_waterlevel&station_id=1101565&start_date=2026-08-31&end_date=2026-09-06,2026-09-11T08:12:49.065610Z,200,application/json; charset=utf-8,81720,665388382c32616740d4e2e5a5575397ada065c1a257800cc3d7a68063fcc78b,3996,OK,1008,1000,0,0,2026-08-31 00:00,2026-09-06 23:50,False,
1101566_2026-08-31_2026-09-06_a1,1101566,2026-08-31,2026-09-06,https://api-v3.thaiwater.net/api/v1/thaiwater30/public/waterlevel_graph?station_type=tele_waterlevel&station_id=1101566&start_date=2026-08-31&end_date=2026-09-06,2026-09-11T08:12:51.338017Z,200,application/json; charset=utf-8,80704,a8b02e240a7d3be049142bbe4c09631531396e574944770ef53d8864f114ba95,3993,OK,1008,998,0,0,2026-08-31 00:00,2026-09-06 23:50,False,
1101568_2026-08-31_2026-09-06_a1,1101568,2026-08-31,2026-09-06,https://api-v3.thaiwater.net/api/v1/thaiwater30/public/waterlevel_graph?station_type=tele_waterlevel&station_id=1101568&start_date=2026-08-31&end_date=2026-09-06,2026-09-11T08:12:53.483616Z,200,application/json; charset=utf-8,80668,e47987ab0b7e1fa8149937b1413cb220660b4029cdfa94021fc8c6df96fbc08a,3948,OK,1008,1000,0,0,2026-08-31 00:00,2026-09-06 23:50,False,
1101569_2026-08-31_2026-09-06_a1,1101569,2026-08-31,2026-09-06,https://api-v3.thaiwater.net/api/v1/thaiwater30/public/waterlevel_graph?station_type=tele_waterlevel&station_id=1101569&start_date=2026-08-31&end_date=2026-09-06,2026-09-11T08:12:55.644828Z,200,application/json; charset=utf-8,80281,c560d3664ef1c95a80758bceec5fd20f8cf656adaf1b4c87be53e05be86de441,3281,OK,1008,523,0,0,2026-08-31 00:00,2026-09-06 23:50,False,
1101572_2026-08-31_2026-09-06_a1,1101572,2026-08-31,2026-09-06,https://api-v3.thaiwater.net/api/v1/thaiwater30/public/waterlevel_graph?station_type=tele_waterlevel&station_id=1101572&start_date=2026-08-31&end_date=2026-09-06,2026-09-11T08:12:57.627771Z,200,application/json; charset=utf-8,81704,9c5ad1ffcca45a330f3e1ec80fd8b3f1331f6be58a34c340bda0ef6214233095,3757,OK,1008,1002,0,0,2026-08-31 00:00,2026-09-06 23:50,False,
1101573_2026-08-31_2026-09-06_a1,1101573,2026-08-31,2026-09-06,https://api-v3.thaiwater.net/api/v1/thaiwater30/public/waterlevel_graph?station_type=tele_waterlevel&station_id=1101573&start_date=2026-08-31&end_date=2026-09-06,2026-09-11T08:12:59.996110Z,200,application/json; charset=utf-8,81551,a4211358748906eaa007469d7ea1bfca2c9db3997e5428cd0591d40397f457dd,3494,OK,1008,997,0,0,2026-08-31 00:00,2026-09-06 23:50,False,
1101574_2026-08-31_2026-09-06_a1,1101574,2026-08-31,2026-09-06,https://api-v3.thaiwater.net/api/v1/thaiwater30/public/waterlevel_graph?station_type=tele_waterlevel&station_id=1101574&start_date=2026-08-31&end_date=2026-09-06,2026-09-11T08:13:02.127238Z,200,application/json; charset=utf-8,80728,b15663e769582fed7f82e41cd94de1ba808a276eb21d165a1e95ca79302c4853,3423,OK,1008,320,0,0,2026-08-31 00:00,2026-09-06 23:50,False,
1105332_2026-08-31_2026-09-06_a1,1105332,2026-08-31,2026-09-06,https://api-v3.thaiwater.net/api/v1/thaiwater30/public/waterlevel_graph?station_type=tele_waterlevel&station_id=1105332&start_date=2026-08-31&end_date=2026-09-06,2026-09-11T08:13:04.464570Z,200,application/json; charset=utf-8,79661,3131c32b6987ea321e050bacfb0d0ad35c604a4e6bbe2b6a7be940ad558693ab,3961,OK,1008,1002,0,0,2026-08-31 00:00,2026-09-06 23:50,False,
1106448_2026-08-31_2026-09-06_a1,1106448,2026-08-31,2026-09-06,https://api-v3.thaiwater.net/api/v1/thaiwater30/public/waterlevel_graph?station_type=tele_waterlevel&station_id=1106448&start_date=2026-08-31&end_date=2026-09-06,2026-09-11T08:13:06.682858Z,200,application/json; charset=utf-8,79643,b538ca5a4fd3ae12d599192cedf54cb6355ea53eb60bd84cdaa409973cb003d9,4010,OK,1008,1001,0,0,2026-08-31 00:00,2026-09-06 23:50,False,
1106449_2026-08-31_2026-09-06_a1,1106449,2026-08-31,2026-09-06,https://api-v3.thaiwater.net/api/v1/thaiwater30/public/waterlevel_graph?station_type=tele_waterlevel&station_id=1106449&start_date=2026-08-31&end_date=2026-09-06,2026-09-11T08:13:08.908594Z,200,application/json; charset=utf-8,79685,d5a8da3176bbc7d325ac7775d27e2bdf0a9f1d5d13ad3617a806f88b99a2c50f,3418,OK,1008,996,0,0,2026-08-31 00:00,2026-09-06 23:50,False,
1106450_2026-08-31_2026-09-06_a1,1106450,2026-08-31,2026-09-06,https://api-v3.thaiwater.net/api/v1/thaiwater30/public/waterlevel_graph?station_type=tele_waterlevel&station_id=1106450&start_date=2026-08-31&end_date=2026-09-06,2026-09-11T08:13:11.048926Z,200,application/json; charset=utf-8,79625,9654295a29b288e025f8e79c95b79a6473108d1853b9eb64c59a9ec6624fafec,3341,OK,1008,994,0,0,2026-08-31 00:00,2026-09-06 23:50,False,
1106454_2026-08-31_2026-09-06_a1,1106454,2026-08-31,2026-09-06,https://api-v3.thaiwater.net/api/v1/thaiwater30/public/waterlevel_graph?station_type=tele_waterlevel&station_id=1106454&start_date=2026-08-31&end_date=2026-09-06,2026-09-11T08:13:13.296796Z,200,application/json; charset=utf-8,80707,c206a2bdab4955d85cd68f5d5d8ab723237da412947cd5f919c1b0c717bdaded,3776,OK,1008,999,0,0,2026-08-31 00:00,2026-09-06 23:50,False,
1106455_2026-08-31_2026-09-06_a1,1106455,2026-08-31,2026-09-06,https://api-v3.thaiwater.net/api/v1/thaiwater30/public/waterlevel_graph?station_type=tele_waterlevel&station_id=1106455&start_date=2026-08-31&end_date=2026-09-06,2026-09-11T08:13:15.411716Z,200,application/json; charset=utf-8,80638,1f1f3011ba4850b27787d9a401ab616fe2094ec76b9062d8c87cc9e8a032f6bd,3810,OK,1008,948,0,0,2026-08-31 00:00,2026-09-06 23:50,False,
1106456_2026-08-31_2026-09-06_a1,1106456,2026-08-31,2026-09-06,https://api-v3.thaiwater.net/api/v1/thaiwater30/public/waterlevel_graph?station_type=tele_waterlevel&station_id=1106456&start_date=2026-08-31&end_date=2026-09-06,2026-09-11T08:13:17.695372Z,200,application/json; charset=utf-8,79695,5e808d26793ce8eca67e6306b724baef02bd12f29f8dc47bcd389ca31692e137,4254,OK,1008,914,0,0,2026-08-31 00:00,2026-09-06 23:50,False,
1106457_2026-08-31_2026-09-06_a1,1106457,2026-08-31,2026-09-06,https://api-v3.thaiwater.net/api/v1/thaiwater30/public/waterlevel_graph?station_type=tele_waterlevel&station_id=1106457&start_date=2026-08-31&end_date=2026-09-06,2026-09-11T08:13:19.946667Z,200,application/json; charset=utf-8,79641,205f26d532ae88a6c45d162e1b8844c1ab4a9361b6f0682595e447aca11e7bde,3833,OK,1008,1002,0,0,2026-08-31 00:00,2026-09-06 23:50,False,
1107582_2026-08-31_2026-09-06_a1,1107582,2026-08-31,2026-09-06,https://api-v3.thaiwater.net/api/v1/thaiwater30/public/waterlevel_graph?station_type=tele_waterlevel&station_id=1107582&start_date=2026-08-31&end_date=2026-09-06,2026-09-11T08:13:22.079487Z,200,application/json; charset=utf-8,80652,dbf2d8223457cb5f266162cc7df7223c98b06a116e786818fe4d67a61404ffdc,4547,OK,1008,1003,0,0,2026-08-31 00:00,2026-09-06 23:50,False,
1109490_2026-08-31_2026-09-06_a1,1109490,2026-08-31,2026-09-06,https://api-v3.thaiwater.net/api/v1/thaiwater30/public/waterlevel_graph?station_type=tele_waterlevel&station_id=1109490&start_date=2026-08-31&end_date=2026-09-06,2026-09-11T08:13:24.144129Z,200,application/json; charset=utf-8,79736,71ac2ea8b5f25e7c9810bc94fe03a37f37198ec4e08d3e138e985a1c48f2bc47,3624,OK,1008,1001,0,0,2026-08-31 00:00,2026-09-06 23:50,False,
1109491_2026-08-31_2026-09-06_a1,1109491,2026-08-31,2026-09-06,https://api-v3.thaiwater.net/api/v1/thaiwater30/public/waterlevel_graph?station_type=tele_waterlevel&station_id=1109491&start_date=2026-08-31&end_date=2026-09-06,2026-09-11T08:13:26.248414Z,200,application/json; charset=utf-8,80432,ac6561af5dae147d3944ed69f6abc909ed33f76c0d87c978128247a69c8ec766,3515,OK,1008,676,0,0,2026-08-31 00:00,2026-09-06 23:50,False,
1109492_2026-08-31_2026-09-06_a1,1109492,2026-08-31,2026-09-06,https://api-v3.thaiwater.net/api/v1/thaiwater30/public/waterlevel_graph?station_type=tele_waterlevel&station_id=1109492&start_date=2026-08-31&end_date=2026-09-06,2026-09-11T08:13:28.577622Z,200,application/json; charset=utf-8,80670,8b50399cd01fc92fec3d489987feb74f910040f15fd9e2a1c7be05217132f1c9,3734,OK,1008,1003,0,0,2026-08-31 00:00,2026-09-06 23:50,False,
1109493_2026-08-31_2026-09-06_a1,1109493,2026-08-31,2026-09-06,https://api-v3.thaiwater.net/api/v1/thaiwater30/public/waterlevel_graph?station_type=tele_waterlevel&station_id=1109493&start_date=2026-08-31&end_date=2026-09-06,2026-09-11T08:13:30.775597Z,200,application/json; charset=utf-8,80729,b1ebada558814be6683799b1425c1bc1af9164a7bd83d10eae3e8ab9b6a06efa,3782,OK,1008,1002,0,0,2026-08-31 00:00,2026-09-06 23:50,False,
1109494_2026-08-31_2026-09-06_a1,1109494,2026-08-31,2026-09-06,https://api-v3.thaiwater.net/api/v1/thaiwater30/public/waterlevel_graph?station_type=tele_waterlevel&station_id=1109494&start_date=2026-08-31&end_date=2026-09-06,2026-09-11T08:13:33.025602Z,200,application/json; charset=utf-8,79645,990004b7f6597d8718ef5ff79e6316ae4de681dcc0830f91602be99c91958a53,3601,OK,1008,999,0,0,2026-08-31 00:00,2026-09-06 23:50,False,
1109495_2026-08-31_2026-09-06_a1,1109495,2026-08-31,2026-09-06,https://api-v3.thaiwater.net/api/v1/thaiwater30/public/waterlevel_graph?station_type=tele_waterlevel&station_id=1109495&start_date=2026-08-31&end_date=2026-09-06,2026-09-11T08:13:35.319019Z,200,application/json; charset=utf-8,81733,e2e73658dfcaa1976f4a72a69a0a20d0abed176c5d78c6b0f6e76affc87ad2ce,3591,OK,1008,1002,0,0,2026-08-31 00:00,2026-09-06 23:50,False,
1109496_2026-08-31_2026-09-06_a1,1109496,2026-08-31,2026-09-06,https://api-v3.thaiwater.net/api/v1/thaiwater30/public/waterlevel_graph?station_type=tele_waterlevel&station_id=1109496&start_date=2026-08-31&end_date=2026-09-06,2026-09-11T08:13:37.404086Z,200,application/json; charset=utf-8,81583,727459deea7acc07f29909835a9b40f79b2db8be5b35aa9e2ead8cfd9d5efb9a,4484,OK,1008,997,0,0,2026-08-31 00:00,2026-09-06 23:50,False,
1109497_2026-08-31_2026-09-06_a1,1109497,2026-08-31,2026-09-06,https://api-v3.thaiwater.net/api/v1/thaiwater30/public/waterlevel_graph?station_type=tele_waterlevel&station_id=1109497&start_date=2026-08-31&end_date=2026-09-06,2026-09-11T08:13:39.551659Z,200,application/json; charset=utf-8,81673,26ef89e0fcaa34692da6b27e0e4150a874b6efe4155d6457e418c7de334851e2,3598,OK,1008,1001,0,0,2026-08-31 00:00,2026-09-06 23:50,False,
1109498_2026-08-31_2026-09-06_a1,1109498,2026-08-31,2026-09-06,https://api-v3.thaiwater.net/api/v1/thaiwater30/public/waterlevel_graph?station_type=tele_waterlevel&station_id=1109498&start_date=2026-08-31&end_date=2026-09-06,2026-09-11T08:13:41.836268Z,200,application/json; charset=utf-8,81626,e45299e9bedb4ae314d7727a400b0f17107c7b22c9411430ca09f07d3b2e23bd,3936,OK,1008,998,0,0,2026-08-31 00:00,2026-09-06 23:50,False,
1109499_2026-08-31_2026-09-06_a1,1109499,2026-08-31,2026-09-06,https://api-v3.thaiwater.net/api/v1/thaiwater30/public/waterlevel_graph?station_type=tele_waterlevel&station_id=1109499&start_date=2026-08-31&end_date=2026-09-06,2026-09-11T08:13:44.110791Z,200,application/json; charset=utf-8,81547,98f7a7b2085d056bfc61a095108eeff84be1313d7dc1ff362cc3e19cf2010f7f,3855,OK,1008,1001,0,0,2026-08-31 00:00,2026-09-06 23:50,False,
1109500_2026-08-31_2026-09-06_a1,1109500,2026-08-31,2026-09-06,https://api-v3.thaiwater.net/api/v1/thaiwater30/public/waterlevel_graph?station_type=tele_waterlevel&station_id=1109500&start_date=2026-08-31&end_date=2026-09-06,2026-09-11T08:13:46.232709Z,200,application/json; charset=utf-8,81647,3eea98316e8e1a97962e8fb861f78c9542bca763160846f3aeb1fa5fb45562b1,4192,OK,1008,998,0,0,2026-08-31 00:00,2026-09-06 23:50,False,
1109501_2026-08-31_2026-09-06_a1,1109501,2026-08-31,2026-09-06,https://api-v3.thaiwater.net/api/v1/thaiwater30/public/waterlevel_graph?station_type=tele_waterlevel&station_id=1109501&start_date=2026-08-31&end_date=2026-09-06,2026-09-11T08:13:48.285701Z,200,application/json; charset=utf-8,81688,e2550551770b23947db7d75060c37c21038ddd3559f5865ba339398858668073,4375,OK,1008,998,0,0,2026-08-31 00:00,2026-09-06 23:50,False,
1109502_2026-08-31_2026-09-06_a1,1109502,2026-08-31,2026-09-06,https://api-v3.thaiwater.net/api/v1/thaiwater30/public/waterlevel_graph?station_type=tele_waterlevel&station_id=1109502&start_date=2026-08-31&end_date=2026-09-06,2026-09-11T08:13:50.401686Z,200,application/json; charset=utf-8,81685,7efc9b4c3fd9056bb0c563b21e40627035f41fb59a271d748a50feaadb62a2f0,3715,OK,1008,1003,0,0,2026-08-31 00:00,2026-09-06 23:50,False,
1109504_2026-08-31_2026-09-06_a1,1109504,2026-08-31,2026-09-06,https://api-v3.thaiwater.net/api/v1/thaiwater30/public/waterlevel_graph?station_type=tele_waterlevel&station_id=1109504&start_date=2026-08-31&end_date=2026-09-06,2026-09-11T08:13:52.626168Z,200,application/json; charset=utf-8,81624,e9884197a1941c878a9d28947a789400127049a87a7546d09281699d494a171f,4298,OK,1008,980,0,0,2026-08-31 00:00,2026-09-06 23:50,False,
1109505_2026-08-31_2026-09-06_a1,1109505,2026-08-31,2026-09-06,https://api-v3.thaiwater.net/api/v1/thaiwater30/public/waterlevel_graph?station_type=tele_waterlevel&station_id=1109505&start_date=2026-08-31&end_date=2026-09-06,2026-09-11T08:13:55.124008Z,200,application/json; charset=utf-8,81621,f67884bbf10bd3161567543bdb02badea1fd7c342d2529273d1b9657138ba0da,4202,OK,1008,975,0,0,2026-08-31 00:00,2026-09-06 23:50,False,
1109506_2026-08-31_2026-09-06_a1,1109506,2026-08-31,2026-09-06,https://api-v3.thaiwater.net/api/v1/thaiwater30/public/waterlevel_graph?station_type=tele_waterlevel&station_id=1109506&start_date=2026-08-31&end_date=2026-09-06,2026-09-11T08:13:57.711799Z,200,application/json; charset=utf-8,81621,3c5795b8293a81fb0651cc17e8304069e1df14626571d67a72a33ec4509a5508,4244,OK,1008,1001,0,0,2026-08-31 00:00,2026-09-06 23:50,False,
1109508_2026-08-31_2026-09-06_a1,1109508,2026-08-31,2026-09-06,https://api-v3.thaiwater.net/api/v1/thaiwater30/public/waterlevel_graph?station_type=tele_waterlevel&station_id=1109508&start_date=2026-08-31&end_date=2026-09-06,2026-09-11T08:13:59.863361Z,200,application/json; charset=utf-8,81626,5e0d6472144eb41cfe43013eb9bb3f8930581a99ba7840451d4ac1fe3a377510,3547,OK,1008,1003,0,0,2026-08-31 00:00,2026-09-06 23:50,False,
1109509_2026-08-31_2026-09-06_a1,1109509,2026-08-31,2026-09-06,https://api-v3.thaiwater.net/api/v1/thaiwater30/public/waterlevel_graph?station_type=tele_waterlevel&station_id=1109509&start_date=2026-08-31&end_date=2026-09-06,2026-09-11T08:14:02.455137Z,200,application/json; charset=utf-8,81643,7d9f11af717d376cb34881c3d662fba8c7891bd09cc61e2105e04e36bb31b933,3800,OK,1008,1000,0,0,2026-08-31 00:00,2026-09-06 23:50,False,
1109511_2026-08-31_2026-09-06_a1,1109511,2026-08-31,2026-09-06,https://api-v3.thaiwater.net/api/v1/thaiwater30/public/waterlevel_graph?station_type=tele_waterlevel&station_id=1109511&start_date=2026-08-31&end_date=2026-09-06,2026-09-11T08:14:04.672426Z,200,application/json; charset=utf-8,81691,8978a0153cdf3dc3413d279e40e37ff17bbb4fea07a82317292a1dab24d96bd9,3796,OK,1008,1000,0,0,2026-08-31 00:00,2026-09-06 23:50,False,
1109512_2026-08-31_2026-09-06_a1,1109512,2026-08-31,2026-09-06,https://api-v3.thaiwater.net/api/v1/thaiwater30/public/waterlevel_graph?station_type=tele_waterlevel&station_id=1109512&start_date=2026-08-31&end_date=2026-09-06,2026-09-11T08:14:06.855420Z,200,application/json; charset=utf-8,80697,172ba08658a7a7c79954c187c50ba4c3ee6e88b1b776850249a5d887e20babc4,3732,OK,1008,1003,0,0,2026-08-31 00:00,2026-09-06 23:50,False,
1109513_2026-08-31_2026-09-06_a1,1109513,2026-08-31,2026-09-06,https://api-v3.thaiwater.net/api/v1/thaiwater30/public/waterlevel_graph?station_type=tele_waterlevel&station_id=1109513&start_date=2026-08-31&end_date=2026-09-06,2026-09-11T08:14:09.047099Z,200,application/json; charset=utf-8,79041,c61866f5abe8f078a19ed0021118750bc9ba11ac15a6687972c588657d23be20,3601,OK,1008,998,0,0,2026-08-31 00:00,2026-09-06 23:50,False,
1109514_2026-08-31_2026-09-06_a1,1109514,2026-08-31,2026-09-06,https://api-v3.thaiwater.net/api/v1/thaiwater30/public/waterlevel_graph?station_type=tele_waterlevel&station_id=1109514&start_date=2026-08-31&end_date=2026-09-06,2026-09-11T08:14:11.301028Z,200,application/json; charset=utf-8,79178,5c8a506c9f94ba2d0f3d80d8c3fa598c7dd4860b7a659109f3a727f76dca1d72,3874,OK,1008,999,0,0,2026-08-31 00:00,2026-09-06 23:50,False,
1109516_2026-08-31_2026-09-06_a1,1109516,2026-08-31,2026-09-06,https://api-v3.thaiwater.net/api/v1/thaiwater30/public/waterlevel_graph?station_type=tele_waterlevel&station_id=1109516&start_date=2026-08-31&end_date=2026-09-06,2026-09-11T08:14:13.434550Z,200,application/json; charset=utf-8,79732,889e4ea86ec740e0b0d3db295e73cf3e1cd7994b4f19039ea7b0ed350a830553,4249,OK,1008,1003,0,0,2026-08-31 00:00,2026-09-06 23:50,False,
1109519_2026-08-31_2026-09-06_a1,1109519,2026-08-31,2026-09-06,https://api-v3.thaiwater.net/api/v1/thaiwater30/public/waterlevel_graph?station_type=tele_waterlevel&station_id=1109519&start_date=2026-08-31&end_date=2026-09-06,2026-09-11T08:14:15.563335Z,200,application/json; charset=utf-8,81599,d2fb72509e0a1c261d07429ce766580f9a188e606b8b5af78fbd64121350418d,3657,OK,1008,1001,0,0,2026-08-31 00:00,2026-09-06 23:50,False,
1109522_2026-08-31_2026-09-06_a1,1109522,2026-08-31,2026-09-06,https://api-v3.thaiwater.net/api/v1/thaiwater30/public/waterlevel_graph?station_type=tele_waterlevel&station_id=1109522&start_date=2026-08-31&end_date=2026-09-06,2026-09-11T08:14:17.866793Z,200,application/json; charset=utf-8,81675,8ae13677a97976561fbc1e6167159c23337ac9d6816ee0785d231d5fb69da223,3490,OK,1008,1000,0,0,2026-08-31 00:00,2026-09-06 23:50,False,
1109523_2026-08-31_2026-09-06_a1,1109523,2026-08-31,2026-09-06,https://api-v3.thaiwater.net/api/v1/thaiwater30/public/waterlevel_graph?station_type=tele_waterlevel&station_id=1109523&start_date=2026-08-31&end_date=2026-09-06,2026-09-11T08:14:20.210979Z,200,application/json; charset=utf-8,81642,a59897339aaac0138da2dc3b3ec0aced588e2d1ff0c68ab364deaf0e3c80fc29,3543,OK,1008,1003,0,0,2026-08-31 00:00,2026-09-06 23:50,False,
1109524_2026-08-31_2026-09-06_a1,1109524,2026-08-31,2026-09-06,https://api-v3.thaiwater.net/api/v1/thaiwater30/public/waterlevel_graph?station_type=tele_waterlevel&station_id=1109524&start_date=2026-08-31&end_date=2026-09-06,2026-09-11T08:14:22.346149Z,200,application/json; charset=utf-8,80727,aa7e8bd299628c9162cf3d9385fd866f71c3b98d6949edcae465ac903d4a494c,3616,OK,1008,1000,0,0,2026-08-31 00:00,2026-09-06 23:50,False,
1109525_2026-08-31_2026-09-06_a1,1109525,2026-08-31,2026-09-06,https://api-v3.thaiwater.net/api/v1/thaiwater30/public/waterlevel_graph?station_type=tele_waterlevel&station_id=1109525&start_date=2026-08-31&end_date=2026-09-06,2026-09-11T08:14:24.650046Z,200,application/json; charset=utf-8,79698,8627464687144375a22313e13ad50d06448f2137b1009cd69595bd26127bc6fa,4527,OK,1008,1001,0,0,2026-08-31 00:00,2026-09-06 23:50,False,
1109526_2026-08-31_2026-09-06_a1,1109526,2026-08-31,2026-09-06,https://api-v3.thaiwater.net/api/v1/thaiwater30/public/waterlevel_graph?station_type=tele_waterlevel&station_id=1109526&start_date=2026-08-31&end_date=2026-09-06,2026-09-11T08:14:26.900065Z,200,application/json; charset=utf-8,80068,6d87f1a1e3f50cfc9519db2c4d1c8ddceb2f8aaed50ccbf7cfe537111926f1c7,4175,OK,1008,1000,0,0,2026-08-31 00:00,2026-09-06 23:50,False,
1109527_2026-08-31_2026-09-06_a1,1109527,2026-08-31,2026-09-06,https://api-v3.thaiwater.net/api/v1/thaiwater30/public/waterlevel_graph?station_type=tele_waterlevel&station_id=1109527&start_date=2026-08-31&end_date=2026-09-06,2026-09-11T08:14:29.331527Z,200,application/json; charset=utf-8,80049,298c37d0776d240290199493f8a11b225656554a17455b7d45728511fd119112,4509,OK,1008,999,0,0,2026-08-31 00:00,2026-09-06 23:50,False,
1109528_2026-08-31_2026-09-06_a1,1109528,2026-08-31,2026-09-06,https://api-v3.thaiwater.net/api/v1/thaiwater30/public/waterlevel_graph?station_type=tele_waterlevel&station_id=1109528&start_date=2026-08-31&end_date=2026-09-06,2026-09-11T08:14:31.442096Z,200,application/json; charset=utf-8,79740,7e60b1929ccc9ba8669528bb103b6c26310444e0884b9d25a54f747d9229c283,3929,OK,1008,1002,0,0,2026-08-31 00:00,2026-09-06 23:50,False,
1109529_2026-08-31_2026-09-06_a1,1109529,2026-08-31,2026-09-06,https://api-v3.thaiwater.net/api/v1/thaiwater30/public/waterlevel_graph?station_type=tele_waterlevel&station_id=1109529&start_date=2026-08-31&end_date=2026-09-06,2026-09-11T08:14:33.528985Z,200,application/json; charset=utf-8,80570,f4d2af5de4885fad338c89f804cd9ffd0e3ceee3e5e39c91010ad1d32ccf8f2b,3666,OK,1008,1002,0,0,2026-08-31 00:00,2026-09-06 23:50,False,
1109530_2026-08-31_2026-09-06_a1,1109530,2026-08-31,2026-09-06,https://api-v3.thaiwater.net/api/v1/thaiwater30/public/waterlevel_graph?station_type=tele_waterlevel&station_id=1109530&start_date=2026-08-31&end_date=2026-09-06,2026-09-11T08:14:35.800261Z,200,application/json; charset=utf-8,80665,b6a6c303b25697b2c686e5a50489b68f0220ae6e1f5ef12ac9f86bd39f04a0f2,3430,OK,1008,988,0,0,2026-08-31 00:00,2026-09-06 23:50,False,
1109531_2026-08-31_2026-09-06_a1,1109531,2026-08-31,2026-09-06,https://api-v3.thaiwater.net/api/v1/thaiwater30/public/waterlevel_graph?station_type=tele_waterlevel&station_id=1109531&start_date=2026-08-31&end_date=2026-09-06,2026-09-11T08:14:38.039153Z,200,application/json; charset=utf-8,80610,bd997fe1a5ef1662495a06cecb02664231a04b966c9fa5f2cbbfc4f4ae972bf7,3632,OK,1008,1003,0,0,2026-08-31 00:00,2026-09-06 23:50,False,
1109533_2026-08-31_2026-09-06_a1,1109533,2026-08-31,2026-09-06,https://api-v3.thaiwater.net/api/v1/thaiwater30/public/waterlevel_graph?station_type=tele_waterlevel&station_id=1109533&start_date=2026-08-31&end_date=2026-09-06,2026-09-11T08:14:40.204878Z,200,application/json; charset=utf-8,79727,0f6154fb5ffceb395b4b310d938dd10d4aa13d186fed6cdfb99d8ab708b35da6,3714,OK,1008,1002,0,0,2026-08-31 00:00,2026-09-06 23:50,False,
1109534_2026-08-31_2026-09-06_a1,1109534,2026-08-31,2026-09-06,https://api-v3.thaiwater.net/api/v1/thaiwater30/public/waterlevel_graph?station_type=tele_waterlevel&station_id=1109534&start_date=2026-08-31&end_date=2026-09-06,2026-09-11T08:14:42.517031Z,200,application/json; charset=utf-8,80682,f803dfc74a16ef28ab000d740ce0d09f7d0489ed3e150e9da9ac0eab382a98c6,3568,OK,1008,998,0,0,2026-08-31 00:00,2026-09-06 23:50,False,
1109535_2026-08-31_2026-09-06_a1,1109535,2026-08-31,2026-09-06,https://api-v3.thaiwater.net/api/v1/thaiwater30/public/waterlevel_graph?station_type=tele_waterlevel&station_id=1109535&start_date=2026-08-31&end_date=2026-09-06,2026-09-11T08:14:44.749936Z,200,application/json; charset=utf-8,79744,17c628d5de338d63b6578802a36658016e5ff811f1c52d02a7cd38a1e6b73096,3365,OK,1008,1002,0,0,2026-08-31 00:00,2026-09-06 23:50,False,
1109536_2026-08-31_2026-09-06_a1,1109536,2026-08-31,2026-09-06,https://api-v3.thaiwater.net/api/v1/thaiwater30/public/waterlevel_graph?station_type=tele_waterlevel&station_id=1109536&start_date=2026-08-31&end_date=2026-09-06,2026-09-11T08:14:47.043340Z,200,application/json; charset=utf-8,80429,f42fcb48da361389b6c03a91e797dd2387fb14cb36f50dbd2ee086755c67ac06,3553,OK,1008,1000,0,0,2026-08-31 00:00,2026-09-06 23:50,False,
1113280_2026-08-31_2026-09-06_a1,1113280,2026-08-31,2026-09-06,https://api-v3.thaiwater.net/api/v1/thaiwater30/public/waterlevel_graph?station_type=tele_waterlevel&station_id=1113280&start_date=2026-08-31&end_date=2026-09-06,2026-09-11T08:14:49.249770Z,200,application/json; charset=utf-8,13722,0fa926a6b2b056903312d8884a70b8061bc83b0482bb2975066e127b0f24675c,1070,OK,168,168,0,0,2026-08-31 00:00,2026-09-06 23:00,False,
1113282_2026-08-31_2026-09-06_a1,1113282,2026-08-31,2026-09-06,https://api-v3.thaiwater.net/api/v1/thaiwater30/public/waterlevel_graph?station_type=tele_waterlevel&station_id=1113282&start_date=2026-08-31&end_date=2026-09-06,2026-09-11T08:14:50.703589Z,200,application/json; charset=utf-8,13720,90b7d8ffc3ed3c03e07ba02abc5df9c2264b4f80e86213728b865c449c0d44a3,1126,OK,168,168,0,0,2026-08-31 00:00,2026-09-06 23:00,False,
1113284_2026-08-31_2026-09-06_a1,1113284,2026-08-31,2026-09-06,https://api-v3.thaiwater.net/api/v1/thaiwater30/public/waterlevel_graph?station_type=tele_waterlevel&station_id=1113284&start_date=2026-08-31&end_date=2026-09-06,2026-09-11T08:14:52.192242Z,200,application/json; charset=utf-8,13720,3f3e8617dd4fe4ef2804c1cc72902f8a70ae7d675906095979a81577db90ef42,1147,OK,168,168,0,0,2026-08-31 00:00,2026-09-06 23:00,False,
1113287_2026-08-31_2026-09-06_a1,1113287,2026-08-31,2026-09-06,https://api-v3.thaiwater.net/api/v1/thaiwater30/public/waterlevel_graph?station_type=tele_waterlevel&station_id=1113287&start_date=2026-08-31&end_date=2026-09-06,2026-09-11T08:14:53.480461Z,200,application/json; charset=utf-8,13723,62a6db76bda1328b749414363bc81fd4b76fac2e2c75b0b327cfca520c772f9a,1148,OK,168,168,0,0,2026-08-31 00:00,2026-09-06 23:00,False,
1113288_2026-08-31_2026-09-06_a1,1113288,2026-08-31,2026-09-06,https://api-v3.thaiwater.net/api/v1/thaiwater30/public/waterlevel_graph?station_type=tele_waterlevel&station_id=1113288&start_date=2026-08-31&end_date=2026-09-06,2026-09-11T08:14:54.813864Z,200,application/json; charset=utf-8,13711,39f14a341948a67f5708f85c7619faa0e6d81b32b99c8f426d2eaefb0115c978,1168,OK,168,168,0,0,2026-08-31 00:00,2026-09-06 23:00,False,
1113290_2026-08-31_2026-09-06_a1,1113290,2026-08-31,2026-09-06,https://api-v3.thaiwater.net/api/v1/thaiwater30/public/waterlevel_graph?station_type=tele_waterlevel&station_id=1113290&start_date=2026-08-31&end_date=2026-09-06,2026-09-11T08:14:56.135596Z,200,application/json; charset=utf-8,13893,2f9bf46b37f1219c13d17ae562a3284a426540f036ed2277a3dce6f8c3a1ee6d,1180,OK,168,168,0,0,2026-08-31 00:00,2026-09-06 23:00,False,
1113291_2026-08-31_2026-09-06_a1,1113291,2026-08-31,2026-09-06,https://api-v3.thaiwater.net/api/v1/thaiwater30/public/waterlevel_graph?station_type=tele_waterlevel&station_id=1113291&start_date=2026-08-31&end_date=2026-09-06,2026-09-11T08:14:57.501942Z,200,application/json; charset=utf-8,13901,e34c1f9b5ecd5761190d0c667d744cedb23cd9d09f6c768985e1fea3c2d00310,1200,OK,168,168,0,0,2026-08-31 00:00,2026-09-06 23:00,False,
1113292_2026-08-31_2026-09-06_a1,1113292,2026-08-31,2026-09-06,https://api-v3.thaiwater.net/api/v1/thaiwater30/public/waterlevel_graph?station_type=tele_waterlevel&station_id=1113292&start_date=2026-08-31&end_date=2026-09-06,2026-09-11T08:14:58.874619Z,200,application/json; charset=utf-8,13890,b724ab3fd877518cecbb91432900ec4f010feb5593e191a874d4ddeb98985631,1195,OK,168,168,0,0,2026-08-31 00:00,2026-09-06 23:00,False,
1113295_2026-08-31_2026-09-06_a1,1113295,2026-08-31,2026-09-06,https://api-v3.thaiwater.net/api/v1/thaiwater30/public/waterlevel_graph?station_type=tele_waterlevel&station_id=1113295&start_date=2026-08-31&end_date=2026-09-06,2026-09-11T08:15:00.057016Z,200,application/json; charset=utf-8,13895,65c2455686d48ccbe2f6aaefeec1b08cebdfe6012588a02a85f6f4b6998fa499,1194,OK,168,168,0,0,2026-08-31 00:00,2026-09-06 23:00,False,
1116838_2026-08-31_2026-09-06_a1,1116838,2026-08-31,2026-09-06,https://api-v3.thaiwater.net/api/v1/thaiwater30/public/waterlevel_graph?station_type=tele_waterlevel&station_id=1116838&start_date=2026-08-31&end_date=2026-09-06,2026-09-11T08:15:03.480875Z,200,application/json; charset=utf-8,82630,99a88e36db8a011f0ed6df26d34b27edac11a6d2e4f8cf01343d67d97ae352d4,3805,OK,1008,999,0,0,2026-08-31 00:00,2026-09-06 23:50,False,
1116839_2026-08-31_2026-09-06_a1,1116839,2026-08-31,2026-09-06,https://api-v3.thaiwater.net/api/v1/thaiwater30/public/waterlevel_graph?station_type=tele_waterlevel&station_id=1116839&start_date=2026-08-31&end_date=2026-09-06,2026-09-11T08:15:05.718912Z,200,application/json; charset=utf-8,81678,6927e08e5997b197f59bf292e9de5409d8382f6655c8cfba8d39a6b50b6d950b,4024,OK,1008,1002,0,0,2026-08-31 00:00,2026-09-06 23:50,False,
1116840_2026-08-31_2026-09-06_a1,1116840,2026-08-31,2026-09-06,https://api-v3.thaiwater.net/api/v1/thaiwater30/public/waterlevel_graph?station_type=tele_waterlevel&station_id=1116840&start_date=2026-08-31&end_date=2026-09-06,2026-09-11T08:15:08.446460Z,200,application/json; charset=utf-8,81674,7a392398e86507bcef59e5952686e523d691de89375d2a958bcbec15bba0fd07,4009,OK,1008,1000,0,0,2026-08-31 00:00,2026-09-06 23:50,False,
1117430_2026-08-31_2026-09-06_a1,1117430,2026-08-31,2026-09-06,https://api-v3.thaiwater.net/api/v1/thaiwater30/public/waterlevel_graph?station_type=tele_waterlevel&station_id=1117430&start_date=2026-08-31&end_date=2026-09-06,2026-09-11T08:15:10.544633Z,200,application/json; charset=utf-8,81694,ec45f8e80aead328d9ecb71cf9230cc825b89981e994a83f1c555978c9fcfaa5,3435,OK,1008,1002,0,0,2026-08-31 00:00,2026-09-06 23:50,False,
1117431_2026-08-31_2026-09-06_a1,1117431,2026-08-31,2026-09-06,https://api-v3.thaiwater.net/api/v1/thaiwater30/public/waterlevel_graph?station_type=tele_waterlevel&station_id=1117431&start_date=2026-08-31&end_date=2026-09-06,2026-09-11T08:15:12.732387Z,200,application/json; charset=utf-8,81745,fe59eaffe6f8b8583340feb42aef6634f2e68eda07ea4180d0a87194a0aac87d,3584,OK,1008,1003,0,0,2026-08-31 00:00,2026-09-06 23:50,False,
1117894_2026-08-31_2026-09-06_a1,1117894,2026-08-31,2026-09-06,https://api-v3.thaiwater.net/api/v1/thaiwater30/public/waterlevel_graph?station_type=tele_waterlevel&station_id=1117894&start_date=2026-08-31&end_date=2026-09-06,2026-09-11T08:15:15.052025Z,200,application/json; charset=utf-8,14655,f689909eeb05f10c8af10f3849a69be9fbb54a5ef2d0684ef059aad38a57a8ad,1208,OK,168,157,157,0,2026-08-31 00:00,2026-09-06 23:00,False,
1119776_2026-08-31_2026-09-06_a1,1119776,2026-08-31,2026-09-06,https://api-v3.thaiwater.net/api/v1/thaiwater30/public/waterlevel_graph?station_type=tele_waterlevel&station_id=1119776&start_date=2026-08-31&end_date=2026-09-06,2026-09-11T08:15:16.519826Z,200,application/json; charset=utf-8,14531,204efff416e5df3af12571093c30d87ed55994aa45ff81bd84bca9ca88b1d213,1038,OK,168,160,160,0,2026-08-31 00:00,2026-09-06 23:00,False,
1119854_2026-08-31_2026-09-06_a1,1119854,2026-08-31,2026-09-06,https://api-v3.thaiwater.net/api/v1/thaiwater30/public/waterlevel_graph?station_type=tele_waterlevel&station_id=1119854&start_date=2026-08-31&end_date=2026-09-06,2026-09-11T08:15:17.748259Z,200,application/json; charset=utf-8,14401,9fece6b4dcde68c84931c9eb439d7411daf6477c0d0f9924e16a1b8aced2d1c0,988,OK,168,160,0,0,2026-08-31 00:00,2026-09-06 23:00,False,
1119916_2026-08-31_2026-09-06_a1,1119916,2026-08-31,2026-09-06,https://api-v3.thaiwater.net/api/v1/thaiwater30/public/waterlevel_graph?station_type=tele_waterlevel&station_id=1119916&start_date=2026-08-31&end_date=2026-09-06,2026-09-11T08:15:18.934035Z,200,application/json; charset=utf-8,13658,a97a89bd752ce410048c8da5dcaf6f475a6f851827977624e9849e23014e1d5d,717,OK,168,41,41,0,2026-08-31 00:00,2026-09-06 23:00,False,
1120554_2026-08-31_2026-09-06_a1,1120554,2026-08-31,2026-09-06,https://api-v3.thaiwater.net/api/v1/thaiwater30/public/waterlevel_graph?station_type=tele_waterlevel&station_id=1120554&start_date=2026-08-31&end_date=2026-09-06,2026-09-11T08:15:20.047659Z,200,application/json; charset=utf-8,81749,77ea987fd19a84f23c73a1e5620541257bbcc95ce0ccba2ee5f870ae013ec3ac,3810,OK,1008,1001,0,0,2026-08-31 00:00,2026-09-06 23:50,False,
1120557_2026-08-31_2026-09-06_a1,1120557,2026-08-31,2026-09-06,https://api-v3.thaiwater.net/api/v1/thaiwater30/public/waterlevel_graph?station_type=tele_waterlevel&station_id=1120557&start_date=2026-08-31&end_date=2026-09-06,2026-09-11T08:15:22.280455Z,200,application/json; charset=utf-8,80492,2af36ba4eb713c2138b5444bdc7f04aace5e0a5e3dc3b6c53e2efbd3335ebd96,3634,OK,1008,1000,0,0,2026-08-31 00:00,2026-09-06 23:50,False,
1121199_2026-08-31_2026-09-06_a1,1121199,2026-08-31,2026-09-06,https://api-v3.thaiwater.net/api/v1/thaiwater30/public/waterlevel_graph?station_type=tele_waterlevel&station_id=1121199&start_date=2026-08-31&end_date=2026-09-06,2026-09-11T08:15:24.481812Z,200,application/json; charset=utf-8,81696,b14d7d1d7514988be0ee245b12fde154d92fe99a3eb49f8baacc6def4559253f,4059,OK,1008,1001,0,0,2026-08-31 00:00,2026-09-06 23:50,False,
1121218_2026-08-31_2026-09-06_a1,1121218,2026-08-31,2026-09-06,https://api-v3.thaiwater.net/api/v1/thaiwater30/public/waterlevel_graph?station_type=tele_waterlevel&station_id=1121218&start_date=2026-08-31&end_date=2026-09-06,2026-09-11T08:15:26.814495Z,200,application/json; charset=utf-8,79763,f84eba7cd8a8360c682b84a1ab283d93714fbc1bb738875c6c7aab79fc3f8cfa,3020,OK,1008,0,0,0,2026-08-31 00:00,2026-09-06 23:50,True,
1121228_2026-08-31_2026-09-06_a1,1121228,2026-08-31,2026-09-06,https://api-v3.thaiwater.net/api/v1/thaiwater30/public/waterlevel_graph?station_type=tele_waterlevel&station_id=1121228&start_date=2026-08-31&end_date=2026-09-06,2026-09-11T08:15:29.320340Z,200,application/json; charset=utf-8,81571,e13df560221c2b835171d7e77c4d5e5b021c8edb240894a94453b4791d6cf3a1,3794,OK,1008,987,0,0,2026-08-31 00:00,2026-09-06 23:50,False,
1121229_2026-08-31_2026-09-06_a1,1121229,2026-08-31,2026-09-06,https://api-v3.thaiwater.net/api/v1/thaiwater30/public/waterlevel_graph?station_type=tele_waterlevel&station_id=1121229&start_date=2026-08-31&end_date=2026-09-06,2026-09-11T08:15:31.712702Z,200,application/json; charset=utf-8,81631,640ccf96ee4aefc10e48af631ab5eb8b9a88286528e52a36bc55c7acbfffa336,4477,OK,1008,998,0,0,2026-08-31 00:00,2026-09-06 23:50,False,
1121234_2026-08-31_2026-09-06_a1,1121234,2026-08-31,2026-09-06,https://api-v3.thaiwater.net/api/v1/thaiwater30/public/waterlevel_graph?station_type=tele_waterlevel&station_id=1121234&start_date=2026-08-31&end_date=2026-09-06,2026-09-11T08:15:34.139225Z,200,application/json; charset=utf-8,81715,6f0667f7235cd65f8848180278a9c4a53f21a067cb9a4290f0c20b608712f965,3665,OK,1008,998,0,0,2026-08-31 00:00,2026-09-06 23:50,False,
1121239_2026-08-31_2026-09-06_a1,1121239,2026-08-31,2026-09-06,https://api-v3.thaiwater.net/api/v1/thaiwater30/public/waterlevel_graph?station_type=tele_waterlevel&station_id=1121239&start_date=2026-08-31&end_date=2026-09-06,2026-09-11T08:15:36.231367Z,200,application/json; charset=utf-8,81515,583d4d96421695a899668bea30cfa7629588b4d40dfcec9c071b2be996bcf214,3788,OK,1008,896,0,0,2026-08-31 00:00,2026-09-06 23:50,False,
1121240_2026-08-31_2026-09-06_a1,1121240,2026-08-31,2026-09-06,https://api-v3.thaiwater.net/api/v1/thaiwater30/public/waterlevel_graph?station_type=tele_waterlevel&station_id=1121240&start_date=2026-08-31&end_date=2026-09-06,2026-09-11T08:15:38.418884Z,200,application/json; charset=utf-8,81684,5f6bc37d3b614b161683d80d635e5a5e09ca37d2383c0c931db79822d294de8a,3952,OK,1008,989,0,0,2026-08-31 00:00,2026-09-06 23:50,False,
1121242_2026-08-31_2026-09-06_a1,1121242,2026-08-31,2026-09-06,https://api-v3.thaiwater.net/api/v1/thaiwater30/public/waterlevel_graph?station_type=tele_waterlevel&station_id=1121242&start_date=2026-08-31&end_date=2026-09-06,2026-09-11T08:15:41.071073Z,200,application/json; charset=utf-8,80658,334e8108cd141857a4c62ae9f69bcde29006ffe7f8ed5b0d3ebd06c6efcbe29a,5075,OK,1008,986,0,0,2026-08-31 00:00,2026-09-06 23:50,False,
1121243_2026-08-31_2026-09-06_a1,1121243,2026-08-31,2026-09-06,https://api-v3.thaiwater.net/api/v1/thaiwater30/public/waterlevel_graph?station_type=tele_waterlevel&station_id=1121243&start_date=2026-08-31&end_date=2026-09-06,2026-09-11T08:15:43.289074Z,200,application/json; charset=utf-8,81629,b20eab0656e9acc8a8052b13eeaaf641f5ffd7add27bd90778001559fb11c99d,3910,OK,1008,973,0,0,2026-08-31 00:00,2026-09-06 23:50,False,
1121258_2026-08-31_2026-09-06_a1,1121258,2026-08-31,2026-09-06,https://api-v3.thaiwater.net/api/v1/thaiwater30/public/waterlevel_graph?station_type=tele_waterlevel&station_id=1121258&start_date=2026-08-31&end_date=2026-09-06,2026-09-11T08:15:45.565600Z,200,application/json; charset=utf-8,81671,073ae600d5c9b11d632b54774b2047d28c9fb913d56716f43e5458231a20409d,4357,OK,1008,998,0,0,2026-08-31 00:00,2026-09-06 23:50,False,
1121265_2026-08-31_2026-09-06_a1,1121265,2026-08-31,2026-09-06,https://api-v3.thaiwater.net/api/v1/thaiwater30/public/waterlevel_graph?station_type=tele_waterlevel&station_id=1121265&start_date=2026-08-31&end_date=2026-09-06,2026-09-11T08:15:48.010324Z,200,application/json; charset=utf-8,80636,d513eb8729ccfc4b74670b5d0c77de1d325737e97d0023eaf3699313204a6c5c,3812,OK,1008,998,0,0,2026-08-31 00:00,2026-09-06 23:50,False,
1121266_2026-08-31_2026-09-06_a1,1121266,2026-08-31,2026-09-06,https://api-v3.thaiwater.net/api/v1/thaiwater30/public/waterlevel_graph?station_type=tele_waterlevel&station_id=1121266&start_date=2026-08-31&end_date=2026-09-06,2026-09-11T08:15:50.293262Z,200,application/json; charset=utf-8,80651,34dbf8cc3e12db24da26d90a5c7d2c5876b561b10a5903ba13df1b0c1c2a509f,4058,OK,1008,972,0,0,2026-08-31 00:00,2026-09-06 23:50,False,
1121267_2026-08-31_2026-09-06_a1,1121267,2026-08-31,2026-09-06,https://api-v3.thaiwater.net/api/v1/thaiwater30/public/waterlevel_graph?station_type=tele_waterlevel&station_id=1121267&start_date=2026-08-31&end_date=2026-09-06,2026-09-11T08:15:52.753912Z,200,application/json; charset=utf-8,80394,d35aa63245ec21bd88bc15b21a84eb8d759c5d275f17558f2869cd04d5b6f63d,3822,OK,1008,314,0,0,2026-08-31 00:00,2026-09-06 23:50,False,
1124040_2026-08-31_2026-09-06_a1,1124040,2026-08-31,2026-09-06,https://api-v3.thaiwater.net/api/v1/thaiwater30/public/waterlevel_graph?station_type=tele_waterlevel&station_id=1124040&start_date=2026-08-31&end_date=2026-09-06,2026-09-11T08:15:55.113646Z,200,application/json; charset=utf-8,13899,7fdc6dc3c1912fcdbea052222ecc92559db88440b0397fc86adc8f5a84be40bf,977,OK,168,148,0,0,2026-08-31 00:00,2026-09-06 23:00,False,
1126506_2026-08-31_2026-09-06_a1,1126506,2026-08-31,2026-09-06,https://api-v3.thaiwater.net/api/v1/thaiwater30/public/waterlevel_graph?station_type=tele_waterlevel&station_id=1126506&start_date=2026-08-31&end_date=2026-09-06,2026-09-11T08:15:56.488529Z,200,application/json; charset=utf-8,81681,b28d38915e763af370222cb6737670c003c883e929c08eac12016db0d01f875f,3927,OK,1008,1005,0,0,2026-08-31 00:00,2026-09-06 23:50,False,
1129758_2026-08-31_2026-09-06_a1,1129758,2026-08-31,2026-09-06,https://api-v3.thaiwater.net/api/v1/thaiwater30/public/waterlevel_graph?station_type=tele_waterlevel&station_id=1129758&start_date=2026-08-31&end_date=2026-09-06,2026-09-11T08:15:59.010708Z,200,application/json; charset=utf-8,80634,43d73f8343a742b8bd6d070d75b34f0287b0f1bd1ecfc7f1a5241daf552937b6,3531,OK,1008,1004,0,0,2026-08-31 00:00,2026-09-06 23:50,False,
1130124_2026-08-31_2026-09-06_a1,1130124,2026-08-31,2026-09-06,https://api-v3.thaiwater.net/api/v1/thaiwater30/public/waterlevel_graph?station_type=tele_waterlevel&station_id=1130124&start_date=2026-08-31&end_date=2026-09-06,2026-09-11T08:16:01.504089Z,200,application/json; charset=utf-8,81683,8f70c58db0e93193fb83ef69e6a1ac331eed07f02263141d10160bce7e206e89,4267,OK,1008,1003,0,0,2026-08-31 00:00,2026-09-06 23:50,False,
1130137_2026-08-31_2026-09-06_a1,1130137,2026-08-31,2026-09-06,https://api-v3.thaiwater.net/api/v1/thaiwater30/public/waterlevel_graph?station_type=tele_waterlevel&station_id=1130137&start_date=2026-08-31&end_date=2026-09-06,2026-09-11T08:16:03.898013Z,200,application/json; charset=utf-8,81515,823e360032511049c28a1d10a2f01994c93f8461e65b8883efcbe5c7d297280f,4027,OK,1008,677,0,0,2026-08-31 00:00,2026-09-06 23:50,False,
1139393_2026-08-31_2026-09-06_a1,1139393,2026-08-31,2026-09-06,https://api-v3.thaiwater.net/api/v1/thaiwater30/public/waterlevel_graph?station_type=tele_waterlevel&station_id=1139393&start_date=2026-08-31&end_date=2026-09-06,2026-09-11T08:16:06.153323Z,200,application/json; charset=utf-8,81604,71acf07b0b808a15c95a99e8065a42368cba93b66e73dab73ef95140204ca8d5,3519,OK,1008,1002,0,0,2026-08-31 00:00,2026-09-06 23:50,False,
1140845_2026-08-31_2026-09-06_a1,1140845,2026-08-31,2026-09-06,https://api-v3.thaiwater.net/api/v1/thaiwater30/public/waterlevel_graph?station_type=tele_waterlevel&station_id=1140845&start_date=2026-08-31&end_date=2026-09-06,2026-09-11T08:16:08.491226Z,200,application/json; charset=utf-8,80759,cbb4851ae1662b8b8e10919baf0c085db07e4f741054b5692258c1462c5990c9,3980,OK,1008,330,0,0,2026-08-31 00:00,2026-09-06 23:50,False,
1161514_2026-08-31_2026-09-06_a1,1161514,2026-08-31,2026-09-06,https://api-v3.thaiwater.net/api/v1/thaiwater30/public/waterlevel_graph?station_type=tele_waterlevel&station_id=1161514&start_date=2026-08-31&end_date=2026-09-06,2026-09-11T08:16:10.837282Z,200,application/json; charset=utf-8,13380,120e121253bd3e9e14515f8b86bea5e0d08e1523eb521a3d842339012bd91389,984,OK,168,148,0,0,2026-08-31 00:00,2026-09-06 23:00,False,
1161516_2026-08-31_2026-09-06_a1,1161516,2026-08-31,2026-09-06,https://api-v3.thaiwater.net/api/v1/thaiwater30/public/waterlevel_graph?station_type=tele_waterlevel&station_id=1161516&start_date=2026-08-31&end_date=2026-09-06,2026-09-11T08:16:12.075010Z,200,application/json; charset=utf-8,13721,eb46dabeec73e9d3995bbe74e707280ee4633b635f3be4d2f7fafb73625ecc31,902,OK,168,148,148,0,2026-08-31 00:00,2026-09-06 23:00,False,
1197957_2026-08-31_2026-09-06_a1,1197957,2026-08-31,2026-09-06,https://api-v3.thaiwater.net/api/v1/thaiwater30/public/waterlevel_graph?station_type=tele_waterlevel&station_id=1197957&start_date=2026-08-31&end_date=2026-09-06,2026-09-11T08:16:13.238817Z,200,application/json; charset=utf-8,80619,45d26669a45ccc9de6b642b1453391265f1cd89c122d30ced756287bb8314da5,3729,OK,1008,961,0,0,2026-08-31 00:00,2026-09-06 23:50,False,
1198081_2026-08-31_2026-09-06_a1,1198081,2026-08-31,2026-09-06,https://api-v3.thaiwater.net/api/v1/thaiwater30/public/waterlevel_graph?station_type=tele_waterlevel&station_id=1198081&start_date=2026-08-31&end_date=2026-09-06,2026-09-11T08:16:15.557974Z,200,application/json; charset=utf-8,81570,8e98022538bf60cdd01d9443986178c26afe59495dc172039939fedfc7c9423c,4474,OK,1008,973,0,0,2026-08-31 00:00,2026-09-06 23:50,False,
1198082_2026-08-31_2026-09-06_a1,1198082,2026-08-31,2026-09-06,https://api-v3.thaiwater.net/api/v1/thaiwater30/public/waterlevel_graph?station_type=tele_waterlevel&station_id=1198082&start_date=2026-08-31&end_date=2026-09-06,2026-09-11T08:16:17.837016Z,200,application/json; charset=utf-8,81350,d8244f3d8626e1d0f752cb1e0d1838b2feeab18096d0cbd5db26afd6e90e08a8,4036,OK,1008,836,0,0,2026-08-31 00:00,2026-09-06 23:50,False,
1198297_2026-08-31_2026-09-06_a1,1198297,2026-08-31,2026-09-06,https://api-v3.thaiwater.net/api/v1/thaiwater30/public/waterlevel_graph?station_type=tele_waterlevel&station_id=1198297&start_date=2026-08-31&end_date=2026-09-06,2026-09-11T08:16:20.015877Z,200,application/json; charset=utf-8,80896,e412a24d84cf027c83a667ac588fb93f694cc21ba43fc0559c68f2414612e5bb,3518,OK,1008,998,0,0,2026-08-31 00:00,2026-09-06 23:50,False,
1198298_2026-08-31_2026-09-06_a1,1198298,2026-08-31,2026-09-06,https://api-v3.thaiwater.net/api/v1/thaiwater30/public/waterlevel_graph?station_type=tele_waterlevel&station_id=1198298&start_date=2026-08-31&end_date=2026-09-06,2026-09-11T08:16:22.244023Z,200,application/json; charset=utf-8,81765,ec61c75acedb713066734155647c076b721e775ac278a2f14d85182609b42b6a,3414,OK,1008,998,0,0,2026-08-31 00:00,2026-09-06 23:50,False,
1198299_2026-08-31_2026-09-06_a1,1198299,2026-08-31,2026-09-06,https://api-v3.thaiwater.net/api/v1/thaiwater30/public/waterlevel_graph?station_type=tele_waterlevel&station_id=1198299&start_date=2026-08-31&end_date=2026-09-06,2026-09-11T08:16:24.470549Z,200,application/json; charset=utf-8,81675,abe4b0ffa28cbdaf566813c106dacf3f5d385f9a7201012ea3b5dce6a3226f69,3473,OK,1008,1001,0,0,2026-08-31 00:00,2026-09-06 23:50,False,
1198300_2026-08-31_2026-09-06_a1,1198300,2026-08-31,2026-09-06,https://api-v3.thaiwater.net/api/v1/thaiwater30/public/waterlevel_graph?station_type=tele_waterlevel&station_id=1198300&start_date=2026-08-31&end_date=2026-09-06,2026-09-11T08:16:26.641289Z,200,application/json; charset=utf-8,81642,800857664140db88c7feb403c645ecff6f1900bce99937ed6fab63e9b6df12a2,3535,OK,1008,995,0,0,2026-08-31 00:00,2026-09-06 23:50,False,
1198301_2026-08-31_2026-09-06_a1,1198301,2026-08-31,2026-09-06,https://api-v3.thaiwater.net/api/v1/thaiwater30/public/waterlevel_graph?station_type=tele_waterlevel&station_id=1198301&start_date=2026-08-31&end_date=2026-09-06,2026-09-11T08:16:28.740852Z,200,application/json; charset=utf-8,81443,e1f2ea0ba738c35efdcb069a5fc1b9b00001fa7f63475927940b9814a8bd95f1,4125,OK,1008,882,0,0,2026-08-31 00:00,2026-09-06 23:50,False,
1198626_2026-08-31_2026-09-06_a1,1198626,2026-08-31,2026-09-06,https://api-v3.thaiwater.net/api/v1/thaiwater30/public/waterlevel_graph?station_type=tele_waterlevel&station_id=1198626&start_date=2026-08-31&end_date=2026-09-06,2026-09-11T08:16:30.961995Z,200,application/json; charset=utf-8,79657,25b3eb2993738ffc52ba1ba8f4cdc1512cdc8ff7bcdcf6536978e99256bf5965,4281,OK,1008,900,0,0,2026-08-31 00:00,2026-09-06 23:50,False,
1198627_2026-08-31_2026-09-06_a1,1198627,2026-08-31,2026-09-06,https://api-v3.thaiwater.net/api/v1/thaiwater30/public/waterlevel_graph?station_type=tele_waterlevel&station_id=1198627&start_date=2026-08-31&end_date=2026-09-06,2026-09-11T08:16:33.268060Z,200,application/json; charset=utf-8,79938,bb9bc28c8c90cb4c20c7c1f03918341d927ab2edd5c8baa33807be71686ff3a8,4737,OK,1008,969,0,0,2026-08-31 00:00,2026-09-06 23:50,False,
1198628_2026-08-31_2026-09-06_a1,1198628,2026-08-31,2026-09-06,https://api-v3.thaiwater.net/api/v1/thaiwater30/public/waterlevel_graph?station_type=tele_waterlevel&station_id=1198628&start_date=2026-08-31&end_date=2026-09-06,2026-09-11T08:16:35.562863Z,200,application/json; charset=utf-8,79621,56a0351248a7cb26259f95771ab5868138823f0a1a9895a9caa7861f86d11b1a,3350,OK,1008,966,0,0,2026-08-31 00:00,2026-09-06 23:50,False,
1198760_2026-08-31_2026-09-06_a1,1198760,2026-08-31,2026-09-06,https://api-v3.thaiwater.net/api/v1/thaiwater30/public/waterlevel_graph?station_type=tele_waterlevel&station_id=1198760&start_date=2026-08-31&end_date=2026-09-06,2026-09-11T08:16:37.854019Z,200,application/json; charset=utf-8,81665,e797e3a7c2249cf6f4e2b99c537c418a02042dcdf30893a84f2476086e9c57f7,4455,OK,1008,1001,0,0,2026-08-31 00:00,2026-09-06 23:50,False,
1198761_2026-08-31_2026-09-06_a1,1198761,2026-08-31,2026-09-06,https://api-v3.thaiwater.net/api/v1/thaiwater30/public/waterlevel_graph?station_type=tele_waterlevel&station_id=1198761&start_date=2026-08-31&end_date=2026-09-06,2026-09-11T08:16:40.199189Z,200,application/json; charset=utf-8,81675,6efc94ab6dde3f652e6afe12370402f82b84a3150c569ca6a4634e72c38d0876,3512,OK,1008,974,0,0,2026-08-31 00:00,2026-09-06 23:50,False,
1225528_2026-08-31_2026-09-06_a1,1225528,2026-08-31,2026-09-06,https://api-v3.thaiwater.net/api/v1/thaiwater30/public/waterlevel_graph?station_type=tele_waterlevel&station_id=1225528&start_date=2026-08-31&end_date=2026-09-06,2026-09-11T08:16:42.388171Z,200,application/json; charset=utf-8,81623,6f7ca48a984bc76297a1b91c7336bbb31fea94dbd47b1a0909a389be5525bfab,4100,OK,1008,999,0,0,2026-08-31 00:00,2026-09-06 23:50,False,
1225529_2026-08-31_2026-09-06_a1,1225529,2026-08-31,2026-09-06,https://api-v3.thaiwater.net/api/v1/thaiwater30/public/waterlevel_graph?station_type=tele_waterlevel&station_id=1225529&start_date=2026-08-31&end_date=2026-09-06,2026-09-11T08:16:44.438736Z,200,application/json; charset=utf-8,82621,05d69a72be84fc4e5d0792a0a0bbb35c0c6b93d49acecce4d2e2d355c08e25ac,4173,OK,1008,952,0,0,2026-08-31 00:00,2026-09-06 23:50,False,
1225530_2026-08-31_2026-09-06_a1,1225530,2026-08-31,2026-09-06,https://api-v3.thaiwater.net/api/v1/thaiwater30/public/waterlevel_graph?station_type=tele_waterlevel&station_id=1225530&start_date=2026-08-31&end_date=2026-09-06,2026-09-11T08:16:46.682537Z,200,application/json; charset=utf-8,81643,545cfb6d96bce0372e99136ff0f8e26a69a23f6858eafc759d111f09b29aa5aa,4011,OK,1008,999,0,0,2026-08-31 00:00,2026-09-06 23:50,False,
1225531_2026-08-31_2026-09-06_a1,1225531,2026-08-31,2026-09-06,https://api-v3.thaiwater.net/api/v1/thaiwater30/public/waterlevel_graph?station_type=tele_waterlevel&station_id=1225531&start_date=2026-08-31&end_date=2026-09-06,2026-09-11T08:16:48.816597Z,200,application/json; charset=utf-8,81640,4f3f9c88b672b3796b31571838533e5010a20a71e8a0c23d135934638a09e5af,4507,OK,1008,999,0,0,2026-08-31 00:00,2026-09-06 23:50,False,
1373272_2026-08-31_2026-09-06_a1,1373272,2026-08-31,2026-09-06,https://api-v3.thaiwater.net/api/v1/thaiwater30/public/waterlevel_graph?station_type=tele_waterlevel&station_id=1373272&start_date=2026-08-31&end_date=2026-09-06,2026-09-11T08:16:51.084739Z,200,application/json; charset=utf-8,83981,0dd4f38351c6b0ad1a32c08cab7f372dd22427acfb1d1cf9d815fa58653fd851,5606,OK,1008,1003,1002,0,2026-08-31 00:00,2026-09-06 23:50,False,
1373273_2026-08-31_2026-09-06_a1,1373273,2026-08-31,2026-09-06,https://api-v3.thaiwater.net/api/v1/thaiwater30/public/waterlevel_graph?station_type=tele_waterlevel&station_id=1373273&start_date=2026-08-31&end_date=2026-09-06,2026-09-11T08:16:53.308730Z,200,application/json; charset=utf-8,83883,4ee6b71e6bd09dd8cc5e38cfee490a4a51073f8f359b07094302652b3b369aea,3916,OK,1008,1002,1001,0,2026-08-31 00:00,2026-09-06 23:50,False,
1373274_2026-08-31_2026-09-06_a1,1373274,2026-08-31,2026-09-06,https://api-v3.thaiwater.net/api/v1/thaiwater30/public/waterlevel_graph?station_type=tele_waterlevel&station_id=1373274&start_date=2026-08-31&end_date=2026-09-06,2026-09-11T08:16:55.601314Z,200,application/json; charset=utf-8,84636,b767681f40c907fd5eabde014f31ceb3c2608758b2cec15d13b83c65c3fbf43d,3663,OK,1008,998,997,0,2026-08-31 00:00,2026-09-06 23:50,False,
1373275_2026-08-31_2026-09-06_a1,1373275,2026-08-31,2026-09-06,https://api-v3.thaiwater.net/api/v1/thaiwater30/public/waterlevel_graph?station_type=tele_waterlevel&station_id=1373275&start_date=2026-08-31&end_date=2026-09-06,2026-09-11T08:16:57.899353Z,200,application/json; charset=utf-8,79645,8ccfd8dbcef4b6b62ba58ce8812233605cb79c32a0beddc1439ee2c180e211a2,4108,OK,1008,1003,0,0,2026-08-31 00:00,2026-09-06 23:50,False,
1373277_2026-08-31_2026-09-06_a1,1373277,2026-08-31,2026-09-06,https://api-v3.thaiwater.net/api/v1/thaiwater30/public/waterlevel_graph?station_type=tele_waterlevel&station_id=1373277&start_date=2026-08-31&end_date=2026-09-06,2026-09-11T08:17:00.196875Z,200,application/json; charset=utf-8,83717,ec4cb01262a91b2bfde17f219429f861fa6ca1e7f33e9146f27f075324fa261f,4230,OK,1008,1002,1001,0,2026-08-31 00:00,2026-09-06 23:50,False,
1373278_2026-08-31_2026-09-06_a1,1373278,2026-08-31,2026-09-06,https://api-v3.thaiwater.net/api/v1/thaiwater30/public/waterlevel_graph?station_type=tele_waterlevel&station_id=1373278&start_date=2026-08-31&end_date=2026-09-06,2026-09-11T08:17:02.491179Z,200,application/json; charset=utf-8,84288,b18e7ff66ce84eafd7936891a00903f03d69a0d530dce611c2bef7a66708be4b,5883,OK,1008,988,987,0,2026-08-31 00:00,2026-09-06 23:50,False,
1373689_2026-08-31_2026-09-06_a1,1373689,2026-08-31,2026-09-06,https://api-v3.thaiwater.net/api/v1/thaiwater30/public/waterlevel_graph?station_type=tele_waterlevel&station_id=1373689&start_date=2026-08-31&end_date=2026-09-06,2026-09-11T08:17:04.839882Z,200,application/json; charset=utf-8,79659,36f2e7eb9f9b60e78e988f3d7b0976f32858293f233195b982a5f5d8b48790ee,4057,OK,1008,999,0,0,2026-08-31 00:00,2026-09-06 23:50,False,
1373690_2026-08-31_2026-09-06_a1,1373690,2026-08-31,2026-09-06,https://api-v3.thaiwater.net/api/v1/thaiwater30/public/waterlevel_graph?station_type=tele_waterlevel&station_id=1373690&start_date=2026-08-31&end_date=2026-09-06,2026-09-11T08:17:07.132576Z,200,application/json; charset=utf-8,80058,00bf9bab8d9a2cb4adca2ccc0f9b624e03b2936f237244c565f1a8ad7ebe935f,5071,OK,1008,1003,0,0,2026-08-31 00:00,2026-09-06 23:50,False,
1373691_2026-08-31_2026-09-06_a1,1373691,2026-08-31,2026-09-06,https://api-v3.thaiwater.net/api/v1/thaiwater30/public/waterlevel_graph?station_type=tele_waterlevel&station_id=1373691&start_date=2026-08-31&end_date=2026-09-06,2026-09-11T08:17:09.302724Z,200,application/json; charset=utf-8,80215,0014af893f479039fa316f7e49eeb30f4897df1541ffea89cb7a643afc69d201,4753,OK,1008,1004,0,0,2026-08-31 00:00,2026-09-06 23:50,False,
1373692_2026-08-31_2026-09-06_a1,1373692,2026-08-31,2026-09-06,https://api-v3.thaiwater.net/api/v1/thaiwater30/public/waterlevel_graph?station_type=tele_waterlevel&station_id=1373692&start_date=2026-08-31&end_date=2026-09-06,2026-09-11T08:17:11.528760Z,200,application/json; charset=utf-8,80144,d144ff42d6933ad07186c00fa60bee2c01e8f2bde27caa6563865a343a2e2636,4905,OK,1008,1003,0,0,2026-08-31 00:00,2026-09-06 23:50,False,
1394793_2026-08-31_2026-09-06_a1,1394793,2026-08-31,2026-09-06,https://api-v3.thaiwater.net/api/v1/thaiwater30/public/waterlevel_graph?station_type=tele_waterlevel&station_id=1394793&start_date=2026-08-31&end_date=2026-09-06,2026-09-11T08:17:13.825171Z,200,application/json; charset=utf-8,81669,4bef59350e6f2112eb2463cebfd86b5e03bd9d951281b880b987ac4814c6070d,3577,OK,1008,991,0,0,2026-08-31 00:00,2026-09-06 23:50,False,
1394808_2026-08-31_2026-09-06_a1,1394808,2026-08-31,2026-09-06,https://api-v3.thaiwater.net/api/v1/thaiwater30/public/waterlevel_graph?station_type=tele_waterlevel&station_id=1394808&start_date=2026-08-31&end_date=2026-09-06,2026-09-11T08:17:16.136783Z,200,application/json; charset=utf-8,81616,a49bcb6fb79491a5d119ba7cac6747a2fd3a723922d04157624434377eda655b,4266,OK,1008,962,0,0,2026-08-31 00:00,2026-09-06 23:50,False,
1394937_2026-08-31_2026-09-06_a1,1394937,2026-08-31,2026-09-06,https://api-v3.thaiwater.net/api/v1/thaiwater30/public/waterlevel_graph?station_type=tele_waterlevel&station_id=1394937&start_date=2026-08-31&end_date=2026-09-06,2026-09-11T08:17:18.196026Z,200,application/json; charset=utf-8,81614,4afe4d49da5e8edb36ffa8a34b1ee98f9c3cf2306c30d385c141b61571084041,4337,OK,1008,978,0,0,2026-08-31 00:00,2026-09-06 23:50,False,
1396856_2026-08-31_2026-09-06_a1,1396856,2026-08-31,2026-09-06,https://api-v3.thaiwater.net/api/v1/thaiwater30/public/waterlevel_graph?station_type=tele_waterlevel&station_id=1396856&start_date=2026-08-31&end_date=2026-09-06,2026-09-11T08:17:20.296477Z,200,application/json; charset=utf-8,80631,9def0dba4391f42c8bedc921fd9d3845278c6da658cf845779809355691371aa,4313,OK,1008,968,0,0,2026-08-31 00:00,2026-09-06 23:50,False,
1396858_2026-08-31_2026-09-06_a1,1396858,2026-08-31,2026-09-06,https://api-v3.thaiwater.net/api/v1/thaiwater30/public/waterlevel_graph?station_type=tele_waterlevel&station_id=1396858&start_date=2026-08-31&end_date=2026-09-06,2026-09-11T08:17:22.422747Z,200,application/json; charset=utf-8,80613,994949e6596bb2620fa51e665f7d4039932dceb4689ee6152905b6fde92a0034,3947,OK,1008,958,0,0,2026-08-31 00:00,2026-09-06 23:50,False,
1396860_2026-08-31_2026-09-06_a1,1396860,2026-08-31,2026-09-06,https://api-v3.thaiwater.net/api/v1/thaiwater30/public/waterlevel_graph?station_type=tele_waterlevel&station_id=1396860&start_date=2026-08-31&end_date=2026-09-06,2026-09-11T08:17:24.649216Z,200,application/json; charset=utf-8,80568,4afd8e71f1dfcf413d19f81d3e407b091ef268303773fd8793fc4d21ae41aa31,3929,OK,1008,957,0,0,2026-08-31 00:00,2026-09-06 23:50,False,
1422294_2026-08-31_2026-09-06_a1,1422294,2026-08-31,2026-09-06,https://api-v3.thaiwater.net/api/v1/thaiwater30/public/waterlevel_graph?station_type=tele_waterlevel&station_id=1422294&start_date=2026-08-31&end_date=2026-09-06,2026-09-11T08:17:26.860891Z,200,application/json; charset=utf-8,13865,4fa21ba9fe5ebd1729dc6e2d1ad40d85d96fb4379966cbd600c59b23a0d083f3,1164,OK,168,156,0,0,2026-08-31 00:00,2026-09-06 23:00,False,
1422295_2026-08-31_2026-09-06_a1,1422295,2026-08-31,2026-09-06,https://api-v3.thaiwater.net/api/v1/thaiwater30/public/waterlevel_graph?station_type=tele_waterlevel&station_id=1422295&start_date=2026-08-31&end_date=2026-09-06,2026-09-11T08:17:28.113723Z,200,application/json; charset=utf-8,13887,07e5981241aa92cc25f827ae3445062dfc4a6cbbe0cb991933f52e1f4db0ec10,1116,OK,168,168,0,0,2026-08-31 00:00,2026-09-06 23:00,False,
1422296_2026-08-31_2026-09-06_a1,1422296,2026-08-31,2026-09-06,https://api-v3.thaiwater.net/api/v1/thaiwater30/public/waterlevel_graph?station_type=tele_waterlevel&station_id=1422296&start_date=2026-08-31&end_date=2026-09-06,2026-09-11T08:17:29.367993Z,200,application/json; charset=utf-8,13501,01c72d3abc090dad60086170af0252b22bdff26f890d26ce6750737ab71d3b89,758,OK,168,33,0,0,2026-08-31 00:00,2026-09-06 23:00,False,
1422297_2026-08-31_2026-09-06_a1,1422297,2026-08-31,2026-09-06,https://api-v3.thaiwater.net/api/v1/thaiwater30/public/waterlevel_graph?station_type=tele_waterlevel&station_id=1422297&start_date=2026-08-31&end_date=2026-09-06,2026-09-11T08:17:30.601611Z,200,application/json; charset=utf-8,13893,0b3542d034871c97a86714e53f5457324541a3c125ed8425118e4e2d95c083a4,1102,OK,168,168,0,0,2026-08-31 00:00,2026-09-06 23:00,False,
1422298_2026-08-31_2026-09-06_a1,1422298,2026-08-31,2026-09-06,https://api-v3.thaiwater.net/api/v1/thaiwater30/public/waterlevel_graph?station_type=tele_waterlevel&station_id=1422298&start_date=2026-08-31&end_date=2026-09-06,2026-09-11T08:17:31.775729Z,200,application/json; charset=utf-8,13621,85d5735bdbc0e79961d0a8bfaabc2121aee197181dd9b95d8b03f9d7bbf04258,788,OK,168,73,0,0,2026-08-31 00:00,2026-09-06 23:00,False,
1422301_2026-08-31_2026-09-06_a1,1422301,2026-08-31,2026-09-06,https://api-v3.thaiwater.net/api/v1/thaiwater30/public/waterlevel_graph?station_type=tele_waterlevel&station_id=1422301&start_date=2026-08-31&end_date=2026-09-06,2026-09-11T08:17:33.146976Z,200,application/json; charset=utf-8,13727,8806722671023f1e18e07121c54bd47e139ddb83c09ba18fb0c798cc8959fd7f,1078,OK,168,168,0,0,2026-08-31 00:00,2026-09-06 23:00,False,
1422302_2026-08-31_2026-09-06_a1,1422302,2026-08-31,2026-09-06,https://api-v3.thaiwater.net/api/v1/thaiwater30/public/waterlevel_graph?station_type=tele_waterlevel&station_id=1422302&start_date=2026-08-31&end_date=2026-09-06,2026-09-11T08:17:34.290324Z,200,application/json; charset=utf-8,13607,f8177f31eb92687b93e7392c35981a5d11afff70edb22bbc645c655ba51f75f0,859,OK,168,69,0,0,2026-08-31 00:00,2026-09-06 23:00,False,
1422303_2026-08-31_2026-09-06_a1,1422303,2026-08-31,2026-09-06,https://api-v3.thaiwater.net/api/v1/thaiwater30/public/waterlevel_graph?station_type=tele_waterlevel&station_id=1422303&start_date=2026-08-31&end_date=2026-09-06,2026-09-11T08:17:35.467729Z,200,application/json; charset=utf-8,13890,908a3bc7475a97ba9ba07e31a8b34e5dc2e99fcdecf1b3aba473c003d9a76c31,1050,OK,168,168,0,0,2026-08-31 00:00,2026-09-06 23:00,False,
1422304_2026-08-31_2026-09-06_a1,1422304,2026-08-31,2026-09-06,https://api-v3.thaiwater.net/api/v1/thaiwater30/public/waterlevel_graph?station_type=tele_waterlevel&station_id=1422304&start_date=2026-08-31&end_date=2026-09-06,2026-09-11T08:17:36.704798Z,200,application/json; charset=utf-8,13894,7efa5eeb5342c8bf373f31077a497e2f72c0e1eb8aac3180070e526182388663,1116,OK,168,168,0,0,2026-08-31 00:00,2026-09-06 23:00,False,
1422305_2026-08-31_2026-09-06_a1,1422305,2026-08-31,2026-09-06,https://api-v3.thaiwater.net/api/v1/thaiwater30/public/waterlevel_graph?station_type=tele_waterlevel&station_id=1422305&start_date=2026-08-31&end_date=2026-09-06,2026-09-11T08:17:37.948941Z,200,application/json; charset=utf-8,13590,5f4b7062227a455b26e55a5fb521005f92b96a39e0a89d3b83659af2b1d4dbb6,889,OK,168,63,0,0,2026-08-31 00:00,2026-09-06 23:00,False,
1422307_2026-08-31_2026-09-06_a1,1422307,2026-08-31,2026-09-06,https://api-v3.thaiwater.net/api/v1/thaiwater30/public/waterlevel_graph?station_type=tele_waterlevel&station_id=1422307&start_date=2026-08-31&end_date=2026-09-06,2026-09-11T08:17:39.318062Z,200,application/json; charset=utf-8,13890,9861f342322a709ef0be790a0389c49ba406cd1dd7c45ce982900cbc2a34b1aa,1094,OK,168,168,0,0,2026-08-31 00:00,2026-09-06 23:00,False,
1422361_2026-08-31_2026-09-06_a1,1422361,2026-08-31,2026-09-06,https://api-v3.thaiwater.net/api/v1/thaiwater30/public/waterlevel_graph?station_type=tele_waterlevel&station_id=1422361&start_date=2026-08-31&end_date=2026-09-06,2026-09-11T08:17:40.498044Z,200,application/json; charset=utf-8,13662,edd47d0efa9a25e91d75c50bfda69f9cfb4d8d78648bd9fc2b84dc8abaf41f73,941,OK,168,149,0,0,2026-08-31 00:00,2026-09-06 23:00,False,
1422364_2026-08-31_2026-09-06_a1,1422364,2026-08-31,2026-09-06,https://api-v3.thaiwater.net/api/v1/thaiwater30/public/waterlevel_graph?station_type=tele_waterlevel&station_id=1422364&start_date=2026-08-31&end_date=2026-09-06,2026-09-11T08:17:42.283093Z,200,application/json; charset=utf-8,13694,33c52ac8f2b5d4c95671d3e1e22fe39b093ce48f7e1b0602bbc0e87990a3654d,1091,OK,168,149,0,0,2026-08-31 00:00,2026-09-06 23:00,False,
1422365_2026-08-31_2026-09-06_a1,1422365,2026-08-31,2026-09-06,https://api-v3.thaiwater.net/api/v1/thaiwater30/public/waterlevel_graph?station_type=tele_waterlevel&station_id=1422365&start_date=2026-08-31&end_date=2026-09-06,2026-09-11T08:17:43.711000Z,200,application/json; charset=utf-8,13530,16d089d3b2e17e38231b2b88346f3a149ed312a81918b88ea65c087b6bd9c569,1113,OK,168,149,0,0,2026-08-31 00:00,2026-09-06 23:00,False,
1422366_2026-08-31_2026-09-06_a1,1422366,2026-08-31,2026-09-06,https://api-v3.thaiwater.net/api/v1/thaiwater30/public/waterlevel_graph?station_type=tele_waterlevel&station_id=1422366&start_date=2026-08-31&end_date=2026-09-06,2026-09-11T08:17:44.878430Z,200,application/json; charset=utf-8,13545,1a68cfdb3bf8ee1ac9899eca6b604d599b3843f89e866af2b7aba6a5d54ce47a,1072,OK,168,149,0,0,2026-08-31 00:00,2026-09-06 23:00,False,
1422367_2026-08-31_2026-09-06_a1,1422367,2026-08-31,2026-09-06,https://api-v3.thaiwater.net/api/v1/thaiwater30/public/waterlevel_graph?station_type=tele_waterlevel&station_id=1422367&start_date=2026-08-31&end_date=2026-09-06,2026-09-11T08:17:46.029832Z,200,application/json; charset=utf-8,13691,79b8cafe1b99e689f781619ee0ab8656731748452c954530d367d0a54891c128,1005,OK,168,149,0,0,2026-08-31 00:00,2026-09-06 23:00,False,
1422368_2026-08-31_2026-09-06_a1,1422368,2026-08-31,2026-09-06,https://api-v3.thaiwater.net/api/v1/thaiwater30/public/waterlevel_graph?station_type=tele_waterlevel&station_id=1422368&start_date=2026-08-31&end_date=2026-09-06,2026-09-11T08:17:47.189903Z,200,application/json; charset=utf-8,13532,3023ff342cc433c5fe1673f3367a417fe3b38a5f7518dbf99a081dedec178c24,1050,OK,168,149,0,0,2026-08-31 00:00,2026-09-06 23:00,False,
1422369_2026-08-31_2026-09-06_a1,1422369,2026-08-31,2026-09-06,https://api-v3.thaiwater.net/api/v1/thaiwater30/public/waterlevel_graph?station_type=tele_waterlevel&station_id=1422369&start_date=2026-08-31&end_date=2026-09-06,2026-09-11T08:17:48.452755Z,200,application/json; charset=utf-8,13520,3c68f85fff5db43867d3f4bbe915e216d32920b95362460ceed58c9763dc9449,1058,OK,168,149,0,0,2026-08-31 00:00,2026-09-06 23:00,False,
1422371_2026-08-31_2026-09-06_a1,1422371,2026-08-31,2026-09-06,https://api-v3.thaiwater.net/api/v1/thaiwater30/public/waterlevel_graph?station_type=tele_waterlevel&station_id=1422371&start_date=2026-08-31&end_date=2026-09-06,2026-09-11T08:17:49.838791Z,200,application/json; charset=utf-8,13527,725c249f7f4648866d219c6eec4c15e14c33e168fe098b65732a77ad7de19689,948,OK,168,147,0,0,2026-08-31 00:00,2026-09-06 23:00,False,
1422372_2026-08-31_2026-09-06_a1,1422372,2026-08-31,2026-09-06,https://api-v3.thaiwater.net/api/v1/thaiwater30/public/waterlevel_graph?station_type=tele_waterlevel&station_id=1422372&start_date=2026-08-31&end_date=2026-09-06,2026-09-11T08:17:51.032309Z,200,application/json; charset=utf-8,13558,b81c0ac4c2f3506cc5a5914f635588fa4a0ea0e7ce62be9b47434d92f155104f,1107,OK,168,149,0,0,2026-08-31 00:00,2026-09-06 23:00,False,
1422373_2026-08-31_2026-09-06_a1,1422373,2026-08-31,2026-09-06,https://api-v3.thaiwater.net/api/v1/thaiwater30/public/waterlevel_graph?station_type=tele_waterlevel&station_id=1422373&start_date=2026-08-31&end_date=2026-09-06,2026-09-11T08:17:52.410001Z,200,application/json; charset=utf-8,13559,fd844d52aa491b201715b5d0f251cee4da2ad55b87c9bf6f22cb695c7161041d,1078,OK,168,149,0,0,2026-08-31 00:00,2026-09-06 23:00,False,
1422374_2026-08-31_2026-09-06_a1,1422374,2026-08-31,2026-09-06,https://api-v3.thaiwater.net/api/v1/thaiwater30/public/waterlevel_graph?station_type=tele_waterlevel&station_id=1422374&start_date=2026-08-31&end_date=2026-09-06,2026-09-11T08:17:53.676274Z,200,application/json; charset=utf-8,13543,ac6911536a573c6fda0950ddfd20c0f8a9a57bea69ee7672101bab6c8809cd64,1093,OK,168,149,0,0,2026-08-31 00:00,2026-09-06 23:00,False,
1422375_2026-08-31_2026-09-06_a1,1422375,2026-08-31,2026-09-06,https://api-v3.thaiwater.net/api/v1/thaiwater30/public/waterlevel_graph?station_type=tele_waterlevel&station_id=1422375&start_date=2026-08-31&end_date=2026-09-06,2026-09-11T08:17:55.172972Z,200,application/json; charset=utf-8,13608,6a2985e618b8bab7bd05469313aa98dc7e6190ee70f71c26ffc73e961b1d0916,1121,OK,168,149,0,0,2026-08-31 00:00,2026-09-06 23:00,False,
1475104_2026-08-31_2026-09-06_a1,1475104,2026-08-31,2026-09-06,https://api-v3.thaiwater.net/api/v1/thaiwater30/public/waterlevel_graph?station_type=tele_waterlevel&station_id=1475104&start_date=2026-08-31&end_date=2026-09-06,2026-09-11T08:17:56.418066Z,200,application/json; charset=utf-8,80313,0d4927654c0aaae5f4faba5603f9b797c9df55d3ec96fac64b50119ca85eab59,3820,OK,1008,318,0,0,2026-08-31 00:00,2026-09-06 23:50,False,
1475106_2026-08-31_2026-09-06_a1,1475106,2026-08-31,2026-09-06,https://api-v3.thaiwater.net/api/v1/thaiwater30/public/waterlevel_graph?station_type=tele_waterlevel&station_id=1475106&start_date=2026-08-31&end_date=2026-09-06,2026-09-11T08:17:58.609515Z,200,application/json; charset=utf-8,81546,4fb674ac958170fbbe6bddccb392bcbf808d42a6c4f5c6842c372da9647ebb3f,3725,OK,1008,1002,0,0,2026-08-31 00:00,2026-09-06 23:50,False,
1475118_2026-08-31_2026-09-06_a1,1475118,2026-08-31,2026-09-06,https://api-v3.thaiwater.net/api/v1/thaiwater30/public/waterlevel_graph?station_type=tele_waterlevel&station_id=1475118&start_date=2026-08-31&end_date=2026-09-06,2026-09-11T08:18:00.820173Z,200,application/json; charset=utf-8,81658,e31c20fb0aeda0e072d1cb0124c4ba7defc9439248187f7f6698b135b58747fd,4213,OK,1008,1001,0,0,2026-08-31 00:00,2026-09-06 23:50,False,
1475120_2026-08-31_2026-09-06_a1,1475120,2026-08-31,2026-09-06,https://api-v3.thaiwater.net/api/v1/thaiwater30/public/waterlevel_graph?station_type=tele_waterlevel&station_id=1475120&start_date=2026-08-31&end_date=2026-09-06,2026-09-11T08:18:03.232083Z,200,application/json; charset=utf-8,80183,a2082a4f4d0c18d5957754d40bd9d7a91d3bb037c152a40305fa23cee4076279,3431,OK,1008,269,0,0,2026-08-31 00:00,2026-09-06 23:50,False,
1475122_2026-08-31_2026-09-06_a1,1475122,2026-08-31,2026-09-06,https://api-v3.thaiwater.net/api/v1/thaiwater30/public/waterlevel_graph?station_type=tele_waterlevel&station_id=1475122&start_date=2026-08-31&end_date=2026-09-06,2026-09-11T08:18:05.402425Z,200,application/json; charset=utf-8,81586,9eda73fe245bc61ea445deebb8494dd26bf6a02eaf1b59615f395428b85f468b,4026,OK,1008,1000,0,0,2026-08-31 00:00,2026-09-06 23:50,False,
1476456_2026-08-31_2026-09-06_a1,1476456,2026-08-31,2026-09-06,https://api-v3.thaiwater.net/api/v1/thaiwater30/public/waterlevel_graph?station_type=tele_waterlevel&station_id=1476456&start_date=2026-08-31&end_date=2026-09-06,2026-09-11T08:18:07.496746Z,200,application/json; charset=utf-8,81600,8c916c562bc4ff0cc2af84463b2fa2c0e4cfd6144c06f9d5486d5739c36fa736,3978,OK,1008,987,0,0,2026-08-31 00:00,2026-09-06 23:50,False,
1476459_2026-08-31_2026-09-06_a1,1476459,2026-08-31,2026-09-06,https://api-v3.thaiwater.net/api/v1/thaiwater30/public/waterlevel_graph?station_type=tele_waterlevel&station_id=1476459&start_date=2026-08-31&end_date=2026-09-06,2026-09-11T08:18:09.565383Z,200,application/json; charset=utf-8,79768,5d19834e5a05bbd99eb61742dde1547db973f050791f12d91ca8b0398311d362,3025,OK,1008,0,0,0,2026-08-31 00:00,2026-09-06 23:50,True,
1476461_2026-08-31_2026-09-06_a1,1476461,2026-08-31,2026-09-06,https://api-v3.thaiwater.net/api/v1/thaiwater30/public/waterlevel_graph?station_type=tele_waterlevel&station_id=1476461&start_date=2026-08-31&end_date=2026-09-06,2026-09-11T08:18:11.837564Z,200,application/json; charset=utf-8,81667,9b165d0e628b190d8b8055fb42b1cf8ca53c8ba868e50509296d79da902e8bc3,4004,OK,1008,1000,0,0,2026-08-31 00:00,2026-09-06 23:50,False,
1481108_2026-08-31_2026-09-06_a1,1481108,2026-08-31,2026-09-06,https://api-v3.thaiwater.net/api/v1/thaiwater30/public/waterlevel_graph?station_type=tele_waterlevel&station_id=1481108&start_date=2026-08-31&end_date=2026-09-06,2026-09-11T08:18:14.103887Z,200,application/json; charset=utf-8,81740,0afed4d9fafa20a0136c301a33bcfb43d1d438c3dac59c71d4fa2f8ab8cf81dc,3877,OK,1008,1003,0,0,2026-08-31 00:00,2026-09-06 23:50,False,
1481122_2026-08-31_2026-09-06_a1,1481122,2026-08-31,2026-09-06,https://api-v3.thaiwater.net/api/v1/thaiwater30/public/waterlevel_graph?station_type=tele_waterlevel&station_id=1481122&start_date=2026-08-31&end_date=2026-09-06,2026-09-11T08:18:16.176693Z,200,application/json; charset=utf-8,81650,c4427e0394292697bf33215e8d57132a28254a47625db662fd3034d6ebef0a6f,3840,OK,1008,1000,0,0,2026-08-31 00:00,2026-09-06 23:50,False,
1481128_2026-08-31_2026-09-06_a1,1481128,2026-08-31,2026-09-06,https://api-v3.thaiwater.net/api/v1/thaiwater30/public/waterlevel_graph?station_type=tele_waterlevel&station_id=1481128&start_date=2026-08-31&end_date=2026-09-06,2026-09-11T08:18:18.354208Z,200,application/json; charset=utf-8,80665,971e8bb833dfc3024eacc80067475864196ede76f8d82393d6d51ea418a678b0,3580,OK,1008,1001,0,0,2026-08-31 00:00,2026-09-06 23:50,False,
1481146_2026-08-31_2026-09-06_a1,1481146,2026-08-31,2026-09-06,https://api-v3.thaiwater.net/api/v1/thaiwater30/public/waterlevel_graph?station_type=tele_waterlevel&station_id=1481146&start_date=2026-08-31&end_date=2026-09-06,2026-09-11T08:18:20.540761Z,200,application/json; charset=utf-8,81704,e2d01b4101a30ceefe84ff86e6df3b087ba3da5777e629cc49af8cbcf5871cfd,4256,OK,1008,1000,0,0,2026-08-31 00:00,2026-09-06 23:50,False,
1481153_2026-08-31_2026-09-06_a1,1481153,2026-08-31,2026-09-06,https://api-v3.thaiwater.net/api/v1/thaiwater30/public/waterlevel_graph?station_type=tele_waterlevel&station_id=1481153&start_date=2026-08-31&end_date=2026-09-06,2026-09-11T08:18:22.518338Z,200,application/json; charset=utf-8,81722,9f45edd922b381d4c8a036c7994b40842ed7aff9516928db8e49485255c15c3c,3603,OK,1008,996,0,0,2026-08-31 00:00,2026-09-06 23:50,False,
1482445_2026-08-31_2026-09-06_a1,1482445,2026-08-31,2026-09-06,https://api-v3.thaiwater.net/api/v1/thaiwater30/public/waterlevel_graph?station_type=tele_waterlevel&station_id=1482445&start_date=2026-08-31&end_date=2026-09-06,2026-09-11T08:18:24.799907Z,200,application/json; charset=utf-8,81718,9f899dc239349fb511c88a375b07389cacfe51f1ce542f9ac4cdf777079dc43a,3505,OK,1008,1001,0,0,2026-08-31 00:00,2026-09-06 23:50,False,
1483103_2026-08-31_2026-09-06_a1,1483103,2026-08-31,2026-09-06,https://api-v3.thaiwater.net/api/v1/thaiwater30/public/waterlevel_graph?station_type=tele_waterlevel&station_id=1483103&start_date=2026-08-31&end_date=2026-09-06,2026-09-11T08:18:27.046652Z,200,application/json; charset=utf-8,81615,3ca3f95b23f0e08098d97999c078b2c8e0e5167b741745fbc878dba3efcaf490,4146,OK,1008,994,0,0,2026-08-31 00:00,2026-09-06 23:50,False,
1483111_2026-08-31_2026-09-06_a1,1483111,2026-08-31,2026-09-06,https://api-v3.thaiwater.net/api/v1/thaiwater30/public/waterlevel_graph?station_type=tele_waterlevel&station_id=1483111&start_date=2026-08-31&end_date=2026-09-06,2026-09-11T08:18:29.663503Z,200,application/json; charset=utf-8,81647,c45af7cae2e85ccbadf9069e5cbdf7a267312cc4b2ebe24a7981647d567e5c3e,3954,OK,1008,982,0,0,2026-08-31 00:00,2026-09-06 23:50,False,
1483127_2026-08-31_2026-09-06_a1,1483127,2026-08-31,2026-09-06,https://api-v3.thaiwater.net/api/v1/thaiwater30/public/waterlevel_graph?station_type=tele_waterlevel&station_id=1483127&start_date=2026-08-31&end_date=2026-09-06,2026-09-11T08:18:31.954023Z,200,application/json; charset=utf-8,81607,5d2a77c7282158845a9128ea70b116c1da2e1fe01866ea6a2cdf740dd5c2a2b1,3993,OK,1008,998,0,0,2026-08-31 00:00,2026-09-06 23:50,False,
1483131_2026-08-31_2026-09-06_a1,1483131,2026-08-31,2026-09-06,https://api-v3.thaiwater.net/api/v1/thaiwater30/public/waterlevel_graph?station_type=tele_waterlevel&station_id=1483131&start_date=2026-08-31&end_date=2026-09-06,2026-09-11T08:18:34.247639Z,200,application/json; charset=utf-8,80656,b45fbcfe7264b609a2f47e6acdc0eb86f5b4fea6ab9ad8f015ebd8754b20da88,3693,OK,1008,998,0,0,2026-08-31 00:00,2026-09-06 23:50,False,
1556820_2026-08-31_2026-09-06_a1,1556820,2026-08-31,2026-09-06,https://api-v3.thaiwater.net/api/v1/thaiwater30/public/waterlevel_graph?station_type=tele_waterlevel&station_id=1556820&start_date=2026-08-31&end_date=2026-09-06,2026-09-11T08:18:36.341230Z,200,application/json; charset=utf-8,80683,7fd59491fdb5a41d460441a81d0f0f6c943bc730206b6037e4a226e4d8dc38bb,3935,OK,1008,305,0,0,2026-08-31 00:00,2026-09-06 23:50,False,
1556822_2026-08-31_2026-09-06_a1,1556822,2026-08-31,2026-09-06,https://api-v3.thaiwater.net/api/v1/thaiwater30/public/waterlevel_graph?station_type=tele_waterlevel&station_id=1556822&start_date=2026-08-31&end_date=2026-09-06,2026-09-11T08:18:38.690397Z,200,application/json; charset=utf-8,81655,3e3d397999dbd87c703b82073bca8068bd0068dcc89d89b8dbeecb7040d0f431,4110,OK,1008,1002,0,0,2026-08-31 00:00,2026-09-06 23:50,False,
1645475_2026-08-31_2026-09-06_a1,1645475,2026-08-31,2026-09-06,https://api-v3.thaiwater.net/api/v1/thaiwater30/public/waterlevel_graph?station_type=tele_waterlevel&station_id=1645475&start_date=2026-08-31&end_date=2026-09-06,2026-09-11T08:18:40.859346Z,200,application/json; charset=utf-8,82680,1e9fbf15d9c3ba3fd749558d5dbfd99afb366592694fa053e7e73246e280ddab,5162,OK,1008,1005,0,0,2026-08-31 00:00,2026-09-06 23:50,False,
1677418_2026-08-31_2026-09-06_a1,1677418,2026-08-31,2026-09-06,https://api-v3.thaiwater.net/api/v1/thaiwater30/public/waterlevel_graph?station_type=tele_waterlevel&station_id=1677418&start_date=2026-08-31&end_date=2026-09-06,2026-09-11T08:18:43.188773Z,200,application/json; charset=utf-8,81752,d0737de3fd8fd89efd3cdfc1f089585c190298e7814c1f319142ab68c7225f32,3413,OK,1008,998,0,0,2026-08-31 00:00,2026-09-06 23:50,False,
1677419_2026-08-31_2026-09-06_a1,1677419,2026-08-31,2026-09-06,https://api-v3.thaiwater.net/api/v1/thaiwater30/public/waterlevel_graph?station_type=tele_waterlevel&station_id=1677419&start_date=2026-08-31&end_date=2026-09-06,2026-09-11T08:18:45.376254Z,200,application/json; charset=utf-8,82674,903eee20ba8f60a5fcff98b3523fbd8e3b6381aee6ea2c3f7813a34514973c9d,4118,OK,1008,1005,0,0,2026-08-31 00:00,2026-09-06 23:50,False,
1677420_2026-08-31_2026-09-06_a1,1677420,2026-08-31,2026-09-06,https://api-v3.thaiwater.net/api/v1/thaiwater30/public/waterlevel_graph?station_type=tele_waterlevel&station_id=1677420&start_date=2026-08-31&end_date=2026-09-06,2026-09-11T08:18:47.468584Z,200,application/json; charset=utf-8,82664,ee7577b6f1b283ced2cc2c47563e527161f5cde095d4bd0a211405a6572f4233,5513,OK,1008,1005,0,0,2026-08-31 00:00,2026-09-06 23:50,False,
9822342_2026-08-31_2026-09-06_a1,9822342,2026-08-31,2026-09-06,https://api-v3.thaiwater.net/api/v1/thaiwater30/public/waterlevel_graph?station_type=tele_waterlevel&station_id=9822342&start_date=2026-08-31&end_date=2026-09-06,2026-09-11T08:18:49.700295Z,200,application/json; charset=utf-8,80812,ead38ddc36af35876028c55afcf3c72b3f136fa5a9a797c0dfce6df028c0c666,3886,OK,1008,552,0,0,2026-08-31 00:00,2026-09-06 23:50,False,
9930854_2026-08-31_2026-09-06_a1,9930854,2026-08-31,2026-09-06,https://api-v3.thaiwater.net/api/v1/thaiwater30/public/waterlevel_graph?station_type=tele_waterlevel&station_id=9930854&start_date=2026-08-31&end_date=2026-09-06,2026-09-11T08:18:51.863564Z,200,application/json; charset=utf-8,80648,69a2220b111d9282435ffda2c0fa4b676a305a8267a436ee1399d20067510601,4632,OK,1008,1005,0,0,2026-08-31 00:00,2026-09-06 23:50,False,
9930856_2026-08-31_2026-09-06_a1,9930856,2026-08-31,2026-09-06,https://api-v3.thaiwater.net/api/v1/thaiwater30/public/waterlevel_graph?station_type=tele_waterlevel&station_id=9930856&start_date=2026-08-31&end_date=2026-09-06,2026-09-11T08:18:53.894975Z,200,application/json; charset=utf-8,80644,eb5b187ba4f26e5997e41f5aa18112a0ed9ddbbae364fa9a758ef5c7602e099c,5185,OK,1008,1005,0,0,2026-08-31 00:00,2026-09-06 23:50,False,
9931002_2026-08-31_2026-09-06_a1,9931002,2026-08-31,2026-09-06,https://api-v3.thaiwater.net/api/v1/thaiwater30/public/waterlevel_graph?station_type=tele_waterlevel&station_id=9931002&start_date=2026-08-31&end_date=2026-09-06,2026-09-11T08:18:56.067849Z,200,application/json; charset=utf-8,82696,061d6d01a9f3b24abe30d9b0d6ff40c731d51c17e0474cfc53fd6f1e3ce6f42f,4193,OK,1008,1005,0,0,2026-08-31 00:00,2026-09-06 23:50,False,
9931004_2026-08-31_2026-09-06_a1,9931004,2026-08-31,2026-09-06,https://api-v3.thaiwater.net/api/v1/thaiwater30/public/waterlevel_graph?station_type=tele_waterlevel&station_id=9931004&start_date=2026-08-31&end_date=2026-09-06,2026-09-11T08:18:58.483263Z,200,application/json; charset=utf-8,82656,ab0146ab6a51d5dc1f3429f9a52293b7c5bfdc8fb5c68a5a92953e4f213479fa,4160,OK,1008,1005,0,0,2026-08-31 00:00,2026-09-06 23:50,False,
9931006_2026-08-31_2026-09-06_a1,9931006,2026-08-31,2026-09-06,https://api-v3.thaiwater.net/api/v1/thaiwater30/public/waterlevel_graph?station_type=tele_waterlevel&station_id=9931006&start_date=2026-08-31&end_date=2026-09-06,2026-09-11T08:19:00.710817Z,200,application/json; charset=utf-8,82691,ca2602c71bccd8f0e0c238a7e132bb8e1f441122c851ffb60ef70e86d9a4fc0d,4613,OK,1008,1005,0,0,2026-08-31 00:00,2026-09-06 23:50,False,
9931008_2026-08-31_2026-09-06_a1,9931008,2026-08-31,2026-09-06,https://api-v3.thaiwater.net/api/v1/thaiwater30/public/waterlevel_graph?station_type=tele_waterlevel&station_id=9931008&start_date=2026-08-31&end_date=2026-09-06,2026-09-11T08:19:02.998036Z,200,application/json; charset=utf-8,82610,299af09fd75461d988fa2c3896a2d456ef131b5f16e8aa63fa3faf1f49e53a04,4115,OK,1008,1005,0,0,2026-08-31 00:00,2026-09-06 23:50,False,
11568367_2026-08-31_2026-09-06_a1,11568367,2026-08-31,2026-09-06,https://api-v3.thaiwater.net/api/v1/thaiwater30/public/waterlevel_graph?station_type=tele_waterlevel&station_id=11568367&start_date=2026-08-31&end_date=2026-09-06,2026-09-11T08:19:05.091543Z,200,application/json; charset=utf-8,79763,cc5d9bc1189561c71bac28d2581ef6ee99610ee2ee7853fad60308ab7ae8711d,3021,OK,1008,0,0,0,2026-08-31 00:00,2026-09-06 23:50,True,
11688546_2026-08-31_2026-09-06_a1,11688546,2026-08-31,2026-09-06,https://api-v3.thaiwater.net/api/v1/thaiwater30/public/waterlevel_graph?station_type=tele_waterlevel&station_id=11688546&start_date=2026-08-31&end_date=2026-09-06,2026-09-11T08:19:07.528276Z,200,application/json; charset=utf-8,13404,965bb708077177eea350710af901e16eb0cad55f2bee98df7c0ad935a337800a,641,OK,168,0,0,0,2026-08-31 00:00,2026-09-06 23:00,True,
11688685_2026-08-31_2026-09-06_a1,11688685,2026-08-31,2026-09-06,https://api-v3.thaiwater.net/api/v1/thaiwater30/public/waterlevel_graph?station_type=tele_waterlevel&station_id=11688685&start_date=2026-08-31&end_date=2026-09-06,2026-09-11T08:19:09.120180Z,200,application/json; charset=utf-8,13399,c8f7046b9f84202336103ac994663aab813dbf057bb37626c683e0f72c59576f,634,OK,168,0,0,0,2026-08-31 00:00,2026-09-06 23:00,True,
11688715_2026-08-31_2026-09-06_a1,11688715,2026-08-31,2026-09-06,https://api-v3.thaiwater.net/api/v1/thaiwater30/public/waterlevel_graph?station_type=tele_waterlevel&station_id=11688715&start_date=2026-08-31&end_date=2026-09-06,2026-09-11T08:19:10.351061Z,200,application/json; charset=utf-8,13401,3e5e855ad6bcf800d0ab925d216cd2bbae915ccf1ad2323e00f2b8ed3c1830d8,638,OK,168,0,0,0,2026-08-31 00:00,2026-09-06 23:00,True,
11688749_2026-08-31_2026-09-06_a1,11688749,2026-08-31,2026-09-06,https://api-v3.thaiwater.net/api/v1/thaiwater30/public/waterlevel_graph?station_type=tele_waterlevel&station_id=11688749&start_date=2026-08-31&end_date=2026-09-06,2026-09-11T08:19:11.765635Z,200,application/json; charset=utf-8,13403,e95f13e1eb87b62afe09b41e83ad0e3fcc830f0495743b252b58ea059d226077,637,OK,168,0,0,0,2026-08-31 00:00,2026-09-06 23:00,True,
11688817_2026-08-31_2026-09-06_a1,11688817,2026-08-31,2026-09-06,https://api-v3.thaiwater.net/api/v1/thaiwater30/public/waterlevel_graph?station_type=tele_waterlevel&station_id=11688817&start_date=2026-08-31&end_date=2026-09-06,2026-09-11T08:19:12.953196Z,200,application/json; charset=utf-8,13402,f0c54e4866d2736669ac91b80360025adca10c91c0946aedebb3d4097ef45c12,635,OK,168,0,0,0,2026-08-31 00:00,2026-09-06 23:00,True,
11688823_2026-08-31_2026-09-06_a1,11688823,2026-08-31,2026-09-06,https://api-v3.thaiwater.net/api/v1/thaiwater30/public/waterlevel_graph?station_type=tele_waterlevel&station_id=11688823&start_date=2026-08-31&end_date=2026-09-06,2026-09-11T08:19:14.115233Z,200,application/json; charset=utf-8,13399,c8f7046b9f84202336103ac994663aab813dbf057bb37626c683e0f72c59576f,634,OK,168,0,0,0,2026-08-31 00:00,2026-09-06 23:00,True,
11688849_2026-08-31_2026-09-06_a1,11688849,2026-08-31,2026-09-06,https://api-v3.thaiwater.net/api/v1/thaiwater30/public/waterlevel_graph?station_type=tele_waterlevel&station_id=11688849&start_date=2026-08-31&end_date=2026-09-06,2026-09-11T08:19:15.453191Z,200,application/json; charset=utf-8,13402,65219c99e03a9b2817ba78ffef6f887f334778afce964888f9f60830aa57b3e6,640,OK,168,0,0,0,2026-08-31 00:00,2026-09-06 23:00,True,
11689002_2026-08-31_2026-09-06_a1,11689002,2026-08-31,2026-09-06,https://api-v3.thaiwater.net/api/v1/thaiwater30/public/waterlevel_graph?station_type=tele_waterlevel&station_id=11689002&start_date=2026-08-31&end_date=2026-09-06,2026-09-11T08:19:16.717029Z,200,application/json; charset=utf-8,13402,8c2bbea977643527ac79f33ef7b2c9e957229d450e795b529428a431584e6318,639,OK,168,0,0,0,2026-08-31 00:00,2026-09-06 23:00,True,
11689003_2026-08-31_2026-09-06_a1,11689003,2026-08-31,2026-09-06,https://api-v3.thaiwater.net/api/v1/thaiwater30/public/waterlevel_graph?station_type=tele_waterlevel&station_id=11689003&start_date=2026-08-31&end_date=2026-09-06,2026-09-11T08:19:18.217928Z,200,application/json; charset=utf-8,13402,4b482a0b0158bbd7c374956006d6c85319b4bfcac57acac4414e976f18d87448,639,OK,168,0,0,0,2026-08-31 00:00,2026-09-06 23:00,True,
11689067_2026-08-31_2026-09-06_a1,11689067,2026-08-31,2026-09-06,https://api-v3.thaiwater.net/api/v1/thaiwater30/public/waterlevel_graph?station_type=tele_waterlevel&station_id=11689067&start_date=2026-08-31&end_date=2026-09-06,2026-09-11T08:19:19.465307Z,200,application/json; charset=utf-8,13402,5ee6e142c80fade0119c7c661bb316221b9e57c313f394675475d631c9b10605,640,OK,168,0,0,0,2026-08-31 00:00,2026-09-06 23:00,True,
11689072_2026-08-31_2026-09-06_a1,11689072,2026-08-31,2026-09-06,https://api-v3.thaiwater.net/api/v1/thaiwater30/public/waterlevel_graph?station_type=tele_waterlevel&station_id=11689072&start_date=2026-08-31&end_date=2026-09-06,2026-09-11T08:19:20.634354Z,200,application/json; charset=utf-8,13402,7d8cf65e196323786b989be567ccfd7cea2618a0571f060c769a0557bed0ad57,639,OK,168,0,0,0,2026-08-31 00:00,2026-09-06 23:00,True,
11689150_2026-08-31_2026-09-06_a1,11689150,2026-08-31,2026-09-06,https://api-v3.thaiwater.net/api/v1/thaiwater30/public/waterlevel_graph?station_type=tele_waterlevel&station_id=11689150&start_date=2026-08-31&end_date=2026-09-06,2026-09-11T08:19:21.762084Z,200,application/json; charset=utf-8,13402,4dcf139f2fc898e5f9db578435c361b3fd653f0eb38d9a723ac45c1e55183944,635,OK,168,0,0,0,2026-08-31 00:00,2026-09-06 23:00,True,
1_2026-06-08_2026-09-06_a1,1,2026-06-08,2026-09-06,https://api-v3.thaiwater.net/api/v1/thaiwater30/public/waterlevel_graph?station_type=tele_waterlevel&station_id=1&start_date=2026-06-08&end_date=2026-09-06,2026-09-11T08:19:23.006111Z,200,application/json; charset=utf-8,1046946,df9ee38e6cf80d6b9f77b4964ff493b6ec78a1bf7a091f2a5f04bd45e4bd16df,62849,OK,13104,13069,0,0,2026-06-08 00:00,2026-09-06 23:50,False,
3_2026-06-08_2026-09-06_a1,3,2026-06-08,2026-09-06,https://api-v3.thaiwater.net/api/v1/thaiwater30/public/waterlevel_graph?station_type=tele_waterlevel&station_id=3&start_date=2026-06-08&end_date=2026-09-06,2026-09-11T08:19:31.855090Z,200,application/json; charset=utf-8,1048443,dc78a3224a54c436759c632c47e306560b40c40ca79105c2e44c6f6814f37bb9,46706,OK,13104,6936,0,0,2026-06-08 00:00,2026-09-06 23:50,False,
4_2026-06-08_2026-09-06_a1,4,2026-06-08,2026-09-06,https://api-v3.thaiwater.net/api/v1/thaiwater30/public/waterlevel_graph?station_type=tele_waterlevel&station_id=4&start_date=2026-06-08&end_date=2026-09-06,2026-09-11T08:19:36.775934Z,200,application/json; charset=utf-8,1038457,38c2473cbd588a8cc526cfd7b310d5d369f2ce1112ee8b780a9a2ee1dcf8f730,62372,OK,13104,12963,0,0,2026-06-08 00:00,2026-09-06 23:50,False,
5_2026-06-08_2026-09-06_a1,5,2026-06-08,2026-09-06,https://api-v3.thaiwater.net/api/v1/thaiwater30/public/waterlevel_graph?station_type=tele_waterlevel&station_id=5&start_date=2026-06-08&end_date=2026-09-06,2026-09-11T08:19:43.503129Z,200,application/json; charset=utf-8,1039952,3da00ee80a38d8215d31ddb6f7335b7806477656f246c523f86b97e417da0306,56956,OK,13104,5092,0,0,2026-06-08 00:00,2026-09-06 23:50,False,
8_2026-06-08_2026-09-06_a1,8,2026-06-08,2026-09-06,https://api-v3.thaiwater.net/api/v1/thaiwater30/public/waterlevel_graph?station_type=tele_waterlevel&station_id=8&start_date=2026-06-08&end_date=2026-09-06,2026-09-11T08:19:48.143059Z,200,application/json; charset=utf-8,1046877,92e267138ace08ccd5478620331dd9a502306fe484a51b7a40ff585d56748409,61440,OK,13104,13062,0,0,2026-06-08 00:00,2026-09-06 23:50,False,
10_2026-06-08_2026-09-06_a1,10,2026-06-08,2026-09-06,https://api-v3.thaiwater.net/api/v1/thaiwater30/public/waterlevel_graph?station_type=tele_waterlevel&station_id=10&start_date=2026-06-08&end_date=2026-09-06,2026-09-11T08:19:52.508643Z,200,application/json; charset=utf-8,1060049,ee021e99c62612747e594fcfeddc679c4569f67710410cd225fe89eee6ffbce6,70217,OK,13104,13056,0,0,2026-06-08 00:00,2026-09-06 23:50,False,
11_2026-06-08_2026-09-06_a1,11,2026-06-08,2026-09-06,https://api-v3.thaiwater.net/api/v1/thaiwater30/public/waterlevel_graph?station_type=tele_waterlevel&station_id=11&start_date=2026-06-08&end_date=2026-09-06,2026-09-11T08:19:57.546170Z,200,application/json; charset=utf-8,1047051,8e9638416a7f367f117afe38d29ad53432a6b965a15eeb926f0d7872b88e3396,61248,OK,13104,13059,0,0,2026-06-08 00:00,2026-09-06 23:50,False,
14_2026-06-08_2026-09-06_a1,14,2026-06-08,2026-09-06,https://api-v3.thaiwater.net/api/v1/thaiwater30/public/waterlevel_graph?station_type=tele_waterlevel&station_id=14&start_date=2026-06-08&end_date=2026-09-06,2026-09-11T08:20:02.801468Z,200,application/json; charset=utf-8,1044317,6ee558f73efc8fbaef56e6ed6f24d61a7889c433e2dad166eafdb269446e2682,57250,OK,13104,10084,0,0,2026-06-08 00:00,2026-09-06 23:50,False,
21_2026-06-08_2026-09-06_a1,21,2026-06-08,2026-09-06,https://api-v3.thaiwater.net/api/v1/thaiwater30/public/waterlevel_graph?station_type=tele_waterlevel&station_id=21&start_date=2026-06-08&end_date=2026-09-06,2026-09-11T08:20:07.691879Z,200,application/json; charset=utf-8,1059896,29d9c95ea9eb7e151702bc82c0fcfaffb78f3dbbc3c398d6628f1d267aec602d,52632,OK,13104,13045,0,0,2026-06-08 00:00,2026-09-06 23:50,False,
24_2026-06-08_2026-09-06_a1,24,2026-06-08,2026-09-06,https://api-v3.thaiwater.net/api/v1/thaiwater30/public/waterlevel_graph?station_type=tele_waterlevel&station_id=24&start_date=2026-06-08&end_date=2026-09-06,2026-09-11T08:20:13.134137Z,200,application/json; charset=utf-8,1046885,f73504620d0aa010bbd725a9497d37124f96c21d07d2bcd58c6a3d5f6991b931,57450,OK,13104,13068,0,0,2026-06-08 00:00,2026-09-06 23:50,False,
26_2026-06-08_2026-09-06_a1,26,2026-06-08,2026-09-06,https://api-v3.thaiwater.net/api/v1/thaiwater30/public/waterlevel_graph?station_type=tele_waterlevel&station_id=26&start_date=2026-06-08&end_date=2026-09-06,2026-09-11T08:20:20.848578Z,200,application/json; charset=utf-8,1034905,fd0e4a8f4a6d18679c8459a07b0f96ea5b66015d818f0871076820b9e11a2799,60100,OK,13104,12861,0,0,2026-06-08 00:00,2026-09-06 23:50,False,
27_2026-06-08_2026-09-06_a1,27,2026-06-08,2026-09-06,https://api-v3.thaiwater.net/api/v1/thaiwater30/public/waterlevel_graph?station_type=tele_waterlevel&station_id=27&start_date=2026-06-08&end_date=2026-09-06,2026-09-11T08:20:55.550158Z,200,application/json; charset=utf-8,1046752,ca1894dbdacd2fd69c518e440e75d8a51ddc0e9a8b8415187fc6e272276a9221,63836,OK,13104,12845,0,0,2026-06-08 00:00,2026-09-06 23:50,False,
29_2026-06-08_2026-09-06_a1,29,2026-06-08,2026-09-06,https://api-v3.thaiwater.net/api/v1/thaiwater30/public/waterlevel_graph?station_type=tele_waterlevel&station_id=29&start_date=2026-06-08&end_date=2026-09-06,2026-09-11T08:21:05.818501Z,200,application/json; charset=utf-8,1043897,6a1d773cbbc9fe87d3664a2c11094eb2b325b91e4b753a2df45e711a99e40937,58550,OK,13104,12986,0,0,2026-06-08 00:00,2026-09-06 23:50,False,
36_2026-06-08_2026-09-06_a1,36,2026-06-08,2026-09-06,https://api-v3.thaiwater.net/api/v1/thaiwater30/public/waterlevel_graph?station_type=tele_waterlevel&station_id=36&start_date=2026-06-08&end_date=2026-09-06,2026-09-11T08:21:37.058069Z,200,application/json; charset=utf-8,1047032,8f34a8bd898f34f738a31d74458490842ea4d6c77ecbdfaa7a4037487c664d90,56922,OK,13104,13064,0,0,2026-06-08 00:00,2026-09-06 23:50,False,
37_2026-06-08_2026-09-06_a1,37,2026-06-08,2026-09-06,https://api-v3.thaiwater.net/api/v1/thaiwater30/public/waterlevel_graph?station_type=tele_waterlevel&station_id=37&start_date=2026-06-08&end_date=2026-09-06,2026-09-11T08:21:42.613711Z,200,application/json; charset=utf-8,1046963,c3d48a18f496459d1efcd54a9bf99f921877802703b55db17cf9acca62aba5cf,61364,OK,13104,13058,0,0,2026-06-08 00:00,2026-09-06 23:50,False,
39_2026-06-08_2026-09-06_a1,39,2026-06-08,2026-09-06,https://api-v3.thaiwater.net/api/v1/thaiwater30/public/waterlevel_graph?station_type=tele_waterlevel&station_id=39&start_date=2026-06-08&end_date=2026-09-06,2026-09-11T08:21:47.113947Z,200,application/json; charset=utf-8,1048232,4319b9ef025ab9a53674ffaf0bb79378365cb4376b47e2324646e6b79168f238,69279,OK,13104,13065,0,0,2026-06-08 00:00,2026-09-06 23:50,False,
40_2026-06-08_2026-09-06_a1,40,2026-06-08,2026-09-06,https://api-v3.thaiwater.net/api/v1/thaiwater30/public/waterlevel_graph?station_type=tele_waterlevel&station_id=40&start_date=2026-06-08&end_date=2026-09-06,2026-09-11T08:21:54.125075Z,200,application/json; charset=utf-8,1049124,45167714093c5b8c2e36d695a6ff33d02702b6813c5fe07dc2d711902ec36dc8,70471,OK,13104,13055,0,0,2026-06-08 00:00,2026-09-06 23:50,False,
44_2026-06-08_2026-09-06_a1,44,2026-06-08,2026-09-06,https://api-v3.thaiwater.net/api/v1/thaiwater30/public/waterlevel_graph?station_type=tele_waterlevel&station_id=44&start_date=2026-06-08&end_date=2026-09-06,2026-09-11T08:22:01.087913Z,200,application/json; charset=utf-8,1049510,be9f4008ad29d7a1a63d23dc4485c60add47a49ed88f7117e5072ecdf471f43c,69655,OK,13104,13067,0,0,2026-06-08 00:00,2026-09-06 23:50,False,
47_2026-06-08_2026-09-06_a1,47,2026-06-08,2026-09-06,https://api-v3.thaiwater.net/api/v1/thaiwater30/public/waterlevel_graph?station_type=tele_waterlevel&station_id=47&start_date=2026-06-08&end_date=2026-09-06,2026-09-11T08:22:05.891643Z,200,application/json; charset=utf-8,1046940,fc44a6bf59db80ae7e32d79f4fda33a93bf200579c2e690598d9a3c848f53f60,68313,OK,13104,12990,0,0,2026-06-08 00:00,2026-09-06 23:50,False,
48_2026-06-08_2026-09-06_a1,48,2026-06-08,2026-09-06,https://api-v3.thaiwater.net/api/v1/thaiwater30/public/waterlevel_graph?station_type=tele_waterlevel&station_id=48&start_date=2026-06-08&end_date=2026-09-06,2026-09-11T08:22:10.611484Z,200,application/json; charset=utf-8,1047305,065d6d836e3f8ca95a816f0a64f15ddf484a5985b4abb2b17600cc8734c47211,68821,OK,13104,13039,0,0,2026-06-08 00:00,2026-09-06 23:50,False,
49_2026-06-08_2026-09-06_a1,49,2026-06-08,2026-09-06,https://api-v3.thaiwater.net/api/v1/thaiwater30/public/waterlevel_graph?station_type=tele_waterlevel&station_id=49&start_date=2026-06-08&end_date=2026-09-06,2026-09-11T08:22:15.529727Z,200,application/json; charset=utf-8,1049539,b91c7ae3678fa70d45796547108bf573eb20bb1efefcc13feb5b2d56b1dbc5c2,70257,OK,13104,12971,0,0,2026-06-08 00:00,2026-09-06 23:50,False,
50_2026-06-08_2026-09-06_a1,50,2026-06-08,2026-09-06,https://api-v3.thaiwater.net/api/v1/thaiwater30/public/waterlevel_graph?station_type=tele_waterlevel&station_id=50&start_date=2026-06-08&end_date=2026-09-06,2026-09-11T08:22:20.267117Z,200,application/json; charset=utf-8,1046861,c174a4fee539501c671cdd5ea7e8b48f329e40caa97926696503f6a575eb5dba,69309,OK,13104,13063,0,0,2026-06-08 00:00,2026-09-06 23:50,False,
54_2026-06-08_2026-09-06_a1,54,2026-06-08,2026-09-06,https://api-v3.thaiwater.net/api/v1/thaiwater30/public/waterlevel_graph?station_type=tele_waterlevel&station_id=54&start_date=2026-06-08&end_date=2026-09-06,2026-09-11T08:22:26.456525Z,200,application/json; charset=utf-8,1047022,61cd0394057ded176dc3ffa8b68d4846a516031c7fa46200dff3ea0b304072dd,59992,OK,13104,13070,0,0,2026-06-08 00:00,2026-09-06 23:50,False,
57_2026-06-08_2026-09-06_a1,57,2026-06-08,2026-09-06,https://api-v3.thaiwater.net/api/v1/thaiwater30/public/waterlevel_graph?station_type=tele_waterlevel&station_id=57&start_date=2026-06-08&end_date=2026-09-06,2026-09-11T08:22:31.253410Z,200,application/json; charset=utf-8,1046951,67ce084b80e056454fef0c33b943ed7d68b0c494dd0044c91d77e20bbb8e707b,60295,OK,13104,13066,0,0,2026-06-08 00:00,2026-09-06 23:50,False,
58_2026-06-08_2026-09-06_a1,58,2026-06-08,2026-09-06,https://api-v3.thaiwater.net/api/v1/thaiwater30/public/waterlevel_graph?station_type=tele_waterlevel&station_id=58&start_date=2026-06-08&end_date=2026-09-06,2026-09-11T08:22:35.773067Z,200,application/json; charset=utf-8,1046925,52f125300789abf7bb303a1cb5b28cdf8a45f22e92668b70544ba2fca556a032,67875,OK,13104,13028,0,0,2026-06-08 00:00,2026-09-06 23:50,False,
61_2026-06-08_2026-09-06_a1,61,2026-06-08,2026-09-06,https://api-v3.thaiwater.net/api/v1/thaiwater30/public/waterlevel_graph?station_type=tele_waterlevel&station_id=61&start_date=2026-06-08&end_date=2026-09-06,2026-09-11T08:22:40.609905Z,200,application/json; charset=utf-8,1046980,3d5f477feb0d59955ff41f80cc57bfdc1c780b1a355430d084dc61c5049da541,62919,OK,13104,13069,0,0,2026-06-08 00:00,2026-09-06 23:50,False,
68_2026-06-08_2026-09-06_a1,68,2026-06-08,2026-09-06,https://api-v3.thaiwater.net/api/v1/thaiwater30/public/waterlevel_graph?station_type=tele_waterlevel&station_id=68&start_date=2026-06-08&end_date=2026-09-06,2026-09-11T08:22:46.053838Z,200,application/json; charset=utf-8,1046880,d3cd9d085959c71bc3e3bdf0f2e6f01a9166192eb9df52909c81184954458171,66086,OK,13104,13013,0,0,2026-06-08 00:00,2026-09-06 23:50,False,
71_2026-06-08_2026-09-06_a1,71,2026-06-08,2026-09-06,https://api-v3.thaiwater.net/api/v1/thaiwater30/public/waterlevel_graph?station_type=tele_waterlevel&station_id=71&start_date=2026-06-08&end_date=2026-09-06,2026-09-11T08:22:50.892944Z,200,application/json; charset=utf-8,1046943,7754ef291a6d172376b16a8f1ac4c9d94de3e0a02ce34dd8883aa1d154913e1c,67197,OK,13104,13030,0,0,2026-06-08 00:00,2026-09-06 23:50,False,
79_2026-06-08_2026-09-06_a1,79,2026-06-08,2026-09-06,https://api-v3.thaiwater.net/api/v1/thaiwater30/public/waterlevel_graph?station_type=tele_waterlevel&station_id=79&start_date=2026-06-08&end_date=2026-09-06,2026-09-11T08:22:55.613473Z,200,application/json; charset=utf-8,1060155,ed50d831313e69679dcf43c3b4fc161b41aac06faab8fedb49042e1db28c3f5a,62372,OK,13104,13067,0,0,2026-06-08 00:00,2026-09-06 23:50,False,
80_2026-06-08_2026-09-06_a1,80,2026-06-08,2026-09-06,https://api-v3.thaiwater.net/api/v1/thaiwater30/public/waterlevel_graph?station_type=tele_waterlevel&station_id=80&start_date=2026-06-08&end_date=2026-09-06,2026-09-11T08:23:01.385139Z,200,application/json; charset=utf-8,1059978,302974617cfe97fe2c1c1f72b5effe24158dbd34168a497d53ad651f8703fc11,62227,OK,13104,13070,0,0,2026-06-08 00:00,2026-09-06 23:50,False,
83_2026-06-08_2026-09-06_a1,83,2026-06-08,2026-09-06,https://api-v3.thaiwater.net/api/v1/thaiwater30/public/waterlevel_graph?station_type=tele_waterlevel&station_id=83&start_date=2026-06-08&end_date=2026-09-06,2026-09-11T08:23:06.099690Z,200,application/json; charset=utf-8,1059782,718f7e8f945d7d9f03bb14a289595a3b5544fc0fbe90b2a7986a254566528e2a,61091,OK,13104,12938,0,0,2026-06-08 00:00,2026-09-06 23:50,False,
89_2026-06-08_2026-09-06_a1,89,2026-06-08,2026-09-06,https://api-v3.thaiwater.net/api/v1/thaiwater30/public/waterlevel_graph?station_type=tele_waterlevel&station_id=89&start_date=2026-06-08&end_date=2026-09-06,2026-09-11T08:23:10.899686Z,200,application/json; charset=utf-8,1047006,62e7426e83c939585c3b922b6a9ffd95c351e0de0e60759fa27de945ace81681,62926,OK,13104,13057,0,0,2026-06-08 00:00,2026-09-06 23:50,False,
115_2026-06-08_2026-09-06_a1,115,2026-06-08,2026-09-06,https://api-v3.thaiwater.net/api/v1/thaiwater30/public/waterlevel_graph?station_type=tele_waterlevel&station_id=115&start_date=2026-06-08&end_date=2026-09-06,2026-09-11T08:23:15.609559Z,200,application/json; charset=utf-8,1033611,76d0e8def20cc2c996cbd6ff6258e3062c3ad8556be4cd9d899e4478c5bf279c,50915,OK,13104,12679,0,0,2026-06-08 00:00,2026-09-06 23:50,False,
118_2026-06-08_2026-09-06_a1,118,2026-06-08,2026-09-06,https://api-v3.thaiwater.net/api/v1/thaiwater30/public/waterlevel_graph?station_type=tele_waterlevel&station_id=118&start_date=2026-06-08&end_date=2026-09-06,2026-09-11T08:23:21.179834Z,200,application/json; charset=utf-8,1046650,68af65543654d2f3c46d110db94f3a066874bffb7be1158974223d6ec058debc,47551,OK,13104,12962,0,0,2026-06-08 00:00,2026-09-06 23:50,False,
120_2026-06-08_2026-09-06_a1,120,2026-06-08,2026-09-06,https://api-v3.thaiwater.net/api/v1/thaiwater30/public/waterlevel_graph?station_type=tele_waterlevel&station_id=120&start_date=2026-06-08&end_date=2026-09-06,2026-09-11T08:23:26.024585Z,200,application/json; charset=utf-8,1034940,3d75119f561eaaa34130d421bb961b685af820280beb7fb1bab0861f6f06733a,58519,OK,13104,12418,0,0,2026-06-08 00:00,2026-09-06 23:50,False,
128_2026-06-08_2026-09-06_a1,128,2026-06-08,2026-09-06,https://api-v3.thaiwater.net/api/v1/thaiwater30/public/waterlevel_graph?station_type=tele_waterlevel&station_id=128&start_date=2026-06-08&end_date=2026-09-06,2026-09-11T08:23:30.742573Z,200,application/json; charset=utf-8,1045862,60903765255172bfb197d034f2385df1309aae71f2896db6ca5ef378b2c91a52,50125,OK,13104,12447,0,0,2026-06-08 00:00,2026-09-06 23:50,False,
131_2026-06-08_2026-09-06_a1,131,2026-06-08,2026-09-06,https://api-v3.thaiwater.net/api/v1/thaiwater30/public/waterlevel_graph?station_type=tele_waterlevel&station_id=131&start_date=2026-06-08&end_date=2026-09-06,2026-09-11T08:23:35.150622Z,200,application/json; charset=utf-8,1033708,b2ab00378d385c5614e5c1fc2e76328f9f2a86ab3cb09868faad1d3a1757a28c,53844,OK,13104,12990,0,0,2026-06-08 00:00,2026-09-06 23:50,False,
136_2026-06-08_2026-09-06_a1,136,2026-06-08,2026-09-06,https://api-v3.thaiwater.net/api/v1/thaiwater30/public/waterlevel_graph?station_type=tele_waterlevel&station_id=136&start_date=2026-06-08&end_date=2026-09-06,2026-09-11T08:23:39.870735Z,200,application/json; charset=utf-8,1038488,a350a5fb77f064ff96901d00c5a87b8371d035ed9d45a46b8ee122e380b34e2e,59615,OK,13104,13059,0,0,2026-06-08 00:00,2026-09-06 23:50,False,
137_2026-06-08_2026-09-06_a1,137,2026-06-08,2026-09-06,https://api-v3.thaiwater.net/api/v1/thaiwater30/public/waterlevel_graph?station_type=tele_waterlevel&station_id=137&start_date=2026-06-08&end_date=2026-09-06,2026-09-11T08:23:44.979108Z,200,application/json; charset=utf-8,1042265,7d37aed0c1090b1b880ffc0fefffbf5e6dabbc2ad2628a477b5b455a701dbae4,60291,OK,13104,13056,0,0,2026-06-08 00:00,2026-09-06 23:50,False,
138_2026-06-08_2026-09-06_a1,138,2026-06-08,2026-09-06,https://api-v3.thaiwater.net/api/v1/thaiwater30/public/waterlevel_graph?station_type=tele_waterlevel&station_id=138&start_date=2026-06-08&end_date=2026-09-06,2026-09-11T08:23:49.823720Z,200,application/json; charset=utf-8,1040946,3c3265d6695cf289485b1c4c9b6ac626d6341617edb067181e936bae565146b1,60737,OK,13104,12899,0,0,2026-06-08 00:00,2026-09-06 23:50,False,
149_2026-06-08_2026-09-06_a1,149,2026-06-08,2026-09-06,https://api-v3.thaiwater.net/api/v1/thaiwater30/public/waterlevel_graph?station_type=tele_waterlevel&station_id=149&start_date=2026-06-08&end_date=2026-09-06,2026-09-11T08:23:54.415437Z,200,application/json; charset=utf-8,1058967,3acb320d2cc10011fcfa80f80a89716a775453fe371fccfaa5f61eb9f34860fa,60404,OK,13104,13050,0,0,2026-06-08 00:00,2026-09-06 23:50,False,
151_2026-06-08_2026-09-06_a1,151,2026-06-08,2026-09-06,https://api-v3.thaiwater.net/api/v1/thaiwater30/public/waterlevel_graph?station_type=tele_waterlevel&station_id=151&start_date=2026-06-08&end_date=2026-09-06,2026-09-11T08:23:59.053458Z,200,application/json; charset=utf-8,1049918,2627478b2b4c8bed21f9a8e1af78c636a05a52d7f0e2855c4241c6742cfa7415,69938,OK,13104,12405,0,0,2026-06-08 00:00,2026-09-06 23:50,False,
154_2026-06-08_2026-09-06_a1,154,2026-06-08,2026-09-06,https://api-v3.thaiwater.net/api/v1/thaiwater30/public/waterlevel_graph?station_type=tele_waterlevel&station_id=154&start_date=2026-06-08&end_date=2026-09-06,2026-09-11T08:24:03.651106Z,200,application/json; charset=utf-8,1053712,04b6037b3d13250690f61e8ce58616a0923057243b97c25404b5b263bf3cdd73,72906,OK,13104,13067,0,0,2026-06-08 00:00,2026-09-06 23:50,False,
156_2026-06-08_2026-09-06_a1,156,2026-06-08,2026-09-06,https://api-v3.thaiwater.net/api/v1/thaiwater30/public/waterlevel_graph?station_type=tele_waterlevel&station_id=156&start_date=2026-06-08&end_date=2026-09-06,2026-09-11T08:24:09.016965Z,200,application/json; charset=utf-8,1047123,f4b2ee71b9f8fb49752a61b147df8570e525f74da6307a686821698fc78d186c,67254,OK,13104,13061,0,0,2026-06-08 00:00,2026-09-06 23:50,False,
160_2026-06-08_2026-09-06_a1,160,2026-06-08,2026-09-06,https://api-v3.thaiwater.net/api/v1/thaiwater30/public/waterlevel_graph?station_type=tele_waterlevel&station_id=160&start_date=2026-06-08&end_date=2026-09-06,2026-09-11T08:24:13.248761Z,200,application/json; charset=utf-8,1035002,93d5b97811a78675e055db98a14c1cc72610e646c69b4446ac5b697ec7d5b896,43018,OK,13104,2675,0,0,2026-06-08 00:00,2026-09-06 23:50,False,
162_2026-06-08_2026-09-06_a1,162,2026-06-08,2026-09-06,https://api-v3.thaiwater.net/api/v1/thaiwater30/public/waterlevel_graph?station_type=tele_waterlevel&station_id=162&start_date=2026-06-08&end_date=2026-09-06,2026-09-11T08:24:17.602973Z,200,application/json; charset=utf-8,1033954,22643b26cad0b1b26b2855bce3203001419da9ed2d506fa0eb4e5b84038796ac,47329,OK,13104,12899,0,0,2026-06-08 00:00,2026-09-06 23:50,False,
165_2026-06-08_2026-09-06_a1,165,2026-06-08,2026-09-06,https://api-v3.thaiwater.net/api/v1/thaiwater30/public/waterlevel_graph?station_type=tele_waterlevel&station_id=165&start_date=2026-06-08&end_date=2026-09-06,2026-09-11T08:24:22.388041Z,200,application/json; charset=utf-8,1039161,955ba296604c916f1654f503640d4edbcea50aa2ebdd0b18fcf3dce9c9b32106,47472,OK,13104,13025,0,0,2026-06-08 00:00,2026-09-06 23:50,False,
169_2026-06-08_2026-09-06_a1,169,2026-06-08,2026-09-06,https://api-v3.thaiwater.net/api/v1/thaiwater30/public/waterlevel_graph?station_type=tele_waterlevel&station_id=169&start_date=2026-06-08&end_date=2026-09-06,2026-09-11T08:24:27.119545Z,200,application/json; charset=utf-8,1033910,8cb0dca349cb8a01c92ce67b1e5d4781102ef9a80ee06204993013c86fd177c0,50466,OK,13104,12474,0,0,2026-06-08 00:00,2026-09-06 23:50,False,
170_2026-06-08_2026-09-06_a1,170,2026-06-08,2026-09-06,https://api-v3.thaiwater.net/api/v1/thaiwater30/public/waterlevel_graph?station_type=tele_waterlevel&station_id=170&start_date=2026-06-08&end_date=2026-09-06,2026-09-11T08:24:31.558549Z,200,application/json; charset=utf-8,1034044,958274af264964b98e1b5c9e0f1e40f495562e7e76242d294ab6860ebacca6ff,54210,OK,13104,12263,0,0,2026-06-08 00:00,2026-09-06 23:50,False,
175_2026-06-08_2026-09-06_a1,175,2026-06-08,2026-09-06,https://api-v3.thaiwater.net/api/v1/thaiwater30/public/waterlevel_graph?station_type=tele_waterlevel&station_id=175&start_date=2026-06-08&end_date=2026-09-06,2026-09-11T08:24:36.279075Z,200,application/json; charset=utf-8,1033684,97cb2885b42d7b5a45ca553a13a5b6ab9703ff5ecfc56249c3b0cce1e054d378,50740,OK,13104,12898,0,0,2026-06-08 00:00,2026-09-06 23:50,False,
189_2026-06-08_2026-09-06_a1,189,2026-06-08,2026-09-06,https://api-v3.thaiwater.net/api/v1/thaiwater30/public/waterlevel_graph?station_type=tele_waterlevel&station_id=189&start_date=2026-06-08&end_date=2026-09-06,2026-09-11T08:24:40.843393Z,200,application/json; charset=utf-8,1033611,54cbdcf00effd7c2dc038b4c98935357f7c97b2a82b186f974810737d0f3aaab,52373,OK,13104,12953,0,0,2026-06-08 00:00,2026-09-06 23:50,False,
190_2026-06-08_2026-09-06_a1,190,2026-06-08,2026-09-06,https://api-v3.thaiwater.net/api/v1/thaiwater30/public/waterlevel_graph?station_type=tele_waterlevel&station_id=190&start_date=2026-06-08&end_date=2026-09-06,2026-09-11T08:24:45.378276Z,200,application/json; charset=utf-8,1040835,d9598362069e91ca74341bed8dc59b03206208f14bd6e59568c52265019d84e6,45728,OK,13104,6238,0,0,2026-06-08 00:00,2026-09-06 23:50,False,
191_2026-06-08_2026-09-06_a1,191,2026-06-08,2026-09-06,https://api-v3.thaiwater.net/api/v1/thaiwater30/public/waterlevel_graph?station_type=tele_waterlevel&station_id=191&start_date=2026-06-08&end_date=2026-09-06,2026-09-11T08:24:50.118572Z,200,application/json; charset=utf-8,1042356,6bc73a80a010d76863fb852f94244d3696ddbffc4d8e86fcc36282d9aaff4764,43519,OK,13104,9582,0,0,2026-06-08 00:00,2026-09-06 23:50,False,
192_2026-06-08_2026-09-06_a1,192,2026-06-08,2026-09-06,https://api-v3.thaiwater.net/api/v1/thaiwater30/public/waterlevel_graph?station_type=tele_waterlevel&station_id=192&start_date=2026-06-08&end_date=2026-09-06,2026-09-11T08:24:55.423453Z,200,application/json; charset=utf-8,1047294,46218e2fc1c2359ae6e664febbae796f16e528935045978226247e88eb8852d1,42461,OK,13104,13055,0,0,2026-06-08 00:00,2026-09-06 23:50,False,
200_2026-06-08_2026-09-06_a1,200,2026-06-08,2026-09-06,https://api-v3.thaiwater.net/api/v1/thaiwater30/public/waterlevel_graph?station_type=tele_waterlevel&station_id=200&start_date=2026-06-08&end_date=2026-09-06,2026-09-11T08:25:00.179825Z,200,application/json; charset=utf-8,1046726,bfc1a6fa119ee6def17c51b25892adfbefd3a6ed2894ee3707c32b3d8bdaf6a0,52249,OK,13104,13059,0,0,2026-06-08 00:00,2026-09-06 23:50,False,
218_2026-06-08_2026-09-06_a1,218,2026-06-08,2026-09-06,https://api-v3.thaiwater.net/api/v1/thaiwater30/public/waterlevel_graph?station_type=tele_waterlevel&station_id=218&start_date=2026-06-08&end_date=2026-09-06,2026-09-11T08:25:04.892338Z,200,application/json; charset=utf-8,1069816,448aab4466d6cc7680e67a6f28d84373dd7bad833d04b3c58809d6f127771952,52384,OK,13104,12808,0,0,2026-06-08 00:00,2026-09-06 23:50,False,
228_2026-06-08_2026-09-06_a1,228,2026-06-08,2026-09-06,https://api-v3.thaiwater.net/api/v1/thaiwater30/public/waterlevel_graph?station_type=tele_waterlevel&station_id=228&start_date=2026-06-08&end_date=2026-09-06,2026-09-11T08:25:10.883960Z,200,application/json; charset=utf-8,1070430,77408f6b4bac337bdfb5413448cf198618c2597fe2bb6772952b791802633c25,57952,OK,13104,12930,0,0,2026-06-08 00:00,2026-09-06 23:50,False,
236_2026-06-08_2026-09-06_a1,236,2026-06-08,2026-09-06,https://api-v3.thaiwater.net/api/v1/thaiwater30/public/waterlevel_graph?station_type=tele_waterlevel&station_id=236&start_date=2026-06-08&end_date=2026-09-06,2026-09-11T08:25:16.035407Z,200,application/json; charset=utf-8,1054582,f35648e47a88be7f83f24ee55b56cbdd77e6d29f9c32fae75ce8873b12fd6f66,55509,OK,13104,10105,0,0,2026-06-08 00:00,2026-09-06 23:50,False,
238_2026-06-08_2026-09-06_a1,238,2026-06-08,2026-09-06,https://api-v3.thaiwater.net/api/v1/thaiwater30/public/waterlevel_graph?station_type=tele_waterlevel&station_id=238&start_date=2026-06-08&end_date=2026-09-06,2026-09-11T08:25:21.893651Z,200,application/json; charset=utf-8,1057149,fc38feaca083f602eb192cd62a5e3f0f9a4fcb4cbd210a395ecaa8f56d73d68c,46491,OK,13104,11427,0,0,2026-06-08 00:00,2026-09-06 23:50,False,
245_2026-06-08_2026-09-06_a1,245,2026-06-08,2026-09-06,https://api-v3.thaiwater.net/api/v1/thaiwater30/public/waterlevel_graph?station_type=tele_waterlevel&station_id=245&start_date=2026-06-08&end_date=2026-09-06,2026-09-11T08:25:26.941999Z,200,application/json; charset=utf-8,1059659,b811b51f3ca6c129d7433aaf2e9a65494da866ff5afaf7bc0eb19ae0baf21831,44509,OK,13104,12824,0,0,2026-06-08 00:00,2026-09-06 23:50,False,
255_2026-06-08_2026-09-06_a1,255,2026-06-08,2026-09-06,https://api-v3.thaiwater.net/api/v1/thaiwater30/public/waterlevel_graph?station_type=tele_waterlevel&station_id=255&start_date=2026-06-08&end_date=2026-09-06,2026-09-11T08:25:31.855996Z,200,application/json; charset=utf-8,1060050,ea96fb580e78bec1d428c762b1d204c2087ecbb99bd44ba257106af47dbcf3f2,46439,OK,13104,12852,0,0,2026-06-08 00:00,2026-09-06 23:50,False,
262_2026-06-08_2026-09-06_a1,262,2026-06-08,2026-09-06,https://api-v3.thaiwater.net/api/v1/thaiwater30/public/waterlevel_graph?station_type=tele_waterlevel&station_id=262&start_date=2026-06-08&end_date=2026-09-06,2026-09-11T08:25:36.832037Z,200,application/json; charset=utf-8,1066061,258cd3bfca37072b70db472050678fe9e2ae511a0b905018f3178c5ee39ee276,53916,OK,13104,11636,0,0,2026-06-08 00:00,2026-09-06 23:50,False,
269_2026-06-08_2026-09-06_a1,269,2026-06-08,2026-09-06,https://api-v3.thaiwater.net/api/v1/thaiwater30/public/waterlevel_graph?station_type=tele_waterlevel&station_id=269&start_date=2026-06-08&end_date=2026-09-06,2026-09-11T08:25:41.815069Z,200,application/json; charset=utf-8,1068676,e4ed951c5c599c6f9fcc04fe3ecb343fca6827ad5f0159e42a35a085727c62f1,60526,OK,13104,13006,0,0,2026-06-08 00:00,2026-09-06 23:50,False,
281_2026-06-08_2026-09-06_a1,281,2026-06-08,2026-09-06,https://api-v3.thaiwater.net/api/v1/thaiwater30/public/waterlevel_graph?station_type=tele_waterlevel&station_id=281&start_date=2026-06-08&end_date=2026-09-06,2026-09-11T08:25:46.764217Z,200,application/json; charset=utf-8,1058587,428585fa2e7c7df6499ecfffad3d19a09478c810c092b266a1eaf05134c8d6ab,47249,OK,13104,12239,0,0,2026-06-08 00:00,2026-09-06 23:50,False,
296_2026-06-08_2026-09-06_a1,296,2026-06-08,2026-09-06,https://api-v3.thaiwater.net/api/v1/thaiwater30/public/waterlevel_graph?station_type=tele_waterlevel&station_id=296&start_date=2026-06-08&end_date=2026-09-06,2026-09-11T08:25:51.855386Z,200,application/json; charset=utf-8,1069579,a0fe4017c087c58fd994863407b71323389fc1df426ea92ef985d17fd233bc5b,56550,OK,13104,13031,0,0,2026-06-08 00:00,2026-09-06 23:50,False,
298_2026-06-08_2026-09-06_a1,298,2026-06-08,2026-09-06,https://api-v3.thaiwater.net/api/v1/thaiwater30/public/waterlevel_graph?station_type=tele_waterlevel&station_id=298&start_date=2026-06-08&end_date=2026-09-06,2026-09-11T08:25:56.555916Z,200,application/json; charset=utf-8,1068867,1bdf10a82f8393b71691aa22ce2af22a46edb7cbfecba30a5447f91139ef1773,58553,OK,13104,12931,0,0,2026-06-08 00:00,2026-09-06 23:50,False,
315_2026-06-08_2026-09-06_a1,315,2026-06-08,2026-09-06,https://api-v3.thaiwater.net/api/v1/thaiwater30/public/waterlevel_graph?station_type=tele_waterlevel&station_id=315&start_date=2026-06-08&end_date=2026-09-06,2026-09-11T08:26:01.830614Z,200,application/json; charset=utf-8,1059944,602624c9e34ab6ce16cce9128b103c433fd3ea61ece1509bffa5937b7836ba0a,44176,OK,13104,12968,0,0,2026-06-08 00:00,2026-09-06 23:50,False,
319_2026-06-08_2026-09-06_a1,319,2026-06-08,2026-09-06,https://api-v3.thaiwater.net/api/v1/thaiwater30/public/waterlevel_graph?station_type=tele_waterlevel&station_id=319&start_date=2026-06-08&end_date=2026-09-06,2026-09-11T08:26:06.490429Z,200,application/json; charset=utf-8,1052622,e91816b40db76a502f77b4b49dcfb95790702cabba400c40b1eb09f6401fc558,44669,OK,13104,9199,0,0,2026-06-08 00:00,2026-09-06 23:50,False,
330_2026-06-08_2026-09-06_a1,330,2026-06-08,2026-09-06,https://api-v3.thaiwater.net/api/v1/thaiwater30/public/waterlevel_graph?station_type=tele_waterlevel&station_id=330&start_date=2026-06-08&end_date=2026-09-06,2026-09-11T08:26:14.514617Z,200,application/json; charset=utf-8,1068898,9fd214ed0b7852e1f26e680c680d4769c211e67eefc01818134738c77a9964e9,55067,OK,13104,12835,0,0,2026-06-08 00:00,2026-09-06 23:50,False,
333_2026-06-08_2026-09-06_a1,333,2026-06-08,2026-09-06,https://api-v3.thaiwater.net/api/v1/thaiwater30/public/waterlevel_graph?station_type=tele_waterlevel&station_id=333&start_date=2026-06-08&end_date=2026-09-06,2026-09-11T08:26:20.291343Z,200,application/json; charset=utf-8,1067862,51ddf65f9d0f36327b736e164bb2684b25c50bfd0f5dd1f19c3e9765e34db5a2,57704,OK,13104,12246,0,0,2026-06-08 00:00,2026-09-06 23:50,False,
335_2026-06-08_2026-09-06_a1,335,2026-06-08,2026-09-06,https://api-v3.thaiwater.net/api/v1/thaiwater30/public/waterlevel_graph?station_type=tele_waterlevel&station_id=335&start_date=2026-06-08&end_date=2026-09-06,2026-09-11T08:26:25.409304Z,200,application/json; charset=utf-8,1058487,f29466036daeda5e12e577dd1681c890b2a7c1d38cb119267d361f816b101240,47331,OK,13104,12307,0,0,2026-06-08 00:00,2026-09-06 23:50,False,
342_2026-06-08_2026-09-06_a1,342,2026-06-08,2026-09-06,https://api-v3.thaiwater.net/api/v1/thaiwater30/public/waterlevel_graph?station_type=tele_waterlevel&station_id=342&start_date=2026-06-08&end_date=2026-09-06,2026-09-11T08:26:30.581615Z,200,application/json; charset=utf-8,1060102,4683be8f2e4554205f45bb22d98c3f5328a370be942c97242975e8e6218af743,46340,OK,13104,13055,0,0,2026-06-08 00:00,2026-09-06 23:50,False,
348_2026-06-08_2026-09-06_a1,348,2026-06-08,2026-09-06,https://api-v3.thaiwater.net/api/v1/thaiwater30/public/waterlevel_graph?station_type=tele_waterlevel&station_id=348&start_date=2026-06-08&end_date=2026-09-06,2026-09-11T08:26:35.186432Z,200,application/json; charset=utf-8,1058491,074cb54ed5a3c71ff41a3a55e5f11fbff9110aa14b88a11fc654b5274698c735,44770,OK,13104,12388,0,0,2026-06-08 00:00,2026-09-06 23:50,False,
358_2026-06-08_2026-09-06_a1,358,2026-06-08,2026-09-06,https://api-v3.thaiwater.net/api/v1/thaiwater30/public/waterlevel_graph?station_type=tele_waterlevel&station_id=358&start_date=2026-06-08&end_date=2026-09-06,2026-09-11T08:26:39.515731Z,200,application/json; charset=utf-8,1066938,c0ab1cb3d913e2127ec025297be26601b0ddaaeae6b166b998ed245c7db46d6f,56781,OK,13104,12964,0,0,2026-06-08 00:00,2026-09-06 23:50,False,
380_2026-06-08_2026-09-06_a1,380,2026-06-08,2026-09-06,https://api-v3.thaiwater.net/api/v1/thaiwater30/public/waterlevel_graph?station_type=tele_waterlevel&station_id=380&start_date=2026-06-08&end_date=2026-09-06,2026-09-11T08:26:44.206540Z,200,application/json; charset=utf-8,1054594,aa7c3a0b472268207ed4f2189b83ea3876049ccb5211bb07b50b016b080fb70b,47634,OK,13104,10402,0,0,2026-06-08 00:00,2026-09-06 23:50,False,
393_2026-06-08_2026-09-06_a1,393,2026-06-08,2026-09-06,https://api-v3.thaiwater.net/api/v1/thaiwater30/public/waterlevel_graph?station_type=tele_waterlevel&station_id=393&start_date=2026-06-08&end_date=2026-09-06,2026-09-11T08:26:48.801191Z,200,application/json; charset=utf-8,1039140,9e67b1ae3b9dae3c6089d7834a3c18b6b16e6d89f6e9dcf32fa7f1fa6cf9b8af,40850,OK,13104,2002,0,0,2026-06-08 00:00,2026-09-06 23:50,False,
395_2026-06-08_2026-09-06_a1,395,2026-06-08,2026-09-06,https://api-v3.thaiwater.net/api/v1/thaiwater30/public/waterlevel_graph?station_type=tele_waterlevel&station_id=395&start_date=2026-06-08&end_date=2026-09-06,2026-09-11T08:26:53.398170Z,200,application/json; charset=utf-8,1059615,55fc2aac7e816a09ebeae628940d67d70078766c0d3808d120b9abc356b708bf,48680,OK,13104,12881,0,0,2026-06-08 00:00,2026-09-06 23:50,False,
396_2026-06-08_2026-09-06_a1,396,2026-06-08,2026-09-06,https://api-v3.thaiwater.net/api/v1/thaiwater30/public/waterlevel_graph?station_type=tele_waterlevel&station_id=396&start_date=2026-06-08&end_date=2026-09-06,2026-09-11T08:26:57.921700Z,200,application/json; charset=utf-8,1059004,338819da583043cc08fbae03f28fbc9bff792af071542a984e087a444f665155,44933,OK,13104,12504,0,0,2026-06-08 00:00,2026-09-06 23:50,False,
405_2026-06-08_2026-09-06_a1,405,2026-06-08,2026-09-06,https://api-v3.thaiwater.net/api/v1/thaiwater30/public/waterlevel_graph?station_type=tele_waterlevel&station_id=405&start_date=2026-06-08&end_date=2026-09-06,2026-09-11T08:27:03.609068Z,200,application/json; charset=utf-8,1059194,152e4f77e9745f4f1f0f462f1daa785dbb8ecb3d23001b3d001fcd15ca7d7f89,49116,OK,13104,12704,0,0,2026-06-08 00:00,2026-09-06 23:50,False,
414_2026-06-08_2026-09-06_a1,414,2026-06-08,2026-09-06,https://api-v3.thaiwater.net/api/v1/thaiwater30/public/waterlevel_graph?station_type=tele_waterlevel&station_id=414&start_date=2026-06-08&end_date=2026-09-06,2026-09-11T08:27:09.123281Z,200,application/json; charset=utf-8,1072934,7f27fa80b37d5f615ef31c10dedd5319dde97f4505e44d0b15c604d7e58ab4bf,60311,OK,13104,13067,0,0,2026-06-08 00:00,2026-09-06 23:50,False,
418_2026-06-08_2026-09-06_a1,418,2026-06-08,2026-09-06,https://api-v3.thaiwater.net/api/v1/thaiwater30/public/waterlevel_graph?station_type=tele_waterlevel&station_id=418&start_date=2026-06-08&end_date=2026-09-06,2026-09-11T08:27:13.959703Z,200,application/json; charset=utf-8,1073235,30b92680ea551bf65b64b1f7e9da554bc90544bd9b13cdb0c27c86705f44b624,63649,OK,13104,13070,0,0,2026-06-08 00:00,2026-09-06 23:50,False,
422_2026-06-08_2026-09-06_a1,422,2026-06-08,2026-09-06,https://api-v3.thaiwater.net/api/v1/thaiwater30/public/waterlevel_graph?station_type=tele_waterlevel&station_id=422&start_date=2026-06-08&end_date=2026-09-06,2026-09-11T08:27:19.337515Z,200,application/json; charset=utf-8,1073083,01da59e592d590103bb82ea9ae31dc5ef78a3176857037b317d73baa2e398e13,56345,OK,13104,13061,0,0,2026-06-08 00:00,2026-09-06 23:50,False,
424_2026-06-08_2026-09-06_a1,424,2026-06-08,2026-09-06,https://api-v3.thaiwater.net/api/v1/thaiwater30/public/waterlevel_graph?station_type=tele_waterlevel&station_id=424&start_date=2026-06-08&end_date=2026-09-06,2026-09-11T08:27:23.790796Z,200,application/json; charset=utf-8,1073069,e482f01de01e77dd051566d6a790033cc97da62db3a59887517e9f6dc66d34fb,63839,OK,13104,13070,0,0,2026-06-08 00:00,2026-09-06 23:50,False,
427_2026-06-08_2026-09-06_a1,427,2026-06-08,2026-09-06,https://api-v3.thaiwater.net/api/v1/thaiwater30/public/waterlevel_graph?station_type=tele_waterlevel&station_id=427&start_date=2026-06-08&end_date=2026-09-06,2026-09-11T08:27:28.905622Z,200,application/json; charset=utf-8,1072865,5421fe67289af797e001a67bb317abcccb8ab09ea75a75414bd2499880b8869b,62104,OK,13104,12966,0,0,2026-06-08 00:00,2026-09-06 23:50,False,
430_2026-06-08_2026-09-06_a1,430,2026-06-08,2026-09-06,https://api-v3.thaiwater.net/api/v1/thaiwater30/public/waterlevel_graph?station_type=tele_waterlevel&station_id=430&start_date=2026-06-08&end_date=2026-09-06,2026-09-11T08:27:33.762327Z,200,application/json; charset=utf-8,1073098,f5512d0e13076190b9f974b25ed350a1c034934f480b165a201891522eb471d6,65172,OK,13104,13069,0,0,2026-06-08 00:00,2026-09-06 23:50,False,
434_2026-06-08_2026-09-06_a1,434,2026-06-08,2026-09-06,https://api-v3.thaiwater.net/api/v1/thaiwater30/public/waterlevel_graph?station_type=tele_waterlevel&station_id=434&start_date=2026-06-08&end_date=2026-09-06,2026-09-11T08:27:39.011101Z,200,application/json; charset=utf-8,1072298,ca5c98aa45dae6ccad9060347503ec4e28666fa2f6b441097b4777234ee40f23,66131,OK,13104,12770,0,0,2026-06-08 00:00,2026-09-06 23:50,False,
454_2026-06-08_2026-09-06_a1,454,2026-06-08,2026-09-06,https://api-v3.thaiwater.net/api/v1/thaiwater30/public/waterlevel_graph?station_type=tele_waterlevel&station_id=454&start_date=2026-06-08&end_date=2026-09-06,2026-09-11T08:27:43.978811Z,200,application/json; charset=utf-8,1072943,5fa49e1b579ba3d89d792f550e4b4fa06110b92349077307f690247900f238c5,62793,OK,13104,13064,0,0,2026-06-08 00:00,2026-09-06 23:50,False,
463_2026-06-08_2026-09-06_a1,463,2026-06-08,2026-09-06,https://api-v3.thaiwater.net/api/v1/thaiwater30/public/waterlevel_graph?station_type=tele_waterlevel&station_id=463&start_date=2026-06-08&end_date=2026-09-06,2026-09-11T08:27:48.698090Z,200,application/json; charset=utf-8,1073097,f4f1577c2d2195d3b7c60ea2ade2faa21baf5e13111c9eea771a91176c5c189e,59164,OK,13104,13070,0,0,2026-06-08 00:00,2026-09-06 23:50,False,
464_2026-06-08_2026-09-06_a1,464,2026-06-08,2026-09-06,https://api-v3.thaiwater.net/api/v1/thaiwater30/public/waterlevel_graph?station_type=tele_waterlevel&station_id=464&start_date=2026-06-08&end_date=2026-09-06,2026-09-11T08:27:53.145209Z,200,application/json; charset=utf-8,1073161,705ca7f58af14e8717cab9e5209cee0e01c62fbb11ed06fe2f614cf8fca45319,63755,OK,13104,13070,0,0,2026-06-08 00:00,2026-09-06 23:50,False,
472_2026-06-08_2026-09-06_a1,472,2026-06-08,2026-09-06,https://api-v3.thaiwater.net/api/v1/thaiwater30/public/waterlevel_graph?station_type=tele_waterlevel&station_id=472&start_date=2026-06-08&end_date=2026-09-06,2026-09-11T08:27:57.922634Z,200,application/json; charset=utf-8,1060299,b4edd20950ec8137e658c6fb76481b35870c2379133210355e12b3e985dba17e,68655,OK,13104,12991,0,0,2026-06-08 00:00,2026-09-06 23:50,False,
475_2026-06-08_2026-09-06_a1,475,2026-06-08,2026-09-06,https://api-v3.thaiwater.net/api/v1/thaiwater30/public/waterlevel_graph?station_type=tele_waterlevel&station_id=475&start_date=2026-06-08&end_date=2026-09-06,2026-09-11T08:28:03.056489Z,200,application/json; charset=utf-8,1071250,e27efa46d56d28b99d8c54f545df6f9df32c628fd8eb4e173b8adff098dcb40f,69832,OK,13104,13099,0,0,2026-06-08 00:00,2026-09-06 23:50,False,
478_2026-06-08_2026-09-06_a1,478,2026-06-08,2026-09-06,https://api-v3.thaiwater.net/api/v1/thaiwater30/public/waterlevel_graph?station_type=tele_waterlevel&station_id=478&start_date=2026-06-08&end_date=2026-09-06,2026-09-11T08:28:07.462373Z,200,application/json; charset=utf-8,1073152,14f2d47e835e078d3169d52ada99763b4eb35a3cb353435cb8e91354d1197d43,64978,OK,13104,13065,0,0,2026-06-08 00:00,2026-09-06 23:50,False,
482_2026-06-08_2026-09-06_a1,482,2026-06-08,2026-09-06,https://api-v3.thaiwater.net/api/v1/thaiwater30/public/waterlevel_graph?station_type=tele_waterlevel&station_id=482&start_date=2026-06-08&end_date=2026-09-06,2026-09-11T08:28:11.762446Z,200,application/json; charset=utf-8,1072836,7765441402b37685007dd29fe8d382c1d9b0a6bfda4aa0e7734042ba36f4f16a,67563,OK,13104,13099,0,0,2026-06-08 00:00,2026-09-06 23:50,False,
483_2026-06-08_2026-09-06_a1,483,2026-06-08,2026-09-06,https://api-v3.thaiwater.net/api/v1/thaiwater30/public/waterlevel_graph?station_type=tele_waterlevel&station_id=483&start_date=2026-06-08&end_date=2026-09-06,2026-09-11T08:28:16.679940Z,200,application/json; charset=utf-8,1059979,c9a47c0a840e6cb22b0c338791ff60535dc80aebc7c5ad1396f14072b6113d89,64751,OK,13104,13014,0,0,2026-06-08 00:00,2026-09-06 23:50,False,
489_2026-06-08_2026-09-06_a1,489,2026-06-08,2026-09-06,https://api-v3.thaiwater.net/api/v1/thaiwater30/public/waterlevel_graph?station_type=tele_waterlevel&station_id=489&start_date=2026-06-08&end_date=2026-09-06,2026-09-11T08:28:21.284295Z,200,application/json; charset=utf-8,1073154,fd0838514c1436552ccc8091b90b0e854a18efe58c01ff54ded4123d8e88806a,63507,OK,13104,13069,0,0,2026-06-08 00:00,2026-09-06 23:50,False,
493_2026-06-08_2026-09-06_a1,493,2026-06-08,2026-09-06,https://api-v3.thaiwater.net/api/v1/thaiwater30/public/waterlevel_graph?station_type=tele_waterlevel&station_id=493&start_date=2026-06-08&end_date=2026-09-06,2026-09-11T08:28:25.992713Z,200,application/json; charset=utf-8,1073207,545273565d33197db03e2acdaedac43d1b1b3fe945e81e8866c1df3d0608f9d9,66051,OK,13104,13065,0,0,2026-06-08 00:00,2026-09-06 23:50,False,
499_2026-06-08_2026-09-06_a1,499,2026-06-08,2026-09-06,https://api-v3.thaiwater.net/api/v1/thaiwater30/public/waterlevel_graph?station_type=tele_waterlevel&station_id=499&start_date=2026-06-08&end_date=2026-09-06,2026-09-11T08:28:31.037991Z,200,application/json; charset=utf-8,1073067,ce19881bbb6f43d349976cd2138c35d72d5d2159ba92d2cf351367ee55ea067a,64191,OK,13104,13070,0,0,2026-06-08 00:00,2026-09-06 23:50,False,
510_2026-06-08_2026-09-06_a1,510,2026-06-08,2026-09-06,https://api-v3.thaiwater.net/api/v1/thaiwater30/public/waterlevel_graph?station_type=tele_waterlevel&station_id=510&start_date=2026-06-08&end_date=2026-09-06,2026-09-11T08:28:36.686511Z,200,application/json; charset=utf-8,1073013,89ee1b01fc765135f7834f3a0777633cabcfbe891e15d5c630f9271eb624eeea,68817,OK,13104,13069,0,0,2026-06-08 00:00,2026-09-06 23:50,False,
512_2026-06-08_2026-09-06_a1,512,2026-06-08,2026-09-06,https://api-v3.thaiwater.net/api/v1/thaiwater30/public/waterlevel_graph?station_type=tele_waterlevel&station_id=512&start_date=2026-06-08&end_date=2026-09-06,2026-09-11T08:28:41.539588Z,200,application/json; charset=utf-8,1073541,06648ff0c19b8199f3362a9101faffc0eb00a393a654442637248c577f5bf395,70921,OK,13104,13052,0,0,2026-06-08 00:00,2026-09-06 23:50,False,
522_2026-06-08_2026-09-06_a1,522,2026-06-08,2026-09-06,https://api-v3.thaiwater.net/api/v1/thaiwater30/public/waterlevel_graph?station_type=tele_waterlevel&station_id=522&start_date=2026-06-08&end_date=2026-09-06,2026-09-11T08:28:45.913121Z,200,application/json; charset=utf-8,1073080,e0a06d2aaf12b869a0911c70fda6addbc2c3de466eaa1f3eb0aaf84c81d5e8c7,70243,OK,13104,13055,0,0,2026-06-08 00:00,2026-09-06 23:50,False,
523_2026-06-08_2026-09-06_a1,523,2026-06-08,2026-09-06,https://api-v3.thaiwater.net/api/v1/thaiwater30/public/waterlevel_graph?station_type=tele_waterlevel&station_id=523&start_date=2026-06-08&end_date=2026-09-06,2026-09-11T08:28:50.869561Z,200,application/json; charset=utf-8,1072912,9e78dfa8fb3afcf0c584c4d0b731daad46b5c6be488774779f2d084ff657a523,68553,OK,13104,13013,0,0,2026-06-08 00:00,2026-09-06 23:50,False,
526_2026-06-08_2026-09-06_a1,526,2026-06-08,2026-09-06,https://api-v3.thaiwater.net/api/v1/thaiwater30/public/waterlevel_graph?station_type=tele_waterlevel&station_id=526&start_date=2026-06-08&end_date=2026-09-06,2026-09-11T08:28:55.572381Z,200,application/json; charset=utf-8,1073063,b2c6740c36c962d10001add26b826e90476f2c2b7a5659bc3e1e6b6d1bd53256,55549,OK,13104,13069,0,0,2026-06-08 00:00,2026-09-06 23:50,False,
537_2026-06-08_2026-09-06_a1,537,2026-06-08,2026-09-06,https://api-v3.thaiwater.net/api/v1/thaiwater30/public/waterlevel_graph?station_type=tele_waterlevel&station_id=537&start_date=2026-06-08&end_date=2026-09-06,2026-09-11T08:29:01.112944Z,200,application/json; charset=utf-8,1073100,19fc38f8d44f4adae72b4c3c69f609e7d3ea8c253ede9c23a03011810e1e7e5e,63761,OK,13104,13068,0,0,2026-06-08 00:00,2026-09-06 23:50,False,
542_2026-06-08_2026-09-06_a1,542,2026-06-08,2026-09-06,https://api-v3.thaiwater.net/api/v1/thaiwater30/public/waterlevel_graph?station_type=tele_waterlevel&station_id=542&start_date=2026-06-08&end_date=2026-09-06,2026-09-11T08:29:05.766449Z,200,application/json; charset=utf-8,1072999,81efaea26b5c5abfebb8f72aa6e96479ea327168928b34bf6902cdc26bdadc46,65938,OK,13104,13050,0,0,2026-06-08 00:00,2026-09-06 23:50,False,
545_2026-06-08_2026-09-06_a1,545,2026-06-08,2026-09-06,https://api-v3.thaiwater.net/api/v1/thaiwater30/public/waterlevel_graph?station_type=tele_waterlevel&station_id=545&start_date=2026-06-08&end_date=2026-09-06,2026-09-11T08:29:10.487133Z,200,application/json; charset=utf-8,1073080,02b004673d2232133fb11b7beffc8391cd4dc26dd4a0ee0283ffc8acbf0b01e0,61435,OK,13104,13068,0,0,2026-06-08 00:00,2026-09-06 23:50,False,
547_2026-06-08_2026-09-06_a1,547,2026-06-08,2026-09-06,https://api-v3.thaiwater.net/api/v1/thaiwater30/public/waterlevel_graph?station_type=tele_waterlevel&station_id=547&start_date=2026-06-08&end_date=2026-09-06,2026-09-11T08:29:15.729864Z,200,application/json; charset=utf-8,1073066,8e3759066c8f34ab42b480b3ac8c087d8799a259dc573949236a6dadb1794d2b,67064,OK,13104,13070,0,0,2026-06-08 00:00,2026-09-06 23:50,False,
550_2026-06-08_2026-09-06_a1,550,2026-06-08,2026-09-06,https://api-v3.thaiwater.net/api/v1/thaiwater30/public/waterlevel_graph?station_type=tele_waterlevel&station_id=550&start_date=2026-06-08&end_date=2026-09-06,2026-09-11T08:29:20.494336Z,200,application/json; charset=utf-8,1073048,b97954df2b46d1e4c0130bde2fe7119cf756dabe64ef82bee03fb3195958dd12,65654,OK,13104,13067,0,0,2026-06-08 00:00,2026-09-06 23:50,False,
560_2026-06-08_2026-09-06_a1,560,2026-06-08,2026-09-06,https://api-v3.thaiwater.net/api/v1/thaiwater30/public/waterlevel_graph?station_type=tele_waterlevel&station_id=560&start_date=2026-06-08&end_date=2026-09-06,2026-09-11T08:29:25.362529Z,200,application/json; charset=utf-8,1073078,45771d0be93bee35ffaa4904c0b40cb0b84983beb741acb1e31d08d93ac14eab,64403,OK,13104,13070,0,0,2026-06-08 00:00,2026-09-06 23:50,False,
568_2026-06-08_2026-09-06_a1,568,2026-06-08,2026-09-06,https://api-v3.thaiwater.net/api/v1/thaiwater30/public/waterlevel_graph?station_type=tele_waterlevel&station_id=568&start_date=2026-06-08&end_date=2026-09-06,2026-09-11T08:29:29.767269Z,200,application/json; charset=utf-8,1059942,f0364c5b6b085ce637cf2e4114d13a8add961c51d18f486102297111a4a9cf65,65227,OK,13104,13069,0,0,2026-06-08 00:00,2026-09-06 23:50,False,
573_2026-06-08_2026-09-06_a1,573,2026-06-08,2026-09-06,https://api-v3.thaiwater.net/api/v1/thaiwater30/public/waterlevel_graph?station_type=tele_waterlevel&station_id=573&start_date=2026-06-08&end_date=2026-09-06,2026-09-11T08:29:34.479767Z,200,application/json; charset=utf-8,1059912,aa40475fe853eb7e06a212912d65d50dd7ac2248fc5a87abbff353e72df94374,66531,OK,13104,13067,0,0,2026-06-08 00:00,2026-09-06 23:50,False,
577_2026-06-08_2026-09-06_a1,577,2026-06-08,2026-09-06,https://api-v3.thaiwater.net/api/v1/thaiwater30/public/waterlevel_graph?station_type=tele_waterlevel&station_id=577&start_date=2026-06-08&end_date=2026-09-06,2026-09-11T08:29:39.534104Z,200,application/json; charset=utf-8,1060003,e370888dbe670808a203fde68ec7bff4eff10cb06c0037b411cf17d4adf6968e,65577,OK,13104,13069,0,0,2026-06-08 00:00,2026-09-06 23:50,False,
584_2026-06-08_2026-09-06_a1,584,2026-06-08,2026-09-06,https://api-v3.thaiwater.net/api/v1/thaiwater30/public/waterlevel_graph?station_type=tele_waterlevel&station_id=584&start_date=2026-06-08&end_date=2026-09-06,2026-09-11T08:29:44.445475Z,200,application/json; charset=utf-8,1059997,15ed24377669f754b30d671917917c248093df752b72b8adb414615e9ff5d902,61258,OK,13104,13065,0,0,2026-06-08 00:00,2026-09-06 23:50,False,
587_2026-06-08_2026-09-06_a1,587,2026-06-08,2026-09-06,https://api-v3.thaiwater.net/api/v1/thaiwater30/public/waterlevel_graph?station_type=tele_waterlevel&station_id=587&start_date=2026-06-08&end_date=2026-09-06,2026-09-11T08:29:49.283993Z,200,application/json; charset=utf-8,1060134,d094395a8ebc1b6992ab03e924e7233e03e48f2ead35f4205f41516a6a33f4dc,64592,OK,13104,13061,0,0,2026-06-08 00:00,2026-09-06 23:50,False,
592_2026-06-08_2026-09-06_a1,592,2026-06-08,2026-09-06,https://api-v3.thaiwater.net/api/v1/thaiwater30/public/waterlevel_graph?station_type=tele_waterlevel&station_id=592&start_date=2026-06-08&end_date=2026-09-06,2026-09-11T08:29:53.874285Z,200,application/json; charset=utf-8,1072712,c53f5022f11b92721e57804ea4ac53df0ffb448ddcacd630dced6f85e19b5031,48579,OK,13104,13063,0,0,2026-06-08 00:00,2026-09-06 23:50,False,
595_2026-06-08_2026-09-06_a1,595,2026-06-08,2026-09-06,https://api-v3.thaiwater.net/api/v1/thaiwater30/public/waterlevel_graph?station_type=tele_waterlevel&station_id=595&start_date=2026-06-08&end_date=2026-09-06,2026-09-11T08:29:58.744217Z,200,application/json; charset=utf-8,1053731,6efc9fa03d2d71e366768209b1b1c8698e41ce23ebed8771ef1d39c144286816,55323,OK,13104,9724,0,0,2026-06-08 00:00,2026-09-06 23:50,False,
609_2026-06-08_2026-09-06_a1,609,2026-06-08,2026-09-06,https://api-v3.thaiwater.net/api/v1/thaiwater30/public/waterlevel_graph?station_type=tele_waterlevel&station_id=609&start_date=2026-06-08&end_date=2026-09-06,2026-09-11T08:30:06.666724Z,200,application/json; charset=utf-8,1059970,03bfd01baf0e517d70779a88807a94b8ade58000be37b86e7f56cab4fef9f03b,65988,OK,13104,13067,0,0,2026-06-08 00:00,2026-09-06 23:50,False,
610_2026-06-08_2026-09-06_a1,610,2026-06-08,2026-09-06,https://api-v3.thaiwater.net/api/v1/thaiwater30/public/waterlevel_graph?station_type=tele_waterlevel&station_id=610&start_date=2026-06-08&end_date=2026-09-06,2026-09-11T08:30:14.850773Z,200,application/json; charset=utf-8,1060007,8f77169f78a52c1ec93f5a6ef659b8addd141e4b696ab4253d41235dd7887a30,67856,OK,13104,13070,0,0,2026-06-08 00:00,2026-09-06 23:50,False,
611_2026-06-08_2026-09-06_a1,611,2026-06-08,2026-09-06,https://api-v3.thaiwater.net/api/v1/thaiwater30/public/waterlevel_graph?station_type=tele_waterlevel&station_id=611&start_date=2026-06-08&end_date=2026-09-06,2026-09-11T08:30:32.898020Z,200,application/json; charset=utf-8,1059965,0077d938c01a46e0d5405c1bcbc2e948248258ae4e0c45efe3c4b1e88956f394,59713,OK,13104,13069,0,0,2026-06-08 00:00,2026-09-06 23:50,False,
616_2026-06-08_2026-09-06_a1,616,2026-06-08,2026-09-06,https://api-v3.thaiwater.net/api/v1/thaiwater30/public/waterlevel_graph?station_type=tele_waterlevel&station_id=616&start_date=2026-06-08&end_date=2026-09-06,2026-09-11T08:31:01.322977Z,200,application/json; charset=utf-8,1060100,9e06dbe487979a51aada0a48e8505dcabfc36a9b6a7bf53ad859a05d5e4c9c36,65075,OK,13104,13069,0,0,2026-06-08 00:00,2026-09-06 23:50,False,
618_2026-06-08_2026-09-06_a1,618,2026-06-08,2026-09-06,https://api-v3.thaiwater.net/api/v1/thaiwater30/public/waterlevel_graph?station_type=tele_waterlevel&station_id=618&start_date=2026-06-08&end_date=2026-09-06,2026-09-11T08:31:21.740300Z,200,application/json; charset=utf-8,1073177,5205d20177c860c809ff8bc3c968503f222b4914d70440fdcab6bb06bc703f04,55522,OK,13104,13066,0,0,2026-06-08 00:00,2026-09-06 23:50,False,
619_2026-06-08_2026-09-06_a1,619,2026-06-08,2026-09-06,https://api-v3.thaiwater.net/api/v1/thaiwater30/public/waterlevel_graph?station_type=tele_waterlevel&station_id=619&start_date=2026-06-08&end_date=2026-09-06,2026-09-11T08:31:38.342356Z,200,application/json; charset=utf-8,1073041,c67e99d98aa75c275ccd0d1005c687ed4bfe9f0432a650f2fcf350db1bcc6f2f,55368,OK,13104,13061,0,0,2026-06-08 00:00,2026-09-06 23:50,False,
628_2026-06-08_2026-09-06_a1,628,2026-06-08,2026-09-06,https://api-v3.thaiwater.net/api/v1/thaiwater30/public/waterlevel_graph?station_type=tele_waterlevel&station_id=628&start_date=2026-06-08&end_date=2026-09-06,2026-09-11T08:31:43.665519Z,200,application/json; charset=utf-8,1073178,fb7901cc39ab0c2184c7fd6978beb4766141d18d04db9c6a87be3f387a6290f8,69769,OK,13104,13070,0,0,2026-06-08 00:00,2026-09-06 23:50,False,
630_2026-06-08_2026-09-06_a1,630,2026-06-08,2026-09-06,https://api-v3.thaiwater.net/api/v1/thaiwater30/public/waterlevel_graph?station_type=tele_waterlevel&station_id=630&start_date=2026-06-08&end_date=2026-09-06,2026-09-11T08:31:50.056140Z,200,application/json; charset=utf-8,1073016,b758186057674c3498329a66d2c7c3f2dc81b8b59ac64ef806922413d5f55cd1,64007,OK,13104,13070,0,0,2026-06-08 00:00,2026-09-06 23:50,False,
638_2026-06-08_2026-09-06_a1,638,2026-06-08,2026-09-06,https://api-v3.thaiwater.net/api/v1/thaiwater30/public/waterlevel_graph?station_type=tele_waterlevel&station_id=638&start_date=2026-06-08&end_date=2026-09-06,2026-09-11T08:31:56.762493Z,200,application/json; charset=utf-8,1064554,079c408caaf863c836afb223fd1bc476c6a57371bd8acd3926966eb6de04872c,69578,OK,13104,13070,0,0,2026-06-08 00:00,2026-09-06 23:50,False,
640_2026-06-08_2026-09-06_a1,640,2026-06-08,2026-09-06,https://api-v3.thaiwater.net/api/v1/thaiwater30/public/waterlevel_graph?station_type=tele_waterlevel&station_id=640&start_date=2026-06-08&end_date=2026-09-06,2026-09-11T08:32:01.441776Z,200,application/json; charset=utf-8,1059164,4754a989a15b372cfd2de2bd6c923c536a5a2724e10a3bdfa445750e8216d8e1,68082,OK,13104,12621,0,0,2026-06-08 00:00,2026-09-06 23:50,False,
645_2026-06-08_2026-09-06_a1,645,2026-06-08,2026-09-06,https://api-v3.thaiwater.net/api/v1/thaiwater30/public/waterlevel_graph?station_type=tele_waterlevel&station_id=645&start_date=2026-06-08&end_date=2026-09-06,2026-09-11T08:32:08.230389Z,200,application/json; charset=utf-8,1059835,802ab2a4fe6254418c7d88d531fb8145853fc09b661657ae45a019fbf1f834ce,63786,OK,13104,12961,0,0,2026-06-08 00:00,2026-09-06 23:50,False,
647_2026-06-08_2026-09-06_a1,647,2026-06-08,2026-09-06,https://api-v3.thaiwater.net/api/v1/thaiwater30/public/waterlevel_graph?station_type=tele_waterlevel&station_id=647&start_date=2026-06-08&end_date=2026-09-06,2026-09-11T08:32:13.034902Z,200,application/json; charset=utf-8,1060035,6129ab42c1254331aed6929f457fa6446487fdd274d3531bcffa1da79217c86c,64177,OK,13104,13066,0,0,2026-06-08 00:00,2026-09-06 23:50,False,
653_2026-06-08_2026-09-06_a1,653,2026-06-08,2026-09-06,https://api-v3.thaiwater.net/api/v1/thaiwater30/public/waterlevel_graph?station_type=tele_waterlevel&station_id=653&start_date=2026-06-08&end_date=2026-09-06,2026-09-11T08:32:17.962260Z,200,application/json; charset=utf-8,1059765,a8c5b7e9dd63898977b5448c1f4d34796e3274c4164bbfee74e3574fd8cc6a4e,66197,OK,13104,12934,0,0,2026-06-08 00:00,2026-09-06 23:50,False,
657_2026-06-08_2026-09-06_a1,657,2026-06-08,2026-09-06,https://api-v3.thaiwater.net/api/v1/thaiwater30/public/waterlevel_graph?station_type=tele_waterlevel&station_id=657&start_date=2026-06-08&end_date=2026-09-06,2026-09-11T08:32:22.802567Z,200,application/json; charset=utf-8,1060012,653e211b6038975773a743a657fa4f1f8a1f74ad77507a35fc8df0b3583dcbe1,68282,OK,13104,13070,0,0,2026-06-08 00:00,2026-09-06 23:50,False,
658_2026-06-08_2026-09-06_a1,658,2026-06-08,2026-09-06,https://api-v3.thaiwater.net/api/v1/thaiwater30/public/waterlevel_graph?station_type=tele_waterlevel&station_id=658&start_date=2026-06-08&end_date=2026-09-06,2026-09-11T08:32:29.199252Z,200,application/json; charset=utf-8,1059996,57e53f8060ced2ac92090682bafc5146b6246c432af2e4a0b053880e38eded4f,66759,OK,13104,13069,0,0,2026-06-08 00:00,2026-09-06 23:50,False,
661_2026-06-08_2026-09-06_a1,661,2026-06-08,2026-09-06,https://api-v3.thaiwater.net/api/v1/thaiwater30/public/waterlevel_graph?station_type=tele_waterlevel&station_id=661&start_date=2026-06-08&end_date=2026-09-06,2026-09-11T08:32:36.599621Z,200,application/json; charset=utf-8,1073257,8555d7ef614964874c77f20ddca07c1aacb9bd6f4159e6f4cee2a84b87a93b3e,68671,OK,13104,13070,0,0,2026-06-08 00:00,2026-09-06 23:50,False,
664_2026-06-08_2026-09-06_a1,664,2026-06-08,2026-09-06,https://api-v3.thaiwater.net/api/v1/thaiwater30/public/waterlevel_graph?station_type=tele_waterlevel&station_id=664&start_date=2026-06-08&end_date=2026-09-06,2026-09-11T08:32:42.496636Z,200,application/json; charset=utf-8,1059746,e524ea284bc491ef45b6b9a4c962ee6b7df83a28e253a0bbd40aca6ca644c916,64492,OK,13104,12954,0,0,2026-06-08 00:00,2026-09-06 23:50,False,
665_2026-06-08_2026-09-06_a1,665,2026-06-08,2026-09-06,https://api-v3.thaiwater.net/api/v1/thaiwater30/public/waterlevel_graph?station_type=tele_waterlevel&station_id=665&start_date=2026-06-08&end_date=2026-09-06,2026-09-11T08:32:51.960001Z,200,application/json; charset=utf-8,1060085,8ba526ab30ebff3ef114ab6b6e437c739e22c7893af9eda08bb4b8e854ff617a,63610,OK,13104,13069,0,0,2026-06-08 00:00,2026-09-06 23:50,False,
667_2026-06-08_2026-09-06_a1,667,2026-06-08,2026-09-06,https://api-v3.thaiwater.net/api/v1/thaiwater30/public/waterlevel_graph?station_type=tele_waterlevel&station_id=667&start_date=2026-06-08&end_date=2026-09-06,2026-09-11T08:32:57.914876Z,200,application/json; charset=utf-8,1060056,a04288a9c498f6a33c36aaf85ac6acfa353f580b013ad5fdbd9b80f3bc8f39a0,66340,OK,13104,13067,0,0,2026-06-08 00:00,2026-09-06 23:50,False,
668_2026-06-08_2026-09-06_a1,668,2026-06-08,2026-09-06,https://api-v3.thaiwater.net/api/v1/thaiwater30/public/waterlevel_graph?station_type=tele_waterlevel&station_id=668&start_date=2026-06-08&end_date=2026-09-06,2026-09-11T08:33:03.151839Z,200,application/json; charset=utf-8,1059931,4b34ea7b45b289b18b91db2b33bc949f86af61023c500523e0fb5c1009b61397,59066,OK,13104,13065,0,0,2026-06-08 00:00,2026-09-06 23:50,False,
671_2026-06-08_2026-09-06_a1,671,2026-06-08,2026-09-06,https://api-v3.thaiwater.net/api/v1/thaiwater30/public/waterlevel_graph?station_type=tele_waterlevel&station_id=671&start_date=2026-06-08&end_date=2026-09-06,2026-09-11T08:33:08.201673Z,200,application/json; charset=utf-8,1060008,c8a10f72e23b52b8c38bb46ea6e6428e7321f38237c6039bc8f59aacd5639d2f,69080,OK,13104,13066,0,0,2026-06-08 00:00,2026-09-06 23:50,False,
675_2026-06-08_2026-09-06_a1,675,2026-06-08,2026-09-06,https://api-v3.thaiwater.net/api/v1/thaiwater30/public/waterlevel_graph?station_type=tele_waterlevel&station_id=675&start_date=2026-06-08&end_date=2026-09-06,2026-09-11T08:33:12.786326Z,200,application/json; charset=utf-8,1059915,eddc490e0cad4ddc3f854d0a8ebe366768535515d775411da82210b06d7a00b8,70112,OK,13104,13065,0,0,2026-06-08 00:00,2026-09-06 23:50,False,
676_2026-06-08_2026-09-06_a1,676,2026-06-08,2026-09-06,https://api-v3.thaiwater.net/api/v1/thaiwater30/public/waterlevel_graph?station_type=tele_waterlevel&station_id=676&start_date=2026-06-08&end_date=2026-09-06,2026-09-11T08:33:17.833517Z,200,application/json; charset=utf-8,1072160,0377f1c67ddfd8450b77bfff82e7573f45b82a6f81011c676cd29f4b8e206357,61420,OK,13104,12726,0,0,2026-06-08 00:00,2026-09-06 23:50,False,
680_2026-06-08_2026-09-06_a1,680,2026-06-08,2026-09-06,https://api-v3.thaiwater.net/api/v1/thaiwater30/public/waterlevel_graph?station_type=tele_waterlevel&station_id=680&start_date=2026-06-08&end_date=2026-09-06,2026-09-11T08:33:22.554566Z,200,application/json; charset=utf-8,1060011,82a7dec70e861e22d082ecead792ffb7ad359248f50fbadbcffb809c560590c6,65555,OK,13104,13064,0,0,2026-06-08 00:00,2026-09-06 23:50,False,
683_2026-06-08_2026-09-06_a1,683,2026-06-08,2026-09-06,https://api-v3.thaiwater.net/api/v1/thaiwater30/public/waterlevel_graph?station_type=tele_waterlevel&station_id=683&start_date=2026-06-08&end_date=2026-09-06,2026-09-11T08:33:29.494291Z,200,application/json; charset=utf-8,1060011,a3f7e7184e7e475c38b0c36b940e2737916b16f277ec4cf01bd3846be9cc032d,66816,OK,13104,13070,0,0,2026-06-08 00:00,2026-09-06 23:50,False,
691_2026-06-08_2026-09-06_a1,691,2026-06-08,2026-09-06,https://api-v3.thaiwater.net/api/v1/thaiwater30/public/waterlevel_graph?station_type=tele_waterlevel&station_id=691&start_date=2026-06-08&end_date=2026-09-06,2026-09-11T08:33:34.768400Z,200,application/json; charset=utf-8,1073011,c47b4c863b421ad6be501869fa2ac4b52bd85f613f464fcdddea42a5e68c25a3,61379,OK,13104,13037,0,0,2026-06-08 00:00,2026-09-06 23:50,False,
693_2026-06-08_2026-09-06_a1,693,2026-06-08,2026-09-06,https://api-v3.thaiwater.net/api/v1/thaiwater30/public/waterlevel_graph?station_type=tele_waterlevel&station_id=693&start_date=2026-06-08&end_date=2026-09-06,2026-09-11T08:33:40.502683Z,200,application/json; charset=utf-8,1073102,fcb54c402f9c1328b43c296533f53cb4c52702bcfef935d4415633abcabbbc80,66202,OK,13104,13069,0,0,2026-06-08 00:00,2026-09-06 23:50,False,
700_2026-06-08_2026-09-06_a1,700,2026-06-08,2026-09-06,https://api-v3.thaiwater.net/api/v1/thaiwater30/public/waterlevel_graph?station_type=tele_waterlevel&station_id=700&start_date=2026-06-08&end_date=2026-09-06,2026-09-11T08:33:45.303336Z,200,application/json; charset=utf-8,1059904,d5aaba8b60d403a4a898e55fd3836bfb923ec15f9122d1a79ea63c2fed31d0c3,57746,OK,13104,13069,0,0,2026-06-08 00:00,2026-09-06 23:50,False,
706_2026-06-08_2026-09-06_a1,706,2026-06-08,2026-09-06,https://api-v3.thaiwater.net/api/v1/thaiwater30/public/waterlevel_graph?station_type=tele_waterlevel&station_id=706&start_date=2026-06-08&end_date=2026-09-06,2026-09-11T08:33:50.221222Z,200,application/json; charset=utf-8,1060066,b191113181f19c07b6b57df07b05b9379135b1082b4ce48b1791660e685ba92b,56507,OK,13104,13037,0,0,2026-06-08 00:00,2026-09-06 23:50,False,
709_2026-06-08_2026-09-06_a1,709,2026-06-08,2026-09-06,https://api-v3.thaiwater.net/api/v1/thaiwater30/public/waterlevel_graph?station_type=tele_waterlevel&station_id=709&start_date=2026-06-08&end_date=2026-09-06,2026-09-11T08:33:56.228273Z,200,application/json; charset=utf-8,1046905,c6751a1b8267039d90d2316a5261869f1e3ecc3a3ed45bb436e1235b0873339c,64087,OK,13104,13064,0,0,2026-06-08 00:00,2026-09-06 23:50,False,
710_2026-06-08_2026-09-06_a1,710,2026-06-08,2026-09-06,https://api-v3.thaiwater.net/api/v1/thaiwater30/public/waterlevel_graph?station_type=tele_waterlevel&station_id=710&start_date=2026-06-08&end_date=2026-09-06,2026-09-11T08:34:00.638394Z,200,application/json; charset=utf-8,1050055,dc0d3c9104db82aca0b7208867355884960629a19c49268194e09b65476c0a88,70972,OK,13104,13064,0,0,2026-06-08 00:00,2026-09-06 23:50,False,
714_2026-06-08_2026-09-06_a1,714,2026-06-08,2026-09-06,https://api-v3.thaiwater.net/api/v1/thaiwater30/public/waterlevel_graph?station_type=tele_waterlevel&station_id=714&start_date=2026-06-08&end_date=2026-09-06,2026-09-11T08:34:05.436591Z,200,application/json; charset=utf-8,1060064,8b9ef48aece30b43ce5dcde9171327d135f24b54be2c81b9675252b49ce667ae,70986,OK,13104,13063,0,0,2026-06-08 00:00,2026-09-06 23:50,False,
717_2026-06-08_2026-09-06_a1,717,2026-06-08,2026-09-06,https://api-v3.thaiwater.net/api/v1/thaiwater30/public/waterlevel_graph?station_type=tele_waterlevel&station_id=717&start_date=2026-06-08&end_date=2026-09-06,2026-09-11T08:34:09.927846Z,200,application/json; charset=utf-8,1060002,caea7bf69d1564405c88213bbd1a118d0910aa4ad754be8ee55bcc91a8857634,71297,OK,13104,13066,0,0,2026-06-08 00:00,2026-09-06 23:50,False,
731_2026-06-08_2026-09-06_a1,731,2026-06-08,2026-09-06,https://api-v3.thaiwater.net/api/v1/thaiwater30/public/waterlevel_graph?station_type=tele_waterlevel&station_id=731&start_date=2026-06-08&end_date=2026-09-06,2026-09-11T08:34:14.666027Z,200,application/json; charset=utf-8,1047056,0e57d72ddb14b1efaccf2de7463204ec8f74f4ab47412e5a03f14eb92b5d14ff,65301,OK,13104,13059,0,0,2026-06-08 00:00,2026-09-06 23:50,False,
734_2026-06-08_2026-09-06_a1,734,2026-06-08,2026-09-06,https://api-v3.thaiwater.net/api/v1/thaiwater30/public/waterlevel_graph?station_type=tele_waterlevel&station_id=734&start_date=2026-06-08&end_date=2026-09-06,2026-09-11T08:34:19.857943Z,200,application/json; charset=utf-8,1060563,8778e67d3e22084e960c8659484c04be9d196694e84c2b50459e468251f90602,54559,OK,13104,13069,0,0,2026-06-08 00:00,2026-09-06 23:50,False,
736_2026-06-08_2026-09-06_a1,736,2026-06-08,2026-09-06,https://api-v3.thaiwater.net/api/v1/thaiwater30/public/waterlevel_graph?station_type=tele_waterlevel&station_id=736&start_date=2026-06-08&end_date=2026-09-06,2026-09-11T08:34:24.860968Z,200,application/json; charset=utf-8,1046943,66735976d8702f87af145da2f3e073509c9ef9e52c160d3192beff1de354c781,59266,OK,13104,13067,0,0,2026-06-08 00:00,2026-09-06 23:50,False,
737_2026-06-08_2026-09-06_a1,737,2026-06-08,2026-09-06,https://api-v3.thaiwater.net/api/v1/thaiwater30/public/waterlevel_graph?station_type=tele_waterlevel&station_id=737&start_date=2026-06-08&end_date=2026-09-06,2026-09-11T08:34:29.012788Z,200,application/json; charset=utf-8,1046959,5d763ec82bae83ae341fc4b96c2518b185e8826170c7ec0d24a2fa4557d11109,65567,OK,13104,13070,0,0,2026-06-08 00:00,2026-09-06 23:50,False,
738_2026-06-08_2026-09-06_a1,738,2026-06-08,2026-09-06,https://api-v3.thaiwater.net/api/v1/thaiwater30/public/waterlevel_graph?station_type=tele_waterlevel&station_id=738&start_date=2026-06-08&end_date=2026-09-06,2026-09-11T08:34:34.583430Z,200,application/json; charset=utf-8,1047068,575e7ee38c5b7d9976ff605041185c104476f67beb81067da47721f2302c2627,62106,OK,13104,13069,0,0,2026-06-08 00:00,2026-09-06 23:50,False,
745_2026-06-08_2026-09-06_a1,745,2026-06-08,2026-09-06,https://api-v3.thaiwater.net/api/v1/thaiwater30/public/waterlevel_graph?station_type=tele_waterlevel&station_id=745&start_date=2026-06-08&end_date=2026-09-06,2026-09-11T08:34:39.069139Z,200,application/json; charset=utf-8,1046917,b8256047693a70e6778f6d40027329bfbe716a212ca5e67ca707b7d2c3608be1,66873,OK,13104,13061,0,0,2026-06-08 00:00,2026-09-06 23:50,False,
747_2026-06-08_2026-09-06_a1,747,2026-06-08,2026-09-06,https://api-v3.thaiwater.net/api/v1/thaiwater30/public/waterlevel_graph?station_type=tele_waterlevel&station_id=747&start_date=2026-06-08&end_date=2026-09-06,2026-09-11T08:34:43.943547Z,200,application/json; charset=utf-8,1046904,e4e6ad32b8bad92711a7e0d16e98e6293d8c09dc035388ec0d352f31422f69df,60699,OK,13104,13037,0,0,2026-06-08 00:00,2026-09-06 23:50,False,
748_2026-06-08_2026-09-06_a1,748,2026-06-08,2026-09-06,https://api-v3.thaiwater.net/api/v1/thaiwater30/public/waterlevel_graph?station_type=tele_waterlevel&station_id=748&start_date=2026-06-08&end_date=2026-09-06,2026-09-11T08:34:49.709505Z,200,application/json; charset=utf-8,1047308,90a0b1dd37e64a4577e2f0eff6d0ac3528fba40cf4414658d5dd2465b774e85a,69389,OK,13104,13061,0,0,2026-06-08 00:00,2026-09-06 23:50,False,
749_2026-06-08_2026-09-06_a1,749,2026-06-08,2026-09-06,https://api-v3.thaiwater.net/api/v1/thaiwater30/public/waterlevel_graph?station_type=tele_waterlevel&station_id=749&start_date=2026-06-08&end_date=2026-09-06,2026-09-11T08:34:54.523669Z,200,application/json; charset=utf-8,1042129,dc87409e2591be00a861c0362d2fa69059756a94d1d34a207b27b7fa95a8ccb4,56444,OK,13104,7660,0,0,2026-06-08 00:00,2026-09-06 23:50,False,
750_2026-06-08_2026-09-06_a1,750,2026-06-08,2026-09-06,https://api-v3.thaiwater.net/api/v1/thaiwater30/public/waterlevel_graph?station_type=tele_waterlevel&station_id=750&start_date=2026-06-08&end_date=2026-09-06,2026-09-11T08:34:59.057518Z,200,application/json; charset=utf-8,1052708,09114d5f7a1235d3433b6cf32085dbc3507e607c3ad368f2f2238a3463b10e5d,72756,OK,13104,13067,0,0,2026-06-08 00:00,2026-09-06 23:50,False,
751_2026-06-08_2026-09-06_a1,751,2026-06-08,2026-09-06,https://api-v3.thaiwater.net/api/v1/thaiwater30/public/waterlevel_graph?station_type=tele_waterlevel&station_id=751&start_date=2026-06-08&end_date=2026-09-06,2026-09-11T08:35:04.916092Z,200,application/json; charset=utf-8,1052299,2874f828c5c36f956e91bf2e6b86eb162cff81edb9c893fdca7906cb63768b7f,70978,OK,13104,13069,0,0,2026-06-08 00:00,2026-09-06 23:50,False,
754_2026-06-08_2026-09-06_a1,754,2026-06-08,2026-09-06,https://api-v3.thaiwater.net/api/v1/thaiwater30/public/waterlevel_graph?station_type=tele_waterlevel&station_id=754&start_date=2026-06-08&end_date=2026-09-06,2026-09-11T08:35:09.842001Z,200,application/json; charset=utf-8,1046856,af1041c47f7f1b30d22edb36cf02f41ea9aed59c5a430bab322d83b2c1164080,54729,OK,13104,13034,0,0,2026-06-08 00:00,2026-09-06 23:50,False,
755_2026-06-08_2026-09-06_a1,755,2026-06-08,2026-09-06,https://api-v3.thaiwater.net/api/v1/thaiwater30/public/waterlevel_graph?station_type=tele_waterlevel&station_id=755&start_date=2026-06-08&end_date=2026-09-06,2026-09-11T08:35:15.318714Z,200,application/json; charset=utf-8,1052127,46487ca30a65c00dd76eaed191350fa72c98b481b7548af399a8f745449a1ae6,72824,OK,13104,13068,0,0,2026-06-08 00:00,2026-09-06 23:50,False,
758_2026-06-08_2026-09-06_a1,758,2026-06-08,2026-09-06,https://api-v3.thaiwater.net/api/v1/thaiwater30/public/waterlevel_graph?station_type=tele_waterlevel&station_id=758&start_date=2026-06-08&end_date=2026-09-06,2026-09-11T08:35:20.220997Z,200,application/json; charset=utf-8,1046960,7c690f1115aafc735df6d1457a616e6019ad0eb7b4ae182337caf0ca8d2e4c79,63345,OK,13104,13027,0,0,2026-06-08 00:00,2026-09-06 23:50,False,
770_2026-06-08_2026-09-06_a1,770,2026-06-08,2026-09-06,https://api-v3.thaiwater.net/api/v1/thaiwater30/public/waterlevel_graph?station_type=tele_waterlevel&station_id=770&start_date=2026-06-08&end_date=2026-09-06,2026-09-11T08:35:29.989981Z,200,application/json; charset=utf-8,1050827,d16665a36cc2daca402048a0cad953df957d5f3c1826968fb49eac6e8a04effe,72885,OK,13104,13061,0,0,2026-06-08 00:00,2026-09-06 23:50,False,
772_2026-06-08_2026-09-06_a1,772,2026-06-08,2026-09-06,https://api-v3.thaiwater.net/api/v1/thaiwater30/public/waterlevel_graph?station_type=tele_waterlevel&station_id=772&start_date=2026-06-08&end_date=2026-09-06,2026-09-11T08:35:36.290309Z,200,application/json; charset=utf-8,1060023,3e2d26ffbe20aeeff757ef820a1f6aaea2604aed2585cba39562531b006117e7,58432,OK,13104,13060,0,0,2026-06-08 00:00,2026-09-06 23:50,False,
784_2026-06-08_2026-09-06_a1,784,2026-06-08,2026-09-06,https://api-v3.thaiwater.net/api/v1/thaiwater30/public/waterlevel_graph?station_type=tele_waterlevel&station_id=784&start_date=2026-06-08&end_date=2026-09-06,2026-09-11T08:35:42.288013Z,200,application/json; charset=utf-8,996157,6d92024494584a44547764f4c061c94990d98667876f6859d10e0f32663a873e,37220,OK,13104,13064,0,0,2026-06-08 00:00,2026-09-06 23:50,False,
792_2026-06-08_2026-09-06_a1,792,2026-06-08,2026-09-06,https://api-v3.thaiwater.net/api/v1/thaiwater30/public/waterlevel_graph?station_type=tele_waterlevel&station_id=792&start_date=2026-06-08&end_date=2026-09-06,2026-09-11T08:35:47.818500Z,200,application/json; charset=utf-8,1047297,36a17e52ab5ba009c216cd6edaba33b562408fbcc4e8f7b4faa03d9052e88bc0,43991,OK,13104,13037,0,0,2026-06-08 00:00,2026-09-06 23:50,False,
794_2026-06-08_2026-09-06_a1,794,2026-06-08,2026-09-06,https://api-v3.thaiwater.net/api/v1/thaiwater30/public/waterlevel_graph?station_type=tele_waterlevel&station_id=794&start_date=2026-06-08&end_date=2026-09-06,2026-09-11T08:35:53.486472Z,200,application/json; charset=utf-8,1041792,fde410594755e66a79d6b2a1b507b7d8d03fb57beeedd51a179d47ba6817d9b3,58389,OK,13104,12946,0,0,2026-06-08 00:00,2026-09-06 23:50,False,
795_2026-06-08_2026-09-06_a1,795,2026-06-08,2026-09-06,https://api-v3.thaiwater.net/api/v1/thaiwater30/public/waterlevel_graph?station_type=tele_waterlevel&station_id=795&start_date=2026-06-08&end_date=2026-09-06,2026-09-11T08:35:58.643861Z,200,application/json; charset=utf-8,1046560,a36cd5c6d2bb09d0caee0ff7548e05a66194803188a5e7e4d2c2f3e50ba3bffb,43657,OK,13104,13033,0,0,2026-06-08 00:00,2026-09-06 23:50,False,
802_2026-06-08_2026-09-06_a1,802,2026-06-08,2026-09-06,https://api-v3.thaiwater.net/api/v1/thaiwater30/public/waterlevel_graph?station_type=tele_waterlevel&station_id=802&start_date=2026-06-08&end_date=2026-09-06,2026-09-11T08:36:03.248975Z,200,application/json; charset=utf-8,1034234,eec6d9ab1ecd60493255a2dde6b9d4b7a7f59dceb9cc728a997c411dd0389309,47018,OK,13104,9362,0,0,2026-06-08 00:00,2026-09-06 23:50,False,
804_2026-06-08_2026-09-06_a1,804,2026-06-08,2026-09-06,https://api-v3.thaiwater.net/api/v1/thaiwater30/public/waterlevel_graph?station_type=tele_waterlevel&station_id=804&start_date=2026-06-08&end_date=2026-09-06,2026-09-11T08:36:08.814051Z,200,application/json; charset=utf-8,1039505,1c3888b19dbd6632fb6da9566fc4ddbf89937d86288ec2eb7f8461f9539a93e1,58750,OK,13104,13035,0,0,2026-06-08 00:00,2026-09-06 23:50,False,
812_2026-06-08_2026-09-06_a1,812,2026-06-08,2026-09-06,https://api-v3.thaiwater.net/api/v1/thaiwater30/public/waterlevel_graph?station_type=tele_waterlevel&station_id=812&start_date=2026-06-08&end_date=2026-09-06,2026-09-11T08:36:13.690592Z,200,application/json; charset=utf-8,1033739,1090bb0e65be27302514494be01f1db6658b152ef81a68fc10a762dd24c65899,58916,OK,13104,12906,0,0,2026-06-08 00:00,2026-09-06 23:50,False,
823_2026-06-08_2026-09-06_a1,823,2026-06-08,2026-09-06,https://api-v3.thaiwater.net/api/v1/thaiwater30/public/waterlevel_graph?station_type=tele_waterlevel&station_id=823&start_date=2026-06-08&end_date=2026-09-06,2026-09-11T08:36:18.502509Z,200,application/json; charset=utf-8,1040720,b27194d6376791844d2f2faccc305c4d3fcc9fd4458b7043a608dbe760d31893,61531,OK,13104,13012,0,0,2026-06-08 00:00,2026-09-06 23:50,False,
824_2026-06-08_2026-09-06_a1,824,2026-06-08,2026-09-06,https://api-v3.thaiwater.net/api/v1/thaiwater30/public/waterlevel_graph?station_type=tele_waterlevel&station_id=824&start_date=2026-06-08&end_date=2026-09-06,2026-09-11T08:36:23.326607Z,200,application/json; charset=utf-8,1036351,be4451a04d77ce6e060d6192fd56786aebfbaa4c8660e05cbfcd48a57d04a2fa,59644,OK,13104,13066,0,0,2026-06-08 00:00,2026-09-06 23:50,False,
825_2026-06-08_2026-09-06_a1,825,2026-06-08,2026-09-06,https://api-v3.thaiwater.net/api/v1/thaiwater30/public/waterlevel_graph?station_type=tele_waterlevel&station_id=825&start_date=2026-06-08&end_date=2026-09-06,2026-09-11T08:36:27.698434Z,200,application/json; charset=utf-8,1039714,4e315c324db2eab746a3328ca5334a57ce78fee70774ac77913213c64c6fcf47,60781,OK,13104,13062,0,0,2026-06-08 00:00,2026-09-06 23:50,False,
826_2026-06-08_2026-09-06_a1,826,2026-06-08,2026-09-06,https://api-v3.thaiwater.net/api/v1/thaiwater30/public/waterlevel_graph?station_type=tele_waterlevel&station_id=826&start_date=2026-06-08&end_date=2026-09-06,2026-09-11T08:36:32.432273Z,200,application/json; charset=utf-8,1037863,73e94427909310f73db0df176c05d52fedb9a1ab423e27dfe6aeb0828e204fb5,60436,OK,13104,12952,0,0,2026-06-08 00:00,2026-09-06 23:50,False,
828_2026-06-08_2026-09-06_a1,828,2026-06-08,2026-09-06,https://api-v3.thaiwater.net/api/v1/thaiwater30/public/waterlevel_graph?station_type=tele_waterlevel&station_id=828&start_date=2026-06-08&end_date=2026-09-06,2026-09-11T08:36:37.823496Z,200,application/json; charset=utf-8,1046436,0ab042a9bf76578c8612cf7d72715cb1cfbe89b759a0ec30a01a734c2070f180,47649,OK,13104,13054,0,0,2026-06-08 00:00,2026-09-06 23:50,False,
829_2026-06-08_2026-09-06_a1,829,2026-06-08,2026-09-06,https://api-v3.thaiwater.net/api/v1/thaiwater30/public/waterlevel_graph?station_type=tele_waterlevel&station_id=829&start_date=2026-06-08&end_date=2026-09-06,2026-09-11T08:36:42.539033Z,200,application/json; charset=utf-8,1033815,f8c8c2469e58225855b1c93d95135ebd4deea6312ff79c43567eb76fe65b2027,48818,OK,13104,13065,0,0,2026-06-08 00:00,2026-09-06 23:50,False,
835_2026-06-08_2026-09-06_a1,835,2026-06-08,2026-09-06,https://api-v3.thaiwater.net/api/v1/thaiwater30/public/waterlevel_graph?station_type=tele_waterlevel&station_id=835&start_date=2026-06-08&end_date=2026-09-06,2026-09-11T08:36:47.663589Z,200,application/json; charset=utf-8,1035337,581bd31350f4f24f6232ec2801924d7e58ce7bce1005e6834eb750acb73e0ad8,37522,OK,13104,88,0,0,2026-06-08 00:00,2026-09-06 23:50,False,
841_2026-06-08_2026-09-06_a1,841,2026-06-08,2026-09-06,https://api-v3.thaiwater.net/api/v1/thaiwater30/public/waterlevel_graph?station_type=tele_waterlevel&station_id=841&start_date=2026-06-08&end_date=2026-09-06,2026-09-11T08:36:52.163250Z,200,application/json; charset=utf-8,1039100,0c1d7d7104e99fba2a81d7ff57a2aeecce8c798c8c005217cdaf94e3d1cb3784,59818,OK,13104,12922,0,0,2026-06-08 00:00,2026-09-06 23:50,False,
845_2026-06-08_2026-09-06_a1,845,2026-06-08,2026-09-06,https://api-v3.thaiwater.net/api/v1/thaiwater30/public/waterlevel_graph?station_type=tele_waterlevel&station_id=845&start_date=2026-06-08&end_date=2026-09-06,2026-09-11T08:36:58.071552Z,200,application/json; charset=utf-8,1033865,284f248f4c854dafbfdcec7a7064d340f81e52f60d3e9b573ccc95a81df2066c,58981,OK,13104,12917,0,0,2026-06-08 00:00,2026-09-06 23:50,False,
846_2026-06-08_2026-09-06_a1,846,2026-06-08,2026-09-06,https://api-v3.thaiwater.net/api/v1/thaiwater30/public/waterlevel_graph?station_type=tele_waterlevel&station_id=846&start_date=2026-06-08&end_date=2026-09-06,2026-09-11T08:37:02.859060Z,200,application/json; charset=utf-8,1034877,0ef97f60f5856bfdff140be161cdc82ff937b9e2758d48c63a9ee36bdbc97eae,55356,OK,13104,7558,0,0,2026-06-08 00:00,2026-09-06 23:50,False,
849_2026-06-08_2026-09-06_a1,849,2026-06-08,2026-09-06,https://api-v3.thaiwater.net/api/v1/thaiwater30/public/waterlevel_graph?station_type=tele_waterlevel&station_id=849&start_date=2026-06-08&end_date=2026-09-06,2026-09-11T08:37:07.706235Z,200,application/json; charset=utf-8,1033963,60873ea55b1e07d463d517db349137c970e94a2688cc19aebd2d28453ebc3fae,53992,OK,13104,13024,0,0,2026-06-08 00:00,2026-09-06 23:50,False,
850_2026-06-08_2026-09-06_a1,850,2026-06-08,2026-09-06,https://api-v3.thaiwater.net/api/v1/thaiwater30/public/waterlevel_graph?station_type=tele_waterlevel&station_id=850&start_date=2026-06-08&end_date=2026-09-06,2026-09-11T08:37:12.504242Z,200,application/json; charset=utf-8,1046953,fc7ecd56b96610972a4d5639a92c818760f8e64e8fbdc82551880e574db514ec,48407,OK,13104,13026,0,0,2026-06-08 00:00,2026-09-06 23:50,False,
855_2026-06-08_2026-09-06_a1,855,2026-06-08,2026-09-06,https://api-v3.thaiwater.net/api/v1/thaiwater30/public/waterlevel_graph?station_type=tele_waterlevel&station_id=855&start_date=2026-06-08&end_date=2026-09-06,2026-09-11T08:37:17.144674Z,200,application/json; charset=utf-8,1046231,04fe74d849b4f6e04ebe8fca19c1b10b100872e023df96fde6b829209f0dab07,46537,OK,13104,13056,0,0,2026-06-08 00:00,2026-09-06 23:50,False,
858_2026-06-08_2026-09-06_a1,858,2026-06-08,2026-09-06,https://api-v3.thaiwater.net/api/v1/thaiwater30/public/waterlevel_graph?station_type=tele_waterlevel&station_id=858&start_date=2026-06-08&end_date=2026-09-06,2026-09-11T08:37:21.957655Z,200,application/json; charset=utf-8,1041320,666742b08fe1f7cbe4b4fbaa6470a49ed5f0da68be88d527c23d01439dc5d9ab,50257,OK,13104,10899,0,0,2026-06-08 00:00,2026-09-06 23:50,False,
859_2026-06-08_2026-09-06_a1,859,2026-06-08,2026-09-06,https://api-v3.thaiwater.net/api/v1/thaiwater30/public/waterlevel_graph?station_type=tele_waterlevel&station_id=859&start_date=2026-06-08&end_date=2026-09-06,2026-09-11T08:37:26.763139Z,200,application/json; charset=utf-8,1033897,46134af8997e2826a7b09f02b688db1df9cba87d255dd741181445dddc06ced7,49512,OK,13104,13059,0,0,2026-06-08 00:00,2026-09-06 23:50,False,
860_2026-06-08_2026-09-06_a1,860,2026-06-08,2026-09-06,https://api-v3.thaiwater.net/api/v1/thaiwater30/public/waterlevel_graph?station_type=tele_waterlevel&station_id=860&start_date=2026-06-08&end_date=2026-09-06,2026-09-11T08:37:31.626739Z,200,application/json; charset=utf-8,1033866,e4215a8e80368f68d6a43445bd9c6c3b879f89ffa60a71c2619d935116c6a250,46525,OK,13104,12965,0,0,2026-06-08 00:00,2026-09-06 23:50,False,
861_2026-06-08_2026-09-06_a1,861,2026-06-08,2026-09-06,https://api-v3.thaiwater.net/api/v1/thaiwater30/public/waterlevel_graph?station_type=tele_waterlevel&station_id=861&start_date=2026-06-08&end_date=2026-09-06,2026-09-11T08:37:36.345063Z,200,application/json; charset=utf-8,1046796,0c8ac86f7a9d941d8bba673f0b24e97c271446cd200ebcdb48b8885b7e2ed42a,44560,OK,13104,12925,0,0,2026-06-08 00:00,2026-09-06 23:50,False,
865_2026-06-08_2026-09-06_a1,865,2026-06-08,2026-09-06,https://api-v3.thaiwater.net/api/v1/thaiwater30/public/waterlevel_graph?station_type=tele_waterlevel&station_id=865&start_date=2026-06-08&end_date=2026-09-06,2026-09-11T08:37:41.130154Z,200,application/json; charset=utf-8,1034682,dbb8ccede983aee06f046db2232fe012a9c5c1978f06df678f9711c966a7074c,61284,OK,13104,12933,0,0,2026-06-08 00:00,2026-09-06 23:50,False,
869_2026-06-08_2026-09-06_a1,869,2026-06-08,2026-09-06,https://api-v3.thaiwater.net/api/v1/thaiwater30/public/waterlevel_graph?station_type=tele_waterlevel&station_id=869&start_date=2026-06-08&end_date=2026-09-06,2026-09-11T08:37:45.779781Z,200,application/json; charset=utf-8,1034081,e296dea261c5ae3bf25e6f4f702561291b4c29188c5e6257d095ce644cd2ffb7,46961,OK,13104,13007,0,0,2026-06-08 00:00,2026-09-06 23:50,False,
870_2026-06-08_2026-09-06_a1,870,2026-06-08,2026-09-06,https://api-v3.thaiwater.net/api/v1/thaiwater30/public/waterlevel_graph?station_type=tele_waterlevel&station_id=870&start_date=2026-06-08&end_date=2026-09-06,2026-09-11T08:37:50.498267Z,200,application/json; charset=utf-8,1046725,140294f80c8760e18565426782f4dc6f5effafbbbeec17896a17c7cd237a0be1,44288,OK,13104,12550,0,0,2026-06-08 00:00,2026-09-06 23:50,False,
901_2026-06-08_2026-09-06_a1,901,2026-06-08,2026-09-06,https://api-v3.thaiwater.net/api/v1/thaiwater30/public/waterlevel_graph?station_type=tele_waterlevel&station_id=901&start_date=2026-06-08&end_date=2026-09-06,2026-09-11T08:37:55.744015Z,200,application/json; charset=utf-8,1046494,08c9867c5a92c39321daa20e7bac740b862b080c1f19b85e08eaebe5af2b6a58,47081,OK,13104,13063,0,0,2026-06-08 00:00,2026-09-06 23:50,False,
905_2026-06-08_2026-09-06_a1,905,2026-06-08,2026-09-06,https://api-v3.thaiwater.net/api/v1/thaiwater30/public/waterlevel_graph?station_type=tele_waterlevel&station_id=905&start_date=2026-06-08&end_date=2026-09-06,2026-09-11T08:38:00.460990Z,200,application/json; charset=utf-8,1047093,543a47cdd1dbebeedf816ae4b963faa19bbbe653b4bffdfcbb11d48dd6b183bd,56728,OK,13104,13034,0,0,2026-06-08 00:00,2026-09-06 23:50,False,
922_2026-06-08_2026-09-06_a1,922,2026-06-08,2026-09-06,https://api-v3.thaiwater.net/api/v1/thaiwater30/public/waterlevel_graph?station_type=tele_waterlevel&station_id=922&start_date=2026-06-08&end_date=2026-09-06,2026-09-11T08:38:04.872303Z,200,application/json; charset=utf-8,1046091,1396ac9c577208f8ca09dcbd52c5dd83b444b84a8d4226724e5cd704c6bc89a1,50680,OK,13104,12605,0,0,2026-06-08 00:00,2026-09-06 23:50,False,
2565_2026-06-08_2026-09-06_a1,2565,2026-06-08,2026-09-06,https://api-v3.thaiwater.net/api/v1/thaiwater30/public/waterlevel_graph?station_type=tele_waterlevel&station_id=2565&start_date=2026-06-08&end_date=2026-09-06,2026-09-11T08:38:10.318074Z,200,application/json; charset=utf-8,172501,34947ab6b98d2552dd0dd05c43889a0ef1d08499b22a8daa4368f6edf57dee35,9275,OK,2184,1549,0,0,2026-06-08 00:00,2026-09-06 23:00,False,
2567_2026-06-08_2026-09-06_a1,2567,2026-06-08,2026-09-06,https://api-v3.thaiwater.net/api/v1/thaiwater30/public/waterlevel_graph?station_type=tele_waterlevel&station_id=2567&start_date=2026-06-08&end_date=2026-09-06,2026-09-11T08:38:12.703542Z,200,application/json; charset=utf-8,172449,c87c47ddaf0e505e7be9a9454c6dc3c88c3d277e4b7ff9989ac8b1a610bb5e8b,10425,OK,2184,1959,0,0,2026-06-08 00:00,2026-09-06 23:00,False,
2575_2026-06-08_2026-09-06_a1,2575,2026-06-08,2026-09-06,https://api-v3.thaiwater.net/api/v1/thaiwater30/public/waterlevel_graph?station_type=tele_waterlevel&station_id=2575&start_date=2026-06-08&end_date=2026-09-06,2026-09-11T08:38:15.010100Z,200,application/json; charset=utf-8,176779,8acdafea95bf66cb1aae5128a7fa411822c88b4327245a9b7c9798bf5f3034bc,9527,OK,2184,1542,0,0,2026-06-08 00:00,2026-09-06 23:00,False,
2587_2026-06-08_2026-09-06_a1,2587,2026-06-08,2026-09-06,https://api-v3.thaiwater.net/api/v1/thaiwater30/public/waterlevel_graph?station_type=tele_waterlevel&station_id=2587&start_date=2026-06-08&end_date=2026-09-06,2026-09-11T08:38:17.299763Z,200,application/json; charset=utf-8,173663,0ae0e29ba76ecc0ac83236fa69c0c6fb9068149214f11cd968e8a03299ba58a7,9290,OK,2184,1975,0,0,2026-06-08 00:00,2026-09-06 23:00,False,
2596_2026-06-08_2026-09-06_a1,2596,2026-06-08,2026-09-06,https://api-v3.thaiwater.net/api/v1/thaiwater30/public/waterlevel_graph?station_type=tele_waterlevel&station_id=2596&start_date=2026-06-08&end_date=2026-09-06,2026-09-11T08:38:19.623129Z,200,application/json; charset=utf-8,172426,5bdaba091d51b417a3a3bf6faa7d3ae28bf26befdee78325a700407c6c9ef83b,10795,OK,2184,1975,0,0,2026-06-08 00:00,2026-09-06 23:00,False,
2599_2026-06-08_2026-09-06_a1,2599,2026-06-08,2026-09-06,https://api-v3.thaiwater.net/api/v1/thaiwater30/public/waterlevel_graph?station_type=tele_waterlevel&station_id=2599&start_date=2026-06-08&end_date=2026-09-06,2026-09-11T08:38:21.701435Z,200,application/json; charset=utf-8,172915,7516f3eafebed8aa37fff52f78cd4e5d964c555f4d1e525ece73545911f69fcf,10327,OK,2184,1583,0,0,2026-06-08 00:00,2026-09-06 23:00,False,
2607_2026-06-08_2026-09-06_a1,2607,2026-06-08,2026-09-06,https://api-v3.thaiwater.net/api/v1/thaiwater30/public/waterlevel_graph?station_type=tele_waterlevel&station_id=2607&start_date=2026-06-08&end_date=2026-09-06,2026-09-11T08:38:23.797550Z,200,application/json; charset=utf-8,172461,817a615ceb91f74c0a885af3f5597a741552d570f6e736006a1115047614e6e4,10068,OK,2184,1583,0,0,2026-06-08 00:00,2026-09-06 23:00,False,
2608_2026-06-08_2026-09-06_a1,2608,2026-06-08,2026-09-06,https://api-v3.thaiwater.net/api/v1/thaiwater30/public/waterlevel_graph?station_type=tele_waterlevel&station_id=2608&start_date=2026-06-08&end_date=2026-09-06,2026-09-11T08:38:25.812337Z,200,application/json; charset=utf-8,172454,1aec889a6fc2615081aea105bc6fc65dad1c31288f92409440f4f3de6b19ccc7,9979,OK,2184,1583,0,0,2026-06-08 00:00,2026-09-06 23:00,False,
2609_2026-06-08_2026-09-06_a1,2609,2026-06-08,2026-09-06,https://api-v3.thaiwater.net/api/v1/thaiwater30/public/waterlevel_graph?station_type=tele_waterlevel&station_id=2609&start_date=2026-06-08&end_date=2026-09-06,2026-09-11T08:38:27.774195Z,200,application/json; charset=utf-8,172505,e99e1f6e22f0625494d71dd3ee3a2652917122f35286612e43df7e0568d66c59,10141,OK,2184,1583,0,0,2026-06-08 00:00,2026-09-06 23:00,False,
2611_2026-06-08_2026-09-06_a1,2611,2026-06-08,2026-09-06,https://api-v3.thaiwater.net/api/v1/thaiwater30/public/waterlevel_graph?station_type=tele_waterlevel&station_id=2611&start_date=2026-06-08&end_date=2026-09-06,2026-09-11T08:38:29.890088Z,200,application/json; charset=utf-8,172473,4796cbe1bbc3deacf642a7b53a503ee4f74ceabeb7439d70b452149b28597eb5,10046,OK,2184,1583,0,0,2026-06-08 00:00,2026-09-06 23:00,False,
2623_2026-06-08_2026-09-06_a1,2623,2026-06-08,2026-09-06,https://api-v3.thaiwater.net/api/v1/thaiwater30/public/waterlevel_graph?station_type=tele_waterlevel&station_id=2623&start_date=2026-06-08&end_date=2026-09-06,2026-09-11T08:38:31.937910Z,200,application/json; charset=utf-8,172473,df9a4532bdea01034b252729a7313d1747b7cf96bb4a9e85bea943be4188a665,9524,OK,2184,1583,0,0,2026-06-08 00:00,2026-09-06 23:00,False,
2624_2026-06-08_2026-09-06_a1,2624,2026-06-08,2026-09-06,https://api-v3.thaiwater.net/api/v1/thaiwater30/public/waterlevel_graph?station_type=tele_waterlevel&station_id=2624&start_date=2026-06-08&end_date=2026-09-06,2026-09-11T08:38:34.083253Z,200,application/json; charset=utf-8,172492,fc4b6a554c4b294998aeb60d8c110d7693f265fa13c14a0686cf17dcb18b2baa,10278,OK,2184,1583,0,0,2026-06-08 00:00,2026-09-06 23:00,False,
2632_2026-06-08_2026-09-06_a1,2632,2026-06-08,2026-09-06,https://api-v3.thaiwater.net/api/v1/thaiwater30/public/waterlevel_graph?station_type=tele_waterlevel&station_id=2632&start_date=2026-06-08&end_date=2026-09-06,2026-09-11T08:38:36.194728Z,200,application/json; charset=utf-8,172359,3dc1872270612f205f7402e837ca02237b3ede5ebe2c87507956a45415c24812,8596,OK,2184,1583,0,0,2026-06-08 00:00,2026-09-06 23:00,False,
2635_2026-06-08_2026-09-06_a1,2635,2026-06-08,2026-09-06,https://api-v3.thaiwater.net/api/v1/thaiwater30/public/waterlevel_graph?station_type=tele_waterlevel&station_id=2635&start_date=2026-06-08&end_date=2026-09-06,2026-09-11T08:38:38.226422Z,200,application/json; charset=utf-8,172510,f472a0d7bf859eacef18efe8567c8c199a5077dcc11b6d8c61b5cf79f73e4b57,8730,OK,2184,1975,0,0,2026-06-08 00:00,2026-09-06 23:00,False,
2647_2026-06-08_2026-09-06_a1,2647,2026-06-08,2026-09-06,https://api-v3.thaiwater.net/api/v1/thaiwater30/public/waterlevel_graph?station_type=tele_waterlevel&station_id=2647&start_date=2026-06-08&end_date=2026-09-06,2026-09-11T08:38:40.499941Z,200,application/json; charset=utf-8,173694,e9411b6f139b9e375915ee11c7cfdcef656b760ff88d646d888f2b0bb3160b78,10925,OK,2184,1975,0,0,2026-06-08 00:00,2026-09-06 23:00,False,
2654_2026-06-08_2026-09-06_a1,2654,2026-06-08,2026-09-06,https://api-v3.thaiwater.net/api/v1/thaiwater30/public/waterlevel_graph?station_type=tele_waterlevel&station_id=2654&start_date=2026-06-08&end_date=2026-09-06,2026-09-11T08:38:46.583936Z,200,application/json; charset=utf-8,172404,334601585d3994913e3bdf983f2aa5ac0c031f85a19cde1df508c0a528ea095b,10070,OK,2184,1975,0,0,2026-06-08 00:00,2026-09-06 23:00,False,
2661_2026-06-08_2026-09-06_a1,2661,2026-06-08,2026-09-06,https://api-v3.thaiwater.net/api/v1/thaiwater30/public/waterlevel_graph?station_type=tele_waterlevel&station_id=2661&start_date=2026-06-08&end_date=2026-09-06,2026-09-11T08:38:49.994472Z,200,application/json; charset=utf-8,172425,ed15e767ad8ee3d7e3b63690eb53121512b70434fd82eb010611e6f0a305d154,10653,OK,2184,2071,0,0,2026-06-08 00:00,2026-09-06 23:00,False,
2662_2026-06-08_2026-09-06_a1,2662,2026-06-08,2026-09-06,https://api-v3.thaiwater.net/api/v1/thaiwater30/public/waterlevel_graph?station_type=tele_waterlevel&station_id=2662&start_date=2026-06-08&end_date=2026-09-06,2026-09-11T08:38:53.071306Z,200,application/json; charset=utf-8,172531,9b89fff7a607f1fcf6cbb76607bcad5f8825c66d459b749c0785cbfffe793dd7,10770,OK,2184,2089,0,0,2026-06-08 00:00,2026-09-06 23:00,False,
2666_2026-06-08_2026-09-06_a1,2666,2026-06-08,2026-09-06,https://api-v3.thaiwater.net/api/v1/thaiwater30/public/waterlevel_graph?station_type=tele_waterlevel&station_id=2666&start_date=2026-06-08&end_date=2026-09-06,2026-09-11T08:38:55.768610Z,200,application/json; charset=utf-8,183147,eafed6cd884280061421bf23b2911e83c972c6e9c44c1f2b1451f18f43fd9ce7,8356,OK,2184,1922,0,0,2026-06-08 00:00,2026-09-06 23:00,False,
2668_2026-06-08_2026-09-06_a1,2668,2026-06-08,2026-09-06,https://api-v3.thaiwater.net/api/v1/thaiwater30/public/waterlevel_graph?station_type=tele_waterlevel&station_id=2668&start_date=2026-06-08&end_date=2026-09-06,2026-09-11T08:38:58.516561Z,200,application/json; charset=utf-8,173132,c67ef660deaa956ac32b3f8dba7d8f9ebe97cf4a50eda494d1c2fc6818bfe65d,6778,OK,2184,88,0,0,2026-06-08 00:00,2026-09-06 23:00,False,
2676_2026-06-08_2026-09-06_a1,2676,2026-06-08,2026-09-06,https://api-v3.thaiwater.net/api/v1/thaiwater30/public/waterlevel_graph?station_type=tele_waterlevel&station_id=2676&start_date=2026-06-08&end_date=2026-09-06,2026-09-11T08:39:00.995286Z,200,application/json; charset=utf-8,198586,d3a0a3b780c90f9c381b0f290077921da072d237b047d1bc7a3517761c1b4639,11716,OK,2184,1980,0,0,2026-06-08 00:00,2026-09-06 23:00,False,
2683_2026-06-08_2026-09-06_a1,2683,2026-06-08,2026-09-06,https://api-v3.thaiwater.net/api/v1/thaiwater30/public/waterlevel_graph?station_type=tele_waterlevel&station_id=2683&start_date=2026-06-08&end_date=2026-09-06,2026-09-11T08:39:03.435937Z,200,application/json; charset=utf-8,172773,f64e79327735a67045b26ed162066af397b73b3e61b4e40f97eefe959ad8a7a1,10563,OK,2184,2074,0,0,2026-06-08 00:00,2026-09-06 23:00,False,
2686_2026-06-08_2026-09-06_a1,2686,2026-06-08,2026-09-06,https://api-v3.thaiwater.net/api/v1/thaiwater30/public/waterlevel_graph?station_type=tele_waterlevel&station_id=2686&start_date=2026-06-08&end_date=2026-09-06,2026-09-11T08:39:05.540969Z,200,application/json; charset=utf-8,183649,ca9a42158163f2ee486a363826d2c2cf4f23423bf100ed39d0a7227f8d6f121c,8422,OK,2184,1987,866,0,2026-06-08 00:00,2026-09-06 23:00,False,
2694_2026-06-08_2026-09-06_a1,2694,2026-06-08,2026-09-06,https://api-v3.thaiwater.net/api/v1/thaiwater30/public/waterlevel_graph?station_type=tele_waterlevel&station_id=2694&start_date=2026-06-08&end_date=2026-09-06,2026-09-11T08:39:07.629907Z,200,application/json; charset=utf-8,185196,b63254ed8ee00cc1886b24c4f63ac8a3eabc32455e7f8fd2d1fa6bff8bde0dd7,8928,OK,2184,1778,0,0,2026-06-08 00:00,2026-09-06 23:00,False,
2731_2026-06-08_2026-09-06_a1,2731,2026-06-08,2026-09-06,https://api-v3.thaiwater.net/api/v1/thaiwater30/public/waterlevel_graph?station_type=tele_waterlevel&station_id=2731&start_date=2026-06-08&end_date=2026-09-06,2026-09-11T08:39:10.082184Z,200,application/json; charset=utf-8,187469,8f7945811fc973d15c397bb30727220e7042b0437815c5447a507421fc5e35b2,8165,OK,2184,1778,0,0,2026-06-08 00:00,2026-09-06 23:00,False,
2737_2026-06-08_2026-09-06_a1,2737,2026-06-08,2026-09-06,https://api-v3.thaiwater.net/api/v1/thaiwater30/public/waterlevel_graph?station_type=tele_waterlevel&station_id=2737&start_date=2026-06-08&end_date=2026-09-06,2026-09-11T08:39:12.268326Z,200,application/json; charset=utf-8,176036,1639b29fc753c14166baeb1f490ac0e3c70b65ce131a54bb2c1bf74e2b8c0e3e,8555,OK,2184,1778,0,0,2026-06-08 00:00,2026-09-06 23:00,False,
2770_2026-06-08_2026-09-06_a1,2770,2026-06-08,2026-09-06,https://api-v3.thaiwater.net/api/v1/thaiwater30/public/waterlevel_graph?station_type=tele_waterlevel&station_id=2770&start_date=2026-06-08&end_date=2026-09-06,2026-09-11T08:39:14.272201Z,200,application/json; charset=utf-8,175285,04850a8f10010ae50651b1b7bbc2163eeb3b65345eb84a6fbb49ae8a08e1119e,8977,OK,2184,1583,0,0,2026-06-08 00:00,2026-09-06 23:00,False,
2777_2026-06-08_2026-09-06_a1,2777,2026-06-08,2026-09-06,https://api-v3.thaiwater.net/api/v1/thaiwater30/public/waterlevel_graph?station_type=tele_waterlevel&station_id=2777&start_date=2026-06-08&end_date=2026-09-06,2026-09-11T08:39:16.157642Z,200,application/json; charset=utf-8,177532,18e5319d4776c313736142d066ad76c3cef475a11e31e755ed1db3eabe04f365,8152,OK,2184,1583,0,0,2026-06-08 00:00,2026-09-06 23:00,False,
2781_2026-06-08_2026-09-06_a1,2781,2026-06-08,2026-09-06,https://api-v3.thaiwater.net/api/v1/thaiwater30/public/waterlevel_graph?station_type=tele_waterlevel&station_id=2781&start_date=2026-06-08&end_date=2026-09-06,2026-09-11T08:39:18.555634Z,200,application/json; charset=utf-8,181927,9f75ec56faeca040dd85e7b7efaef49656c1a2bb0939d54779ac8cff37206d8d,7977,OK,2184,1583,0,0,2026-06-08 00:00,2026-09-06 23:00,False,
2811_2026-06-08_2026-09-06_a1,2811,2026-06-08,2026-09-06,https://api-v3.thaiwater.net/api/v1/thaiwater30/public/waterlevel_graph?station_type=tele_waterlevel&station_id=2811&start_date=2026-06-08&end_date=2026-09-06,2026-09-11T08:39:20.518792Z,200,application/json; charset=utf-8,179591,741eeaee4846f9e48220fdbb80662b8fd12dc613aec8ca2d3f7724c16c637976,8210,OK,2184,1571,0,0,2026-06-08 00:00,2026-09-06 23:00,False,
2830_2026-06-08_2026-09-06_a1,2830,2026-06-08,2026-09-06,https://api-v3.thaiwater.net/api/v1/thaiwater30/public/waterlevel_graph?station_type=tele_waterlevel&station_id=2830&start_date=2026-06-08&end_date=2026-09-06,2026-09-11T08:39:22.420887Z,200,application/json; charset=utf-8,181033,fc5114bfc86c93d97a5e692c1d575100da01175dd398b3a0af361fbb86ca5c79,8523,OK,2184,1583,0,0,2026-06-08 00:00,2026-09-06 23:00,False,
2851_2026-06-08_2026-09-06_a1,2851,2026-06-08,2026-09-06,https://api-v3.thaiwater.net/api/v1/thaiwater30/public/waterlevel_graph?station_type=tele_waterlevel&station_id=2851&start_date=2026-06-08&end_date=2026-09-06,2026-09-11T08:39:24.408049Z,200,application/json; charset=utf-8,184585,ce011683279c47c698855a8a4d6bc66677dfccb75883e9d5bba6ade06599148c,10349,OK,2184,2025,4,0,2026-06-08 00:00,2026-09-06 23:00,False,
2906_2026-06-08_2026-09-06_a1,2906,2026-06-08,2026-09-06,https://api-v3.thaiwater.net/api/v1/thaiwater30/public/waterlevel_graph?station_type=tele_waterlevel&station_id=2906&start_date=2026-06-08&end_date=2026-09-06,2026-09-11T08:39:26.694276Z,200,application/json; charset=utf-8,181057,f3a5dd07e7c6bea0e3826c6b535c1b333fdc01ac33863fd29fed07a959ed3273,9535,OK,2184,2026,0,0,2026-06-08 00:00,2026-09-06 23:00,False,
2972_2026-06-08_2026-09-06_a1,2972,2026-06-08,2026-09-06,https://api-v3.thaiwater.net/api/v1/thaiwater30/public/waterlevel_graph?station_type=tele_waterlevel&station_id=2972&start_date=2026-06-08&end_date=2026-09-06,2026-09-11T08:39:28.827582Z,200,application/json; charset=utf-8,175376,5a3f0160a13a14156ee5577bfa5dbe33c2ae70f1386bb8cda9b41b3c295d44d5,9516,OK,2184,1997,0,0,2026-06-08 00:00,2026-09-06 23:00,False,
3134_2026-06-08_2026-09-06_a1,3134,2026-06-08,2026-09-06,https://api-v3.thaiwater.net/api/v1/thaiwater30/public/waterlevel_graph?station_type=tele_waterlevel&station_id=3134&start_date=2026-06-08&end_date=2026-09-06,2026-09-11T08:39:30.807044Z,200,application/json; charset=utf-8,186555,20450c69c88e9fbd1f7740dcbcd52d540bf7884e86a4940b8ce279579fc1b55e,9530,OK,2184,2024,0,0,2026-06-08 00:00,2026-09-06 23:00,False,
3154_2026-06-08_2026-09-06_a1,3154,2026-06-08,2026-09-06,https://api-v3.thaiwater.net/api/v1/thaiwater30/public/waterlevel_graph?station_type=tele_waterlevel&station_id=3154&start_date=2026-06-08&end_date=2026-09-06,2026-09-11T08:39:33.123278Z,200,application/json; charset=utf-8,185879,b3616fbbded5d1fbfb0394232d4371d904cc87bc9ee10f7910d60fb15ff8345c,8564,OK,2184,1410,0,0,2026-06-08 00:00,2026-09-06 23:00,False,
3164_2026-06-08_2026-09-06_a1,3164,2026-06-08,2026-09-06,https://api-v3.thaiwater.net/api/v1/thaiwater30/public/waterlevel_graph?station_type=tele_waterlevel&station_id=3164&start_date=2026-06-08&end_date=2026-09-06,2026-09-11T08:39:35.353812Z,200,application/json; charset=utf-8,175506,9e13c661f0db434934399cac25ec7e75064f3cf1cd80a6e36f339ee1f90b315d,9185,OK,2184,1522,0,0,2026-06-08 00:00,2026-09-06 23:00,False,
3476_2026-06-08_2026-09-06_a1,3476,2026-06-08,2026-09-06,https://api-v3.thaiwater.net/api/v1/thaiwater30/public/waterlevel_graph?station_type=tele_waterlevel&station_id=3476&start_date=2026-06-08&end_date=2026-09-06,2026-09-11T08:39:37.536252Z,200,application/json; charset=utf-8,176411,4efc54d5902edff3fc16dce2c63ce1182818a8ea1de68987cfc3290d64d2a459,9254,OK,2184,1963,0,0,2026-06-08 00:00,2026-09-06 23:00,False,
3523_2026-06-08_2026-09-06_a1,3523,2026-06-08,2026-09-06,https://api-v3.thaiwater.net/api/v1/thaiwater30/public/waterlevel_graph?station_type=tele_waterlevel&station_id=3523&start_date=2026-06-08&end_date=2026-09-06,2026-09-11T08:39:40.055644Z,200,application/json; charset=utf-8,178982,72a3ce4a628cf9a4b6e8fef6ae4fb95e740e4a4edcf42e0529d6cb4a7db0544d,10786,OK,2184,2184,0,0,2026-06-08 00:00,2026-09-06 23:00,False,
3526_2026-06-08_2026-09-06_a1,3526,2026-06-08,2026-09-06,https://api-v3.thaiwater.net/api/v1/thaiwater30/public/waterlevel_graph?station_type=tele_waterlevel&station_id=3526&start_date=2026-06-08&end_date=2026-09-06,2026-09-11T08:39:42.155753Z,200,application/json; charset=utf-8,177040,cff7fb90aa08ce82934bfbbdef293f427f938f6ec73ccdbadb7d46ee472dc18c,6405,OK,2184,2184,0,0,2026-06-08 00:00,2026-09-06 23:00,False,
3529_2026-06-08_2026-09-06_a1,3529,2026-06-08,2026-09-06,https://api-v3.thaiwater.net/api/v1/thaiwater30/public/waterlevel_graph?station_type=tele_waterlevel&station_id=3529&start_date=2026-06-08&end_date=2026-09-06,2026-09-11T08:39:44.127796Z,200,application/json; charset=utf-8,177026,ffc7383c3b76aa31ca9991004f9a282cf79a15f09d1c3269289ae4befd3ca19e,7806,OK,2184,2184,0,0,2026-06-08 00:00,2026-09-06 23:00,False,
3531_2026-06-08_2026-09-06_a1,3531,2026-06-08,2026-09-06,https://api-v3.thaiwater.net/api/v1/thaiwater30/public/waterlevel_graph?station_type=tele_waterlevel&station_id=3531&start_date=2026-06-08&end_date=2026-09-06,2026-09-11T08:39:46.546159Z,200,application/json; charset=utf-8,176957,5658dc919732945b203ca03db0785a11e805300e2de02996f9aeaccd214abf0c,10121,OK,2184,2184,0,0,2026-06-08 00:00,2026-09-06 23:00,False,
3533_2026-06-08_2026-09-06_a1,3533,2026-06-08,2026-09-06,https://api-v3.thaiwater.net/api/v1/thaiwater30/public/waterlevel_graph?station_type=tele_waterlevel&station_id=3533&start_date=2026-06-08&end_date=2026-09-06,2026-09-11T08:39:48.971229Z,200,application/json; charset=utf-8,176858,10438bdcb33d99462da8151f263f310c24501e0bfe5ae0383ea7faea5ff1ebbc,10343,OK,2184,2184,0,0,2026-06-08 00:00,2026-09-06 23:00,False,
3542_2026-06-08_2026-09-06_a1,3542,2026-06-08,2026-09-06,https://api-v3.thaiwater.net/api/v1/thaiwater30/public/waterlevel_graph?station_type=tele_waterlevel&station_id=3542&start_date=2026-06-08&end_date=2026-09-06,2026-09-11T08:39:51.064886Z,200,application/json; charset=utf-8,175195,2e905ebaa4ec7fee00402de4a6c7abd389c0787123208071f1d9fec88f48b98d,8808,OK,2184,1250,0,0,2026-06-08 00:00,2026-09-06 23:00,False,
3543_2026-06-08_2026-09-06_a1,3543,2026-06-08,2026-09-06,https://api-v3.thaiwater.net/api/v1/thaiwater30/public/waterlevel_graph?station_type=tele_waterlevel&station_id=3543&start_date=2026-06-08&end_date=2026-09-06,2026-09-11T08:39:53.167694Z,200,application/json; charset=utf-8,176894,9ba5f18cbe6a2b4e851a039753050ec71c0bedaf6042026b7fb9e1b54f174c17,9740,OK,2184,2184,0,0,2026-06-08 00:00,2026-09-06 23:00,False,
3544_2026-06-08_2026-09-06_a1,3544,2026-06-08,2026-09-06,https://api-v3.thaiwater.net/api/v1/thaiwater30/public/waterlevel_graph?station_type=tele_waterlevel&station_id=3544&start_date=2026-06-08&end_date=2026-09-06,2026-09-11T08:39:55.351214Z,200,application/json; charset=utf-8,176673,273cb209e1c965a62ad1eed372283da85e8aa2a9f793614d75e9fa11f3f941b3,10942,OK,2184,2184,0,0,2026-06-08 00:00,2026-09-06 23:00,False,
12349_2026-06-08_2026-09-06_a1,12349,2026-06-08,2026-09-06,https://api-v3.thaiwater.net/api/v1/thaiwater30/public/waterlevel_graph?station_type=tele_waterlevel&station_id=12349&start_date=2026-06-08&end_date=2026-09-06,2026-09-11T08:39:57.353641Z,200,application/json; charset=utf-8,1046899,bbc16b8eedfb720fa9b2f95a4c495c0bc9b3732c1d3ed6a2e185ae98857c0f59,48627,OK,13104,13018,0,0,2026-06-08 00:00,2026-09-06 23:50,False,
12350_2026-06-08_2026-09-06_a1,12350,2026-06-08,2026-09-06,https://api-v3.thaiwater.net/api/v1/thaiwater30/public/waterlevel_graph?station_type=tele_waterlevel&station_id=12350&start_date=2026-06-08&end_date=2026-09-06,2026-09-11T08:40:02.127921Z,200,application/json; charset=utf-8,1047001,d0d68a56be58247962b47743ca5050f1ba7ec74c963a695274d5bba44c253bc1,45805,OK,13104,13052,0,0,2026-06-08 00:00,2026-09-06 23:50,False,
12474_2026-06-08_2026-09-06_a1,12474,2026-06-08,2026-09-06,https://api-v3.thaiwater.net/api/v1/thaiwater30/public/waterlevel_graph?station_type=tele_waterlevel&station_id=12474&start_date=2026-06-08&end_date=2026-09-06,2026-09-11T08:40:07.113662Z,200,application/json; charset=utf-8,1034052,5a730c26564ce15cf880f366e124434a5ce73e405c2fbbec54bc1e6a59384097,46612,OK,13104,13047,0,0,2026-06-08 00:00,2026-09-06 23:50,False,
12475_2026-06-08_2026-09-06_a1,12475,2026-06-08,2026-09-06,https://api-v3.thaiwater.net/api/v1/thaiwater30/public/waterlevel_graph?station_type=tele_waterlevel&station_id=12475&start_date=2026-06-08&end_date=2026-09-06,2026-09-11T08:40:26.323725Z,200,application/json; charset=utf-8,1034739,d05e527da8f4ed5a76c396e788c7acc28211645c7e62fa9a703697b8230c2b1d,46035,OK,13104,5365,0,0,2026-06-08 00:00,2026-09-06 23:50,False,
12476_2026-06-08_2026-09-06_a1,12476,2026-06-08,2026-09-06,https://api-v3.thaiwater.net/api/v1/thaiwater30/public/waterlevel_graph?station_type=tele_waterlevel&station_id=12476&start_date=2026-06-08&end_date=2026-09-06,2026-09-11T08:40:35.731862Z,200,application/json; charset=utf-8,1060031,0321155f1814d0a1f0e6ce232bf15af871941478bf3fcef013ac675ef731e2e2,69626,OK,13104,13066,0,0,2026-06-08 00:00,2026-09-06 23:50,False,
12477_2026-06-08_2026-09-06_a1,12477,2026-06-08,2026-09-06,https://api-v3.thaiwater.net/api/v1/thaiwater30/public/waterlevel_graph?station_type=tele_waterlevel&station_id=12477&start_date=2026-06-08&end_date=2026-09-06,2026-09-11T08:40:54.824652Z,200,application/json; charset=utf-8,1059739,fa2abc8d0dad4a970a91b32537934958845f60981920e3454d3c66e00e7d6278,48181,OK,13104,13034,0,0,2026-06-08 00:00,2026-09-06 23:50,False,
12478_2026-06-08_2026-09-06_a1,12478,2026-06-08,2026-09-06,https://api-v3.thaiwater.net/api/v1/thaiwater30/public/waterlevel_graph?station_type=tele_waterlevel&station_id=12478&start_date=2026-06-08&end_date=2026-09-06,2026-09-11T08:41:13.476734Z,200,application/json; charset=utf-8,1059900,d29efe9a823cf4de47406846039c08ec539ae46b71a2324ca0f79d8ff3e67d6b,64720,OK,13104,13055,0,0,2026-06-08 00:00,2026-09-06 23:50,False,
12479_2026-06-08_2026-09-06_a1,12479,2026-06-08,2026-09-06,https://api-v3.thaiwater.net/api/v1/thaiwater30/public/waterlevel_graph?station_type=tele_waterlevel&station_id=12479&start_date=2026-06-08&end_date=2026-09-06,2026-09-11T08:41:23.579145Z,200,application/json; charset=utf-8,1055452,a2d81087ea5705f0791260066c3e18b1db298a7ebf5361593de38bcbd15082c3,56010,OK,13104,10601,0,0,2026-06-08 00:00,2026-09-06 23:50,False,
12480_2026-06-08_2026-09-06_a1,12480,2026-06-08,2026-09-06,https://api-v3.thaiwater.net/api/v1/thaiwater30/public/waterlevel_graph?station_type=tele_waterlevel&station_id=12480&start_date=2026-06-08&end_date=2026-09-06,2026-09-11T08:41:30.173304Z,200,application/json; charset=utf-8,1045329,f280bfdab832dad684239310da1a1d3b53f0b644314fb4393761a29d8c68c205,43383,OK,13104,11818,0,0,2026-06-08 00:00,2026-09-06 23:50,False,
12481_2026-06-08_2026-09-06_a1,12481,2026-06-08,2026-09-06,https://api-v3.thaiwater.net/api/v1/thaiwater30/public/waterlevel_graph?station_type=tele_waterlevel&station_id=12481&start_date=2026-06-08&end_date=2026-09-06,2026-09-11T08:41:59.605098Z,200,application/json; charset=utf-8,1037133,d3d524ec74299fb5af9efee757936f9ae934c6005d1e98698adaf3691aa4cebf,62648,OK,13104,13051,0,0,2026-06-08 00:00,2026-09-06 23:50,False,
12483_2026-06-08_2026-09-06_a1,12483,2026-06-08,2026-09-06,https://api-v3.thaiwater.net/api/v1/thaiwater30/public/waterlevel_graph?station_type=tele_waterlevel&station_id=12483&start_date=2026-06-08&end_date=2026-09-06,2026-09-11T08:42:06.009606Z,200,application/json; charset=utf-8,1043525,97095e903d6065581593c21145b8d382a047e68d7ed1b7b0b6d0d4833db686b8,40685,OK,13104,8404,0,0,2026-06-08 00:00,2026-09-06 23:50,False,
12484_2026-06-08_2026-09-06_a1,12484,2026-06-08,2026-09-06,https://api-v3.thaiwater.net/api/v1/thaiwater30/public/waterlevel_graph?station_type=tele_waterlevel&station_id=12484&start_date=2026-06-08&end_date=2026-09-06,2026-09-11T08:42:12.009210Z,200,application/json; charset=utf-8,1035474,f855da9e50abd286ce43c4234d4df97f68b9d117ed5a67d8652f1e6a9d1d7a5b,50815,OK,13104,12836,0,0,2026-06-08 00:00,2026-09-06 23:50,False,
12485_2026-06-08_2026-09-06_a1,12485,2026-06-08,2026-09-06,https://api-v3.thaiwater.net/api/v1/thaiwater30/public/waterlevel_graph?station_type=tele_waterlevel&station_id=12485&start_date=2026-06-08&end_date=2026-09-06,2026-09-11T08:42:18.288034Z,200,application/json; charset=utf-8,1043745,a2ad68b158975de4cc48c1a4ede6ae1e4b096504b71d870e71c439df36ff0cac,47186,OK,13104,9429,0,0,2026-06-08 00:00,2026-09-06 23:50,False,
13892_2026-06-08_2026-09-06_a1,13892,2026-06-08,2026-09-06,https://api-v3.thaiwater.net/api/v1/thaiwater30/public/waterlevel_graph?station_type=tele_waterlevel&station_id=13892&start_date=2026-06-08&end_date=2026-09-06,2026-09-11T08:42:23.923154Z,200,application/json; charset=utf-8,1041711,4beabc8931bc4d357919c9b1932ead6dd434ae69a91a20f2ac7622ec66cf89ac,40112,OK,13104,4157,0,0,2026-06-08 00:00,2026-09-06 23:50,False,
13906_2026-06-08_2026-09-06_a1,13906,2026-06-08,2026-09-06,https://api-v3.thaiwater.net/api/v1/thaiwater30/public/waterlevel_graph?station_type=tele_waterlevel&station_id=13906&start_date=2026-06-08&end_date=2026-09-06,2026-09-11T08:42:28.641429Z,200,application/json; charset=utf-8,1046506,730d0c9c5d9c62cdfe96a59768022bf84857569ed7926747469be09fef2b0460,48833,OK,13104,12931,0,0,2026-06-08 00:00,2026-09-06 23:50,False,
385579_2026-06-08_2026-09-06_a1,385579,2026-06-08,2026-09-06,https://api-v3.thaiwater.net/api/v1/thaiwater30/public/waterlevel_graph?station_type=tele_waterlevel&station_id=385579&start_date=2026-06-08&end_date=2026-09-06,2026-09-11T08:42:33.610153Z,200,application/json; charset=utf-8,1073140,b7c9ec441e1714bc494cfea32b032597f184983b90f8cbf81a9ba991b2d2f7e3,64805,OK,13104,13068,0,0,2026-06-08 00:00,2026-09-06 23:50,False,
385582_2026-06-08_2026-09-06_a1,385582,2026-06-08,2026-09-06,https://api-v3.thaiwater.net/api/v1/thaiwater30/public/waterlevel_graph?station_type=tele_waterlevel&station_id=385582&start_date=2026-06-08&end_date=2026-09-06,2026-09-11T08:42:39.055550Z,200,application/json; charset=utf-8,1043615,3bb8bb3b738e86fa69acdd316f5f74dc9bdcba64a6392066adc35873fe94673e,48705,OK,13104,4443,0,0,2026-06-08 00:00,2026-09-06 23:50,False,
385586_2026-06-08_2026-09-06_a1,385586,2026-06-08,2026-09-06,https://api-v3.thaiwater.net/api/v1/thaiwater30/public/waterlevel_graph?station_type=tele_waterlevel&station_id=385586&start_date=2026-06-08&end_date=2026-09-06,2026-09-11T08:42:43.572613Z,200,application/json; charset=utf-8,1034619,056f1a936fd704194a258e3d04508c6f7dc4067b51bcaa4d17eb50e01c8bac23,47907,OK,13104,13060,0,0,2026-06-08 00:00,2026-09-06 23:50,False,
471583_2026-06-08_2026-09-06_a1,471583,2026-06-08,2026-09-06,https://api-v3.thaiwater.net/api/v1/thaiwater30/public/waterlevel_graph?station_type=tele_waterlevel&station_id=471583&start_date=2026-06-08&end_date=2026-09-06,2026-09-11T08:42:47.980440Z,200,application/json; charset=utf-8,1033914,f1ca835a7ce10f119f99facf51c83e3d3b28b476e15e4c598f8dce41300465bd,48583,OK,13104,13041,0,0,2026-06-08 00:00,2026-09-06 23:50,False,
479230_2026-06-08_2026-09-06_a1,479230,2026-06-08,2026-09-06,https://api-v3.thaiwater.net/api/v1/thaiwater30/public/waterlevel_graph?station_type=tele_waterlevel&station_id=479230&start_date=2026-06-08&end_date=2026-09-06,2026-09-11T08:42:53.936446Z,200,application/json; charset=utf-8,1073107,046ec146c35ddfbff40fffd886d218c4328775f71b142d997fefb83d6001f22a,65999,OK,13104,13065,0,0,2026-06-08 00:00,2026-09-06 23:50,False,
479231_2026-06-08_2026-09-06_a1,479231,2026-06-08,2026-09-06,https://api-v3.thaiwater.net/api/v1/thaiwater30/public/waterlevel_graph?station_type=tele_waterlevel&station_id=479231&start_date=2026-06-08&end_date=2026-09-06,2026-09-11T08:42:58.334363Z,200,application/json; charset=utf-8,1073049,e9ee21728127677255d4e7df359eeb280534244201774c9f2941e06160b45466,59791,OK,13104,13061,0,0,2026-06-08 00:00,2026-09-06 23:50,False,
479232_2026-06-08_2026-09-06_a1,479232,2026-06-08,2026-09-06,https://api-v3.thaiwater.net/api/v1/thaiwater30/public/waterlevel_graph?station_type=tele_waterlevel&station_id=479232&start_date=2026-06-08&end_date=2026-09-06,2026-09-11T08:43:03.001395Z,200,application/json; charset=utf-8,1073089,3f6ea8c65f0952d36899c6fef67ec6e9b7e5a00b89e70999c01fd0c26c81c2bf,71278,OK,13104,13070,0,0,2026-06-08 00:00,2026-09-06 23:50,False,
479233_2026-06-08_2026-09-06_a1,479233,2026-06-08,2026-09-06,https://api-v3.thaiwater.net/api/v1/thaiwater30/public/waterlevel_graph?station_type=tele_waterlevel&station_id=479233&start_date=2026-06-08&end_date=2026-09-06,2026-09-11T08:43:08.315902Z,200,application/json; charset=utf-8,1059756,e9957743c66a1e03534016cfcc63abb07cbbe44eb34cbacbfa2c32e8b41963af,45995,OK,13104,13037,0,0,2026-06-08 00:00,2026-09-06 23:50,False,
479234_2026-06-08_2026-09-06_a1,479234,2026-06-08,2026-09-06,https://api-v3.thaiwater.net/api/v1/thaiwater30/public/waterlevel_graph?station_type=tele_waterlevel&station_id=479234&start_date=2026-06-08&end_date=2026-09-06,2026-09-11T08:43:13.455663Z,200,application/json; charset=utf-8,1059658,c0946a321dde43cd4b9376d8d5f407905512c243ead9c3a838d5f37d6d44c647,42761,OK,13104,13060,0,0,2026-06-08 00:00,2026-09-06 23:50,False,
479235_2026-06-08_2026-09-06_a1,479235,2026-06-08,2026-09-06,https://api-v3.thaiwater.net/api/v1/thaiwater30/public/waterlevel_graph?station_type=tele_waterlevel&station_id=479235&start_date=2026-06-08&end_date=2026-09-06,2026-09-11T08:43:18.435941Z,200,application/json; charset=utf-8,1059895,ea2e12fc51b3ba451e029dbdafdc6932b35bf4c57d68f8c8635956bcc1ba4bae,43674,OK,13104,13034,0,0,2026-06-08 00:00,2026-09-06 23:50,False,
479236_2026-06-08_2026-09-06_a1,479236,2026-06-08,2026-09-06,https://api-v3.thaiwater.net/api/v1/thaiwater30/public/waterlevel_graph?station_type=tele_waterlevel&station_id=479236&start_date=2026-06-08&end_date=2026-09-06,2026-09-11T08:43:23.294721Z,200,application/json; charset=utf-8,1059206,5f8ecc75096f71d09437b82297263fd6701d4bdd04e91d08be50e1c70c38dbae,50235,OK,13104,12796,0,0,2026-06-08 00:00,2026-09-06 23:50,False,
479237_2026-06-08_2026-09-06_a1,479237,2026-06-08,2026-09-06,https://api-v3.thaiwater.net/api/v1/thaiwater30/public/waterlevel_graph?station_type=tele_waterlevel&station_id=479237&start_date=2026-06-08&end_date=2026-09-06,2026-09-11T08:43:28.008497Z,200,application/json; charset=utf-8,1039931,cdf447c4bc1adb8cd2bde33487618974cad9a8ecef73275ab34aca2c30eff1ed,41266,OK,13104,2403,0,0,2026-06-08 00:00,2026-09-06 23:50,False,
479238_2026-06-08_2026-09-06_a1,479238,2026-06-08,2026-09-06,https://api-v3.thaiwater.net/api/v1/thaiwater30/public/waterlevel_graph?station_type=tele_waterlevel&station_id=479238&start_date=2026-06-08&end_date=2026-09-06,2026-09-11T08:43:32.933617Z,200,application/json; charset=utf-8,1059642,787e52c5e8875724932bc6071d9870fc8c20f182fbbe3e98ec378698e3f9e80e,47284,OK,13104,13004,0,0,2026-06-08 00:00,2026-09-06 23:50,False,
479240_2026-06-08_2026-09-06_a1,479240,2026-06-08,2026-09-06,https://api-v3.thaiwater.net/api/v1/thaiwater30/public/waterlevel_graph?station_type=tele_waterlevel&station_id=479240&start_date=2026-06-08&end_date=2026-09-06,2026-09-11T08:43:37.452177Z,200,application/json; charset=utf-8,1051253,07ccde74f7cf0222aa012dbd5497d81a2e09d6e2e46a161217e8a7c692ae1712,46086,OK,13104,8539,0,0,2026-06-08 00:00,2026-09-06 23:50,False,
479241_2026-06-08_2026-09-06_a1,479241,2026-06-08,2026-09-06,https://api-v3.thaiwater.net/api/v1/thaiwater30/public/waterlevel_graph?station_type=tele_waterlevel&station_id=479241&start_date=2026-06-08&end_date=2026-09-06,2026-09-11T08:43:42.561686Z,200,application/json; charset=utf-8,1059387,59cf155f29cadb506b99e68fe7c7541c58c11aa5163d8c66602e6a49f5700622,44075,OK,13104,13058,0,0,2026-06-08 00:00,2026-09-06 23:50,False,
504990_2026-06-08_2026-09-06_a1,504990,2026-06-08,2026-09-06,https://api-v3.thaiwater.net/api/v1/thaiwater30/public/waterlevel_graph?station_type=tele_waterlevel&station_id=504990&start_date=2026-06-08&end_date=2026-09-06,2026-09-11T08:43:47.399097Z,200,application/json; charset=utf-8,172494,342cb2fca0d511cf63dc0c387274f4f42a19c025f74a02067f64381dc7b14372,10553,OK,2184,2091,0,0,2026-06-08 00:00,2026-09-06 23:00,False,
505003_2026-06-08_2026-09-06_a1,505003,2026-06-08,2026-09-06,https://api-v3.thaiwater.net/api/v1/thaiwater30/public/waterlevel_graph?station_type=tele_waterlevel&station_id=505003&start_date=2026-06-08&end_date=2026-09-06,2026-09-11T08:43:52.444965Z,200,application/json; charset=utf-8,177722,c531eef7181a937d6a76659ed0be85b3c3b324747245215781d25ea96d557351,10173,OK,2184,2091,0,0,2026-06-08 00:00,2026-09-06 23:00,False,
505025_2026-06-08_2026-09-06_a1,505025,2026-06-08,2026-09-06,https://api-v3.thaiwater.net/api/v1/thaiwater30/public/waterlevel_graph?station_type=tele_waterlevel&station_id=505025&start_date=2026-06-08&end_date=2026-09-06,2026-09-11T08:43:56.299432Z,200,application/json; charset=utf-8,181100,6f4586d62bf8348017cda5c59d653cc0ae91b6fb1f974dc325ce0c3eaffb7a3a,9640,OK,2184,1987,0,0,2026-06-08 00:00,2026-09-06 23:00,False,
505030_2026-06-08_2026-09-06_a1,505030,2026-06-08,2026-09-06,https://api-v3.thaiwater.net/api/v1/thaiwater30/public/waterlevel_graph?station_type=tele_waterlevel&station_id=505030&start_date=2026-06-08&end_date=2026-09-06,2026-09-11T08:43:59.890385Z,200,application/json; charset=utf-8,172453,83e51a2cd2991b06056f65be9c69e32213eb524a2651f58ae5177e4ffe056fc6,10217,OK,2184,1987,0,0,2026-06-08 00:00,2026-09-06 23:00,False,
505037_2026-06-08_2026-09-06_a1,505037,2026-06-08,2026-09-06,https://api-v3.thaiwater.net/api/v1/thaiwater30/public/waterlevel_graph?station_type=tele_waterlevel&station_id=505037&start_date=2026-06-08&end_date=2026-09-06,2026-09-11T08:44:05.343539Z,200,application/json; charset=utf-8,172544,5ef5c8ca612248e0e9e180d6343fb04be7f505b2d02627ac9709b59b404440cc,10102,OK,2184,1973,0,0,2026-06-08 00:00,2026-09-06 23:00,False,
505038_2026-06-08_2026-09-06_a1,505038,2026-06-08,2026-09-06,https://api-v3.thaiwater.net/api/v1/thaiwater30/public/waterlevel_graph?station_type=tele_waterlevel&station_id=505038&start_date=2026-06-08&end_date=2026-09-06,2026-09-11T08:44:09.300848Z,200,application/json; charset=utf-8,188545,5b6563004833bd0a8cc57035027fa45428a82617f6ccf6b2876fc39eb81a74e6,10467,OK,2184,1974,0,0,2026-06-08 00:00,2026-09-06 23:00,False,
505039_2026-06-08_2026-09-06_a1,505039,2026-06-08,2026-09-06,https://api-v3.thaiwater.net/api/v1/thaiwater30/public/waterlevel_graph?station_type=tele_waterlevel&station_id=505039&start_date=2026-06-08&end_date=2026-09-06,2026-09-11T08:44:12.767220Z,200,application/json; charset=utf-8,188821,5e6fa6033818a19632fefdffa89c3628984a6c9b9e2753168e649a08eba6075d,10020,OK,2184,1540,0,0,2026-06-08 00:00,2026-09-06 23:00,False,
505041_2026-06-08_2026-09-06_a1,505041,2026-06-08,2026-09-06,https://api-v3.thaiwater.net/api/v1/thaiwater30/public/waterlevel_graph?station_type=tele_waterlevel&station_id=505041&start_date=2026-06-08&end_date=2026-09-06,2026-09-11T08:44:19.702934Z,200,application/json; charset=utf-8,199817,cb2d170f3e5ca79fdcba1ed2ae160125822720fb7d4cca3266132a088941edda,12450,OK,2184,1987,0,0,2026-06-08 00:00,2026-09-06 23:00,False,
505052_2026-06-08_2026-09-06_a1,505052,2026-06-08,2026-09-06,https://api-v3.thaiwater.net/api/v1/thaiwater30/public/waterlevel_graph?station_type=tele_waterlevel&station_id=505052&start_date=2026-06-08&end_date=2026-09-06,2026-09-11T08:44:24.739679Z,200,application/json; charset=utf-8,172440,9be87cf513ce8b678e879f43b9f8bbe3501dcf3518843e589592b20494ff9553,10074,OK,2184,1975,0,0,2026-06-08 00:00,2026-09-06 23:00,False,
505056_2026-06-08_2026-09-06_a1,505056,2026-06-08,2026-09-06,https://api-v3.thaiwater.net/api/v1/thaiwater30/public/waterlevel_graph?station_type=tele_waterlevel&station_id=505056&start_date=2026-06-08&end_date=2026-09-06,2026-09-11T08:44:29.696231Z,200,application/json; charset=utf-8,172796,27bfc128b3d68b86d767dfd4e851d893479c416896bd77de13ae642c93734af7,10728,OK,2184,1975,0,0,2026-06-08 00:00,2026-09-06 23:00,False,
505072_2026-06-08_2026-09-06_a1,505072,2026-06-08,2026-09-06,https://api-v3.thaiwater.net/api/v1/thaiwater30/public/waterlevel_graph?station_type=tele_waterlevel&station_id=505072&start_date=2026-06-08&end_date=2026-09-06,2026-09-11T08:44:33.393720Z,200,application/json; charset=utf-8,173539,08660fc8b7fc59b722e1ccf13434242df7706156fa4a0fd2a4624d80a5c9b679,10995,OK,2184,1975,0,0,2026-06-08 00:00,2026-09-06 23:00,False,
516210_2026-06-08_2026-09-06_a1,516210,2026-06-08,2026-09-06,https://api-v3.thaiwater.net/api/v1/thaiwater30/public/waterlevel_graph?station_type=tele_waterlevel&station_id=516210&start_date=2026-06-08&end_date=2026-09-06,2026-09-11T08:44:37.201571Z,200,application/json; charset=utf-8,1054739,9bdb6fe99cd0ffd1529aa80d96d628cc61c8c8cc95be07ad910da1aa80ce9ab8,46877,OK,13104,10179,0,0,2026-06-08 00:00,2026-09-06 23:50,False,
516213_2026-06-08_2026-09-06_a1,516213,2026-06-08,2026-09-06,https://api-v3.thaiwater.net/api/v1/thaiwater30/public/waterlevel_graph?station_type=tele_waterlevel&station_id=516213&start_date=2026-06-08&end_date=2026-09-06,2026-09-11T08:44:45.635696Z,200,application/json; charset=utf-8,1059393,4d62a4db80c4d56963f39296e9ddc4b0f0eaac52f1e368fc84f97fbc511e8afe,47030,OK,13104,12918,0,0,2026-06-08 00:00,2026-09-06 23:50,False,
516216_2026-06-08_2026-09-06_a1,516216,2026-06-08,2026-09-06,https://api-v3.thaiwater.net/api/v1/thaiwater30/public/waterlevel_graph?station_type=tele_waterlevel&station_id=516216&start_date=2026-06-08&end_date=2026-09-06,2026-09-11T08:44:50.449357Z,200,application/json; charset=utf-8,1059461,a0a451a55bf673d20ad2d404e46917422b1231d3d17b316af12e5af2b944602d,47439,OK,13104,12907,0,0,2026-06-08 00:00,2026-09-06 23:50,False,
516218_2026-06-08_2026-09-06_a1,516218,2026-06-08,2026-09-06,https://api-v3.thaiwater.net/api/v1/thaiwater30/public/waterlevel_graph?station_type=tele_waterlevel&station_id=516218&start_date=2026-06-08&end_date=2026-09-06,2026-09-11T08:44:55.035308Z,200,application/json; charset=utf-8,1059000,b1550efee9c29091a74ee7c8eb7fa40c69354024475a2f255945759719c289f1,46957,OK,13104,12764,0,0,2026-06-08 00:00,2026-09-06 23:50,False,
528052_2026-06-08_2026-09-06_a1,528052,2026-06-08,2026-09-06,https://api-v3.thaiwater.net/api/v1/thaiwater30/public/waterlevel_graph?station_type=tele_waterlevel&station_id=528052&start_date=2026-06-08&end_date=2026-09-06,2026-09-11T08:44:59.559925Z,200,application/json; charset=utf-8,193199,9490fad8a73a6b0a6406be373c657d0b4d38c4d22f6633febb72ccb07c6160d5,10555,OK,2184,1830,0,0,2026-06-08 00:00,2026-09-06 23:00,False,
529399_2026-06-08_2026-09-06_a1,529399,2026-06-08,2026-09-06,https://api-v3.thaiwater.net/api/v1/thaiwater30/public/waterlevel_graph?station_type=tele_waterlevel&station_id=529399&start_date=2026-06-08&end_date=2026-09-06,2026-09-11T08:45:03.011195Z,200,application/json; charset=utf-8,1059403,5c08f2e007814ad14e08d3c1d43f7e73619eb3a3149826a773080ebc32fcbc7c,50437,OK,13104,12900,0,0,2026-06-08 00:00,2026-09-06 23:50,False,
558654_2026-06-08_2026-09-06_a1,558654,2026-06-08,2026-09-06,https://api-v3.thaiwater.net/api/v1/thaiwater30/public/waterlevel_graph?station_type=tele_waterlevel&station_id=558654&start_date=2026-06-08&end_date=2026-09-06,2026-09-11T08:45:07.985338Z,200,application/json; charset=utf-8,178454,dc57c7b692377014da31b8c32bc0e7712a406807dd3ab9a7fb233707b7193199,7350,OK,2184,2184,0,0,2026-06-08 00:00,2026-09-06 23:00,False,
558658_2026-06-08_2026-09-06_a1,558658,2026-06-08,2026-09-06,https://api-v3.thaiwater.net/api/v1/thaiwater30/public/waterlevel_graph?station_type=tele_waterlevel&station_id=558658&start_date=2026-06-08&end_date=2026-09-06,2026-09-11T08:45:10.233663Z,200,application/json; charset=utf-8,178855,0f15e1fc894845909b00fa1ddea4abda5fb408fee57f518f7b9130a312249465,10004,OK,2184,2184,0,0,2026-06-08 00:00,2026-09-06 23:00,False,
558661_2026-06-08_2026-09-06_a1,558661,2026-06-08,2026-09-06,https://api-v3.thaiwater.net/api/v1/thaiwater30/public/waterlevel_graph?station_type=tele_waterlevel&station_id=558661&start_date=2026-06-08&end_date=2026-09-06,2026-09-11T08:45:12.513981Z,200,application/json; charset=utf-8,178590,414a26001a8c7d2523931f354b013798059fd8495acfad4fc6b21aa7ab6f40a5,11675,OK,2184,2180,0,0,2026-06-08 00:00,2026-09-06 23:00,False,
562800_2026-06-08_2026-09-06_a1,562800,2026-06-08,2026-09-06,https://api-v3.thaiwater.net/api/v1/thaiwater30/public/waterlevel_graph?station_type=tele_waterlevel&station_id=562800&start_date=2026-06-08&end_date=2026-09-06,2026-09-11T08:45:14.608614Z,200,application/json; charset=utf-8,176788,07ea635d48489ef6337b9b7903e4972b5f09ef4ae69e7683d0ea55e4b3f62ec7,12047,OK,2184,2184,0,0,2026-06-08 00:00,2026-09-06 23:00,False,
562802_2026-06-08_2026-09-06_a1,562802,2026-06-08,2026-09-06,https://api-v3.thaiwater.net/api/v1/thaiwater30/public/waterlevel_graph?station_type=tele_waterlevel&station_id=562802&start_date=2026-06-08&end_date=2026-09-06,2026-09-11T08:45:16.733062Z,200,application/json; charset=utf-8,176805,705e3b965a2e380dfab72669e93547a906723fb99064bf67ed4451b153970941,10813,OK,2184,2184,0,0,2026-06-08 00:00,2026-09-06 23:00,False,
562803_2026-06-08_2026-09-06_a1,562803,2026-06-08,2026-09-06,https://api-v3.thaiwater.net/api/v1/thaiwater30/public/waterlevel_graph?station_type=tele_waterlevel&station_id=562803&start_date=2026-06-08&end_date=2026-09-06,2026-09-11T08:45:18.829668Z,200,application/json; charset=utf-8,175946,8a84841b3bf9ef94a5d63264d8b33b505f0433553ef95e72d30795a0f998daf1,11941,OK,2184,2184,0,0,2026-06-08 00:00,2026-09-06 23:00,False,
562804_2026-06-08_2026-09-06_a1,562804,2026-06-08,2026-09-06,https://api-v3.thaiwater.net/api/v1/thaiwater30/public/waterlevel_graph?station_type=tele_waterlevel&station_id=562804&start_date=2026-06-08&end_date=2026-09-06,2026-09-11T08:45:21.265331Z,200,application/json; charset=utf-8,178942,a83b753e44f96a717b9b1fb954bda3ff71472c0b055b8e3597c938d8af636a77,9911,OK,2184,2184,0,0,2026-06-08 00:00,2026-09-06 23:00,False,
562808_2026-06-08_2026-09-06_a1,562808,2026-06-08,2026-09-06,https://api-v3.thaiwater.net/api/v1/thaiwater30/public/waterlevel_graph?station_type=tele_waterlevel&station_id=562808&start_date=2026-06-08&end_date=2026-09-06,2026-09-11T08:45:23.464799Z,200,application/json; charset=utf-8,178976,b72ec2237bf0706bd9253f028149097346cdf662edb82dc4e71e76ddf9688860,11759,OK,2184,2184,0,0,2026-06-08 00:00,2026-09-06 23:00,False,
575565_2026-06-08_2026-09-06_a1,575565,2026-06-08,2026-09-06,https://api-v3.thaiwater.net/api/v1/thaiwater30/public/waterlevel_graph?station_type=tele_waterlevel&station_id=575565&start_date=2026-06-08&end_date=2026-09-06,2026-09-11T08:45:25.806343Z,200,application/json; charset=utf-8,1034811,b2bc59774384cf61023bc9325433cebc8df50e116c7ea11a3abee43b3c3a94b8,44277,OK,13104,5063,0,0,2026-06-08 00:00,2026-09-06 23:50,False,
575566_2026-06-08_2026-09-06_a1,575566,2026-06-08,2026-09-06,https://api-v3.thaiwater.net/api/v1/thaiwater30/public/waterlevel_graph?station_type=tele_waterlevel&station_id=575566&start_date=2026-06-08&end_date=2026-09-06,2026-09-11T08:45:31.436638Z,200,application/json; charset=utf-8,1037139,854281ab1aa8d58a7813ae33364f8c9c2e56ccfde02747e67e75698d8b8daff0,62548,OK,13104,12608,0,0,2026-06-08 00:00,2026-09-06 23:50,False,
575567_2026-06-08_2026-09-06_a1,575567,2026-06-08,2026-09-06,https://api-v3.thaiwater.net/api/v1/thaiwater30/public/waterlevel_graph?station_type=tele_waterlevel&station_id=575567&start_date=2026-06-08&end_date=2026-09-06,2026-09-11T08:45:37.107274Z,200,application/json; charset=utf-8,1036992,284e41dacde7026a3a6caa04f985b860b53928dc04e698cf74370192380884cd,61220,OK,13104,11819,0,0,2026-06-08 00:00,2026-09-06 23:50,False,
575568_2026-06-08_2026-09-06_a1,575568,2026-06-08,2026-09-06,https://api-v3.thaiwater.net/api/v1/thaiwater30/public/waterlevel_graph?station_type=tele_waterlevel&station_id=575568&start_date=2026-06-08&end_date=2026-09-06,2026-09-11T08:45:41.678644Z,200,application/json; charset=utf-8,1037762,9c0475058f186df9f4a3332a555e945c3dbcd12fcee6a675b9203127f40cafe3,62544,OK,13104,11463,0,0,2026-06-08 00:00,2026-09-06 23:50,False,
575569_2026-06-08_2026-09-06_a1,575569,2026-06-08,2026-09-06,https://api-v3.thaiwater.net/api/v1/thaiwater30/public/waterlevel_graph?station_type=tele_waterlevel&station_id=575569&start_date=2026-06-08&end_date=2026-09-06,2026-09-11T08:45:47.474971Z,200,application/json; charset=utf-8,1034220,5cdcc502b74d806d4d0106c29fbf504550bc586fe86af8a157c0877d1448f253,52984,OK,13104,9969,0,0,2026-06-08 00:00,2026-09-06 23:50,False,
595071_2026-06-08_2026-09-06_a1,595071,2026-06-08,2026-09-06,https://api-v3.thaiwater.net/api/v1/thaiwater30/public/waterlevel_graph?station_type=tele_waterlevel&station_id=595071&start_date=2026-06-08&end_date=2026-09-06,2026-09-11T08:45:52.596600Z,200,application/json; charset=utf-8,1059505,a2455dc7576db89443da7b7a1f30a9fe46975cce1b41eeb131ded94fab40ca34,47431,OK,13104,13041,0,0,2026-06-08 00:00,2026-09-06 23:50,False,
595072_2026-06-08_2026-09-06_a1,595072,2026-06-08,2026-09-06,https://api-v3.thaiwater.net/api/v1/thaiwater30/public/waterlevel_graph?station_type=tele_waterlevel&station_id=595072&start_date=2026-06-08&end_date=2026-09-06,2026-09-11T08:46:02.660509Z,200,application/json; charset=utf-8,1055634,f35509279d2adcbf51f7628971ad298f0b10da24a7426f88fdd596d4d6e8b575,49065,OK,13104,10511,0,0,2026-06-08 00:00,2026-09-06 23:50,False,
638734_2026-06-08_2026-09-06_a1,638734,2026-06-08,2026-09-06,https://api-v3.thaiwater.net/api/v1/thaiwater30/public/waterlevel_graph?station_type=tele_waterlevel&station_id=638734&start_date=2026-06-08&end_date=2026-09-06,2026-09-11T08:46:10.336596Z,200,application/json; charset=utf-8,1046856,81d101c7ca40d357c23f4e1915ef347a99d88760f6f0d542a677da38f087805b,52260,OK,13104,12767,0,0,2026-06-08 00:00,2026-09-06 23:50,False,
642740_2026-06-08_2026-09-06_a1,642740,2026-06-08,2026-09-06,https://api-v3.thaiwater.net/api/v1/thaiwater30/public/waterlevel_graph?station_type=tele_waterlevel&station_id=642740&start_date=2026-06-08&end_date=2026-09-06,2026-09-11T08:46:16.160301Z,200,application/json; charset=utf-8,1059458,b191c39a13d0322facfb8de4d3852a893ddf668637729ff488999ca8dfd17bf6,48877,OK,13104,13033,0,0,2026-06-08 00:00,2026-09-06 23:50,False,
642750_2026-06-08_2026-09-06_a1,642750,2026-06-08,2026-09-06,https://api-v3.thaiwater.net/api/v1/thaiwater30/public/waterlevel_graph?station_type=tele_waterlevel&station_id=642750&start_date=2026-06-08&end_date=2026-09-06,2026-09-11T08:46:21.673054Z,200,application/json; charset=utf-8,1059888,d13cc79308f1000b8ab759f13169e6a0d19b6f4a6558769667aff8e1c538aeb2,47515,OK,13104,13020,0,0,2026-06-08 00:00,2026-09-06 23:50,False,
642753_2026-06-08_2026-09-06_a1,642753,2026-06-08,2026-09-06,https://api-v3.thaiwater.net/api/v1/thaiwater30/public/waterlevel_graph?station_type=tele_waterlevel&station_id=642753&start_date=2026-06-08&end_date=2026-09-06,2026-09-11T08:46:26.702974Z,200,application/json; charset=utf-8,1060340,064ea736060ac4c417666b82598390ae358cbb5e74beadd0f28bfd751c24d7d2,49068,OK,13104,13016,0,0,2026-06-08 00:00,2026-09-06 23:50,False,
648042_2026-06-08_2026-09-06_a1,648042,2026-06-08,2026-09-06,https://api-v3.thaiwater.net/api/v1/thaiwater30/public/waterlevel_graph?station_type=tele_waterlevel&station_id=648042&start_date=2026-06-08&end_date=2026-09-06,2026-09-11T08:46:32.159837Z,200,application/json; charset=utf-8,1060029,e00f5179bbd9605e61a4dcf479265a8dde32d4db4f5cfcebb93a150f007a0865,49755,OK,13104,13062,0,0,2026-06-08 00:00,2026-09-06 23:50,False,
670714_2026-06-08_2026-09-06_a1,670714,2026-06-08,2026-09-06,https://api-v3.thaiwater.net/api/v1/thaiwater30/public/waterlevel_graph?station_type=tele_waterlevel&station_id=670714&start_date=2026-06-08&end_date=2026-09-06,2026-09-11T08:46:36.957307Z,200,application/json; charset=utf-8,1060173,00d672f572fb83c15d115a785eba54cd8095474be299b42a1fb714489dcdae1c,44481,OK,13104,13021,0,0,2026-06-08 00:00,2026-09-06 23:50,False,
670715_2026-06-08_2026-09-06_a1,670715,2026-06-08,2026-09-06,https://api-v3.thaiwater.net/api/v1/thaiwater30/public/waterlevel_graph?station_type=tele_waterlevel&station_id=670715&start_date=2026-06-08&end_date=2026-09-06,2026-09-11T08:46:42.305900Z,200,application/json; charset=utf-8,1059999,5c756965edf35174e3f2561792251d164156f8844b3c818fdab8d05a92614813,43852,OK,13104,13029,0,0,2026-06-08 00:00,2026-09-06 23:50,False,
685637_2026-06-08_2026-09-06_a1,685637,2026-06-08,2026-09-06,https://api-v3.thaiwater.net/api/v1/thaiwater30/public/waterlevel_graph?station_type=tele_waterlevel&station_id=685637&start_date=2026-06-08&end_date=2026-09-06,2026-09-11T08:46:47.083059Z,200,application/json; charset=utf-8,1059957,42bc1fd3adf7b3ae9a52f398ad6cd26004b61d95151634f7dd9e2931af94843f,48819,OK,13104,13023,0,0,2026-06-08 00:00,2026-09-06 23:50,False,
685638_2026-06-08_2026-09-06_a1,685638,2026-06-08,2026-09-06,https://api-v3.thaiwater.net/api/v1/thaiwater30/public/waterlevel_graph?station_type=tele_waterlevel&station_id=685638&start_date=2026-06-08&end_date=2026-09-06,2026-09-11T08:46:54.184880Z,200,application/json; charset=utf-8,1051273,b488c88e8b015ebc5c5085df80a155525adbe86d717dece5f8f764a42d50704c,48197,OK,13104,8486,0,0,2026-06-08 00:00,2026-09-06 23:50,False,
685643_2026-06-08_2026-09-06_a1,685643,2026-06-08,2026-09-06,https://api-v3.thaiwater.net/api/v1/thaiwater30/public/waterlevel_graph?station_type=tele_waterlevel&station_id=685643&start_date=2026-06-08&end_date=2026-09-06,2026-09-11T08:47:00.469542Z,200,application/json; charset=utf-8,1059628,2e8aefa0fc9b3865590417ed6a40cda0e3993f2e0edcb39da6cd8f75a1dffb15,45848,OK,13104,12802,0,0,2026-06-08 00:00,2026-09-06 23:50,False,
685650_2026-06-08_2026-09-06_a1,685650,2026-06-08,2026-09-06,https://api-v3.thaiwater.net/api/v1/thaiwater30/public/waterlevel_graph?station_type=tele_waterlevel&station_id=685650&start_date=2026-06-08&end_date=2026-09-06,2026-09-11T08:47:05.713256Z,200,application/json; charset=utf-8,1057227,c280a3554cf246ced5625dc8907b294c427dadcb472578d05919a02ea90371bf,54987,OK,13104,11628,0,0,2026-06-08 00:00,2026-09-06 23:50,False,
685653_2026-06-08_2026-09-06_a1,685653,2026-06-08,2026-09-06,https://api-v3.thaiwater.net/api/v1/thaiwater30/public/waterlevel_graph?station_type=tele_waterlevel&station_id=685653&start_date=2026-06-08&end_date=2026-09-06,2026-09-11T08:47:10.825967Z,200,application/json; charset=utf-8,1059600,6ad59f46e3a2cf9ab4c5725f57a1e5e6722ce8bede745cd9c5c7a51a1f6a0567,49975,OK,13104,12970,0,0,2026-06-08 00:00,2026-09-06 23:50,False,
685658_2026-06-08_2026-09-06_a1,685658,2026-06-08,2026-09-06,https://api-v3.thaiwater.net/api/v1/thaiwater30/public/waterlevel_graph?station_type=tele_waterlevel&station_id=685658&start_date=2026-06-08&end_date=2026-09-06,2026-09-11T08:47:15.200379Z,200,application/json; charset=utf-8,1058785,d0902ea11ab9b3cc505931b2e651b2e78286e75c6d56fbf02b9ce08a5a36c3a7,47056,OK,13104,12628,0,0,2026-06-08 00:00,2026-09-06 23:50,False,
685678_2026-06-08_2026-09-06_a1,685678,2026-06-08,2026-09-06,https://api-v3.thaiwater.net/api/v1/thaiwater30/public/waterlevel_graph?station_type=tele_waterlevel&station_id=685678&start_date=2026-06-08&end_date=2026-09-06,2026-09-11T08:47:22.589110Z,200,application/json; charset=utf-8,1047739,a64b5e42dd76f9c4ab477c24d376e0d9911f87061cf191cba89e3c86da432dd8,45789,OK,13104,4129,0,0,2026-06-08 00:00,2026-09-06 23:50,False,
700551_2026-06-08_2026-09-06_a1,700551,2026-06-08,2026-09-06,https://api-v3.thaiwater.net/api/v1/thaiwater30/public/waterlevel_graph?station_type=tele_waterlevel&station_id=700551&start_date=2026-06-08&end_date=2026-09-06,2026-09-11T08:47:27.793303Z,200,application/json; charset=utf-8,183243,88ed7df6c0e98bd821867849342a29ce17e1b1a25221897f211564da017729dc,14231,OK,2184,2163,0,0,2026-06-08 00:00,2026-09-06 23:00,False,
700553_2026-06-08_2026-09-06_a1,700553,2026-06-08,2026-09-06,https://api-v3.thaiwater.net/api/v1/thaiwater30/public/waterlevel_graph?station_type=tele_waterlevel&station_id=700553&start_date=2026-06-08&end_date=2026-09-06,2026-09-11T08:47:30.536224Z,200,application/json; charset=utf-8,176758,dd8deb7457b1a65382f368a62ae392f8be69e6cc349d2c0203e90374a7d800df,11664,OK,2184,2161,0,0,2026-06-08 00:00,2026-09-06 23:00,False,
700559_2026-06-08_2026-09-06_a1,700559,2026-06-08,2026-09-06,https://api-v3.thaiwater.net/api/v1/thaiwater30/public/waterlevel_graph?station_type=tele_waterlevel&station_id=700559&start_date=2026-06-08&end_date=2026-09-06,2026-09-11T08:47:33.157061Z,200,application/json; charset=utf-8,179064,e1ceaee74a80b3c97441ddbeaf113264c4126d53da8d6ff59878aa6ed8b98d8a,8938,OK,2184,2161,0,0,2026-06-08 00:00,2026-09-06 23:00,False,
700592_2026-06-08_2026-09-06_a1,700592,2026-06-08,2026-09-06,https://api-v3.thaiwater.net/api/v1/thaiwater30/public/waterlevel_graph?station_type=tele_waterlevel&station_id=700592&start_date=2026-06-08&end_date=2026-09-06,2026-09-11T08:47:35.781542Z,200,application/json; charset=utf-8,178928,239143b7bf08525957596090467d4feb7bab8fdd9ca99bdbab670c8a06b51437,8419,OK,2184,710,710,0,2026-06-08 00:00,2026-09-06 23:00,False,
726684_2026-06-08_2026-09-06_a1,726684,2026-06-08,2026-09-06,https://api-v3.thaiwater.net/api/v1/thaiwater30/public/waterlevel_graph?station_type=tele_waterlevel&station_id=726684&start_date=2026-06-08&end_date=2026-09-06,2026-09-11T08:47:42.912967Z,200,application/json; charset=utf-8,172846,0c6067505d16cb4071f35a20d63b3822e3a7aeeefcb106a31b38330d4774a093,9836,OK,2184,1957,0,0,2026-06-08 00:00,2026-09-06 23:00,False,
740532_2026-06-08_2026-09-06_a1,740532,2026-06-08,2026-09-06,https://api-v3.thaiwater.net/api/v1/thaiwater30/public/waterlevel_graph?station_type=tele_waterlevel&station_id=740532&start_date=2026-06-08&end_date=2026-09-06,2026-09-11T08:47:47.113491Z,200,application/json; charset=utf-8,1059745,cb31696c61bb2c1485a8d13a681959a33a01cda3ffe3a1e2def96f7f08192591,50822,OK,13104,13044,0,0,2026-06-08 00:00,2026-09-06 23:50,False,
740533_2026-06-08_2026-09-06_a1,740533,2026-06-08,2026-09-06,https://api-v3.thaiwater.net/api/v1/thaiwater30/public/waterlevel_graph?station_type=tele_waterlevel&station_id=740533&start_date=2026-06-08&end_date=2026-09-06,2026-09-11T08:47:54.366367Z,200,application/json; charset=utf-8,1037496,83c364a015cb22794c84085deeace4a95caf0dc9dcf603c43a120e8cf39eda7f,40363,OK,13104,1152,0,0,2026-06-08 00:00,2026-09-06 23:50,False,
740537_2026-06-08_2026-09-06_a1,740537,2026-06-08,2026-09-06,https://api-v3.thaiwater.net/api/v1/thaiwater30/public/waterlevel_graph?station_type=tele_waterlevel&station_id=740537&start_date=2026-06-08&end_date=2026-09-06,2026-09-11T08:48:00.632297Z,200,application/json; charset=utf-8,1059480,b99b682c800da6ab69323e7e161ad5f65319cf5c3aaa03dbc0a4c15c0b27b90c,48464,OK,13104,12861,0,0,2026-06-08 00:00,2026-09-06 23:50,False,
740538_2026-06-08_2026-09-06_a1,740538,2026-06-08,2026-09-06,https://api-v3.thaiwater.net/api/v1/thaiwater30/public/waterlevel_graph?station_type=tele_waterlevel&station_id=740538&start_date=2026-06-08&end_date=2026-09-06,2026-09-11T08:48:06.436339Z,200,application/json; charset=utf-8,1046700,a55001727dd0162bfa302976e7231cac69aa114dfff2eef371d69388f763bec8,46584,OK,13104,5892,0,0,2026-06-08 00:00,2026-09-06 23:50,False,
740540_2026-06-08_2026-09-06_a1,740540,2026-06-08,2026-09-06,https://api-v3.thaiwater.net/api/v1/thaiwater30/public/waterlevel_graph?station_type=tele_waterlevel&station_id=740540&start_date=2026-06-08&end_date=2026-09-06,2026-09-11T08:48:12.494108Z,200,application/json; charset=utf-8,1048948,3b89f6f808c50d14b05390321ada6c1848c1ddb9e4870f113c34d8500a935d08,52493,OK,13104,11063,0,0,2026-06-08 00:00,2026-09-06 23:50,False,
740720_2026-06-08_2026-09-06_a1,740720,2026-06-08,2026-09-06,https://api-v3.thaiwater.net/api/v1/thaiwater30/public/waterlevel_graph?station_type=tele_waterlevel&station_id=740720&start_date=2026-06-08&end_date=2026-09-06,2026-09-11T08:48:19.951394Z,200,application/json; charset=utf-8,1059567,966c24dab8dbe9ba1b22a9bd896fa2cb6622e4c3b71bbf13b62e166d99da6e88,42514,OK,13104,12945,0,0,2026-06-08 00:00,2026-09-06 23:50,False,
740723_2026-06-08_2026-09-06_a1,740723,2026-06-08,2026-09-06,https://api-v3.thaiwater.net/api/v1/thaiwater30/public/waterlevel_graph?station_type=tele_waterlevel&station_id=740723&start_date=2026-06-08&end_date=2026-09-06,2026-09-11T08:48:25.782048Z,200,application/json; charset=utf-8,1046573,554e8f17a75fb8c3572ad2645f6bbc47fe2d5e758284442ef50b897fc1ca161c,46435,OK,13104,12970,0,0,2026-06-08 00:00,2026-09-06 23:50,False,
740726_2026-06-08_2026-09-06_a1,740726,2026-06-08,2026-09-06,https://api-v3.thaiwater.net/api/v1/thaiwater30/public/waterlevel_graph?station_type=tele_waterlevel&station_id=740726&start_date=2026-06-08&end_date=2026-09-06,2026-09-11T08:48:30.648423Z,200,application/json; charset=utf-8,1046467,8539a4df5481508b4d1edfb1b6cc15cfab35f31124c2426a4902550562d4c966,47604,OK,13104,13005,0,0,2026-06-08 00:00,2026-09-06 23:50,False,
740727_2026-06-08_2026-09-06_a1,740727,2026-06-08,2026-09-06,https://api-v3.thaiwater.net/api/v1/thaiwater30/public/waterlevel_graph?station_type=tele_waterlevel&station_id=740727&start_date=2026-06-08&end_date=2026-09-06,2026-09-11T08:48:35.752625Z,200,application/json; charset=utf-8,1046571,c9598f9e6deab2f309676b80e05c5da928e85ad4887667722029138e61e29172,45061,OK,13104,12915,0,0,2026-06-08 00:00,2026-09-06 23:50,False,
740729_2026-06-08_2026-09-06_a1,740729,2026-06-08,2026-09-06,https://api-v3.thaiwater.net/api/v1/thaiwater30/public/waterlevel_graph?station_type=tele_waterlevel&station_id=740729&start_date=2026-06-08&end_date=2026-09-06,2026-09-11T08:48:40.495680Z,200,application/json; charset=utf-8,1044312,d1afae6176e1bc6869c3a687e391de16a0a0787a9f0feb76d4cdc13a9dd897e9,43018,OK,13104,12912,0,0,2026-06-08 00:00,2026-09-06 23:50,False,
740730_2026-06-08_2026-09-06_a1,740730,2026-06-08,2026-09-06,https://api-v3.thaiwater.net/api/v1/thaiwater30/public/waterlevel_graph?station_type=tele_waterlevel&station_id=740730&start_date=2026-06-08&end_date=2026-09-06,2026-09-11T08:48:45.527378Z,200,application/json; charset=utf-8,1046911,891c383db89896223ed396f380c4e1815e51fa1b94095d553a67248b32a5f3b4,42396,OK,13104,12872,0,0,2026-06-08 00:00,2026-09-06 23:50,False,
740731_2026-06-08_2026-09-06_a1,740731,2026-06-08,2026-09-06,https://api-v3.thaiwater.net/api/v1/thaiwater30/public/waterlevel_graph?station_type=tele_waterlevel&station_id=740731&start_date=2026-06-08&end_date=2026-09-06,2026-09-11T08:48:53.805954Z,200,application/json; charset=utf-8,1047239,e9ab7e349f3d501c4e139ef6361f9f0cf6f2b92d826f1f306dd9e860a6de5b1f,43360,OK,13104,12990,0,0,2026-06-08 00:00,2026-09-06 23:50,False,
740736_2026-06-08_2026-09-06_a1,740736,2026-06-08,2026-09-06,https://api-v3.thaiwater.net/api/v1/thaiwater30/public/waterlevel_graph?station_type=tele_waterlevel&station_id=740736&start_date=2026-06-08&end_date=2026-09-06,2026-09-11T08:48:59.693269Z,200,application/json; charset=utf-8,1046829,359cde0ba6eb33ca7d120c76396865d53cc61d913122a14d3b413f62e4538da3,43275,OK,13104,12865,0,0,2026-06-08 00:00,2026-09-06 23:50,False,
740737_2026-06-08_2026-09-06_a1,740737,2026-06-08,2026-09-06,https://api-v3.thaiwater.net/api/v1/thaiwater30/public/waterlevel_graph?station_type=tele_waterlevel&station_id=740737&start_date=2026-06-08&end_date=2026-09-06,2026-09-11T08:49:05.002259Z,200,application/json; charset=utf-8,1047643,f099df3aea5230c85d1ece3f149a3e64d2f20fb377850875dc602212aa21f64f,48374,OK,13104,13013,0,0,2026-06-08 00:00,2026-09-06 23:50,False,
740738_2026-06-08_2026-09-06_a1,740738,2026-06-08,2026-09-06,https://api-v3.thaiwater.net/api/v1/thaiwater30/public/waterlevel_graph?station_type=tele_waterlevel&station_id=740738&start_date=2026-06-08&end_date=2026-09-06,2026-09-11T08:49:16.258812Z,200,application/json; charset=utf-8,1046884,b8c4a82eba959fe5d89f3ab527cd4b824d3218864e5b6bf12023bd9b735bdc20,46376,OK,13104,12639,0,0,2026-06-08 00:00,2026-09-06 23:50,False,
740739_2026-06-08_2026-09-06_a1,740739,2026-06-08,2026-09-06,https://api-v3.thaiwater.net/api/v1/thaiwater30/public/waterlevel_graph?station_type=tele_waterlevel&station_id=740739&start_date=2026-06-08&end_date=2026-09-06,2026-09-11T08:49:21.251263Z,200,application/json; charset=utf-8,1035200,c094e0b79c2b71b3d874894bdc1a37bae65509848903fb0bf21d645ecd8037ae,39736,OK,13104,6247,0,0,2026-06-08 00:00,2026-09-06 23:50,False,
740740_2026-06-08_2026-09-06_a1,740740,2026-06-08,2026-09-06,https://api-v3.thaiwater.net/api/v1/thaiwater30/public/waterlevel_graph?station_type=tele_waterlevel&station_id=740740&start_date=2026-06-08&end_date=2026-09-06,2026-09-11T08:49:26.293649Z,200,application/json; charset=utf-8,1035289,b42351eb5e95cb86380e1347fe10bdc77b9c3460dcdaa11f061912d9e90ffb4d,50765,OK,13104,13022,0,0,2026-06-08 00:00,2026-09-06 23:50,False,
740742_2026-06-08_2026-09-06_a1,740742,2026-06-08,2026-09-06,https://api-v3.thaiwater.net/api/v1/thaiwater30/public/waterlevel_graph?station_type=tele_waterlevel&station_id=740742&start_date=2026-06-08&end_date=2026-09-06,2026-09-11T08:49:30.821322Z,200,application/json; charset=utf-8,1034021,337c81444ff4742cc03a5e20ed96629f0c0114d75a7cd33da32cbd5b63b34520,50006,OK,13104,12951,0,0,2026-06-08 00:00,2026-09-06 23:50,False,
740746_2026-06-08_2026-09-06_a1,740746,2026-06-08,2026-09-06,https://api-v3.thaiwater.net/api/v1/thaiwater30/public/waterlevel_graph?station_type=tele_waterlevel&station_id=740746&start_date=2026-06-08&end_date=2026-09-06,2026-09-11T08:49:36.274015Z,200,application/json; charset=utf-8,1033798,0515c77651853d1ce8b3d8a2d499aa1d505d7d219f039c486575297a7c5f2cca,55220,OK,13104,13013,0,0,2026-06-08 00:00,2026-09-06 23:50,False,
745748_2026-06-08_2026-09-06_a1,745748,2026-06-08,2026-09-06,https://api-v3.thaiwater.net/api/v1/thaiwater30/public/waterlevel_graph?station_type=tele_waterlevel&station_id=745748&start_date=2026-06-08&end_date=2026-09-06,2026-09-11T08:49:41.503142Z,200,application/json; charset=utf-8,1059741,a625097737da41125e12cfcff2d9485757e7ab9af14b03a8a7aa61f465c847af,50745,OK,13104,12975,0,0,2026-06-08 00:00,2026-09-06 23:50,False,
786010_2026-06-08_2026-09-06_a1,786010,2026-06-08,2026-09-06,https://api-v3.thaiwater.net/api/v1/thaiwater30/public/waterlevel_graph?station_type=tele_waterlevel&station_id=786010&start_date=2026-06-08&end_date=2026-09-06,2026-09-11T08:49:46.539753Z,200,application/json; charset=utf-8,182395,da50fb2adaee448ce9277dad4bbbc705de57754e6fab554ce6e09e143ff08516,9727,OK,2184,1500,0,0,2026-06-08 00:00,2026-09-06 23:00,False,
832057_2026-06-08_2026-09-06_a1,832057,2026-06-08,2026-09-06,https://api-v3.thaiwater.net/api/v1/thaiwater30/public/waterlevel_graph?station_type=tele_waterlevel&station_id=832057&start_date=2026-06-08&end_date=2026-09-06,2026-09-11T08:49:48.598256Z,200,application/json; charset=utf-8,174449,947dea2f4ab716a32585322f6d1f07bb5cb414e6196e38fbb86358ae58dec887,8503,OK,2184,1974,1,0,2026-06-08 00:00,2026-09-06 23:00,False,
832059_2026-06-08_2026-09-06_a1,832059,2026-06-08,2026-09-06,https://api-v3.thaiwater.net/api/v1/thaiwater30/public/waterlevel_graph?station_type=tele_waterlevel&station_id=832059&start_date=2026-06-08&end_date=2026-09-06,2026-09-11T08:49:50.614119Z,200,application/json; charset=utf-8,176380,547e1b86ba6edd821be3514ae1b318cabe086ff602238f29c6838f20901c1b7d,8150,OK,2184,1985,0,0,2026-06-08 00:00,2026-09-06 23:00,False,
852087_2026-06-08_2026-09-06_a1,852087,2026-06-08,2026-09-06,https://api-v3.thaiwater.net/api/v1/thaiwater30/public/waterlevel_graph?station_type=tele_waterlevel&station_id=852087&start_date=2026-06-08&end_date=2026-09-06,2026-09-11T08:49:52.691832Z,200,application/json; charset=utf-8,1033977,454b8bfba27bb1c0afbfe91f3d230909fa9edb5bdd80e8c06b8ec3776947a6b7,49681,OK,13104,12931,0,0,2026-06-08 00:00,2026-09-06 23:50,False,
999395_2026-06-08_2026-09-06_a1,999395,2026-06-08,2026-09-06,https://api-v3.thaiwater.net/api/v1/thaiwater30/public/waterlevel_graph?station_type=tele_waterlevel&station_id=999395&start_date=2026-06-08&end_date=2026-09-06,2026-09-11T08:49:57.430724Z,200,application/json; charset=utf-8,178133,9e31b92ad3aadf8f4940a77e468f747e64c4e256f8b28b725d4a313aa2c41c03,9958,OK,2184,1975,0,0,2026-06-08 00:00,2026-09-06 23:00,False,
1035518_2026-06-08_2026-09-06_a1,1035518,2026-06-08,2026-09-06,https://api-v3.thaiwater.net/api/v1/thaiwater30/public/waterlevel_graph?station_type=tele_waterlevel&station_id=1035518&start_date=2026-06-08&end_date=2026-09-06,2026-09-11T08:49:59.638930Z,200,application/json; charset=utf-8,180464,6ce2a7b005d39a1c7b5281bc020fe6b98fe53d1745a6431a6028f4fdeaff5aba,7803,OK,2184,805,66,0,2026-06-08 00:00,2026-09-06 23:00,False,
1079844_2026-06-08_2026-09-06_a1,1079844,2026-06-08,2026-09-06,https://api-v3.thaiwater.net/api/v1/thaiwater30/public/waterlevel_graph?station_type=tele_waterlevel&station_id=1079844&start_date=2026-06-08&end_date=2026-09-06,2026-09-11T08:50:02.063130Z,200,application/json; charset=utf-8,187402,78b3918ba068e63aa4e3f67b1618330884a7311d8608332f87a9ad0f9a9bc520,9372,OK,2184,1778,252,0,2026-06-08 00:00,2026-09-06 23:00,False,
1082427_2026-06-08_2026-09-06_a1,1082427,2026-06-08,2026-09-06,https://api-v3.thaiwater.net/api/v1/thaiwater30/public/waterlevel_graph?station_type=tele_waterlevel&station_id=1082427&start_date=2026-06-08&end_date=2026-09-06,2026-09-11T08:50:04.477748Z,200,application/json; charset=utf-8,1040067,d0a7d2a6fc0bab1387606f320a9a436d423d91084c8832370609f0f95ec95899,47748,OK,13104,5278,0,0,2026-06-08 00:00,2026-09-06 23:50,False,
1085210_2026-06-08_2026-09-06_a1,1085210,2026-06-08,2026-09-06,https://api-v3.thaiwater.net/api/v1/thaiwater30/public/waterlevel_graph?station_type=tele_waterlevel&station_id=1085210&start_date=2026-06-08&end_date=2026-09-06,2026-09-11T08:50:39.092137Z,200,application/json; charset=utf-8,1039271,873ca81aaa976f7bc8a0c28dc2cf960ae94cd9d6a8e1592af13eab31f311b5e8,39834,OK,13104,1980,0,0,2026-06-08 00:00,2026-09-06 23:50,False,
1085211_2026-06-08_2026-09-06_a1,1085211,2026-06-08,2026-09-06,https://api-v3.thaiwater.net/api/v1/thaiwater30/public/waterlevel_graph?station_type=tele_waterlevel&station_id=1085211&start_date=2026-06-08&end_date=2026-09-06,2026-09-11T08:50:49.648657Z,200,application/json; charset=utf-8,1047376,23fcb6c585eb0d199f1176dd67c53ec5526af6362397162d393b90299bb6578e,47661,OK,13104,13023,0,0,2026-06-08 00:00,2026-09-06 23:50,False,
1087618_2026-06-08_2026-09-06_a1,1087618,2026-06-08,2026-09-06,https://api-v3.thaiwater.net/api/v1/thaiwater30/public/waterlevel_graph?station_type=tele_waterlevel&station_id=1087618&start_date=2026-06-08&end_date=2026-09-06,2026-09-11T08:51:06.091787Z,200,application/json; charset=utf-8,174443,d4fdbd03ec4ab96d20482d0c55cd6a1cb44104683513b9d4f1981fcc9aa093e9,9509,OK,2184,1975,0,0,2026-06-08 00:00,2026-09-06 23:00,False,
1091551_2026-06-08_2026-09-06_a1,1091551,2026-06-08,2026-09-06,https://api-v3.thaiwater.net/api/v1/thaiwater30/public/waterlevel_graph?station_type=tele_waterlevel&station_id=1091551&start_date=2026-06-08&end_date=2026-09-06,2026-09-11T08:51:11.630997Z,200,application/json; charset=utf-8,1034627,d44982dc07a41a07cba9e16a684a009d1738b52e491e30e2a28d5c66d3341464,42334,OK,13104,13027,0,0,2026-06-08 00:00,2026-09-06 23:50,False,
1093079_2026-06-08_2026-09-06_a1,1093079,2026-06-08,2026-09-06,https://api-v3.thaiwater.net/api/v1/thaiwater30/public/waterlevel_graph?station_type=tele_waterlevel&station_id=1093079&start_date=2026-06-08&end_date=2026-09-06,2026-09-11T08:51:21.863163Z,200,application/json; charset=utf-8,1060032,037d584fc35f1271fb2d4da21262688de63510bf49fd02b804fbb3e4c17cd1c1,56553,OK,13104,13061,0,0,2026-06-08 00:00,2026-09-06 23:50,False,
1093312_2026-06-08_2026-09-06_a1,1093312,2026-06-08,2026-09-06,https://api-v3.thaiwater.net/api/v1/thaiwater30/public/waterlevel_graph?station_type=tele_waterlevel&station_id=1093312&start_date=2026-06-08&end_date=2026-09-06,2026-09-11T08:51:28.072459Z,200,application/json; charset=utf-8,172519,b15a8207869e9c6deb1adc049766b644e20bd23a7c41d3cb9104f4cade603bed,9607,OK,2184,1888,0,0,2026-06-08 00:00,2026-09-06 23:00,False,
1094448_2026-06-08_2026-09-06_a1,1094448,2026-06-08,2026-09-06,https://api-v3.thaiwater.net/api/v1/thaiwater30/public/waterlevel_graph?station_type=tele_waterlevel&station_id=1094448&start_date=2026-06-08&end_date=2026-09-06,2026-09-11T08:51:31.573928Z,200,application/json; charset=utf-8,1058800,b74f67ea62ec95b61bd2f5b5a32925f031e349b7a07e619686ccac78164b8d59,58357,OK,13104,12511,0,0,2026-06-08 00:00,2026-09-06 23:50,False,
1095455_2026-06-08_2026-09-06_a1,1095455,2026-06-08,2026-09-06,https://api-v3.thaiwater.net/api/v1/thaiwater30/public/waterlevel_graph?station_type=tele_waterlevel&station_id=1095455&start_date=2026-06-08&end_date=2026-09-06,2026-09-11T08:51:43.492648Z,200,application/json; charset=utf-8,1060025,26a7f679094395f20c321b6868c22af139cd62df0e37f56c058b28d4e8cde449,66091,OK,13104,13067,0,0,2026-06-08 00:00,2026-09-06 23:50,False,
1095849_2026-06-08_2026-09-06_a1,1095849,2026-06-08,2026-09-06,https://api-v3.thaiwater.net/api/v1/thaiwater30/public/waterlevel_graph?station_type=tele_waterlevel&station_id=1095849&start_date=2026-06-08&end_date=2026-09-06,2026-09-11T08:51:51.969224Z,200,application/json; charset=utf-8,172449,89cca818645d3c4e021a134faeb60cc80b96fe25c0c6a13b303cd8d9a77c1250,10075,OK,2184,1583,0,0,2026-06-08 00:00,2026-09-06 23:00,False,
1095878_2026-06-08_2026-09-06_a1,1095878,2026-06-08,2026-09-06,https://api-v3.thaiwater.net/api/v1/thaiwater30/public/waterlevel_graph?station_type=tele_waterlevel&station_id=1095878&start_date=2026-06-08&end_date=2026-09-06,2026-09-11T08:51:54.572222Z,200,application/json; charset=utf-8,172542,5b3faaa6ef646ca7cb8d7241daad4dd724b52fd9a7d266a7357ff0c861a0615c,8627,OK,2184,1975,0,0,2026-06-08 00:00,2026-09-06 23:00,False,
1098852_2026-06-08_2026-09-06_a1,1098852,2026-06-08,2026-09-06,https://api-v3.thaiwater.net/api/v1/thaiwater30/public/waterlevel_graph?station_type=tele_waterlevel&station_id=1098852&start_date=2026-06-08&end_date=2026-09-06,2026-09-11T08:51:58.131762Z,200,application/json; charset=utf-8,184641,9977f6c2704b9e1ec3f8fb03d11271e9b51b6e15793358114be476f3c21c5bbb,9272,OK,2184,1753,534,0,2026-06-08 00:00,2026-09-06 23:00,False,
1098871_2026-06-08_2026-09-06_a1,1098871,2026-06-08,2026-09-06,https://api-v3.thaiwater.net/api/v1/thaiwater30/public/waterlevel_graph?station_type=tele_waterlevel&station_id=1098871&start_date=2026-06-08&end_date=2026-09-06,2026-09-11T08:52:01.796100Z,200,application/json; charset=utf-8,183431,cde1819adcd041d19fbe30ab65fda294caafc2ca65d4bc5dac35167324883cb1,8161,OK,2184,1501,0,0,2026-06-08 00:00,2026-09-06 23:00,False,
1101563_2026-06-08_2026-09-06_a1,1101563,2026-06-08,2026-09-06,https://api-v3.thaiwater.net/api/v1/thaiwater30/public/waterlevel_graph?station_type=tele_waterlevel&station_id=1101563&start_date=2026-06-08&end_date=2026-09-06,2026-09-11T08:52:04.220315Z,200,application/json; charset=utf-8,1059747,d164e0d5d19263d93ff3c2b1581a6dd8b447f7fc5bdbc20b5dfa57a123cc69e0,43889,OK,13104,13034,0,0,2026-06-08 00:00,2026-09-06 23:50,False,
1101565_2026-06-08_2026-09-06_a1,1101565,2026-06-08,2026-09-06,https://api-v3.thaiwater.net/api/v1/thaiwater30/public/waterlevel_graph?station_type=tele_waterlevel&station_id=1101565&start_date=2026-06-08&end_date=2026-09-06,2026-09-11T08:52:14.596849Z,200,application/json; charset=utf-8,1059753,2ce585b485cf97ab9f5cd71c1b16171bad74139b142dc80eb87e3bce65566bc5,46191,OK,13104,13015,0,0,2026-06-08 00:00,2026-09-06 23:50,False,
1101566_2026-06-08_2026-09-06_a1,1101566,2026-06-08,2026-09-06,https://api-v3.thaiwater.net/api/v1/thaiwater30/public/waterlevel_graph?station_type=tele_waterlevel&station_id=1101566&start_date=2026-06-08&end_date=2026-09-06,2026-09-11T08:52:19.305306Z,200,application/json; charset=utf-8,1045732,8291845b3e46a1d0b6fc2f0dc9c2820d15226406bdd0629a48d6b2b520091baf,45589,OK,13104,12922,0,0,2026-06-08 00:00,2026-09-06 23:50,False,
1101568_2026-06-08_2026-09-06_a1,1101568,2026-06-08,2026-09-06,https://api-v3.thaiwater.net/api/v1/thaiwater30/public/waterlevel_graph?station_type=tele_waterlevel&station_id=1101568&start_date=2026-06-08&end_date=2026-09-06,2026-09-11T08:52:23.984228Z,200,application/json; charset=utf-8,1046500,a1654f71daffd76c94ec5d2b4872e9f8de4d84a3c971cd684d6316d4c6046e8a,47030,OK,13104,13005,0,0,2026-06-08 00:00,2026-09-06 23:50,False,
1101569_2026-06-08_2026-09-06_a1,1101569,2026-06-08,2026-09-06,https://api-v3.thaiwater.net/api/v1/thaiwater30/public/waterlevel_graph?station_type=tele_waterlevel&station_id=1101569&start_date=2026-06-08&end_date=2026-09-06,2026-09-11T08:52:29.075739Z,200,application/json; charset=utf-8,1043821,6d24a49f46adea785020e2eaffdc88e49cd8517395ca5af1b23133b039445fa3,42299,OK,13104,8720,0,0,2026-06-08 00:00,2026-09-06 23:50,False,
1101572_2026-06-08_2026-09-06_a1,1101572,2026-06-08,2026-09-06,https://api-v3.thaiwater.net/api/v1/thaiwater30/public/waterlevel_graph?station_type=tele_waterlevel&station_id=1101572&start_date=2026-06-08&end_date=2026-09-06,2026-09-11T08:52:33.776511Z,200,application/json; charset=utf-8,1060074,6fd93afd5a9b1554d2ba8e387454dae3a609094ac8137c8e0fd8ff7b51c64ab9,47287,OK,13104,13029,0,0,2026-06-08 00:00,2026-09-06 23:50,False,
1101573_2026-06-08_2026-09-06_a1,1101573,2026-06-08,2026-09-06,https://api-v3.thaiwater.net/api/v1/thaiwater30/public/waterlevel_graph?station_type=tele_waterlevel&station_id=1101573&start_date=2026-06-08&end_date=2026-09-06,2026-09-11T08:52:38.512906Z,200,application/json; charset=utf-8,1059796,44c079d06d86b27191e632edc9b220b61d984698c91d9a2ca57491a49ac0f3a0,43095,OK,13104,12967,0,0,2026-06-08 00:00,2026-09-06 23:50,False,
1101574_2026-06-08_2026-09-06_a1,1101574,2026-06-08,2026-09-06,https://api-v3.thaiwater.net/api/v1/thaiwater30/public/waterlevel_graph?station_type=tele_waterlevel&station_id=1101574&start_date=2026-06-08&end_date=2026-09-06,2026-09-11T08:52:43.428855Z,200,application/json; charset=utf-8,1047403,6f7aeebb0363cb0ddbea903665a687c45cc31cc004ea61bee70e13096470574f,42774,OK,13104,4017,0,0,2026-06-08 00:00,2026-09-06 23:50,False,
1105332_2026-06-08_2026-09-06_a1,1105332,2026-06-08,2026-09-06,https://api-v3.thaiwater.net/api/v1/thaiwater30/public/waterlevel_graph?station_type=tele_waterlevel&station_id=1105332&start_date=2026-06-08&end_date=2026-09-06,2026-09-11T08:52:48.160769Z,200,application/json; charset=utf-8,1033831,f5b4a767b1ca166b93e34edbb24bdc6497a7fee0eeaa0f32d365c60153ccf504,54951,OK,13104,13027,0,0,2026-06-08 00:00,2026-09-06 23:50,False,
1106448_2026-06-08_2026-09-06_a1,1106448,2026-06-08,2026-09-06,https://api-v3.thaiwater.net/api/v1/thaiwater30/public/waterlevel_graph?station_type=tele_waterlevel&station_id=1106448&start_date=2026-06-08&end_date=2026-09-06,2026-09-11T08:52:53.719974Z,200,application/json; charset=utf-8,1033692,516179909cc89c00f2a47430de4e872ba5ca3410504c3777fcfea86a83eec597,51576,OK,13104,13056,0,0,2026-06-08 00:00,2026-09-06 23:50,False,
1106449_2026-06-08_2026-09-06_a1,1106449,2026-06-08,2026-09-06,https://api-v3.thaiwater.net/api/v1/thaiwater30/public/waterlevel_graph?station_type=tele_waterlevel&station_id=1106449&start_date=2026-06-08&end_date=2026-09-06,2026-09-11T08:52:58.552905Z,200,application/json; charset=utf-8,1033843,1a08be05fb5b7061934979423290aac5b42daccdf1714cca5745bc398d949b3a,42067,OK,13104,12921,0,0,2026-06-08 00:00,2026-09-06 23:50,False,
1106450_2026-06-08_2026-09-06_a1,1106450,2026-06-08,2026-09-06,https://api-v3.thaiwater.net/api/v1/thaiwater30/public/waterlevel_graph?station_type=tele_waterlevel&station_id=1106450&start_date=2026-06-08&end_date=2026-09-06,2026-09-11T08:53:03.476396Z,200,application/json; charset=utf-8,1033655,d40a907efe57fcf1bf4702604cb2aa08d88e39c49978693b2d9d23e8cc401dab,41669,OK,13104,13036,0,0,2026-06-08 00:00,2026-09-06 23:50,False,
1106454_2026-06-08_2026-09-06_a1,1106454,2026-06-08,2026-09-06,https://api-v3.thaiwater.net/api/v1/thaiwater30/public/waterlevel_graph?station_type=tele_waterlevel&station_id=1106454&start_date=2026-06-08&end_date=2026-09-06,2026-09-11T08:53:08.216673Z,200,application/json; charset=utf-8,1046983,92ce8acc606093617fb6be46b3a1f357015c608541a30c4c70e9bde4f960b27e,47173,OK,13104,13028,0,0,2026-06-08 00:00,2026-09-06 23:50,False,
1106455_2026-06-08_2026-09-06_a1,1106455,2026-06-08,2026-09-06,https://api-v3.thaiwater.net/api/v1/thaiwater30/public/waterlevel_graph?station_type=tele_waterlevel&station_id=1106455&start_date=2026-06-08&end_date=2026-09-06,2026-09-11T08:53:12.999264Z,200,application/json; charset=utf-8,1045934,a5588a34f47882607cbdef038d9fe34d03c98bd68f324ff5249b713821ae1af3,45684,OK,13104,11936,0,0,2026-06-08 00:00,2026-09-06 23:50,False,
1106456_2026-06-08_2026-09-06_a1,1106456,2026-06-08,2026-09-06,https://api-v3.thaiwater.net/api/v1/thaiwater30/public/waterlevel_graph?station_type=tele_waterlevel&station_id=1106456&start_date=2026-06-08&end_date=2026-09-06,2026-09-11T08:53:17.700006Z,200,application/json; charset=utf-8,1034011,fe762d953d8d1becbe0ef98746b4b448ac0cb322ae496afd2441bf26deb319a3,50331,OK,13104,12153,0,0,2026-06-08 00:00,2026-09-06 23:50,False,
1106457_2026-06-08_2026-09-06_a1,1106457,2026-06-08,2026-09-06,https://api-v3.thaiwater.net/api/v1/thaiwater30/public/waterlevel_graph?station_type=tele_waterlevel&station_id=1106457&start_date=2026-06-08&end_date=2026-09-06,2026-09-11T08:53:23.083951Z,200,application/json; charset=utf-8,1035012,55c41df87f62ef26a3490da8243a836089864a0affb1304cf13e044b51573e88,48331,OK,13104,12988,0,0,2026-06-08 00:00,2026-09-06 23:50,False,
1107582_2026-06-08_2026-09-06_a1,1107582,2026-06-08,2026-09-06,https://api-v3.thaiwater.net/api/v1/thaiwater30/public/waterlevel_graph?station_type=tele_waterlevel&station_id=1107582&start_date=2026-06-08&end_date=2026-09-06,2026-09-11T08:53:28.638464Z,200,application/json; charset=utf-8,1046816,9fd77efbe4635c4bf8679109711e16e6e130d6220660abbbe5676286abd87adc,58890,OK,13104,13028,0,0,2026-06-08 00:00,2026-09-06 23:50,False,
1109490_2026-06-08_2026-09-06_a1,1109490,2026-06-08,2026-09-06,https://api-v3.thaiwater.net/api/v1/thaiwater30/public/waterlevel_graph?station_type=tele_waterlevel&station_id=1109490&start_date=2026-06-08&end_date=2026-09-06,2026-09-11T08:53:33.437875Z,200,application/json; charset=utf-8,1034142,9f493cfe9dda668caf68acc1b75d865ee5f4af1bb9b8a4fcd15c00d12447620d,45433,OK,13104,12957,0,0,2026-06-08 00:00,2026-09-06 23:50,False,
1109491_2026-06-08_2026-09-06_a1,1109491,2026-06-08,2026-09-06,https://api-v3.thaiwater.net/api/v1/thaiwater30/public/waterlevel_graph?station_type=tele_waterlevel&station_id=1109491&start_date=2026-06-08&end_date=2026-09-06,2026-09-11T08:53:39.181046Z,200,application/json; charset=utf-8,1046661,2984dd9d7fad000a6fc7b403487b5f3f94bbac148f93782fbd6dc8bdacb738a1,46386,OK,13104,12691,0,0,2026-06-08 00:00,2026-09-06 23:50,False,
1109492_2026-06-08_2026-09-06_a1,1109492,2026-06-08,2026-09-06,https://api-v3.thaiwater.net/api/v1/thaiwater30/public/waterlevel_graph?station_type=tele_waterlevel&station_id=1109492&start_date=2026-06-08&end_date=2026-09-06,2026-09-11T08:53:44.691729Z,200,application/json; charset=utf-8,1046823,a54ccc35aeff13db3d95c175e6a969eeee78850045581547856ec3987dd1763b,50298,OK,13104,13004,0,0,2026-06-08 00:00,2026-09-06 23:50,False,
1109493_2026-06-08_2026-09-06_a1,1109493,2026-06-08,2026-09-06,https://api-v3.thaiwater.net/api/v1/thaiwater30/public/waterlevel_graph?station_type=tele_waterlevel&station_id=1109493&start_date=2026-06-08&end_date=2026-09-06,2026-09-11T08:53:49.680668Z,200,application/json; charset=utf-8,1040537,dfe0dcbba61b18f409daf902f8c719e70aa18aa3119bf34531367f893e8daab1,42507,OK,13104,6193,0,0,2026-06-08 00:00,2026-09-06 23:50,False,
1109494_2026-06-08_2026-09-06_a1,1109494,2026-06-08,2026-09-06,https://api-v3.thaiwater.net/api/v1/thaiwater30/public/waterlevel_graph?station_type=tele_waterlevel&station_id=1109494&start_date=2026-06-08&end_date=2026-09-06,2026-09-11T08:53:54.652367Z,200,application/json; charset=utf-8,1033177,4818c815117ac91a1bb38baa76ee0935a303208d9c8f869f4d2a11bf26b99254,43817,OK,13104,13006,0,0,2026-06-08 00:00,2026-09-06 23:50,False,
1109495_2026-06-08_2026-09-06_a1,1109495,2026-06-08,2026-09-06,https://api-v3.thaiwater.net/api/v1/thaiwater30/public/waterlevel_graph?station_type=tele_waterlevel&station_id=1109495&start_date=2026-06-08&end_date=2026-09-06,2026-09-11T08:53:59.656440Z,200,application/json; charset=utf-8,1058781,5b2efc6ebb9c26de400bdd87651897946b62104b8045a95b2ed9fe54e1b2ec88,45342,OK,13104,12278,0,0,2026-06-08 00:00,2026-09-06 23:50,False,
1109496_2026-06-08_2026-09-06_a1,1109496,2026-06-08,2026-09-06,https://api-v3.thaiwater.net/api/v1/thaiwater30/public/waterlevel_graph?station_type=tele_waterlevel&station_id=1109496&start_date=2026-06-08&end_date=2026-09-06,2026-09-11T08:54:04.165556Z,200,application/json; charset=utf-8,1056943,3e4a4d0c3785cf23bdde1f4c4bbb2699530caaf4078d0a3caf84c198a99064f6,51193,OK,13104,11519,0,0,2026-06-08 00:00,2026-09-06 23:50,False,
1109497_2026-06-08_2026-09-06_a1,1109497,2026-06-08,2026-09-06,https://api-v3.thaiwater.net/api/v1/thaiwater30/public/waterlevel_graph?station_type=tele_waterlevel&station_id=1109497&start_date=2026-06-08&end_date=2026-09-06,2026-09-11T08:54:09.001775Z,200,application/json; charset=utf-8,1056990,dd8162b0da2ed316e846566205323337a5fc9214b6b44be8c94a4f425ed74363,44751,OK,13104,11551,0,0,2026-06-08 00:00,2026-09-06 23:50,False,
1109498_2026-06-08_2026-09-06_a1,1109498,2026-06-08,2026-09-06,https://api-v3.thaiwater.net/api/v1/thaiwater30/public/waterlevel_graph?station_type=tele_waterlevel&station_id=1109498&start_date=2026-06-08&end_date=2026-09-06,2026-09-11T08:54:13.533426Z,200,application/json; charset=utf-8,1060095,9ba2b4e5d4f9e6569233d876396f20e7150502ed0a54f72b357717872e06347e,46764,OK,13104,13011,0,0,2026-06-08 00:00,2026-09-06 23:50,False,
1109499_2026-06-08_2026-09-06_a1,1109499,2026-06-08,2026-09-06,https://api-v3.thaiwater.net/api/v1/thaiwater30/public/waterlevel_graph?station_type=tele_waterlevel&station_id=1109499&start_date=2026-06-08&end_date=2026-09-06,2026-09-11T08:54:22.508221Z,200,application/json; charset=utf-8,82,f20373431a6f611cb0f013d4b9ec405315344bb9157c17dd9f85586ae63c86df,99,NO,,,,,,,True,response is no_graph
1109500_2026-06-08_2026-09-06_a1,1109500,2026-06-08,2026-09-06,https://api-v3.thaiwater.net/api/v1/thaiwater30/public/waterlevel_graph?station_type=tele_waterlevel&station_id=1109500&start_date=2026-06-08&end_date=2026-09-06,2026-09-11T08:54:26.155650Z,200,application/json; charset=utf-8,1053795,d419bfc37954bdb7bf682161a32d279e42e6a819b9629d50c9c59ed735b6c0a5,47940,OK,13104,9798,0,0,2026-06-08 00:00,2026-09-06 23:50,False,
1109501_2026-06-08_2026-09-06_a1,1109501,2026-06-08,2026-09-06,https://api-v3.thaiwater.net/api/v1/thaiwater30/public/waterlevel_graph?station_type=tele_waterlevel&station_id=1109501&start_date=2026-06-08&end_date=2026-09-06,2026-09-11T08:54:36.151843Z,200,application/json; charset=utf-8,1058221,f4eefaf651c9da871d73134ac2d79b587b88b017bc1b0b02a9db5b5e012311d4,50224,OK,13104,12065,0,0,2026-06-08 00:00,2026-09-06 23:50,False,
1109502_2026-06-08_2026-09-06_a1,1109502,2026-06-08,2026-09-06,https://api-v3.thaiwater.net/api/v1/thaiwater30/public/waterlevel_graph?station_type=tele_waterlevel&station_id=1109502&start_date=2026-06-08&end_date=2026-09-06,2026-09-11T08:54:42.239473Z,200,application/json; charset=utf-8,1059849,197294b1f55f6fd0a88258c987bacd223b7222e92bba244df66ea53eb7071eb5,45941,OK,13104,13029,0,0,2026-06-08 00:00,2026-09-06 23:50,False,
1109504_2026-06-08_2026-09-06_a1,1109504,2026-06-08,2026-09-06,https://api-v3.thaiwater.net/api/v1/thaiwater30/public/waterlevel_graph?station_type=tele_waterlevel&station_id=1109504&start_date=2026-06-08&end_date=2026-09-06,2026-09-11T08:54:47.891576Z,200,application/json; charset=utf-8,1059370,02396d262ea8e9d6071f5f1e4adeeb63b460387b46dfbfc5fc777607d567aa9c,50021,OK,13104,12802,0,0,2026-06-08 00:00,2026-09-06 23:50,False,
1109505_2026-06-08_2026-09-06_a1,1109505,2026-06-08,2026-09-06,https://api-v3.thaiwater.net/api/v1/thaiwater30/public/waterlevel_graph?station_type=tele_waterlevel&station_id=1109505&start_date=2026-06-08&end_date=2026-09-06,2026-09-11T08:54:52.597639Z,200,application/json; charset=utf-8,1060066,950e010a398aef8e0a7623c3dc9e4c1883febdbfd80d3c5fa71c768d12ab253c,48366,OK,13104,12992,0,0,2026-06-08 00:00,2026-09-06 23:50,False,
1109506_2026-06-08_2026-09-06_a1,1109506,2026-06-08,2026-09-06,https://api-v3.thaiwater.net/api/v1/thaiwater30/public/waterlevel_graph?station_type=tele_waterlevel&station_id=1109506&start_date=2026-06-08&end_date=2026-09-06,2026-09-11T08:54:57.318924Z,200,application/json; charset=utf-8,1059807,177dc8ade0490f3a66d595512d294b9b670670349607fa7702e64b93cf35c8d6,52833,OK,13104,13011,0,0,2026-06-08 00:00,2026-09-06 23:50,False,
1109508_2026-06-08_2026-09-06_a1,1109508,2026-06-08,2026-09-06,https://api-v3.thaiwater.net/api/v1/thaiwater30/public/waterlevel_graph?station_type=tele_waterlevel&station_id=1109508&start_date=2026-06-08&end_date=2026-09-06,2026-09-11T08:55:02.323804Z,200,application/json; charset=utf-8,1059871,b0c13d7cf3c16f4b56e5b5ae567b6efa4e8b630b126be05445373c0151dae15d,48216,OK,13104,12998,0,0,2026-06-08 00:00,2026-09-06 23:50,False,
1109509_2026-06-08_2026-09-06_a1,1109509,2026-06-08,2026-09-06,https://api-v3.thaiwater.net/api/v1/thaiwater30/public/waterlevel_graph?station_type=tele_waterlevel&station_id=1109509&start_date=2026-06-08&end_date=2026-09-06,2026-09-11T08:55:10.891392Z,200,application/json; charset=utf-8,1053856,e29df59afa614b4c92234a9cd835c47d716df4cb73feda135903447df6229423,48571,OK,13104,10650,0,0,2026-06-08 00:00,2026-09-06 23:50,False,
1109511_2026-06-08_2026-09-06_a1,1109511,2026-06-08,2026-09-06,https://api-v3.thaiwater.net/api/v1/thaiwater30/public/waterlevel_graph?station_type=tele_waterlevel&station_id=1109511&start_date=2026-06-08&end_date=2026-09-06,2026-09-11T08:55:17.393383Z,200,application/json; charset=utf-8,1059436,fa441932364b7512f62700e977fd1be4dde5f45e5292508d96a7abc1d66d8598,43995,OK,13104,12915,0,0,2026-06-08 00:00,2026-09-06 23:50,False,
1109512_2026-06-08_2026-09-06_a1,1109512,2026-06-08,2026-09-06,https://api-v3.thaiwater.net/api/v1/thaiwater30/public/waterlevel_graph?station_type=tele_waterlevel&station_id=1109512&start_date=2026-06-08&end_date=2026-09-06,2026-09-11T08:55:22.933556Z,200,application/json; charset=utf-8,1045051,2b9c2552a5b3d75766414d461440f882596f43afa774c029a527f4dc05f2cd88,46418,OK,13104,13001,0,0,2026-06-08 00:00,2026-09-06 23:50,False,
1109513_2026-06-08_2026-09-06_a1,1109513,2026-06-08,2026-09-06,https://api-v3.thaiwater.net/api/v1/thaiwater30/public/waterlevel_graph?station_type=tele_waterlevel&station_id=1109513&start_date=2026-06-08&end_date=2026-09-06,2026-09-11T08:55:29.254430Z,200,application/json; charset=utf-8,1031731,704d18c15f12b61fdafccf7857379f81bff8c70c479c958d363ab4d399016a46,45615,OK,13104,13010,0,0,2026-06-08 00:00,2026-09-06 23:50,False,
1109514_2026-06-08_2026-09-06_a1,1109514,2026-06-08,2026-09-06,https://api-v3.thaiwater.net/api/v1/thaiwater30/public/waterlevel_graph?station_type=tele_waterlevel&station_id=1109514&start_date=2026-06-08&end_date=2026-09-06,2026-09-11T08:55:34.169828Z,200,application/json; charset=utf-8,1031501,94d3588052807051ba9dc31518628c65fdffcc7eeb3c2d82a48b1cb080cf0d36,47471,OK,13104,13014,0,0,2026-06-08 00:00,2026-09-06 23:50,False,
1109516_2026-06-08_2026-09-06_a1,1109516,2026-06-08,2026-09-06,https://api-v3.thaiwater.net/api/v1/thaiwater30/public/waterlevel_graph?station_type=tele_waterlevel&station_id=1109516&start_date=2026-06-08&end_date=2026-09-06,2026-09-11T08:55:39.411306Z,200,application/json; charset=utf-8,1034750,8713e8f6838b4b05d306c32ca2319b32c76b51fed70a54a841b0857dfe80287d,47703,OK,13104,12597,0,0,2026-06-08 00:00,2026-09-06 23:50,False,
1109519_2026-06-08_2026-09-06_a1,1109519,2026-06-08,2026-09-06,https://api-v3.thaiwater.net/api/v1/thaiwater30/public/waterlevel_graph?station_type=tele_waterlevel&station_id=1109519&start_date=2026-06-08&end_date=2026-09-06,2026-09-11T08:55:43.991339Z,200,application/json; charset=utf-8,1059931,8ee28379a40434262740aec589a3fe09292208bafaf0c8684a02569ab124b126,46498,OK,13104,13016,0,0,2026-06-08 00:00,2026-09-06 23:50,False,
1109522_2026-06-08_2026-09-06_a1,1109522,2026-06-08,2026-09-06,https://api-v3.thaiwater.net/api/v1/thaiwater30/public/waterlevel_graph?station_type=tele_waterlevel&station_id=1109522&start_date=2026-06-08&end_date=2026-09-06,2026-09-11T08:55:49.133404Z,200,application/json; charset=utf-8,1059851,81c8921d9df491fa7029698a0752ad3d5bd96f267d04655c83978a9ab882f1d6,46342,OK,13104,12865,0,0,2026-06-08 00:00,2026-09-06 23:50,False,
1109523_2026-06-08_2026-09-06_a1,1109523,2026-06-08,2026-09-06,https://api-v3.thaiwater.net/api/v1/thaiwater30/public/waterlevel_graph?station_type=tele_waterlevel&station_id=1109523&start_date=2026-06-08&end_date=2026-09-06,2026-09-11T08:55:53.662321Z,200,application/json; charset=utf-8,1060150,cd34a523f4cfee30a8d9019ba104b39821449a56235dc56b814c4d2225b928e1,44244,OK,13104,13029,0,0,2026-06-08 00:00,2026-09-06 23:50,False,
1109524_2026-06-08_2026-09-06_a1,1109524,2026-06-08,2026-09-06,https://api-v3.thaiwater.net/api/v1/thaiwater30/public/waterlevel_graph?station_type=tele_waterlevel&station_id=1109524&start_date=2026-06-08&end_date=2026-09-06,2026-09-11T08:55:58.376744Z,200,application/json; charset=utf-8,1046846,76626b597a1a6d87117f1382e80090caa39921eb8eb51aa320531861a08d26b6,46438,OK,13104,12995,0,0,2026-06-08 00:00,2026-09-06 23:50,False,
1109525_2026-06-08_2026-09-06_a1,1109525,2026-06-08,2026-09-06,https://api-v3.thaiwater.net/api/v1/thaiwater30/public/waterlevel_graph?station_type=tele_waterlevel&station_id=1109525&start_date=2026-06-08&end_date=2026-09-06,2026-09-11T08:56:03.092713Z,,,,,,,,,,,,,False,TimeoutError: The read operation timed out
1109526_2026-06-08_2026-09-06_a1,1109526,2026-06-08,2026-09-06,https://api-v3.thaiwater.net/api/v1/thaiwater30/public/waterlevel_graph?station_type=tele_waterlevel&station_id=1109526&start_date=2026-06-08&end_date=2026-09-06,2026-09-11T09:25:50.166071Z,200,application/json; charset=utf-8,1038250,1c7e164f18ce5822e353073c6822912bd142d88ea77cdde2020c7a1c7cec44ec,51001,OK,13104,12997,0,0,2026-06-08 00:00,2026-09-06 23:50,False,
1109527_2026-06-08_2026-09-06_a1,1109527,2026-06-08,2026-09-06,https://api-v3.thaiwater.net/api/v1/thaiwater30/public/waterlevel_graph?station_type=tele_waterlevel&station_id=1109527&start_date=2026-06-08&end_date=2026-09-06,2026-09-11T09:25:56.512283Z,200,application/json; charset=utf-8,1037919,69def9f60707d7aeb13d7f6486db239604c64fa724bc5be4fbafc876de08ddf8,54745,OK,13104,13003,0,0,2026-06-08 00:00,2026-09-06 23:50,False,
1109528_2026-06-08_2026-09-06_a1,1109528,2026-06-08,2026-09-06,https://api-v3.thaiwater.net/api/v1/thaiwater30/public/waterlevel_graph?station_type=tele_waterlevel&station_id=1109528&start_date=2026-06-08&end_date=2026-09-06,2026-09-11T09:26:02.159813Z,200,application/json; charset=utf-8,1034056,ed2f644b1ec77636a7f828d21701a5417c2cda15c4b0bfbfe897c0e58eb0c533,47738,OK,13104,13050,0,0,2026-06-08 00:00,2026-09-06 23:50,False,
1109529_2026-06-08_2026-09-06_a1,1109529,2026-06-08,2026-09-06,https://api-v3.thaiwater.net/api/v1/thaiwater30/public/waterlevel_graph?station_type=tele_waterlevel&station_id=1109529&start_date=2026-06-08&end_date=2026-09-06,2026-09-11T09:26:06.319499Z,200,application/json; charset=utf-8,1046746,eec545c3deb7ef8b8a56c92716b2670390ab04dad222decfed299fab284d46a0,45825,OK,13104,13002,0,0,2026-06-08 00:00,2026-09-06 23:50,False,
1109530_2026-06-08_2026-09-06_a1,1109530,2026-06-08,2026-09-06,https://api-v3.thaiwater.net/api/v1/thaiwater30/public/waterlevel_graph?station_type=tele_waterlevel&station_id=1109530&start_date=2026-06-08&end_date=2026-09-06,2026-09-11T09:26:10.677386Z,200,application/json; charset=utf-8,1047690,479305e7cafd4d5b68c33065ecf177ea791e486a345801d992155f0510f3acd7,46426,OK,13104,12971,0,0,2026-06-08 00:00,2026-09-06 23:50,False,
1109531_2026-06-08_2026-09-06_a1,1109531,2026-06-08,2026-09-06,https://api-v3.thaiwater.net/api/v1/thaiwater30/public/waterlevel_graph?station_type=tele_waterlevel&station_id=1109531&start_date=2026-06-08&end_date=2026-09-06,2026-09-11T09:26:15.006646Z,200,application/json; charset=utf-8,1046722,3988cbb7bc5b5570763e1659778567eca043f3230f07f3c383a13f486a840c6e,49836,OK,13104,13026,0,0,2026-06-08 00:00,2026-09-06 23:50,False,
1109533_2026-06-08_2026-09-06_a1,1109533,2026-06-08,2026-09-06,https://api-v3.thaiwater.net/api/v1/thaiwater30/public/waterlevel_graph?station_type=tele_waterlevel&station_id=1109533&start_date=2026-06-08&end_date=2026-09-06,2026-09-11T09:26:19.700875Z,200,application/json; charset=utf-8,1033664,51dbfc4723e5f6a6123769e8e82612882e8002314b51815bbb693c8607e3c724,45621,OK,13104,13032,0,0,2026-06-08 00:00,2026-09-06 23:50,False,
1109534_2026-06-08_2026-09-06_a1,1109534,2026-06-08,2026-09-06,https://api-v3.thaiwater.net/api/v1/thaiwater30/public/waterlevel_graph?station_type=tele_waterlevel&station_id=1109534&start_date=2026-06-08&end_date=2026-09-06,2026-09-11T09:26:24.498782Z,200,application/json; charset=utf-8,1045726,8a0584b8908a7591496a2b32f692f217fe63081f2d8fd9de0d7edea6a179df23,44308,OK,13104,12733,0,0,2026-06-08 00:00,2026-09-06 23:50,False,
1109535_2026-06-08_2026-09-06_a1,1109535,2026-06-08,2026-09-06,https://api-v3.thaiwater.net/api/v1/thaiwater30/public/waterlevel_graph?station_type=tele_waterlevel&station_id=1109535&start_date=2026-06-08&end_date=2026-09-06,2026-09-11T09:26:30.760049Z,200,application/json; charset=utf-8,1034110,a8734c31f17b4f6ef09ae7c8c0e95760d3bb808496e2672a91f79b7f24ecf38c,42110,OK,13104,13011,0,0,2026-06-08 00:00,2026-09-06 23:50,False,
1109536_2026-06-08_2026-09-06_a1,1109536,2026-06-08,2026-09-06,https://api-v3.thaiwater.net/api/v1/thaiwater30/public/waterlevel_graph?station_type=tele_waterlevel&station_id=1109536&start_date=2026-06-08&end_date=2026-09-06,2026-09-11T09:26:35.426332Z,200,application/json; charset=utf-8,1046752,8a91161c76cf74ede0bbd8a71aa4db57ad436404a0713fd5f864a9256840c254,42987,OK,13104,13005,0,0,2026-06-08 00:00,2026-09-06 23:50,False,
1113280_2026-06-08_2026-09-06_a1,1113280,2026-06-08,2026-09-06,https://api-v3.thaiwater.net/api/v1/thaiwater30/public/waterlevel_graph?station_type=tele_waterlevel&station_id=1113280&start_date=2026-06-08&end_date=2026-09-06,2026-09-11T09:26:41.065191Z,200,application/json; charset=utf-8,176756,2b8b48b089d9e7cf5b53d4d1cbba62ae8a0539bea05e43a6bcf39ad77b02f6e7,12640,OK,2184,2177,0,0,2026-06-08 00:00,2026-09-06 23:00,False,
1113282_2026-06-08_2026-09-06_a1,1113282,2026-06-08,2026-09-06,https://api-v3.thaiwater.net/api/v1/thaiwater30/public/waterlevel_graph?station_type=tele_waterlevel&station_id=1113282&start_date=2026-06-08&end_date=2026-09-06,2026-09-11T09:26:43.560681Z,200,application/json; charset=utf-8,176751,00cb9ff6c333f870c84e02d665d016cce0cd4c02baccdb60e2cd5db7a333cecd,12709,OK,2184,2177,0,0,2026-06-08 00:00,2026-09-06 23:00,False,
1113284_2026-06-08_2026-09-06_a1,1113284,2026-06-08,2026-09-06,https://api-v3.thaiwater.net/api/v1/thaiwater30/public/waterlevel_graph?station_type=tele_waterlevel&station_id=1113284&start_date=2026-06-08&end_date=2026-09-06,2026-09-11T09:26:45.766070Z,200,application/json; charset=utf-8,176785,39eacf2eaa5b656b9e4d8002e81afea8e2d1b5263477e65afcf6762dc1c28156,12379,OK,2184,2177,0,0,2026-06-08 00:00,2026-09-06 23:00,False,
1113287_2026-06-08_2026-09-06_a1,1113287,2026-06-08,2026-09-06,https://api-v3.thaiwater.net/api/v1/thaiwater30/public/waterlevel_graph?station_type=tele_waterlevel&station_id=1113287&start_date=2026-06-08&end_date=2026-09-06,2026-09-11T09:26:48.091580Z,200,application/json; charset=utf-8,176758,dfb9b84ffafe94788828a9a21a8d679912cc40462b88c6a2ad28da3232aac189,11891,OK,2184,2177,0,0,2026-06-08 00:00,2026-09-06 23:00,False,
1113288_2026-06-08_2026-09-06_a1,1113288,2026-06-08,2026-09-06,https://api-v3.thaiwater.net/api/v1/thaiwater30/public/waterlevel_graph?station_type=tele_waterlevel&station_id=1113288&start_date=2026-06-08&end_date=2026-09-06,2026-09-11T09:26:50.464873Z,200,application/json; charset=utf-8,176756,382d4d6156550df68afa571c16d963fa932cb88c14e97f125c80f494a97b3e9b,12748,OK,2184,2177,0,0,2026-06-08 00:00,2026-09-06 23:00,False,
1113290_2026-06-08_2026-09-06_a1,1113290,2026-06-08,2026-09-06,https://api-v3.thaiwater.net/api/v1/thaiwater30/public/waterlevel_graph?station_type=tele_waterlevel&station_id=1113290&start_date=2026-06-08&end_date=2026-09-06,2026-09-11T09:26:52.712044Z,200,application/json; charset=utf-8,178938,ae5efa0329cdb1f9351afea1be647658eb3a99d7ace756becad0f5660c1bff19,13008,OK,2184,2177,0,0,2026-06-08 00:00,2026-09-06 23:00,False,
1113291_2026-06-08_2026-09-06_a1,1113291,2026-06-08,2026-09-06,https://api-v3.thaiwater.net/api/v1/thaiwater30/public/waterlevel_graph?station_type=tele_waterlevel&station_id=1113291&start_date=2026-06-08&end_date=2026-09-06,2026-09-11T09:26:54.843404Z,200,application/json; charset=utf-8,178703,3eeca35a7d76d4723ed66bdd021fd6846380bf19739a2aad4506f91cb02e98d2,12891,OK,2184,2079,0,0,2026-06-08 00:00,2026-09-06 23:00,False,
1113292_2026-06-08_2026-09-06_a1,1113292,2026-06-08,2026-09-06,https://api-v3.thaiwater.net/api/v1/thaiwater30/public/waterlevel_graph?station_type=tele_waterlevel&station_id=1113292&start_date=2026-06-08&end_date=2026-09-06,2026-09-11T09:26:56.985296Z,200,application/json; charset=utf-8,178754,b228d35d073b7cb77d2bbfe0f0bda6e2da17f0b77f1d50370c1ee335e9309bef,13146,OK,2184,2106,0,0,2026-06-08 00:00,2026-09-06 23:00,False,
1113295_2026-06-08_2026-09-06_a1,1113295,2026-06-08,2026-09-06,https://api-v3.thaiwater.net/api/v1/thaiwater30/public/waterlevel_graph?station_type=tele_waterlevel&station_id=1113295&start_date=2026-06-08&end_date=2026-09-06,2026-09-11T09:26:59.240374Z,200,application/json; charset=utf-8,178942,8656407aaddb2281441d9315bbd2dd29be20929c71cbc7cbe075da7306be81fe,13229,OK,2184,2177,0,0,2026-06-08 00:00,2026-09-06 23:00,False,
1116838_2026-06-08_2026-09-06_a1,1116838,2026-06-08,2026-09-06,https://api-v3.thaiwater.net/api/v1/thaiwater30/public/waterlevel_graph?station_type=tele_waterlevel&station_id=1116838&start_date=2026-06-08&end_date=2026-09-06,2026-09-11T09:27:01.624977Z,200,application/json; charset=utf-8,1071951,386e50f40a277c90f74383cfd49fd5bfdc83f1ec17779aa78b608e8360c5a6cb,45776,OK,13104,12961,0,0,2026-06-08 00:00,2026-09-06 23:50,False,
1116839_2026-06-08_2026-09-06_a1,1116839,2026-06-08,2026-09-06,https://api-v3.thaiwater.net/api/v1/thaiwater30/public/waterlevel_graph?station_type=tele_waterlevel&station_id=1116839&start_date=2026-06-08&end_date=2026-09-06,2026-09-11T09:27:08.214134Z,200,application/json; charset=utf-8,1059852,ba64dde56e3cd3b6575370c86ff2f0607f9bc603fb3240544c13c15cce92f738,49834,OK,13104,13031,0,0,2026-06-08 00:00,2026-09-06 23:50,False,
1116840_2026-06-08_2026-09-06_a1,1116840,2026-06-08,2026-09-06,https://api-v3.thaiwater.net/api/v1/thaiwater30/public/waterlevel_graph?station_type=tele_waterlevel&station_id=1116840&start_date=2026-06-08&end_date=2026-09-06,2026-09-11T09:27:15.280100Z,200,application/json; charset=utf-8,1060056,98f0f13d23fcbb7fb5c20b7862cde0e8751b3e621c172a722daa78e57d2a424f,47434,OK,13104,13031,0,0,2026-06-08 00:00,2026-09-06 23:50,False,
1117430_2026-06-08_2026-09-06_a1,1117430,2026-06-08,2026-09-06,https://api-v3.thaiwater.net/api/v1/thaiwater30/public/waterlevel_graph?station_type=tele_waterlevel&station_id=1117430&start_date=2026-06-08&end_date=2026-09-06,2026-09-11T09:27:20.394047Z,200,application/json; charset=utf-8,1059914,159259662354d01113d6c52f265fb88701b781ba0efe357eb93de32c2f670278,46755,OK,13104,12764,0,0,2026-06-08 00:00,2026-09-06 23:50,False,
1117431_2026-06-08_2026-09-06_a1,1117431,2026-06-08,2026-09-06,https://api-v3.thaiwater.net/api/v1/thaiwater30/public/waterlevel_graph?station_type=tele_waterlevel&station_id=1117431&start_date=2026-06-08&end_date=2026-09-06,2026-09-11T09:27:27.329261Z,,,,,,,,,,,,,False,TimeoutError: The read operation timed out
1119854_2026-06-08_2026-09-06_a1,1119854,2026-06-08,2026-09-06,https://api-v3.thaiwater.net/api/v1/thaiwater30/public/waterlevel_graph?station_type=tele_waterlevel&station_id=1119854&start_date=2026-06-08&end_date=2026-09-06,2026-09-11T09:32:32.610850Z,200,application/json; charset=utf-8,182849,fe8ed7615e3a78ef662c5fd358cba4f015ccb163920f673a36ab77b0721f33f0,9640,OK,2184,1656,0,0,2026-06-08 00:00,2026-09-06 23:00,False,
1120554_2026-06-08_2026-09-06_a1,1120554,2026-06-08,2026-09-06,https://api-v3.thaiwater.net/api/v1/thaiwater30/public/waterlevel_graph?station_type=tele_waterlevel&station_id=1120554&start_date=2026-06-08&end_date=2026-09-06,2026-09-11T09:32:34.426963Z,200,application/json; charset=utf-8,1060532,a94f5bdc896d024676817a675b14dd5ece439c43989da35263ca6d1f29aeae0d,46828,OK,13104,13023,0,0,2026-06-08 00:00,2026-09-06 23:50,False,
1120557_2026-06-08_2026-09-06_a1,1120557,2026-06-08,2026-09-06,https://api-v3.thaiwater.net/api/v1/thaiwater30/public/waterlevel_graph?station_type=tele_waterlevel&station_id=1120557&start_date=2026-06-08&end_date=2026-09-06,2026-09-11T09:32:38.926640Z,200,application/json; charset=utf-8,1046440,5eff827d2da48e7e0340743583f25ba6808483e66735747f3ec9f82610ff49fe,44972,OK,13104,13008,0,0,2026-06-08 00:00,2026-09-06 23:50,False,
1121199_2026-06-08_2026-09-06_a1,1121199,2026-06-08,2026-09-06,https://api-v3.thaiwater.net/api/v1/thaiwater30/public/waterlevel_graph?station_type=tele_waterlevel&station_id=1121199&start_date=2026-06-08&end_date=2026-09-06,2026-09-11T09:32:41.887084Z,200,application/json; charset=utf-8,1060028,35a9b462b800804e136e31f080fe2ed14c815c0997661a3920020d0e256e4c2b,49768,OK,13104,13018,0,0,2026-06-08 00:00,2026-09-06 23:50,False,
1121218_2026-06-08_2026-09-06_a1,1121218,2026-06-08,2026-09-06,https://api-v3.thaiwater.net/api/v1/thaiwater30/public/waterlevel_graph?station_type=tele_waterlevel&station_id=1121218&start_date=2026-06-08&end_date=2026-09-06,2026-09-11T09:32:46.037772Z,200,application/json; charset=utf-8,1055098,d9e7c2335119ba1e1dbc69b871b9ce3f8a2cb9ec20dcbc94f56a156c8a7ece55,43093,OK,13104,10555,0,0,2026-06-08 00:00,2026-09-06 23:50,False,
1121228_2026-06-08_2026-09-06_a1,1121228,2026-06-08,2026-09-06,https://api-v3.thaiwater.net/api/v1/thaiwater30/public/waterlevel_graph?station_type=tele_waterlevel&station_id=1121228&start_date=2026-06-08&end_date=2026-09-06,2026-09-11T09:32:48.556733Z,200,application/json; charset=utf-8,1059605,d99119c6693f929aedb3fcc4d66f5ace8592affb04e6a2c038d071879ffc1477,46873,OK,13104,12834,0,0,2026-06-08 00:00,2026-09-06 23:50,False,
1121229_2026-06-08_2026-09-06_a1,1121229,2026-06-08,2026-09-06,https://api-v3.thaiwater.net/api/v1/thaiwater30/public/waterlevel_graph?station_type=tele_waterlevel&station_id=1121229&start_date=2026-06-08&end_date=2026-09-06,2026-09-11T09:32:51.058437Z,200,application/json; charset=utf-8,1060041,49bbc463920d7cb29bf354f6d300abfa572405ef677be83f8d7f716ffb6b9c67,51991,OK,13104,13026,0,0,2026-06-08 00:00,2026-09-06 23:50,False,
1121234_2026-06-08_2026-09-06_a1,1121234,2026-06-08,2026-09-06,https://api-v3.thaiwater.net/api/v1/thaiwater30/public/waterlevel_graph?station_type=tele_waterlevel&station_id=1121234&start_date=2026-06-08&end_date=2026-09-06,2026-09-11T09:32:53.461087Z,200,application/json; charset=utf-8,1060187,f1bd10fa770b3bc892630b506ab3665db3143e605d20cb34e71a815ed58bb387,46261,OK,13104,13034,0,0,2026-06-08 00:00,2026-09-06 23:50,False,
1121239_2026-06-08_2026-09-06_a1,1121239,2026-06-08,2026-09-06,https://api-v3.thaiwater.net/api/v1/thaiwater30/public/waterlevel_graph?station_type=tele_waterlevel&station_id=1121239&start_date=2026-06-08&end_date=2026-09-06,2026-09-11T09:32:55.884138Z,200,application/json; charset=utf-8,1058568,53c7cd55160add17570d4a73f248368af8e755134a5afdc8802c5b76576eb636,46034,OK,13104,12057,0,0,2026-06-08 00:00,2026-09-06 23:50,False,
1121240_2026-06-08_2026-09-06_a1,1121240,2026-06-08,2026-09-06,https://api-v3.thaiwater.net/api/v1/thaiwater30/public/waterlevel_graph?station_type=tele_waterlevel&station_id=1121240&start_date=2026-06-08&end_date=2026-09-06,2026-09-11T09:32:58.506894Z,200,application/json; charset=utf-8,1059752,746ce8e6d1ab21e3db6b8afc4c079dfbf1d1339689b00411e3a5c2ca2e70a30d,46638,OK,13104,12912,0,0,2026-06-08 00:00,2026-09-06 23:50,False,
1121242_2026-06-08_2026-09-06_a1,1121242,2026-06-08,2026-09-06,https://api-v3.thaiwater.net/api/v1/thaiwater30/public/waterlevel_graph?station_type=tele_waterlevel&station_id=1121242&start_date=2026-06-08&end_date=2026-09-06,2026-09-11T09:33:00.927294Z,200,application/json; charset=utf-8,1046714,c2f8511febba0dab3968287df13fe18e3d091bcb573f8c6e37b9913eb39a6be5,54203,OK,13104,12825,0,0,2026-06-08 00:00,2026-09-06 23:50,False,
1121243_2026-06-08_2026-09-06_a1,1121243,2026-06-08,2026-09-06,https://api-v3.thaiwater.net/api/v1/thaiwater30/public/waterlevel_graph?station_type=tele_waterlevel&station_id=1121243&start_date=2026-06-08&end_date=2026-09-06,2026-09-11T09:33:03.783866Z,200,application/json; charset=utf-8,1059477,c6f924e1c8473d0b5c44470ad8fc88c685a92da4e8a05da53e91a6d47c26272f,46351,OK,13104,12800,0,0,2026-06-08 00:00,2026-09-06 23:50,False,
1121258_2026-06-08_2026-09-06_a1,1121258,2026-06-08,2026-09-06,https://api-v3.thaiwater.net/api/v1/thaiwater30/public/waterlevel_graph?station_type=tele_waterlevel&station_id=1121258&start_date=2026-06-08&end_date=2026-09-06,2026-09-11T09:33:06.155288Z,200,application/json; charset=utf-8,1058499,c5367ffec6e7b30a56055dd297bfcbb64dd22b86152e827016af1fef1d03d2e6,50216,OK,13104,12285,0,0,2026-06-08 00:00,2026-09-06 23:50,False,
1121265_2026-06-08_2026-09-06_a1,1121265,2026-06-08,2026-09-06,https://api-v3.thaiwater.net/api/v1/thaiwater30/public/waterlevel_graph?station_type=tele_waterlevel&station_id=1121265&start_date=2026-06-08&end_date=2026-09-06,2026-09-11T09:33:08.491996Z,200,application/json; charset=utf-8,1047140,02db674abfd60d3872bd1c8128b6142379c7a9e518feacfd66916f920c658085,47015,OK,13104,12990,0,0,2026-06-08 00:00,2026-09-06 23:50,False,
1121266_2026-06-08_2026-09-06_a1,1121266,2026-06-08,2026-09-06,https://api-v3.thaiwater.net/api/v1/thaiwater30/public/waterlevel_graph?station_type=tele_waterlevel&station_id=1121266&start_date=2026-06-08&end_date=2026-09-06,2026-09-11T09:33:10.994036Z,200,application/json; charset=utf-8,1046368,9939c51bbe35ab9166fef22376c5685ec1478a64ecca334702022a0906392a83,49096,OK,13104,12550,0,0,2026-06-08 00:00,2026-09-06 23:50,False,
1121267_2026-06-08_2026-09-06_a1,1121267,2026-06-08,2026-09-06,https://api-v3.thaiwater.net/api/v1/thaiwater30/public/waterlevel_graph?station_type=tele_waterlevel&station_id=1121267&start_date=2026-06-08&end_date=2026-09-06,2026-09-11T09:33:13.284675Z,200,application/json; charset=utf-8,1043324,ca368f6eeb9250db648169cc5b50b086c17316ad368296a7235811eb79e54d52,46384,OK,13104,3987,0,0,2026-06-08 00:00,2026-09-06 23:50,False,
1124040_2026-06-08_2026-09-06_a1,1124040,2026-06-08,2026-09-06,https://api-v3.thaiwater.net/api/v1/thaiwater30/public/waterlevel_graph?station_type=tele_waterlevel&station_id=1124040&start_date=2026-06-08&end_date=2026-09-06,2026-09-11T09:33:15.680746Z,200,application/json; charset=utf-8,178493,ecd489c91261d02d857c140fe0d8d3abf6f140571f935b7f11c9d28eab0a69d7,9741,OK,2184,1958,0,0,2026-06-08 00:00,2026-09-06 23:00,False,
1126506_2026-06-08_2026-09-06_a1,1126506,2026-06-08,2026-09-06,https://api-v3.thaiwater.net/api/v1/thaiwater30/public/waterlevel_graph?station_type=tele_waterlevel&station_id=1126506&start_date=2026-06-08&end_date=2026-09-06,2026-09-11T09:33:17.522125Z,200,application/json; charset=utf-8,1060129,372b158d43cee5c422615e1c33efe0d4dfd37fbcaa0bd1f795c49ee98144bf25,52395,OK,13104,13051,0,0,2026-06-08 00:00,2026-09-06 23:50,False,
1129758_2026-06-08_2026-09-06_a1,1129758,2026-06-08,2026-09-06,https://api-v3.thaiwater.net/api/v1/thaiwater30/public/waterlevel_graph?station_type=tele_waterlevel&station_id=1129758&start_date=2026-06-08&end_date=2026-09-06,2026-09-11T09:33:21.035208Z,200,application/json; charset=utf-8,1044313,34b2d53862f94b78d2ae6f30c7aa6412e9df80cec41ddb17c2eb933899d4145f,44694,OK,13104,12948,0,0,2026-06-08 00:00,2026-09-06 23:50,False,
1130124_2026-06-08_2026-09-06_a1,1130124,2026-06-08,2026-09-06,https://api-v3.thaiwater.net/api/v1/thaiwater30/public/waterlevel_graph?station_type=tele_waterlevel&station_id=1130124&start_date=2026-06-08&end_date=2026-09-06,2026-09-11T09:33:24.725919Z,200,application/json; charset=utf-8,1056646,64f7cdfbb37f8505008de60c1d0a84366378626ad82eda5315e8c36f7802c7ee,50180,OK,13104,13050,0,0,2026-06-08 00:00,2026-09-06 23:50,False,
1130137_2026-06-08_2026-09-06_a1,1130137,2026-06-08,2026-09-06,https://api-v3.thaiwater.net/api/v1/thaiwater30/public/waterlevel_graph?station_type=tele_waterlevel&station_id=1130137&start_date=2026-06-08&end_date=2026-09-06,2026-09-11T09:33:27.116307Z,200,application/json; charset=utf-8,1049487,9edd35d15c050a8c5b8738d6023b7554e11f2cb0bbc69aa54430ed4c30e01c47,43926,OK,13104,6147,0,0,2026-06-08 00:00,2026-09-06 23:50,False,
1139393_2026-06-08_2026-09-06_a1,1139393,2026-06-08,2026-09-06,https://api-v3.thaiwater.net/api/v1/thaiwater30/public/waterlevel_graph?station_type=tele_waterlevel&station_id=1139393&start_date=2026-06-08&end_date=2026-09-06,2026-09-11T09:33:29.426344Z,200,application/json; charset=utf-8,1060301,730c01c1995ddbb655bf9c05e045b14d4f2da0e1455ead84518e6503eba7672e,44061,OK,13104,13052,0,0,2026-06-08 00:00,2026-09-06 23:50,False,
1140845_2026-06-08_2026-09-06_a1,1140845,2026-06-08,2026-09-06,https://api-v3.thaiwater.net/api/v1/thaiwater30/public/waterlevel_graph?station_type=tele_waterlevel&station_id=1140845&start_date=2026-06-08&end_date=2026-09-06,2026-09-11T09:33:33.075206Z,200,application/json; charset=utf-8,1048004,5b6d8f57efadb587e8db65e9e88a727214e3b7ba1958a1d6eaf04a1a5eb1fe4a,47417,OK,13104,4217,0,0,2026-06-08 00:00,2026-09-06 23:50,False,
1161514_2026-06-08_2026-09-06_a1,1161514,2026-06-08,2026-09-06,https://api-v3.thaiwater.net/api/v1/thaiwater30/public/waterlevel_graph?station_type=tele_waterlevel&station_id=1161514&start_date=2026-06-08&end_date=2026-09-06,2026-09-11T09:33:35.931825Z,200,application/json; charset=utf-8,172440,977fd4d73f99b971a7cefe239f7f04018aacafed10e096fe1e3987c549d40bef,10509,OK,2184,1959,0,0,2026-06-08 00:00,2026-09-06 23:00,False,
1197957_2026-06-08_2026-09-06_a1,1197957,2026-06-08,2026-09-06,https://api-v3.thaiwater.net/api/v1/thaiwater30/public/waterlevel_graph?station_type=tele_waterlevel&station_id=1197957&start_date=2026-06-08&end_date=2026-09-06,2026-09-11T09:33:37.672760Z,200,application/json; charset=utf-8,1040936,29a33fbe7cd8f1267b96f01fceeb1cf3a96649e28e3c2ed5f50accc8524a2a82,42327,OK,13104,6350,0,0,2026-06-08 00:00,2026-09-06 23:50,False,
1198081_2026-06-08_2026-09-06_a1,1198081,2026-06-08,2026-09-06,https://api-v3.thaiwater.net/api/v1/thaiwater30/public/waterlevel_graph?station_type=tele_waterlevel&station_id=1198081&start_date=2026-06-08&end_date=2026-09-06,2026-09-11T09:33:40.170088Z,200,application/json; charset=utf-8,1059907,066796342d07b3bc4ebbd54f71fe4c5bdb657cef36688cd1aa850ae2e5eb771d,53075,OK,13104,12974,0,0,2026-06-08 00:00,2026-09-06 23:50,False,
1198082_2026-06-08_2026-09-06_a1,1198082,2026-06-08,2026-09-06,https://api-v3.thaiwater.net/api/v1/thaiwater30/public/waterlevel_graph?station_type=tele_waterlevel&station_id=1198082&start_date=2026-06-08&end_date=2026-09-06,2026-09-11T09:33:43.313805Z,200,application/json; charset=utf-8,1058774,a8042d71b87c5b967890588dbde770c0c7d5649d20d95f0b7edb741feda355c1,50410,OK,13104,12418,0,0,2026-06-08 00:00,2026-09-06 23:50,False,
1198297_2026-06-08_2026-09-06_a1,1198297,2026-06-08,2026-09-06,https://api-v3.thaiwater.net/api/v1/thaiwater30/public/waterlevel_graph?station_type=tele_waterlevel&station_id=1198297&start_date=2026-06-08&end_date=2026-09-06,2026-09-11T09:33:45.786111Z,200,application/json; charset=utf-8,1056084,aada41b0c931b4c66714cc1c22679940c5c5cf584cde4c701b76e41115f07bcb,42722,OK,13104,12988,0,0,2026-06-08 00:00,2026-09-06 23:50,False,
1198298_2026-06-08_2026-09-06_a1,1198298,2026-06-08,2026-09-06,https://api-v3.thaiwater.net/api/v1/thaiwater30/public/waterlevel_graph?station_type=tele_waterlevel&station_id=1198298&start_date=2026-06-08&end_date=2026-09-06,2026-09-11T09:33:48.094231Z,200,application/json; charset=utf-8,1059674,f9db78dcf646c65ee5e70922cefb61d7b975ada9cc4f38c31d35afc4d6544e89,44263,OK,13104,13001,0,0,2026-06-08 00:00,2026-09-06 23:50,False,
1198299_2026-06-08_2026-09-06_a1,1198299,2026-06-08,2026-09-06,https://api-v3.thaiwater.net/api/v1/thaiwater30/public/waterlevel_graph?station_type=tele_waterlevel&station_id=1198299&start_date=2026-06-08&end_date=2026-09-06,2026-09-11T09:33:50.518547Z,200,application/json; charset=utf-8,1060036,6c8ca73d542186c81f1565d05b75ee79cf011089284646fcaac54b6a97dc9ff8,46222,OK,13104,12968,0,0,2026-06-08 00:00,2026-09-06 23:50,False,
1198300_2026-06-08_2026-09-06_a1,1198300,2026-06-08,2026-09-06,https://api-v3.thaiwater.net/api/v1/thaiwater30/public/waterlevel_graph?station_type=tele_waterlevel&station_id=1198300&start_date=2026-06-08&end_date=2026-09-06,2026-09-11T09:33:52.803971Z,200,application/json; charset=utf-8,1059149,22dada5063c58d20f87c1bf5e73d93a0ef441ceaa9f2cd6bbeba92576e1a7f18,43283,OK,13104,12944,0,0,2026-06-08 00:00,2026-09-06 23:50,False,
1198301_2026-06-08_2026-09-06_a1,1198301,2026-06-08,2026-09-06,https://api-v3.thaiwater.net/api/v1/thaiwater30/public/waterlevel_graph?station_type=tele_waterlevel&station_id=1198301&start_date=2026-06-08&end_date=2026-09-06,2026-09-11T09:33:55.232188Z,200,application/json; charset=utf-8,1055838,32e8d081572e9a67b59c101579a4707f8b742cead10e3d051ce2ed1fbe28eab3,44511,OK,13104,12400,0,0,2026-06-08 00:00,2026-09-06 23:50,False,
1198626_2026-06-08_2026-09-06_a1,1198626,2026-06-08,2026-09-06,https://api-v3.thaiwater.net/api/v1/thaiwater30/public/waterlevel_graph?station_type=tele_waterlevel&station_id=1198626&start_date=2026-06-08&end_date=2026-09-06,2026-09-11T09:33:57.668903Z,200,application/json; charset=utf-8,1034170,ab1834e552ae9468887657b839ebdcec36a1775ecc36f0acfd7abab262d58173,49580,OK,13104,11370,0,0,2026-06-08 00:00,2026-09-06 23:50,False,
1198627_2026-06-08_2026-09-06_a1,1198627,2026-06-08,2026-09-06,https://api-v3.thaiwater.net/api/v1/thaiwater30/public/waterlevel_graph?station_type=tele_waterlevel&station_id=1198627&start_date=2026-06-08&end_date=2026-09-06,2026-09-11T09:34:00.841472Z,200,application/json; charset=utf-8,1038339,6b151d490810d609e990ccb53d772a179ec4eddf32851c290a5f38046ae4220d,57798,OK,13104,12703,0,0,2026-06-08 00:00,2026-09-06 23:50,False,
1198628_2026-06-08_2026-09-06_a1,1198628,2026-06-08,2026-09-06,https://api-v3.thaiwater.net/api/v1/thaiwater30/public/waterlevel_graph?station_type=tele_waterlevel&station_id=1198628&start_date=2026-06-08&end_date=2026-09-06,2026-09-11T09:34:03.353131Z,200,application/json; charset=utf-8,1033582,99c86c49142cfedb11598006896c3deae073c314488d0f20301db9091a711dea,46452,OK,13104,12610,0,0,2026-06-08 00:00,2026-09-06 23:50,False,
1198760_2026-06-08_2026-09-06_a1,1198760,2026-06-08,2026-09-06,https://api-v3.thaiwater.net/api/v1/thaiwater30/public/waterlevel_graph?station_type=tele_waterlevel&station_id=1198760&start_date=2026-06-08&end_date=2026-09-06,2026-09-11T09:34:05.815131Z,200,application/json; charset=utf-8,1059936,bc0fab9af69d38c019e09ebef9b51f3197327b00c238588e1d3dc84c271dbf3b,51416,OK,13104,13017,0,0,2026-06-08 00:00,2026-09-06 23:50,False,
1198761_2026-06-08_2026-09-06_a1,1198761,2026-06-08,2026-09-06,https://api-v3.thaiwater.net/api/v1/thaiwater30/public/waterlevel_graph?station_type=tele_waterlevel&station_id=1198761&start_date=2026-06-08&end_date=2026-09-06,2026-09-11T09:34:08.862091Z,200,application/json; charset=utf-8,1059488,190fc2744964fdda45558ff6221e291be3dc16aa23fc6c07ac8a0fe4e810e063,43620,OK,13104,12964,0,0,2026-06-08 00:00,2026-09-06 23:50,False,
1225528_2026-06-08_2026-09-06_a1,1225528,2026-06-08,2026-09-06,https://api-v3.thaiwater.net/api/v1/thaiwater30/public/waterlevel_graph?station_type=tele_waterlevel&station_id=1225528&start_date=2026-06-08&end_date=2026-09-06,2026-09-11T09:34:11.546707Z,200,application/json; charset=utf-8,1059126,eec8be810a6df2082f1b1a70be11b71afbe9fb4bab5327afec834b4875512f40,49196,OK,13104,12951,0,0,2026-06-08 00:00,2026-09-06 23:50,False,
1225529_2026-06-08_2026-09-06_a1,1225529,2026-06-08,2026-09-06,https://api-v3.thaiwater.net/api/v1/thaiwater30/public/waterlevel_graph?station_type=tele_waterlevel&station_id=1225529&start_date=2026-06-08&end_date=2026-09-06,2026-09-11T09:34:14.032849Z,200,application/json; charset=utf-8,1073251,7beff3f1922f6f6fb16123be1b6c191518ebf3dff157a68fb1c442e679e7fe99,50259,OK,13104,12634,0,0,2026-06-08 00:00,2026-09-06 23:50,False,
1225530_2026-06-08_2026-09-06_a1,1225530,2026-06-08,2026-09-06,https://api-v3.thaiwater.net/api/v1/thaiwater30/public/waterlevel_graph?station_type=tele_waterlevel&station_id=1225530&start_date=2026-06-08&end_date=2026-09-06,2026-09-11T09:34:16.502930Z,200,application/json; charset=utf-8,1058678,2dc071be92ffb74805418a73e4b86402990322be2c435645e732946e8ac5fc2f,50530,OK,13104,12522,0,0,2026-06-08 00:00,2026-09-06 23:50,False,
1225531_2026-06-08_2026-09-06_a1,1225531,2026-06-08,2026-09-06,https://api-v3.thaiwater.net/api/v1/thaiwater30/public/waterlevel_graph?station_type=tele_waterlevel&station_id=1225531&start_date=2026-06-08&end_date=2026-09-06,2026-09-11T09:34:18.838180Z,200,application/json; charset=utf-8,1059636,b18e889fdcce1478318482c9a072bd930fb76966d9a4e15cdf2978d1b4f2ce84,54725,OK,13104,12878,0,0,2026-06-08 00:00,2026-09-06 23:50,False,
1373275_2026-06-08_2026-09-06_a1,1373275,2026-06-08,2026-09-06,https://api-v3.thaiwater.net/api/v1/thaiwater30/public/waterlevel_graph?station_type=tele_waterlevel&station_id=1373275&start_date=2026-06-08&end_date=2026-09-06,2026-09-11T09:34:21.212393Z,200,application/json; charset=utf-8,1033871,3e9bd890e1ac5db2e38bbfb8042b18c76f975c88999e01f3a57b17c9b8753011,54098,OK,13104,13017,0,0,2026-06-08 00:00,2026-09-06 23:50,False,
1373689_2026-06-08_2026-09-06_a1,1373689,2026-06-08,2026-09-06,https://api-v3.thaiwater.net/api/v1/thaiwater30/public/waterlevel_graph?station_type=tele_waterlevel&station_id=1373689&start_date=2026-06-08&end_date=2026-09-06,2026-09-11T09:34:23.922132Z,200,application/json; charset=utf-8,1034071,b7b29073c161c309b0a8ad1ba9acd00ef71653c4a9d3d6742d0be7b153f04125,51299,OK,13104,13007,0,0,2026-06-08 00:00,2026-09-06 23:50,False,
1373690_2026-06-08_2026-09-06_a1,1373690,2026-06-08,2026-09-06,https://api-v3.thaiwater.net/api/v1/thaiwater30/public/waterlevel_graph?station_type=tele_waterlevel&station_id=1373690&start_date=2026-06-08&end_date=2026-09-06,2026-09-11T09:34:26.568414Z,200,application/json; charset=utf-8,1039475,19defbd726b19913fb72c55b0576cb3e092ca10c15e608da3f61b97e9ed4057f,62584,OK,13104,13035,0,0,2026-06-08 00:00,2026-09-06 23:50,False,
1373691_2026-06-08_2026-09-06_a1,1373691,2026-06-08,2026-09-06,https://api-v3.thaiwater.net/api/v1/thaiwater30/public/waterlevel_graph?station_type=tele_waterlevel&station_id=1373691&start_date=2026-06-08&end_date=2026-09-06,2026-09-11T09:34:28.924273Z,200,application/json; charset=utf-8,1040644,69954d015e704d283d7bafe250387e7156c973cc0e07108b52f9de14d1cf1d90,58624,OK,13104,13053,0,0,2026-06-08 00:00,2026-09-06 23:50,False,
1373692_2026-06-08_2026-09-06_a1,1373692,2026-06-08,2026-09-06,https://api-v3.thaiwater.net/api/v1/thaiwater30/public/waterlevel_graph?station_type=tele_waterlevel&station_id=1373692&start_date=2026-06-08&end_date=2026-09-06,2026-09-11T09:34:31.181370Z,200,application/json; charset=utf-8,1039179,8c652be3093619bd4beb4892394ade936786303a8307eea1829ce2d5ba4392a2,59770,OK,13104,13003,0,0,2026-06-08 00:00,2026-09-06 23:50,False,
1394793_2026-06-08_2026-09-06_a1,1394793,2026-06-08,2026-09-06,https://api-v3.thaiwater.net/api/v1/thaiwater30/public/waterlevel_graph?station_type=tele_waterlevel&station_id=1394793&start_date=2026-06-08&end_date=2026-09-06,2026-09-11T09:34:33.530166Z,200,application/json; charset=utf-8,1059001,dbed0b02dc2e846dc35502bc4c4d7e22690dc47dc8199a5ef2f30593b54627d7,44580,OK,13104,12702,0,0,2026-06-08 00:00,2026-09-06 23:50,False,
1394808_2026-06-08_2026-09-06_a1,1394808,2026-06-08,2026-09-06,https://api-v3.thaiwater.net/api/v1/thaiwater30/public/waterlevel_graph?station_type=tele_waterlevel&station_id=1394808&start_date=2026-06-08&end_date=2026-09-06,2026-09-11T09:34:35.809967Z,200,application/json; charset=utf-8,1058054,c5aadcce6d58526626858acbb92d7dfb2faf294928d6869289a996a41d54ee68,48825,OK,13104,12739,0,0,2026-06-08 00:00,2026-09-06 23:50,False,
1394937_2026-06-08_2026-09-06_a1,1394937,2026-06-08,2026-09-06,https://api-v3.thaiwater.net/api/v1/thaiwater30/public/waterlevel_graph?station_type=tele_waterlevel&station_id=1394937&start_date=2026-06-08&end_date=2026-09-06,2026-09-11T09:34:38.222334Z,200,application/json; charset=utf-8,1058774,ce1a44498c3495beb972453f03b15f376db6647033ac88f14b8db682513398b6,47945,OK,13104,12750,0,0,2026-06-08 00:00,2026-09-06 23:50,False,
1396856_2026-06-08_2026-09-06_a1,1396856,2026-06-08,2026-09-06,https://api-v3.thaiwater.net/api/v1/thaiwater30/public/waterlevel_graph?station_type=tele_waterlevel&station_id=1396856&start_date=2026-06-08&end_date=2026-09-06,2026-09-11T09:34:40.617993Z,200,application/json; charset=utf-8,1046236,a6ce5891f4a324b711732988a26d6bada2d4b22f631fad0d019ad76ff5b9a5b9,47724,OK,13104,12673,0,0,2026-06-08 00:00,2026-09-06 23:50,False,
1396858_2026-06-08_2026-09-06_a1,1396858,2026-06-08,2026-09-06,https://api-v3.thaiwater.net/api/v1/thaiwater30/public/waterlevel_graph?station_type=tele_waterlevel&station_id=1396858&start_date=2026-06-08&end_date=2026-09-06,2026-09-11T09:34:43.018366Z,200,application/json; charset=utf-8,1045290,9ce0ff87905a7caf215c50ec691c2b5e0e4c5e64f2efdfa52fb187b6214844ea,48447,OK,13104,11398,0,0,2026-06-08 00:00,2026-09-06 23:50,False,
1396860_2026-06-08_2026-09-06_a1,1396860,2026-06-08,2026-09-06,https://api-v3.thaiwater.net/api/v1/thaiwater30/public/waterlevel_graph?station_type=tele_waterlevel&station_id=1396860&start_date=2026-06-08&end_date=2026-09-06,2026-09-11T09:34:45.183217Z,200,application/json; charset=utf-8,1040797,32997718a4848d29fee25ded3514cc7c130122bf00dead552634301f8d468a86,43999,OK,13104,6126,0,0,2026-06-08 00:00,2026-09-06 23:50,False,
1422294_2026-06-08_2026-09-06_a1,1422294,2026-06-08,2026-09-06,https://api-v3.thaiwater.net/api/v1/thaiwater30/public/waterlevel_graph?station_type=tele_waterlevel&station_id=1422294&start_date=2026-06-08&end_date=2026-09-06,2026-09-11T09:34:47.603715Z,200,application/json; charset=utf-8,178190,9880be395c41e46263795576bb89f42f0a626859603d9f361aaf1800c25c3348,12610,OK,2184,1910,0,0,2026-06-08 00:00,2026-09-06 23:00,False,
1422295_2026-06-08_2026-09-06_a1,1422295,2026-06-08,2026-09-06,https://api-v3.thaiwater.net/api/v1/thaiwater30/public/waterlevel_graph?station_type=tele_waterlevel&station_id=1422295&start_date=2026-06-08&end_date=2026-09-06,2026-09-11T09:34:49.414056Z,200,application/json; charset=utf-8,178780,0317e81a8a4f39a448550c3c67a8261aa7279ef2082899b72c7a3ee8198e25a1,12235,OK,2184,2123,0,0,2026-06-08 00:00,2026-09-06 23:00,False,
1422296_2026-06-08_2026-09-06_a1,1422296,2026-06-08,2026-09-06,https://api-v3.thaiwater.net/api/v1/thaiwater30/public/waterlevel_graph?station_type=tele_waterlevel&station_id=1422296&start_date=2026-06-08&end_date=2026-09-06,2026-09-11T09:34:51.116676Z,200,application/json; charset=utf-8,174600,1427bd82cb8515d2137a72b3e521b03a25595773a47d0682f8cc19770f377c4e,8750,OK,2184,673,0,0,2026-06-08 00:00,2026-09-06 23:00,False,
1422297_2026-06-08_2026-09-06_a1,1422297,2026-06-08,2026-09-06,https://api-v3.thaiwater.net/api/v1/thaiwater30/public/waterlevel_graph?station_type=tele_waterlevel&station_id=1422297&start_date=2026-06-08&end_date=2026-09-06,2026-09-11T09:34:52.827181Z,200,application/json; charset=utf-8,178438,1fd0901a9f83d9fb657653f67a5e03eb018d682c6463067314b5d3edccc9c95b,11985,OK,2184,1998,0,0,2026-06-08 00:00,2026-09-06 23:00,False,
1422298_2026-06-08_2026-09-06_a1,1422298,2026-06-08,2026-09-06,https://api-v3.thaiwater.net/api/v1/thaiwater30/public/waterlevel_graph?station_type=tele_waterlevel&station_id=1422298&start_date=2026-06-08&end_date=2026-09-06,2026-09-11T09:34:54.611918Z,200,application/json; charset=utf-8,175489,fbc3a178f374b165b4c0725bd939bdc42b287fb2f5feb752c31b258bcb8ee2b9,8224,OK,2184,986,0,0,2026-06-08 00:00,2026-09-06 23:00,False,
1422301_2026-06-08_2026-09-06_a1,1422301,2026-06-08,2026-09-06,https://api-v3.thaiwater.net/api/v1/thaiwater30/public/waterlevel_graph?station_type=tele_waterlevel&station_id=1422301&start_date=2026-06-08&end_date=2026-09-06,2026-09-11T09:34:56.377324Z,200,application/json; charset=utf-8,176665,d3b0ea29c6adba3e113db7deb282b412c7e1d1253f2bc27771de628aeb61b08d,12124,OK,2184,2123,0,0,2026-06-08 00:00,2026-09-06 23:00,False,
1422302_2026-06-08_2026-09-06_a1,1422302,2026-06-08,2026-09-06,https://api-v3.thaiwater.net/api/v1/thaiwater30/public/waterlevel_graph?station_type=tele_waterlevel&station_id=1422302&start_date=2026-06-08&end_date=2026-09-06,2026-09-11T09:34:58.131360Z,200,application/json; charset=utf-8,175581,e2746314d30b709b8aacee837357f6e6ea505ddc5a26b1d5586fcf5d59296fe6,9459,OK,2184,1013,0,0,2026-06-08 00:00,2026-09-06 23:00,False,
1422303_2026-06-08_2026-09-06_a1,1422303,2026-06-08,2026-09-06,https://api-v3.thaiwater.net/api/v1/thaiwater30/public/waterlevel_graph?station_type=tele_waterlevel&station_id=1422303&start_date=2026-06-08&end_date=2026-09-06,2026-09-11T09:34:59.896189Z,200,application/json; charset=utf-8,178924,f3990a77bfba74da5f158baf8f7d2b07f662b77d835430db50a572e94ae798d5,12166,OK,2184,2170,0,0,2026-06-08 00:00,2026-09-06 23:00,False,
1422304_2026-06-08_2026-09-06_a1,1422304,2026-06-08,2026-09-06,https://api-v3.thaiwater.net/api/v1/thaiwater30/public/waterlevel_graph?station_type=tele_waterlevel&station_id=1422304&start_date=2026-06-08&end_date=2026-09-06,2026-09-11T09:35:01.661584Z,200,application/json; charset=utf-8,178924,443846d9e97faf5ea37b6ff3c2e77012aca2d4d25b612920b32d99cc7688ffdf,12177,OK,2184,2170,0,0,2026-06-08 00:00,2026-09-06 23:00,False,
1422305_2026-06-08_2026-09-06_a1,1422305,2026-06-08,2026-09-06,https://api-v3.thaiwater.net/api/v1/thaiwater30/public/waterlevel_graph?station_type=tele_waterlevel&station_id=1422305&start_date=2026-06-08&end_date=2026-09-06,2026-09-11T09:35:03.504817Z,200,application/json; charset=utf-8,175805,a3031aa30e35d18e1294a83656a5f7f0dada2a57b0bbe1bd010bb6fe8454f38f,10483,OK,2184,1087,0,0,2026-06-08 00:00,2026-09-06 23:00,False,
1422307_2026-06-08_2026-09-06_a1,1422307,2026-06-08,2026-09-06,https://api-v3.thaiwater.net/api/v1/thaiwater30/public/waterlevel_graph?station_type=tele_waterlevel&station_id=1422307&start_date=2026-06-08&end_date=2026-09-06,2026-09-11T09:35:05.207117Z,200,application/json; charset=utf-8,178652,7dcf276573fd9e0228f5d5f1f68e520b786cf9ebe99737a4eeadad8fd0e35476,11453,OK,2184,2071,0,0,2026-06-08 00:00,2026-09-06 23:00,False,
1422361_2026-06-08_2026-09-06_a1,1422361,2026-06-08,2026-09-06,https://api-v3.thaiwater.net/api/v1/thaiwater30/public/waterlevel_graph?station_type=tele_waterlevel&station_id=1422361&start_date=2026-06-08&end_date=2026-09-06,2026-09-11T09:35:06.973708Z,200,application/json; charset=utf-8,176399,330ad3a4ccf698f6c19211986044b61500b375ce176d210c99a7d1378e9e8bfd,9986,OK,2184,2151,0,0,2026-06-08 00:00,2026-09-06 23:00,False,
1422364_2026-06-08_2026-09-06_a1,1422364,2026-06-08,2026-09-06,https://api-v3.thaiwater.net/api/v1/thaiwater30/public/waterlevel_graph?station_type=tele_waterlevel&station_id=1422364&start_date=2026-06-08&end_date=2026-09-06,2026-09-11T09:35:08.816172Z,200,application/json; charset=utf-8,176760,bc62a03ccbd190e442816b833ffce8d9401f3eaf9e9caaaabeef46a4e4ca997e,10879,OK,2184,2148,0,0,2026-06-08 00:00,2026-09-06 23:00,False,
1422365_2026-06-08_2026-09-06_a1,1422365,2026-06-08,2026-09-06,https://api-v3.thaiwater.net/api/v1/thaiwater30/public/waterlevel_graph?station_type=tele_waterlevel&station_id=1422365&start_date=2026-06-08&end_date=2026-09-06,2026-09-11T09:35:10.595462Z,200,application/json; charset=utf-8,174510,8f8f176cee28bc53d25182affb58536681cc58334d09bd8a9ce66e3f5e2d25fa,12465,OK,2184,2150,0,0,2026-06-08 00:00,2026-09-06 23:00,False,
1422366_2026-06-08_2026-09-06_a1,1422366,2026-06-08,2026-09-06,https://api-v3.thaiwater.net/api/v1/thaiwater30/public/waterlevel_graph?station_type=tele_waterlevel&station_id=1422366&start_date=2026-06-08&end_date=2026-09-06,2026-09-11T09:35:12.338907Z,200,application/json; charset=utf-8,174676,53774c39a6d36e15b74daed918c17d86a1a5aa9da2fb7e2e3639ffb32785fb96,12199,OK,2184,2149,0,0,2026-06-08 00:00,2026-09-06 23:00,False,
1422367_2026-06-08_2026-09-06_a1,1422367,2026-06-08,2026-09-06,https://api-v3.thaiwater.net/api/v1/thaiwater30/public/waterlevel_graph?station_type=tele_waterlevel&station_id=1422367&start_date=2026-06-08&end_date=2026-09-06,2026-09-11T09:35:14.015156Z,200,application/json; charset=utf-8,176602,df84b8bf7d5fe3346eb49cd03c5c5ca8ac5050aedead2c4a993d2e68423875e2,10182,OK,2184,2123,0,0,2026-06-08 00:00,2026-09-06 23:00,False,
1422368_2026-06-08_2026-09-06_a1,1422368,2026-06-08,2026-09-06,https://api-v3.thaiwater.net/api/v1/thaiwater30/public/waterlevel_graph?station_type=tele_waterlevel&station_id=1422368&start_date=2026-06-08&end_date=2026-09-06,2026-09-11T09:35:15.685644Z,200,application/json; charset=utf-8,174566,daa24953c115d92ae5a78e6d01f5a057ac3da4d6c3f610dee6ce243a6bf6017f,10650,OK,2184,2150,0,0,2026-06-08 00:00,2026-09-06 23:00,False,
1422369_2026-06-08_2026-09-06_a1,1422369,2026-06-08,2026-09-06,https://api-v3.thaiwater.net/api/v1/thaiwater30/public/waterlevel_graph?station_type=tele_waterlevel&station_id=1422369&start_date=2026-06-08&end_date=2026-09-06,2026-09-11T09:35:17.477278Z,200,application/json; charset=utf-8,174319,2cf141affd5db3fa461ae6dcc67167d9d9b83020926e4f02edf9375e00121105,11296,OK,2184,2054,0,0,2026-06-08 00:00,2026-09-06 23:00,False,
1422371_2026-06-08_2026-09-06_a1,1422371,2026-06-08,2026-09-06,https://api-v3.thaiwater.net/api/v1/thaiwater30/public/waterlevel_graph?station_type=tele_waterlevel&station_id=1422371&start_date=2026-06-08&end_date=2026-09-06,2026-09-11T09:35:19.246004Z,200,application/json; charset=utf-8,174665,a65b3a05a179ae13ea81335b1e4844ce6ae920bc4f6419aa3e9f993616afef56,11104,OK,2184,2147,0,0,2026-06-08 00:00,2026-09-06 23:00,False,
1422372_2026-06-08_2026-09-06_a1,1422372,2026-06-08,2026-09-06,https://api-v3.thaiwater.net/api/v1/thaiwater30/public/waterlevel_graph?station_type=tele_waterlevel&station_id=1422372&start_date=2026-06-08&end_date=2026-09-06,2026-09-11T09:35:21.112905Z,200,application/json; charset=utf-8,174374,64be74e83686fa0d125d022a794a84a8605d4c165db95e5ab56c48e36160a175,11586,OK,2184,2150,0,0,2026-06-08 00:00,2026-09-06 23:00,False,
1422373_2026-06-08_2026-09-06_a1,1422373,2026-06-08,2026-09-06,https://api-v3.thaiwater.net/api/v1/thaiwater30/public/waterlevel_graph?station_type=tele_waterlevel&station_id=1422373&start_date=2026-06-08&end_date=2026-09-06,2026-09-11T09:35:22.959680Z,200,application/json; charset=utf-8,174894,49ff5a9fa1bbeec1b13671705c4359e210fb9612adda74769552b3602db50074,11553,OK,2184,2150,0,0,2026-06-08 00:00,2026-09-06 23:00,False,
1422374_2026-06-08_2026-09-06_a1,1422374,2026-06-08,2026-09-06,https://api-v3.thaiwater.net/api/v1/thaiwater30/public/waterlevel_graph?station_type=tele_waterlevel&station_id=1422374&start_date=2026-06-08&end_date=2026-09-06,2026-09-11T09:35:24.758243Z,200,application/json; charset=utf-8,174556,0b64e78678d7f2e4c45f03e327f6ace5fdc6af0c21a41ebc96a660af0aea810d,11843,OK,2184,2150,0,0,2026-06-08 00:00,2026-09-06 23:00,False,
1422375_2026-06-08_2026-09-06_a1,1422375,2026-06-08,2026-09-06,https://api-v3.thaiwater.net/api/v1/thaiwater30/public/waterlevel_graph?station_type=tele_waterlevel&station_id=1422375&start_date=2026-06-08&end_date=2026-09-06,2026-09-11T09:35:26.505005Z,200,application/json; charset=utf-8,175683,dbde2071773787d070f849bb18316de6a95dde92d90ce98feab45a52bac6ac57,12660,OK,2184,2150,0,0,2026-06-08 00:00,2026-09-06 23:00,False,
1475104_2026-06-08_2026-09-06_a1,1475104,2026-06-08,2026-09-06,https://api-v3.thaiwater.net/api/v1/thaiwater30/public/waterlevel_graph?station_type=tele_waterlevel&station_id=1475104&start_date=2026-06-08&end_date=2026-09-06,2026-09-11T09:35:28.209264Z,200,application/json; charset=utf-8,1042832,440d63de6e091418a39c139501984fe310f78164529e01e0b0af40cf7b16f493,46328,OK,13104,4072,0,0,2026-06-08 00:00,2026-09-06 23:50,False,
1475106_2026-06-08_2026-09-06_a1,1475106,2026-06-08,2026-09-06,https://api-v3.thaiwater.net/api/v1/thaiwater30/public/waterlevel_graph?station_type=tele_waterlevel&station_id=1475106&start_date=2026-06-08&end_date=2026-09-06,2026-09-11T09:35:31.910237Z,200,application/json; charset=utf-8,1059714,cc9fd3bd5558494bad76c17b00b9b53d76b6a34f5a6e28c1fa1e5c571b9d4425,45578,OK,13104,13022,0,0,2026-06-08 00:00,2026-09-06 23:50,False,
1475118_2026-06-08_2026-09-06_a1,1475118,2026-06-08,2026-09-06,https://api-v3.thaiwater.net/api/v1/thaiwater30/public/waterlevel_graph?station_type=tele_waterlevel&station_id=1475118&start_date=2026-06-08&end_date=2026-09-06,2026-09-11T09:35:35.579962Z,200,application/json; charset=utf-8,1060070,468416abf509e6fd2c56dc191c91e22856c32367ed4dfbef76d00ac17c82fc34,49919,OK,13104,13019,0,0,2026-06-08 00:00,2026-09-06 23:50,False,
1475120_2026-06-08_2026-09-06_a1,1475120,2026-06-08,2026-09-06,https://api-v3.thaiwater.net/api/v1/thaiwater30/public/waterlevel_graph?station_type=tele_waterlevel&station_id=1475120&start_date=2026-06-08&end_date=2026-09-06,2026-09-11T09:35:39.470602Z,200,application/json; charset=utf-8,1057513,d27c6aee85e03bbe99debac5e49dcc61f48bc2f0a48784322708e26a416aeb77,46928,OK,13104,12111,0,0,2026-06-08 00:00,2026-09-06 23:50,False,
1475122_2026-06-08_2026-09-06_a1,1475122,2026-06-08,2026-09-06,https://api-v3.thaiwater.net/api/v1/thaiwater30/public/waterlevel_graph?station_type=tele_waterlevel&station_id=1475122&start_date=2026-06-08&end_date=2026-09-06,2026-09-11T09:35:43.505283Z,200,application/json; charset=utf-8,1059965,d8208bd45221aeea4e581f0c5c718c4e46291dcd654e333a2fdca03224d8d7cc,47062,OK,13104,13034,0,0,2026-06-08 00:00,2026-09-06 23:50,False,
1476456_2026-06-08_2026-09-06_a1,1476456,2026-06-08,2026-09-06,https://api-v3.thaiwater.net/api/v1/thaiwater30/public/waterlevel_graph?station_type=tele_waterlevel&station_id=1476456&start_date=2026-06-08&end_date=2026-09-06,2026-09-11T09:35:46.982075Z,200,application/json; charset=utf-8,1054335,d3d93a736c1d532d34fd806bb7fcc667f4a8ab39e488e74cf926311e9b0c476f,46494,OK,13104,10015,0,0,2026-06-08 00:00,2026-09-06 23:50,False,
1476459_2026-06-08_2026-09-06_a1,1476459,2026-06-08,2026-09-06,https://api-v3.thaiwater.net/api/v1/thaiwater30/public/waterlevel_graph?station_type=tele_waterlevel&station_id=1476459&start_date=2026-06-08&end_date=2026-09-06,2026-09-11T09:35:50.610867Z,200,application/json; charset=utf-8,1046770,b6869caabd49fb0770458b9a4e40c91868bfae2902d97c11e7271d8bd4bc4634,40981,OK,13104,8202,0,0,2026-06-08 00:00,2026-09-06 23:50,False,
1476461_2026-06-08_2026-09-06_a1,1476461,2026-06-08,2026-09-06,https://api-v3.thaiwater.net/api/v1/thaiwater30/public/waterlevel_graph?station_type=tele_waterlevel&station_id=1476461&start_date=2026-06-08&end_date=2026-09-06,2026-09-11T09:35:54.016585Z,200,application/json; charset=utf-8,1059772,3e2de0497eab4973e5a6858eb1debfadf722a1095adde87e8edc220c8352ef55,45739,OK,13104,13021,0,0,2026-06-08 00:00,2026-09-06 23:50,False,
1481108_2026-06-08_2026-09-06_a1,1481108,2026-06-08,2026-09-06,https://api-v3.thaiwater.net/api/v1/thaiwater30/public/waterlevel_graph?station_type=tele_waterlevel&station_id=1481108&start_date=2026-06-08&end_date=2026-09-06,2026-09-11T09:35:57.426239Z,200,application/json; charset=utf-8,1059541,f740647d9c4a41857dcdbce04dd5a437d716e36ff4e82b707474aa01708d8f81,46812,OK,13104,12903,0,0,2026-06-08 00:00,2026-09-06 23:50,False,
1481122_2026-06-08_2026-09-06_a1,1481122,2026-06-08,2026-09-06,https://api-v3.thaiwater.net/api/v1/thaiwater30/public/waterlevel_graph?station_type=tele_waterlevel&station_id=1481122&start_date=2026-06-08&end_date=2026-09-06,2026-09-11T09:36:01.639586Z,200,application/json; charset=utf-8,1059846,2383865aa5eaade8af959e7ca0685bab748c872a1d3a8fb8ae2c090d5d590daa,44500,OK,13104,13026,0,0,2026-06-08 00:00,2026-09-06 23:50,False,
1481128_2026-06-08_2026-09-06_a1,1481128,2026-06-08,2026-09-06,https://api-v3.thaiwater.net/api/v1/thaiwater30/public/waterlevel_graph?station_type=tele_waterlevel&station_id=1481128&start_date=2026-06-08&end_date=2026-09-06,2026-09-11T09:36:05.382637Z,200,application/json; charset=utf-8,1047272,e1fb14cfbbf193e86a6bebd3ba3405c88ddbf26a1c67d51c81b1af4358b5c55c,43923,OK,13104,13028,0,0,2026-06-08 00:00,2026-09-06 23:50,False,
1481146_2026-06-08_2026-09-06_a1,1481146,2026-06-08,2026-09-06,https://api-v3.thaiwater.net/api/v1/thaiwater30/public/waterlevel_graph?station_type=tele_waterlevel&station_id=1481146&start_date=2026-06-08&end_date=2026-09-06,2026-09-11T09:36:09.025930Z,200,application/json; charset=utf-8,1059820,8704fb4854e6c3566731e46f25cab51c276d19de22c91c1eec50a56d30238b04,49910,OK,13104,13025,0,0,2026-06-08 00:00,2026-09-06 23:50,False,
1481153_2026-06-08_2026-09-06_a1,1481153,2026-06-08,2026-09-06,https://api-v3.thaiwater.net/api/v1/thaiwater30/public/waterlevel_graph?station_type=tele_waterlevel&station_id=1481153&start_date=2026-06-08&end_date=2026-09-06,2026-09-11T09:36:12.788303Z,200,application/json; charset=utf-8,1059241,6cee0d6a7f7df1d988905f82f1c5ff0f6af5aca6c5239e7ddec6ea0d42b56029,42531,OK,13104,13012,0,0,2026-06-08 00:00,2026-09-06 23:50,False,
1482445_2026-06-08_2026-09-06_a1,1482445,2026-06-08,2026-09-06,https://api-v3.thaiwater.net/api/v1/thaiwater30/public/waterlevel_graph?station_type=tele_waterlevel&station_id=1482445&start_date=2026-06-08&end_date=2026-09-06,2026-09-11T09:36:16.676251Z,200,application/json; charset=utf-8,1060034,d2529fabb20cadf2fd29a33b417fe6d0be04959c9bfda02ea18623238f673588,44227,OK,13104,13013,0,0,2026-06-08 00:00,2026-09-06 23:50,False,
1483103_2026-06-08_2026-09-06_a1,1483103,2026-06-08,2026-09-06,https://api-v3.thaiwater.net/api/v1/thaiwater30/public/waterlevel_graph?station_type=tele_waterlevel&station_id=1483103&start_date=2026-06-08&end_date=2026-09-06,2026-09-11T09:36:20.391856Z,200,application/json; charset=utf-8,1059690,da65dac7cc6522917462615986668e6436a3bc0e5a9e4ec3d5ca437892920010,48499,OK,13104,12968,0,0,2026-06-08 00:00,2026-09-06 23:50,False,
1483111_2026-06-08_2026-09-06_a1,1483111,2026-06-08,2026-09-06,https://api-v3.thaiwater.net/api/v1/thaiwater30/public/waterlevel_graph?station_type=tele_waterlevel&station_id=1483111&start_date=2026-06-08&end_date=2026-09-06,2026-09-11T09:36:23.991522Z,200,application/json; charset=utf-8,1059647,1d3a57cb5f3cbfa6b530fe70de817112658b0498800a0f02df35d10d417b758a,45803,OK,13104,12902,0,0,2026-06-08 00:00,2026-09-06 23:50,False,
1483127_2026-06-08_2026-09-06_a1,1483127,2026-06-08,2026-09-06,https://api-v3.thaiwater.net/api/v1/thaiwater30/public/waterlevel_graph?station_type=tele_waterlevel&station_id=1483127&start_date=2026-06-08&end_date=2026-09-06,2026-09-11T09:36:27.912865Z,200,application/json; charset=utf-8,1059752,ae61a0827c0d3a91af782e461a6e310b5a028702f07df4e6f3ee91a0d972ff0d,47975,OK,13104,13001,0,0,2026-06-08 00:00,2026-09-06 23:50,False,
1483131_2026-06-08_2026-09-06_a1,1483131,2026-06-08,2026-09-06,https://api-v3.thaiwater.net/api/v1/thaiwater30/public/waterlevel_graph?station_type=tele_waterlevel&station_id=1483131&start_date=2026-06-08&end_date=2026-09-06,2026-09-11T09:36:31.845327Z,200,application/json; charset=utf-8,1047001,feb3fcdbe135c1e9cb518e171c564bfe6f0a47ca7742f42885b952439c4b023b,47871,OK,13104,13023,0,0,2026-06-08 00:00,2026-09-06 23:50,False,
1556820_2026-06-08_2026-09-06_a1,1556820,2026-06-08,2026-09-06,https://api-v3.thaiwater.net/api/v1/thaiwater30/public/waterlevel_graph?station_type=tele_waterlevel&station_id=1556820&start_date=2026-06-08&end_date=2026-09-06,2026-09-11T09:36:35.743881Z,200,application/json; charset=utf-8,1047187,67cd51ae677657424f52efcab1862f2bd5dfdc8dce81e9e8db3eec24ab2aa71b,45580,OK,13104,3945,0,0,2026-06-08 00:00,2026-09-06 23:50,False,
1556822_2026-06-08_2026-09-06_a1,1556822,2026-06-08,2026-09-06,https://api-v3.thaiwater.net/api/v1/thaiwater30/public/waterlevel_graph?station_type=tele_waterlevel&station_id=1556822&start_date=2026-06-08&end_date=2026-09-06,2026-09-11T09:36:39.586529Z,200,application/json; charset=utf-8,1059032,616525209f73680f5df76360e7dcc500bcaf317f56a7d915624cafe543f0a8d6,50077,OK,13104,13034,0,0,2026-06-08 00:00,2026-09-06 23:50,False,
1645475_2026-06-08_2026-09-06_a1,1645475,2026-06-08,2026-09-06,https://api-v3.thaiwater.net/api/v1/thaiwater30/public/waterlevel_graph?station_type=tele_waterlevel&station_id=1645475&start_date=2026-06-08&end_date=2026-09-06,2026-09-11T09:36:43.250056Z,200,application/json; charset=utf-8,1072973,abaa3f37d462d9d11fde2b0778cef6723c490cf52f5ce7923b7e20844fe6fed1,59272,OK,13104,13069,0,0,2026-06-08 00:00,2026-09-06 23:50,False,
1677418_2026-06-08_2026-09-06_a1,1677418,2026-06-08,2026-09-06,https://api-v3.thaiwater.net/api/v1/thaiwater30/public/waterlevel_graph?station_type=tele_waterlevel&station_id=1677418&start_date=2026-06-08&end_date=2026-09-06,2026-09-11T09:36:47.312609Z,200,application/json; charset=utf-8,1060289,422ee48a5ac1c9b6ee0d38dfb58a7354757b24c874662f6510903fa8f4a10e9a,43625,OK,13104,12959,0,0,2026-06-08 00:00,2026-09-06 23:50,False,
1677419_2026-06-08_2026-09-06_a1,1677419,2026-06-08,2026-09-06,https://api-v3.thaiwater.net/api/v1/thaiwater30/public/waterlevel_graph?station_type=tele_waterlevel&station_id=1677419&start_date=2026-06-08&end_date=2026-09-06,2026-09-11T09:36:51.041689Z,200,application/json; charset=utf-8,1073282,34a33d3e1dfb3d67e2bdc12fbb49a40a69bf1280b507dca31d5ae32c5d3b2eb0,53381,OK,13104,13068,0,0,2026-06-08 00:00,2026-09-06 23:50,False,
1677420_2026-06-08_2026-09-06_a1,1677420,2026-06-08,2026-09-06,https://api-v3.thaiwater.net/api/v1/thaiwater30/public/waterlevel_graph?station_type=tele_waterlevel&station_id=1677420&start_date=2026-06-08&end_date=2026-09-06,2026-09-11T09:36:55.199317Z,200,application/json; charset=utf-8,1073046,3d41f0f9854b0f9a2a43a6b83eafb69856d8d539d86275e74800351103258709,65714,OK,13104,13070,0,0,2026-06-08 00:00,2026-09-06 23:50,False,
9822342_2026-06-08_2026-09-06_a1,9822342,2026-06-08,2026-09-06,https://api-v3.thaiwater.net/api/v1/thaiwater30/public/waterlevel_graph?station_type=tele_waterlevel&station_id=9822342&start_date=2026-06-08&end_date=2026-09-06,2026-09-11T09:36:59.452848Z,200,application/json; charset=utf-8,1052409,bfa782031c8298a345ab176f42cb3b76aad46472a3eacedf65065f4408ac407a,48427,OK,13104,9129,0,0,2026-06-08 00:00,2026-09-06 23:50,False,
9930854_2026-06-08_2026-09-06_a1,9930854,2026-06-08,2026-09-06,https://api-v3.thaiwater.net/api/v1/thaiwater30/public/waterlevel_graph?station_type=tele_waterlevel&station_id=9930854&start_date=2026-06-08&end_date=2026-09-06,2026-09-11T09:37:03.141833Z,200,application/json; charset=utf-8,1049933,4ae0e432e2754c893ead626e54526cdf1a1101808e28fadd8540baca7d363287,54113,OK,13104,12552,0,0,2026-06-08 00:00,2026-09-06 23:50,False,
9930856_2026-06-08_2026-09-06_a1,9930856,2026-06-08,2026-09-06,https://api-v3.thaiwater.net/api/v1/thaiwater30/public/waterlevel_graph?station_type=tele_waterlevel&station_id=9930856&start_date=2026-06-08&end_date=2026-09-06,2026-09-11T09:37:07.110621Z,200,application/json; charset=utf-8,1050352,80fca9b1d8b6f0f25d4b67a205c328668be2fd4f0d4f19b088be606c1924214d,62851,OK,13104,12374,0,0,2026-06-08 00:00,2026-09-06 23:50,False,
9931002_2026-06-08_2026-09-06_a1,9931002,2026-06-08,2026-09-06,https://api-v3.thaiwater.net/api/v1/thaiwater30/public/waterlevel_graph?station_type=tele_waterlevel&station_id=9931002&start_date=2026-06-08&end_date=2026-09-06,2026-09-11T09:37:11.305124Z,200,application/json; charset=utf-8,1067929,dc860601d6e6660addf6d6f32f0e286ac008988f866b8dae4004c059f63cd013,58900,OK,13104,11682,0,0,2026-06-08 00:00,2026-09-06 23:50,False,
9931004_2026-06-08_2026-09-06_a1,9931004,2026-06-08,2026-09-06,https://api-v3.thaiwater.net/api/v1/thaiwater30/public/waterlevel_graph?station_type=tele_waterlevel&station_id=9931004&start_date=2026-06-08&end_date=2026-09-06,2026-09-11T09:37:15.301865Z,200,application/json; charset=utf-8,1068262,93d47c3e4b2725f570ec3ee114055e34b904b82e3bc5bc8ffbaa0bc3d9528e74,51275,OK,13104,11809,0,0,2026-06-08 00:00,2026-09-06 23:50,False,
9931006_2026-06-08_2026-09-06_a1,9931006,2026-06-08,2026-09-06,https://api-v3.thaiwater.net/api/v1/thaiwater30/public/waterlevel_graph?station_type=tele_waterlevel&station_id=9931006&start_date=2026-06-08&end_date=2026-09-06,2026-09-11T09:37:19.289439Z,200,application/json; charset=utf-8,1067821,2b4831c878afb971488613d0d5f234409053ee0f5dca751fdea78c53496740d9,58083,OK,13104,11561,0,0,2026-06-08 00:00,2026-09-06 23:50,False,
9931008_2026-06-08_2026-09-06_a1,9931008,2026-06-08,2026-09-06,https://api-v3.thaiwater.net/api/v1/thaiwater30/public/waterlevel_graph?station_type=tele_waterlevel&station_id=9931008&start_date=2026-06-08&end_date=2026-09-06,2026-09-11T09:37:23.292128Z,200,application/json; charset=utf-8,1067825,f11fc51b044c47cc882771300d6b49367df1a5f17adb95dd9cb14eae99392c43,50365,OK,13104,11674,0,0,2026-06-08 00:00,2026-09-06 23:50,False,
11568367_2026-06-08_2026-09-06_a1,11568367,2026-06-08,2026-09-06,https://api-v3.thaiwater.net/api/v1/thaiwater30/public/waterlevel_graph?station_type=tele_waterlevel&station_id=11568367&start_date=2026-06-08&end_date=2026-09-06,2026-09-11T09:37:27.070389Z,200,application/json; charset=utf-8,1037265,a8754694ab77d34b56b771a06ae04ee3162180b6a21433c5dd3a3276ee380476,39675,OK,13104,1003,0,0,2026-06-08 00:00,2026-09-06 23:50,False,
11688546_2026-06-08_2026-09-06_a1,11688546,2026-06-08,2026-09-06,https://api-v3.thaiwater.net/api/v1/thaiwater30/public/waterlevel_graph?station_type=tele_waterlevel&station_id=11688546&start_date=2026-06-08&end_date=2026-09-06,2026-09-11T09:37:30.659265Z,200,application/json; charset=utf-8,172668,710e5649afedcd48c99e76a44c568f1edd223921c28ed79aa45f03f8075a945f,6397,OK,2184,0,0,0,2026-06-08 00:00,2026-09-06 23:00,True,
11688685_2026-06-08_2026-09-06_a1,11688685,2026-06-08,2026-09-06,https://api-v3.thaiwater.net/api/v1/thaiwater30/public/waterlevel_graph?station_type=tele_waterlevel&station_id=11688685&start_date=2026-06-08&end_date=2026-09-06,2026-09-11T09:37:32.356095Z,200,application/json; charset=utf-8,172663,b78a3b5a98768279bf4076272e906a5e5d92f92c1f4ff11af9ba55444a8cc5bc,6386,OK,2184,0,0,0,2026-06-08 00:00,2026-09-06 23:00,True,
11688715_2026-06-08_2026-09-06_a1,11688715,2026-06-08,2026-09-06,https://api-v3.thaiwater.net/api/v1/thaiwater30/public/waterlevel_graph?station_type=tele_waterlevel&station_id=11688715&start_date=2026-06-08&end_date=2026-09-06,2026-09-11T09:37:34.307020Z,200,application/json; charset=utf-8,172665,b4955c23e12f1257b5d8db9649b40b8c5740386acd28dc975385051382f1cb93,6394,OK,2184,0,0,0,2026-06-08 00:00,2026-09-06 23:00,True,
11688749_2026-06-08_2026-09-06_a1,11688749,2026-06-08,2026-09-06,https://api-v3.thaiwater.net/api/v1/thaiwater30/public/waterlevel_graph?station_type=tele_waterlevel&station_id=11688749&start_date=2026-06-08&end_date=2026-09-06,2026-09-11T09:37:36.182768Z,200,application/json; charset=utf-8,172667,62192a53b2f670ee8a06c7e3ba0f84aff2b731fe70aaacfd99fc40bdfb5239d0,6390,OK,2184,0,0,0,2026-06-08 00:00,2026-09-06 23:00,True,
11688817_2026-06-08_2026-09-06_a1,11688817,2026-06-08,2026-09-06,https://api-v3.thaiwater.net/api/v1/thaiwater30/public/waterlevel_graph?station_type=tele_waterlevel&station_id=11688817&start_date=2026-06-08&end_date=2026-09-06,2026-09-11T09:37:38.020682Z,200,application/json; charset=utf-8,172666,14d4a7f42c8f9d251fe49b307e8c791ff67b282525691865c7cdd1bc6d6d608c,6389,OK,2184,0,0,0,2026-06-08 00:00,2026-09-06 23:00,True,
11688823_2026-06-08_2026-09-06_a1,11688823,2026-06-08,2026-09-06,https://api-v3.thaiwater.net/api/v1/thaiwater30/public/waterlevel_graph?station_type=tele_waterlevel&station_id=11688823&start_date=2026-06-08&end_date=2026-09-06,2026-09-11T09:37:39.604813Z,200,application/json; charset=utf-8,172663,b78a3b5a98768279bf4076272e906a5e5d92f92c1f4ff11af9ba55444a8cc5bc,6386,OK,2184,0,0,0,2026-06-08 00:00,2026-09-06 23:00,True,
11688849_2026-06-08_2026-09-06_a1,11688849,2026-06-08,2026-09-06,https://api-v3.thaiwater.net/api/v1/thaiwater30/public/waterlevel_graph?station_type=tele_waterlevel&station_id=11688849&start_date=2026-06-08&end_date=2026-09-06,2026-09-11T09:37:41.401736Z,200,application/json; charset=utf-8,172666,479cdf39a77d2aada458479065426e15e08c09ea339f59bef3e39909f87ebc08,6393,OK,2184,0,0,0,2026-06-08 00:00,2026-09-06 23:00,True,
11689002_2026-06-08_2026-09-06_a1,11689002,2026-06-08,2026-09-06,https://api-v3.thaiwater.net/api/v1/thaiwater30/public/waterlevel_graph?station_type=tele_waterlevel&station_id=11689002&start_date=2026-06-08&end_date=2026-09-06,2026-09-11T09:37:43.205025Z,200,application/json; charset=utf-8,172666,0320f088e5745d5eb67c6ed84aaa5dbf74e2c83becb87933c44c86983aa1e0a6,6393,OK,2184,0,0,0,2026-06-08 00:00,2026-09-06 23:00,True,
11689003_2026-06-08_2026-09-06_a1,11689003,2026-06-08,2026-09-06,https://api-v3.thaiwater.net/api/v1/thaiwater30/public/waterlevel_graph?station_type=tele_waterlevel&station_id=11689003&start_date=2026-06-08&end_date=2026-09-06,2026-09-11T09:37:45.114631Z,200,application/json; charset=utf-8,172666,cc79385eb045854769f22d50dc65a6ee7f9d59455daf7288c50a3dc122d7dc96,6393,OK,2184,0,0,0,2026-06-08 00:00,2026-09-06 23:00,True,
11689067_2026-06-08_2026-09-06_a1,11689067,2026-06-08,2026-09-06,https://api-v3.thaiwater.net/api/v1/thaiwater30/public/waterlevel_graph?station_type=tele_waterlevel&station_id=11689067&start_date=2026-06-08&end_date=2026-09-06,2026-09-11T09:37:46.935155Z,200,application/json; charset=utf-8,172666,6101413d6b088885f390b27668b77a517845bd00a598d1561fdb9c18aea432b0,6394,OK,2184,0,0,0,2026-06-08 00:00,2026-09-06 23:00,True,
11689072_2026-06-08_2026-09-06_a1,11689072,2026-06-08,2026-09-06,https://api-v3.thaiwater.net/api/v1/thaiwater30/public/waterlevel_graph?station_type=tele_waterlevel&station_id=11689072&start_date=2026-06-08&end_date=2026-09-06,2026-09-11T09:37:48.664864Z,200,application/json; charset=utf-8,172666,0c3420f2309859acc6e72042b153dd9b7abf1da6624f44747a0eef18263e3497,6393,OK,2184,0,0,0,2026-06-08 00:00,2026-09-06 23:00,True,
11689150_2026-06-08_2026-09-06_a1,11689150,2026-06-08,2026-09-06,https://api-v3.thaiwater.net/api/v1/thaiwater30/public/waterlevel_graph?station_type=tele_waterlevel&station_id=11689150&start_date=2026-06-08&end_date=2026-09-06,2026-09-11T09:37:50.484260Z,200,application/json; charset=utf-8,172666,e812e1671d5eae3b951409425152c114ca6ff4ec3aa04ca83072128ffc23dfeb,6389,OK,2184,0,0,0,2026-06-08 00:00,2026-09-06 23:00,True,
1109499_2026-06-08_2026-09-06_a2,1109499,2026-06-08,2026-09-06,https://api-v3.thaiwater.net/api/v1/thaiwater30/public/waterlevel_graph?station_type=tele_waterlevel&station_id=1109499&start_date=2026-06-08&end_date=2026-09-06,2026-09-11T09:38:08.685507Z,200,application/json; charset=utf-8,1052834,7a5bc40e29c3eeb2d60fa737a95e4f6100420a69e5b871e2fb5078e89014b1b1,45625,OK,13104,9297,0,0,2026-06-08 00:00,2026-09-06 23:50,False,
1109525_2026-06-08_2026-09-06_a2,1109525,2026-06-08,2026-09-06,https://api-v3.thaiwater.net/api/v1/thaiwater30/public/waterlevel_graph?station_type=tele_waterlevel&station_id=1109525&start_date=2026-06-08&end_date=2026-09-06,2026-09-11T09:38:12.935673Z,200,application/json; charset=utf-8,1034707,528098162d558b0a35ea9c257abe86123eb7e802b38633093eba43b42d271b82,55175,OK,13104,13010,0,0,2026-06-08 00:00,2026-09-06 23:50,False,
1117431_2026-06-08_2026-09-06_a2,1117431,2026-06-08,2026-09-06,https://api-v3.thaiwater.net/api/v1/thaiwater30/public/waterlevel_graph?station_type=tele_waterlevel&station_id=1117431&start_date=2026-06-08&end_date=2026-09-06,2026-09-11T09:38:16.858951Z,200,application/json; charset=utf-8,1059529,90f8d99e059afecf724656a041996821d99bee049c84cf6431b42bf263b61f47,45393,OK,13104,13017,0,0,2026-06-08 00:00,2026-09-06 23:50,False,
