station_id,product_id,native_field,window_start,window_end,window_dates,grid_rows,grid_first,grid_last,nonnull_observations,status,http_status,content_type,retrieved_at,response_bytes,response_sha256,evidence_body,evidence_receipt,acquisition_mode,request_id,request_url,source_id,availability
1,stage_reported,value,2026-06-08,2026-09-06,91,13104,2026-06-08 00:00,2026-09-06 23:50,13069,available,200,application/json; charset=utf-8,2026-09-13T18:03:34.732006+00:00,1046946,df9ee38e6cf80d6b9f77b4964ff493b6ec78a1bf7a091f2a5f04bd45e4bd16df,bodies/1_2026-06-08_2026-09-06_a1.body,receipts/1_2026-06-08_2026-09-06_a1.json,new,new_20260913_1_2026-06-08_2026-09-06_a1,https://api-v3.thaiwater.net/api/v1/thaiwater30/public/waterlevel_graph?station_type=tele_waterlevel&station_id=1&start_date=2026-06-08&end_date=2026-09-06,th_agency_9,available
1,discharge_reported,discharge,2026-06-08,2026-09-06,91,13104,2026-06-08 00:00,2026-09-06 23:50,0,empty_in_tested_window,200,application/json; charset=utf-8,2026-09-13T18:03:34.732006+00:00,1046946,df9ee38e6cf80d6b9f77b4964ff493b6ec78a1bf7a091f2a5f04bd45e4bd16df,bodies/1_2026-06-08_2026-09-06_a1.body,receipts/1_2026-06-08_2026-09-06_a1.json,new,new_20260913_1_2026-06-08_2026-09-06_a1,https://api-v3.thaiwater.net/api/v1/thaiwater30/public/waterlevel_graph?station_type=tele_waterlevel&station_id=1&start_date=2026-06-08&end_date=2026-09-06,th_agency_9,unknown
3,stage_reported,value,2026-06-08,2026-09-06,91,13104,2026-06-08 00:00,2026-09-06 23:50,6936,available,200,application/json; charset=utf-8,2026-09-13T18:03:36.887254+00:00,1048443,dc78a3224a54c436759c632c47e306560b40c40ca79105c2e44c6f6814f37bb9,bodies/3_2026-06-08_2026-09-06_a1.body,receipts/3_2026-06-08_2026-09-06_a1.json,new,new_20260913_3_2026-06-08_2026-09-06_a1,https://api-v3.thaiwater.net/api/v1/thaiwater30/public/waterlevel_graph?station_type=tele_waterlevel&station_id=3&start_date=2026-06-08&end_date=2026-09-06,th_agency_9,available
3,discharge_reported,discharge,2026-06-08,2026-09-06,91,13104,2026-06-08 00:00,2026-09-06 23:50,0,empty_in_tested_window,200,application/json; charset=utf-8,2026-09-13T18:03:36.887254+00:00,1048443,dc78a3224a54c436759c632c47e306560b40c40ca79105c2e44c6f6814f37bb9,bodies/3_2026-06-08_2026-09-06_a1.body,receipts/3_2026-06-08_2026-09-06_a1.json,new,new_20260913_3_2026-06-08_2026-09-06_a1,https://api-v3.thaiwater.net/api/v1/thaiwater30/public/waterlevel_graph?station_type=tele_waterlevel&station_id=3&start_date=2026-06-08&end_date=2026-09-06,th_agency_9,unknown
4,stage_reported,value,2026-06-08,2026-09-06,91,13104,2026-06-08 00:00,2026-09-06 23:50,12963,available,200,application/json; charset=utf-8,2026-09-13T18:03:40.880130+00:00,1038457,38c2473cbd588a8cc526cfd7b310d5d369f2ce1112ee8b780a9a2ee1dcf8f730,bodies/4_2026-06-08_2026-09-06_a1.body,receipts/4_2026-06-08_2026-09-06_a1.json,new,new_20260913_4_2026-06-08_2026-09-06_a1,https://api-v3.thaiwater.net/api/v1/thaiwater30/public/waterlevel_graph?station_type=tele_waterlevel&station_id=4&start_date=2026-06-08&end_date=2026-09-06,th_agency_9,available
4,discharge_reported,discharge,2026-06-08,2026-09-06,91,13104,2026-06-08 00:00,2026-09-06 23:50,0,empty_in_tested_window,200,application/json; charset=utf-8,2026-09-13T18:03:40.880130+00:00,1038457,38c2473cbd588a8cc526cfd7b310d5d369f2ce1112ee8b780a9a2ee1dcf8f730,bodies/4_2026-06-08_2026-09-06_a1.body,receipts/4_2026-06-08_2026-09-06_a1.json,new,new_20260913_4_2026-06-08_2026-09-06_a1,https://api-v3.thaiwater.net/api/v1/thaiwater30/public/waterlevel_graph?station_type=tele_waterlevel&station_id=4&start_date=2026-06-08&end_date=2026-09-06,th_agency_9,unknown
5,stage_reported,value,2026-06-08,2026-09-06,91,13104,2026-06-08 00:00,2026-09-06 23:50,5092,available,200,application/json; charset=utf-8,2026-09-13T18:03:43.324715+00:00,1039952,3da00ee80a38d8215d31ddb6f7335b7806477656f246c523f86b97e417da0306,bodies/5_2026-06-08_2026-09-06_a1.body,receipts/5_2026-06-08_2026-09-06_a1.json,new,new_20260913_5_2026-06-08_2026-09-06_a1,https://api-v3.thaiwater.net/api/v1/thaiwater30/public/waterlevel_graph?station_type=tele_waterlevel&station_id=5&start_date=2026-06-08&end_date=2026-09-06,th_agency_9,available
5,discharge_reported,discharge,2026-06-08,2026-09-06,91,13104,2026-06-08 00:00,2026-09-06 23:50,0,empty_in_tested_window,200,application/json; charset=utf-8,2026-09-13T18:03:43.324715+00:00,1039952,3da00ee80a38d8215d31ddb6f7335b7806477656f246c523f86b97e417da0306,bodies/5_2026-06-08_2026-09-06_a1.body,receipts/5_2026-06-08_2026-09-06_a1.json,new,new_20260913_5_2026-06-08_2026-09-06_a1,https://api-v3.thaiwater.net/api/v1/thaiwater30/public/waterlevel_graph?station_type=tele_waterlevel&station_id=5&start_date=2026-06-08&end_date=2026-09-06,th_agency_9,unknown
8,stage_reported,value,2026-06-08,2026-09-06,91,13104,2026-06-08 00:00,2026-09-06 23:50,13062,available,200,application/json; charset=utf-8,2026-09-13T18:03:45.429355+00:00,1046877,92e267138ace08ccd5478620331dd9a502306fe484a51b7a40ff585d56748409,bodies/8_2026-06-08_2026-09-06_a1.body,receipts/8_2026-06-08_2026-09-06_a1.json,new,new_20260913_8_2026-06-08_2026-09-06_a1,https://api-v3.thaiwater.net/api/v1/thaiwater30/public/waterlevel_graph?station_type=tele_waterlevel&station_id=8&start_date=2026-06-08&end_date=2026-09-06,th_agency_9,available
8,discharge_reported,discharge,2026-06-08,2026-09-06,91,13104,2026-06-08 00:00,2026-09-06 23:50,0,empty_in_tested_window,200,application/json; charset=utf-8,2026-09-13T18:03:45.429355+00:00,1046877,92e267138ace08ccd5478620331dd9a502306fe484a51b7a40ff585d56748409,bodies/8_2026-06-08_2026-09-06_a1.body,receipts/8_2026-06-08_2026-09-06_a1.json,new,new_20260913_8_2026-06-08_2026-09-06_a1,https://api-v3.thaiwater.net/api/v1/thaiwater30/public/waterlevel_graph?station_type=tele_waterlevel&station_id=8&start_date=2026-06-08&end_date=2026-09-06,th_agency_9,unknown
10,stage_reported,value,2026-06-08,2026-09-06,91,13104,2026-06-08 00:00,2026-09-06 23:50,13056,available,200,application/json; charset=utf-8,2026-09-13T18:03:47.940400+00:00,1060049,ee021e99c62612747e594fcfeddc679c4569f67710410cd225fe89eee6ffbce6,bodies/10_2026-06-08_2026-09-06_a1.body,receipts/10_2026-06-08_2026-09-06_a1.json,new,new_20260913_10_2026-06-08_2026-09-06_a1,https://api-v3.thaiwater.net/api/v1/thaiwater30/public/waterlevel_graph?station_type=tele_waterlevel&station_id=10&start_date=2026-06-08&end_date=2026-09-06,th_agency_9,available
10,discharge_reported,discharge,2026-06-08,2026-09-06,91,13104,2026-06-08 00:00,2026-09-06 23:50,0,empty_in_tested_window,200,application/json; charset=utf-8,2026-09-13T18:03:47.940400+00:00,1060049,ee021e99c62612747e594fcfeddc679c4569f67710410cd225fe89eee6ffbce6,bodies/10_2026-06-08_2026-09-06_a1.body,receipts/10_2026-06-08_2026-09-06_a1.json,new,new_20260913_10_2026-06-08_2026-09-06_a1,https://api-v3.thaiwater.net/api/v1/thaiwater30/public/waterlevel_graph?station_type=tele_waterlevel&station_id=10&start_date=2026-06-08&end_date=2026-09-06,th_agency_9,unknown
11,stage_reported,value,2026-06-08,2026-09-06,91,13104,2026-06-08 00:00,2026-09-06 23:50,13059,available,200,application/json; charset=utf-8,2026-09-13T18:03:50.288682+00:00,1047051,8e9638416a7f367f117afe38d29ad53432a6b965a15eeb926f0d7872b88e3396,bodies/11_2026-06-08_2026-09-06_a1.body,receipts/11_2026-06-08_2026-09-06_a1.json,new,new_20260913_11_2026-06-08_2026-09-06_a1,https://api-v3.thaiwater.net/api/v1/thaiwater30/public/waterlevel_graph?station_type=tele_waterlevel&station_id=11&start_date=2026-06-08&end_date=2026-09-06,th_agency_9,available
11,discharge_reported,discharge,2026-06-08,2026-09-06,91,13104,2026-06-08 00:00,2026-09-06 23:50,0,empty_in_tested_window,200,application/json; charset=utf-8,2026-09-13T18:03:50.288682+00:00,1047051,8e9638416a7f367f117afe38d29ad53432a6b965a15eeb926f0d7872b88e3396,bodies/11_2026-06-08_2026-09-06_a1.body,receipts/11_2026-06-08_2026-09-06_a1.json,new,new_20260913_11_2026-06-08_2026-09-06_a1,https://api-v3.thaiwater.net/api/v1/thaiwater30/public/waterlevel_graph?station_type=tele_waterlevel&station_id=11&start_date=2026-06-08&end_date=2026-09-06,th_agency_9,unknown
14,stage_reported,value,2026-06-08,2026-09-06,91,13104,2026-06-08 00:00,2026-09-06 23:50,10084,available,200,application/json; charset=utf-8,2026-09-13T18:03:52.538155+00:00,1044317,6ee558f73efc8fbaef56e6ed6f24d61a7889c433e2dad166eafdb269446e2682,bodies/14_2026-06-08_2026-09-06_a1.body,receipts/14_2026-06-08_2026-09-06_a1.json,new,new_20260913_14_2026-06-08_2026-09-06_a1,https://api-v3.thaiwater.net/api/v1/thaiwater30/public/waterlevel_graph?station_type=tele_waterlevel&station_id=14&start_date=2026-06-08&end_date=2026-09-06,th_agency_9,available
14,discharge_reported,discharge,2026-06-08,2026-09-06,91,13104,2026-06-08 00:00,2026-09-06 23:50,0,empty_in_tested_window,200,application/json; charset=utf-8,2026-09-13T18:03:52.538155+00:00,1044317,6ee558f73efc8fbaef56e6ed6f24d61a7889c433e2dad166eafdb269446e2682,bodies/14_2026-06-08_2026-09-06_a1.body,receipts/14_2026-06-08_2026-09-06_a1.json,new,new_20260913_14_2026-06-08_2026-09-06_a1,https://api-v3.thaiwater.net/api/v1/thaiwater30/public/waterlevel_graph?station_type=tele_waterlevel&station_id=14&start_date=2026-06-08&end_date=2026-09-06,th_agency_9,unknown
21,stage_reported,value,2026-06-08,2026-09-06,91,13104,2026-06-08 00:00,2026-09-06 23:50,13045,available,200,application/json; charset=utf-8,2026-09-13T18:03:54.789062+00:00,1059896,29d9c95ea9eb7e151702bc82c0fcfaffb78f3dbbc3c398d6628f1d267aec602d,bodies/21_2026-06-08_2026-09-06_a1.body,receipts/21_2026-06-08_2026-09-06_a1.json,new,new_20260913_21_2026-06-08_2026-09-06_a1,https://api-v3.thaiwater.net/api/v1/thaiwater30/public/waterlevel_graph?station_type=tele_waterlevel&station_id=21&start_date=2026-06-08&end_date=2026-09-06,th_agency_9,available
21,discharge_reported,discharge,2026-06-08,2026-09-06,91,13104,2026-06-08 00:00,2026-09-06 23:50,0,empty_in_tested_window,200,application/json; charset=utf-8,2026-09-13T18:03:54.789062+00:00,1059896,29d9c95ea9eb7e151702bc82c0fcfaffb78f3dbbc3c398d6628f1d267aec602d,bodies/21_2026-06-08_2026-09-06_a1.body,receipts/21_2026-06-08_2026-09-06_a1.json,new,new_20260913_21_2026-06-08_2026-09-06_a1,https://api-v3.thaiwater.net/api/v1/thaiwater30/public/waterlevel_graph?station_type=tele_waterlevel&station_id=21&start_date=2026-06-08&end_date=2026-09-06,th_agency_9,unknown
24,stage_reported,value,2026-06-08,2026-09-06,91,13104,2026-06-08 00:00,2026-09-06 23:50,13068,available,200,application/json; charset=utf-8,2026-09-13T18:03:57.036884+00:00,1046885,f73504620d0aa010bbd725a9497d37124f96c21d07d2bcd58c6a3d5f6991b931,bodies/24_2026-06-08_2026-09-06_a1.body,receipts/24_2026-06-08_2026-09-06_a1.json,new,new_20260913_24_2026-06-08_2026-09-06_a1,https://api-v3.thaiwater.net/api/v1/thaiwater30/public/waterlevel_graph?station_type=tele_waterlevel&station_id=24&start_date=2026-06-08&end_date=2026-09-06,th_agency_9,available
24,discharge_reported,discharge,2026-06-08,2026-09-06,91,13104,2026-06-08 00:00,2026-09-06 23:50,0,empty_in_tested_window,200,application/json; charset=utf-8,2026-09-13T18:03:57.036884+00:00,1046885,f73504620d0aa010bbd725a9497d37124f96c21d07d2bcd58c6a3d5f6991b931,bodies/24_2026-06-08_2026-09-06_a1.body,receipts/24_2026-06-08_2026-09-06_a1.json,new,new_20260913_24_2026-06-08_2026-09-06_a1,https://api-v3.thaiwater.net/api/v1/thaiwater30/public/waterlevel_graph?station_type=tele_waterlevel&station_id=24&start_date=2026-06-08&end_date=2026-09-06,th_agency_9,unknown
26,stage_reported,value,2026-06-08,2026-09-06,91,13104,2026-06-08 00:00,2026-09-06 23:50,12861,available,200,application/json; charset=utf-8,2026-09-13T18:03:59.360700+00:00,1034905,fd0e4a8f4a6d18679c8459a07b0f96ea5b66015d818f0871076820b9e11a2799,bodies/26_2026-06-08_2026-09-06_a1.body,receipts/26_2026-06-08_2026-09-06_a1.json,new,new_20260913_26_2026-06-08_2026-09-06_a1,https://api-v3.thaiwater.net/api/v1/thaiwater30/public/waterlevel_graph?station_type=tele_waterlevel&station_id=26&start_date=2026-06-08&end_date=2026-09-06,th_agency_9,available
26,discharge_reported,discharge,2026-06-08,2026-09-06,91,13104,2026-06-08 00:00,2026-09-06 23:50,0,empty_in_tested_window,200,application/json; charset=utf-8,2026-09-13T18:03:59.360700+00:00,1034905,fd0e4a8f4a6d18679c8459a07b0f96ea5b66015d818f0871076820b9e11a2799,bodies/26_2026-06-08_2026-09-06_a1.body,receipts/26_2026-06-08_2026-09-06_a1.json,new,new_20260913_26_2026-06-08_2026-09-06_a1,https://api-v3.thaiwater.net/api/v1/thaiwater30/public/waterlevel_graph?station_type=tele_waterlevel&station_id=26&start_date=2026-06-08&end_date=2026-09-06,th_agency_9,unknown
27,stage_reported,value,2026-06-08,2026-09-06,91,13104,2026-06-08 00:00,2026-09-06 23:50,12845,available,200,application/json; charset=utf-8,2026-09-13T18:04:01.610600+00:00,1046752,ca1894dbdacd2fd69c518e440e75d8a51ddc0e9a8b8415187fc6e272276a9221,bodies/27_2026-06-08_2026-09-06_a1.body,receipts/27_2026-06-08_2026-09-06_a1.json,new,new_20260913_27_2026-06-08_2026-09-06_a1,https://api-v3.thaiwater.net/api/v1/thaiwater30/public/waterlevel_graph?station_type=tele_waterlevel&station_id=27&start_date=2026-06-08&end_date=2026-09-06,th_agency_9,available
27,discharge_reported,discharge,2026-06-08,2026-09-06,91,13104,2026-06-08 00:00,2026-09-06 23:50,0,empty_in_tested_window,200,application/json; charset=utf-8,2026-09-13T18:04:01.610600+00:00,1046752,ca1894dbdacd2fd69c518e440e75d8a51ddc0e9a8b8415187fc6e272276a9221,bodies/27_2026-06-08_2026-09-06_a1.body,receipts/27_2026-06-08_2026-09-06_a1.json,new,new_20260913_27_2026-06-08_2026-09-06_a1,https://api-v3.thaiwater.net/api/v1/thaiwater30/public/waterlevel_graph?station_type=tele_waterlevel&station_id=27&start_date=2026-06-08&end_date=2026-09-06,th_agency_9,unknown
29,stage_reported,value,2026-06-08,2026-09-06,91,13104,2026-06-08 00:00,2026-09-06 23:50,12986,available,200,application/json; charset=utf-8,2026-09-13T18:04:04.497096+00:00,1043897,6a1d773cbbc9fe87d3664a2c11094eb2b325b91e4b753a2df45e711a99e40937,bodies/29_2026-06-08_2026-09-06_a1.body,receipts/29_2026-06-08_2026-09-06_a1.json,new,new_20260913_29_2026-06-08_2026-09-06_a1,https://api-v3.thaiwater.net/api/v1/thaiwater30/public/waterlevel_graph?station_type=tele_waterlevel&station_id=29&start_date=2026-06-08&end_date=2026-09-06,th_agency_9,available
29,discharge_reported,discharge,2026-06-08,2026-09-06,91,13104,2026-06-08 00:00,2026-09-06 23:50,0,empty_in_tested_window,200,application/json; charset=utf-8,2026-09-13T18:04:04.497096+00:00,1043897,6a1d773cbbc9fe87d3664a2c11094eb2b325b91e4b753a2df45e711a99e40937,bodies/29_2026-06-08_2026-09-06_a1.body,receipts/29_2026-06-08_2026-09-06_a1.json,new,new_20260913_29_2026-06-08_2026-09-06_a1,https://api-v3.thaiwater.net/api/v1/thaiwater30/public/waterlevel_graph?station_type=tele_waterlevel&station_id=29&start_date=2026-06-08&end_date=2026-09-06,th_agency_9,unknown
36,stage_reported,value,2026-06-08,2026-09-06,91,13104,2026-06-08 00:00,2026-09-06 23:50,13064,available,200,application/json; charset=utf-8,2026-09-13T18:04:06.924755+00:00,1047032,8f34a8bd898f34f738a31d74458490842ea4d6c77ecbdfaa7a4037487c664d90,bodies/36_2026-06-08_2026-09-06_a1.body,receipts/36_2026-06-08_2026-09-06_a1.json,new,new_20260913_36_2026-06-08_2026-09-06_a1,https://api-v3.thaiwater.net/api/v1/thaiwater30/public/waterlevel_graph?station_type=tele_waterlevel&station_id=36&start_date=2026-06-08&end_date=2026-09-06,th_agency_9,available
36,discharge_reported,discharge,2026-06-08,2026-09-06,91,13104,2026-06-08 00:00,2026-09-06 23:50,0,empty_in_tested_window,200,application/json; charset=utf-8,2026-09-13T18:04:06.924755+00:00,1047032,8f34a8bd898f34f738a31d74458490842ea4d6c77ecbdfaa7a4037487c664d90,bodies/36_2026-06-08_2026-09-06_a1.body,receipts/36_2026-06-08_2026-09-06_a1.json,new,new_20260913_36_2026-06-08_2026-09-06_a1,https://api-v3.thaiwater.net/api/v1/thaiwater30/public/waterlevel_graph?station_type=tele_waterlevel&station_id=36&start_date=2026-06-08&end_date=2026-09-06,th_agency_9,unknown
37,stage_reported,value,2026-06-08,2026-09-06,91,13104,2026-06-08 00:00,2026-09-06 23:50,13058,available,200,application/json; charset=utf-8,2026-09-13T18:04:09.365171+00:00,1046963,c3d48a18f496459d1efcd54a9bf99f921877802703b55db17cf9acca62aba5cf,bodies/37_2026-06-08_2026-09-06_a1.body,receipts/37_2026-06-08_2026-09-06_a1.json,new,new_20260913_37_2026-06-08_2026-09-06_a1,https://api-v3.thaiwater.net/api/v1/thaiwater30/public/waterlevel_graph?station_type=tele_waterlevel&station_id=37&start_date=2026-06-08&end_date=2026-09-06,th_agency_9,available
37,discharge_reported,discharge,2026-06-08,2026-09-06,91,13104,2026-06-08 00:00,2026-09-06 23:50,0,empty_in_tested_window,200,application/json; charset=utf-8,2026-09-13T18:04:09.365171+00:00,1046963,c3d48a18f496459d1efcd54a9bf99f921877802703b55db17cf9acca62aba5cf,bodies/37_2026-06-08_2026-09-06_a1.body,receipts/37_2026-06-08_2026-09-06_a1.json,new,new_20260913_37_2026-06-08_2026-09-06_a1,https://api-v3.thaiwater.net/api/v1/thaiwater30/public/waterlevel_graph?station_type=tele_waterlevel&station_id=37&start_date=2026-06-08&end_date=2026-09-06,th_agency_9,unknown
39,stage_reported,value,2026-06-08,2026-09-06,91,13104,2026-06-08 00:00,2026-09-06 23:50,13065,available,200,application/json; charset=utf-8,2026-09-13T18:04:11.707547+00:00,1048232,4319b9ef025ab9a53674ffaf0bb79378365cb4376b47e2324646e6b79168f238,bodies/39_2026-06-08_2026-09-06_a1.body,receipts/39_2026-06-08_2026-09-06_a1.json,new,new_20260913_39_2026-06-08_2026-09-06_a1,https://api-v3.thaiwater.net/api/v1/thaiwater30/public/waterlevel_graph?station_type=tele_waterlevel&station_id=39&start_date=2026-06-08&end_date=2026-09-06,th_agency_9,available
39,discharge_reported,discharge,2026-06-08,2026-09-06,91,13104,2026-06-08 00:00,2026-09-06 23:50,0,empty_in_tested_window,200,application/json; charset=utf-8,2026-09-13T18:04:11.707547+00:00,1048232,4319b9ef025ab9a53674ffaf0bb79378365cb4376b47e2324646e6b79168f238,bodies/39_2026-06-08_2026-09-06_a1.body,receipts/39_2026-06-08_2026-09-06_a1.json,new,new_20260913_39_2026-06-08_2026-09-06_a1,https://api-v3.thaiwater.net/api/v1/thaiwater30/public/waterlevel_graph?station_type=tele_waterlevel&station_id=39&start_date=2026-06-08&end_date=2026-09-06,th_agency_9,unknown
40,stage_reported,value,2026-06-08,2026-09-06,91,13104,2026-06-08 00:00,2026-09-06 23:50,13055,available,200,application/json; charset=utf-8,2026-09-13T18:04:15.491673+00:00,1049124,45167714093c5b8c2e36d695a6ff33d02702b6813c5fe07dc2d711902ec36dc8,bodies/40_2026-06-08_2026-09-06_a1.body,receipts/40_2026-06-08_2026-09-06_a1.json,new,new_20260913_40_2026-06-08_2026-09-06_a1,https://api-v3.thaiwater.net/api/v1/thaiwater30/public/waterlevel_graph?station_type=tele_waterlevel&station_id=40&start_date=2026-06-08&end_date=2026-09-06,th_agency_9,available
40,discharge_reported,discharge,2026-06-08,2026-09-06,91,13104,2026-06-08 00:00,2026-09-06 23:50,0,empty_in_tested_window,200,application/json; charset=utf-8,2026-09-13T18:04:15.491673+00:00,1049124,45167714093c5b8c2e36d695a6ff33d02702b6813c5fe07dc2d711902ec36dc8,bodies/40_2026-06-08_2026-09-06_a1.body,receipts/40_2026-06-08_2026-09-06_a1.json,new,new_20260913_40_2026-06-08_2026-09-06_a1,https://api-v3.thaiwater.net/api/v1/thaiwater30/public/waterlevel_graph?station_type=tele_waterlevel&station_id=40&start_date=2026-06-08&end_date=2026-09-06,th_agency_9,unknown
44,stage_reported,value,2026-06-08,2026-09-06,91,13104,2026-06-08 00:00,2026-09-06 23:50,13067,available,200,application/json; charset=utf-8,2026-09-13T18:04:18.367544+00:00,1049510,be9f4008ad29d7a1a63d23dc4485c60add47a49ed88f7117e5072ecdf471f43c,bodies/44_2026-06-08_2026-09-06_a1.body,receipts/44_2026-06-08_2026-09-06_a1.json,new,new_20260913_44_2026-06-08_2026-09-06_a1,https://api-v3.thaiwater.net/api/v1/thaiwater30/public/waterlevel_graph?station_type=tele_waterlevel&station_id=44&start_date=2026-06-08&end_date=2026-09-06,th_agency_9,available
44,discharge_reported,discharge,2026-06-08,2026-09-06,91,13104,2026-06-08 00:00,2026-09-06 23:50,0,empty_in_tested_window,200,application/json; charset=utf-8,2026-09-13T18:04:18.367544+00:00,1049510,be9f4008ad29d7a1a63d23dc4485c60add47a49ed88f7117e5072ecdf471f43c,bodies/44_2026-06-08_2026-09-06_a1.body,receipts/44_2026-06-08_2026-09-06_a1.json,new,new_20260913_44_2026-06-08_2026-09-06_a1,https://api-v3.thaiwater.net/api/v1/thaiwater30/public/waterlevel_graph?station_type=tele_waterlevel&station_id=44&start_date=2026-06-08&end_date=2026-09-06,th_agency_9,unknown
47,stage_reported,value,2026-06-08,2026-09-06,91,13104,2026-06-08 00:00,2026-09-06 23:50,12990,available,200,application/json; charset=utf-8,2026-09-13T18:04:21.416923+00:00,1046940,fc44a6bf59db80ae7e32d79f4fda33a93bf200579c2e690598d9a3c848f53f60,bodies/47_2026-06-08_2026-09-06_a1.body,receipts/47_2026-06-08_2026-09-06_a1.json,new,new_20260913_47_2026-06-08_2026-09-06_a1,https://api-v3.thaiwater.net/api/v1/thaiwater30/public/waterlevel_graph?station_type=tele_waterlevel&station_id=47&start_date=2026-06-08&end_date=2026-09-06,th_agency_9,available
47,discharge_reported,discharge,2026-06-08,2026-09-06,91,13104,2026-06-08 00:00,2026-09-06 23:50,0,empty_in_tested_window,200,application/json; charset=utf-8,2026-09-13T18:04:21.416923+00:00,1046940,fc44a6bf59db80ae7e32d79f4fda33a93bf200579c2e690598d9a3c848f53f60,bodies/47_2026-06-08_2026-09-06_a1.body,receipts/47_2026-06-08_2026-09-06_a1.json,new,new_20260913_47_2026-06-08_2026-09-06_a1,https://api-v3.thaiwater.net/api/v1/thaiwater30/public/waterlevel_graph?station_type=tele_waterlevel&station_id=47&start_date=2026-06-08&end_date=2026-09-06,th_agency_9,unknown
48,stage_reported,value,2026-06-08,2026-09-06,91,13104,2026-06-08 00:00,2026-09-06 23:50,13039,available,200,application/json; charset=utf-8,2026-09-13T18:04:24.445772+00:00,1047305,065d6d836e3f8ca95a816f0a64f15ddf484a5985b4abb2b17600cc8734c47211,bodies/48_2026-06-08_2026-09-06_a1.body,receipts/48_2026-06-08_2026-09-06_a1.json,new,new_20260913_48_2026-06-08_2026-09-06_a1,https://api-v3.thaiwater.net/api/v1/thaiwater30/public/waterlevel_graph?station_type=tele_waterlevel&station_id=48&start_date=2026-06-08&end_date=2026-09-06,th_agency_9,available
48,discharge_reported,discharge,2026-06-08,2026-09-06,91,13104,2026-06-08 00:00,2026-09-06 23:50,0,empty_in_tested_window,200,application/json; charset=utf-8,2026-09-13T18:04:24.445772+00:00,1047305,065d6d836e3f8ca95a816f0a64f15ddf484a5985b4abb2b17600cc8734c47211,bodies/48_2026-06-08_2026-09-06_a1.body,receipts/48_2026-06-08_2026-09-06_a1.json,new,new_20260913_48_2026-06-08_2026-09-06_a1,https://api-v3.thaiwater.net/api/v1/thaiwater30/public/waterlevel_graph?station_type=tele_waterlevel&station_id=48&start_date=2026-06-08&end_date=2026-09-06,th_agency_9,unknown
49,stage_reported,value,2026-06-08,2026-09-06,91,13104,2026-06-08 00:00,2026-09-06 23:50,12971,available,200,application/json; charset=utf-8,2026-09-13T18:04:27.438770+00:00,1049539,b91c7ae3678fa70d45796547108bf573eb20bb1efefcc13feb5b2d56b1dbc5c2,bodies/49_2026-06-08_2026-09-06_a1.body,receipts/49_2026-06-08_2026-09-06_a1.json,new,new_20260913_49_2026-06-08_2026-09-06_a1,https://api-v3.thaiwater.net/api/v1/thaiwater30/public/waterlevel_graph?station_type=tele_waterlevel&station_id=49&start_date=2026-06-08&end_date=2026-09-06,th_agency_9,available
49,discharge_reported,discharge,2026-06-08,2026-09-06,91,13104,2026-06-08 00:00,2026-09-06 23:50,0,empty_in_tested_window,200,application/json; charset=utf-8,2026-09-13T18:04:27.438770+00:00,1049539,b91c7ae3678fa70d45796547108bf573eb20bb1efefcc13feb5b2d56b1dbc5c2,bodies/49_2026-06-08_2026-09-06_a1.body,receipts/49_2026-06-08_2026-09-06_a1.json,new,new_20260913_49_2026-06-08_2026-09-06_a1,https://api-v3.thaiwater.net/api/v1/thaiwater30/public/waterlevel_graph?station_type=tele_waterlevel&station_id=49&start_date=2026-06-08&end_date=2026-09-06,th_agency_9,unknown
50,stage_reported,value,2026-06-08,2026-09-06,91,13104,2026-06-08 00:00,2026-09-06 23:50,13063,available,200,application/json; charset=utf-8,2026-09-13T18:04:31.613641+00:00,1046861,c174a4fee539501c671cdd5ea7e8b48f329e40caa97926696503f6a575eb5dba,bodies/50_2026-06-08_2026-09-06_a1.body,receipts/50_2026-06-08_2026-09-06_a1.json,new,new_20260913_50_2026-06-08_2026-09-06_a1,https://api-v3.thaiwater.net/api/v1/thaiwater30/public/waterlevel_graph?station_type=tele_waterlevel&station_id=50&start_date=2026-06-08&end_date=2026-09-06,th_agency_9,available
50,discharge_reported,discharge,2026-06-08,2026-09-06,91,13104,2026-06-08 00:00,2026-09-06 23:50,0,empty_in_tested_window,200,application/json; charset=utf-8,2026-09-13T18:04:31.613641+00:00,1046861,c174a4fee539501c671cdd5ea7e8b48f329e40caa97926696503f6a575eb5dba,bodies/50_2026-06-08_2026-09-06_a1.body,receipts/50_2026-06-08_2026-09-06_a1.json,new,new_20260913_50_2026-06-08_2026-09-06_a1,https://api-v3.thaiwater.net/api/v1/thaiwater30/public/waterlevel_graph?station_type=tele_waterlevel&station_id=50&start_date=2026-06-08&end_date=2026-09-06,th_agency_9,unknown
54,stage_reported,value,2026-06-08,2026-09-06,91,13104,2026-06-08 00:00,2026-09-06 23:50,13070,available,200,application/json; charset=utf-8,2026-09-13T18:04:35.024664+00:00,1047022,61cd0394057ded176dc3ffa8b68d4846a516031c7fa46200dff3ea0b304072dd,bodies/54_2026-06-08_2026-09-06_a1.body,receipts/54_2026-06-08_2026-09-06_a1.json,new,new_20260913_54_2026-06-08_2026-09-06_a1,https://api-v3.thaiwater.net/api/v1/thaiwater30/public/waterlevel_graph?station_type=tele_waterlevel&station_id=54&start_date=2026-06-08&end_date=2026-09-06,th_agency_9,available
54,discharge_reported,discharge,2026-06-08,2026-09-06,91,13104,2026-06-08 00:00,2026-09-06 23:50,0,empty_in_tested_window,200,application/json; charset=utf-8,2026-09-13T18:04:35.024664+00:00,1047022,61cd0394057ded176dc3ffa8b68d4846a516031c7fa46200dff3ea0b304072dd,bodies/54_2026-06-08_2026-09-06_a1.body,receipts/54_2026-06-08_2026-09-06_a1.json,new,new_20260913_54_2026-06-08_2026-09-06_a1,https://api-v3.thaiwater.net/api/v1/thaiwater30/public/waterlevel_graph?station_type=tele_waterlevel&station_id=54&start_date=2026-06-08&end_date=2026-09-06,th_agency_9,unknown
57,stage_reported,value,2026-06-08,2026-09-06,91,13104,2026-06-08 00:00,2026-09-06 23:50,13066,available,200,application/json; charset=utf-8,2026-09-13T18:04:38.436536+00:00,1046951,67ce084b80e056454fef0c33b943ed7d68b0c494dd0044c91d77e20bbb8e707b,bodies/57_2026-06-08_2026-09-06_a1.body,receipts/57_2026-06-08_2026-09-06_a1.json,new,new_20260913_57_2026-06-08_2026-09-06_a1,https://api-v3.thaiwater.net/api/v1/thaiwater30/public/waterlevel_graph?station_type=tele_waterlevel&station_id=57&start_date=2026-06-08&end_date=2026-09-06,th_agency_9,available
57,discharge_reported,discharge,2026-06-08,2026-09-06,91,13104,2026-06-08 00:00,2026-09-06 23:50,0,empty_in_tested_window,200,application/json; charset=utf-8,2026-09-13T18:04:38.436536+00:00,1046951,67ce084b80e056454fef0c33b943ed7d68b0c494dd0044c91d77e20bbb8e707b,bodies/57_2026-06-08_2026-09-06_a1.body,receipts/57_2026-06-08_2026-09-06_a1.json,new,new_20260913_57_2026-06-08_2026-09-06_a1,https://api-v3.thaiwater.net/api/v1/thaiwater30/public/waterlevel_graph?station_type=tele_waterlevel&station_id=57&start_date=2026-06-08&end_date=2026-09-06,th_agency_9,unknown
58,stage_reported,value,2026-06-08,2026-09-06,91,13104,2026-06-08 00:00,2026-09-06 23:50,13028,available,200,application/json; charset=utf-8,2026-09-13T18:04:41.826169+00:00,1046925,52f125300789abf7bb303a1cb5b28cdf8a45f22e92668b70544ba2fca556a032,bodies/58_2026-06-08_2026-09-06_a1.body,receipts/58_2026-06-08_2026-09-06_a1.json,new,new_20260913_58_2026-06-08_2026-09-06_a1,https://api-v3.thaiwater.net/api/v1/thaiwater30/public/waterlevel_graph?station_type=tele_waterlevel&station_id=58&start_date=2026-06-08&end_date=2026-09-06,th_agency_9,available
58,discharge_reported,discharge,2026-06-08,2026-09-06,91,13104,2026-06-08 00:00,2026-09-06 23:50,0,empty_in_tested_window,200,application/json; charset=utf-8,2026-09-13T18:04:41.826169+00:00,1046925,52f125300789abf7bb303a1cb5b28cdf8a45f22e92668b70544ba2fca556a032,bodies/58_2026-06-08_2026-09-06_a1.body,receipts/58_2026-06-08_2026-09-06_a1.json,new,new_20260913_58_2026-06-08_2026-09-06_a1,https://api-v3.thaiwater.net/api/v1/thaiwater30/public/waterlevel_graph?station_type=tele_waterlevel&station_id=58&start_date=2026-06-08&end_date=2026-09-06,th_agency_9,unknown
61,stage_reported,value,2026-06-08,2026-09-06,91,13104,2026-06-08 00:00,2026-09-06 23:50,13069,available,200,application/json; charset=utf-8,2026-09-13T18:04:45.231619+00:00,1046980,3d5f477feb0d59955ff41f80cc57bfdc1c780b1a355430d084dc61c5049da541,bodies/61_2026-06-08_2026-09-06_a1.body,receipts/61_2026-06-08_2026-09-06_a1.json,new,new_20260913_61_2026-06-08_2026-09-06_a1,https://api-v3.thaiwater.net/api/v1/thaiwater30/public/waterlevel_graph?station_type=tele_waterlevel&station_id=61&start_date=2026-06-08&end_date=2026-09-06,th_agency_9,available
61,discharge_reported,discharge,2026-06-08,2026-09-06,91,13104,2026-06-08 00:00,2026-09-06 23:50,0,empty_in_tested_window,200,application/json; charset=utf-8,2026-09-13T18:04:45.231619+00:00,1046980,3d5f477feb0d59955ff41f80cc57bfdc1c780b1a355430d084dc61c5049da541,bodies/61_2026-06-08_2026-09-06_a1.body,receipts/61_2026-06-08_2026-09-06_a1.json,new,new_20260913_61_2026-06-08_2026-09-06_a1,https://api-v3.thaiwater.net/api/v1/thaiwater30/public/waterlevel_graph?station_type=tele_waterlevel&station_id=61&start_date=2026-06-08&end_date=2026-09-06,th_agency_9,unknown
68,stage_reported,value,2026-06-08,2026-09-06,91,13104,2026-06-08 00:00,2026-09-06 23:50,13013,available,200,application/json; charset=utf-8,2026-09-13T18:04:48.249927+00:00,1046880,d3cd9d085959c71bc3e3bdf0f2e6f01a9166192eb9df52909c81184954458171,bodies/68_2026-06-08_2026-09-06_a1.body,receipts/68_2026-06-08_2026-09-06_a1.json,new,new_20260913_68_2026-06-08_2026-09-06_a1,https://api-v3.thaiwater.net/api/v1/thaiwater30/public/waterlevel_graph?station_type=tele_waterlevel&station_id=68&start_date=2026-06-08&end_date=2026-09-06,th_agency_9,available
68,discharge_reported,discharge,2026-06-08,2026-09-06,91,13104,2026-06-08 00:00,2026-09-06 23:50,0,empty_in_tested_window,200,application/json; charset=utf-8,2026-09-13T18:04:48.249927+00:00,1046880,d3cd9d085959c71bc3e3bdf0f2e6f01a9166192eb9df52909c81184954458171,bodies/68_2026-06-08_2026-09-06_a1.body,receipts/68_2026-06-08_2026-09-06_a1.json,new,new_20260913_68_2026-06-08_2026-09-06_a1,https://api-v3.thaiwater.net/api/v1/thaiwater30/public/waterlevel_graph?station_type=tele_waterlevel&station_id=68&start_date=2026-06-08&end_date=2026-09-06,th_agency_9,unknown
71,stage_reported,value,2026-06-08,2026-09-06,91,13104,2026-06-08 00:00,2026-09-06 23:50,13030,available,200,application/json; charset=utf-8,2026-09-13T18:04:51.060006+00:00,1046943,7754ef291a6d172376b16a8f1ac4c9d94de3e0a02ce34dd8883aa1d154913e1c,bodies/71_2026-06-08_2026-09-06_a1.body,receipts/71_2026-06-08_2026-09-06_a1.json,new,new_20260913_71_2026-06-08_2026-09-06_a1,https://api-v3.thaiwater.net/api/v1/thaiwater30/public/waterlevel_graph?station_type=tele_waterlevel&station_id=71&start_date=2026-06-08&end_date=2026-09-06,th_agency_9,available
71,discharge_reported,discharge,2026-06-08,2026-09-06,91,13104,2026-06-08 00:00,2026-09-06 23:50,0,empty_in_tested_window,200,application/json; charset=utf-8,2026-09-13T18:04:51.060006+00:00,1046943,7754ef291a6d172376b16a8f1ac4c9d94de3e0a02ce34dd8883aa1d154913e1c,bodies/71_2026-06-08_2026-09-06_a1.body,receipts/71_2026-06-08_2026-09-06_a1.json,new,new_20260913_71_2026-06-08_2026-09-06_a1,https://api-v3.thaiwater.net/api/v1/thaiwater30/public/waterlevel_graph?station_type=tele_waterlevel&station_id=71&start_date=2026-06-08&end_date=2026-09-06,th_agency_9,unknown
79,stage_reported,value,2026-06-08,2026-09-06,91,13104,2026-06-08 00:00,2026-09-06 23:50,13067,available,200,application/json; charset=utf-8,2026-09-13T18:04:54.870633+00:00,1060155,ed50d831313e69679dcf43c3b4fc161b41aac06faab8fedb49042e1db28c3f5a,bodies/79_2026-06-08_2026-09-06_a1.body,receipts/79_2026-06-08_2026-09-06_a1.json,new,new_20260913_79_2026-06-08_2026-09-06_a1,https://api-v3.thaiwater.net/api/v1/thaiwater30/public/waterlevel_graph?station_type=tele_waterlevel&station_id=79&start_date=2026-06-08&end_date=2026-09-06,th_agency_9,available
79,discharge_reported,discharge,2026-06-08,2026-09-06,91,13104,2026-06-08 00:00,2026-09-06 23:50,0,empty_in_tested_window,200,application/json; charset=utf-8,2026-09-13T18:04:54.870633+00:00,1060155,ed50d831313e69679dcf43c3b4fc161b41aac06faab8fedb49042e1db28c3f5a,bodies/79_2026-06-08_2026-09-06_a1.body,receipts/79_2026-06-08_2026-09-06_a1.json,new,new_20260913_79_2026-06-08_2026-09-06_a1,https://api-v3.thaiwater.net/api/v1/thaiwater30/public/waterlevel_graph?station_type=tele_waterlevel&station_id=79&start_date=2026-06-08&end_date=2026-09-06,th_agency_9,unknown
80,stage_reported,value,2026-06-08,2026-09-06,91,13104,2026-06-08 00:00,2026-09-06 23:50,13070,available,200,application/json; charset=utf-8,2026-09-13T18:04:57.307664+00:00,1059978,302974617cfe97fe2c1c1f72b5effe24158dbd34168a497d53ad651f8703fc11,bodies/80_2026-06-08_2026-09-06_a1.body,receipts/80_2026-06-08_2026-09-06_a1.json,new,new_20260913_80_2026-06-08_2026-09-06_a1,https://api-v3.thaiwater.net/api/v1/thaiwater30/public/waterlevel_graph?station_type=tele_waterlevel&station_id=80&start_date=2026-06-08&end_date=2026-09-06,th_agency_9,available
80,discharge_reported,discharge,2026-06-08,2026-09-06,91,13104,2026-06-08 00:00,2026-09-06 23:50,0,empty_in_tested_window,200,application/json; charset=utf-8,2026-09-13T18:04:57.307664+00:00,1059978,302974617cfe97fe2c1c1f72b5effe24158dbd34168a497d53ad651f8703fc11,bodies/80_2026-06-08_2026-09-06_a1.body,receipts/80_2026-06-08_2026-09-06_a1.json,new,new_20260913_80_2026-06-08_2026-09-06_a1,https://api-v3.thaiwater.net/api/v1/thaiwater30/public/waterlevel_graph?station_type=tele_waterlevel&station_id=80&start_date=2026-06-08&end_date=2026-09-06,th_agency_9,unknown
83,stage_reported,value,2026-06-08,2026-09-06,91,13104,2026-06-08 00:00,2026-09-06 23:50,12938,available,200,application/json; charset=utf-8,2026-09-13T18:04:59.543860+00:00,1059782,718f7e8f945d7d9f03bb14a289595a3b5544fc0fbe90b2a7986a254566528e2a,bodies/83_2026-06-08_2026-09-06_a1.body,receipts/83_2026-06-08_2026-09-06_a1.json,new,new_20260913_83_2026-06-08_2026-09-06_a1,https://api-v3.thaiwater.net/api/v1/thaiwater30/public/waterlevel_graph?station_type=tele_waterlevel&station_id=83&start_date=2026-06-08&end_date=2026-09-06,th_agency_9,available
83,discharge_reported,discharge,2026-06-08,2026-09-06,91,13104,2026-06-08 00:00,2026-09-06 23:50,0,empty_in_tested_window,200,application/json; charset=utf-8,2026-09-13T18:04:59.543860+00:00,1059782,718f7e8f945d7d9f03bb14a289595a3b5544fc0fbe90b2a7986a254566528e2a,bodies/83_2026-06-08_2026-09-06_a1.body,receipts/83_2026-06-08_2026-09-06_a1.json,new,new_20260913_83_2026-06-08_2026-09-06_a1,https://api-v3.thaiwater.net/api/v1/thaiwater30/public/waterlevel_graph?station_type=tele_waterlevel&station_id=83&start_date=2026-06-08&end_date=2026-09-06,th_agency_9,unknown
89,stage_reported,value,2026-06-08,2026-09-06,91,13104,2026-06-08 00:00,2026-09-06 23:50,13057,available,200,application/json; charset=utf-8,2026-09-13T18:05:02.207781+00:00,1047006,62e7426e83c939585c3b922b6a9ffd95c351e0de0e60759fa27de945ace81681,bodies/89_2026-06-08_2026-09-06_a1.body,receipts/89_2026-06-08_2026-09-06_a1.json,new,new_20260913_89_2026-06-08_2026-09-06_a1,https://api-v3.thaiwater.net/api/v1/thaiwater30/public/waterlevel_graph?station_type=tele_waterlevel&station_id=89&start_date=2026-06-08&end_date=2026-09-06,th_agency_9,available
89,discharge_reported,discharge,2026-06-08,2026-09-06,91,13104,2026-06-08 00:00,2026-09-06 23:50,0,empty_in_tested_window,200,application/json; charset=utf-8,2026-09-13T18:05:02.207781+00:00,1047006,62e7426e83c939585c3b922b6a9ffd95c351e0de0e60759fa27de945ace81681,bodies/89_2026-06-08_2026-09-06_a1.body,receipts/89_2026-06-08_2026-09-06_a1.json,new,new_20260913_89_2026-06-08_2026-09-06_a1,https://api-v3.thaiwater.net/api/v1/thaiwater30/public/waterlevel_graph?station_type=tele_waterlevel&station_id=89&start_date=2026-06-08&end_date=2026-09-06,th_agency_9,unknown
115,stage_reported,value,2026-06-08,2026-09-06,91,13104,2026-06-08 00:00,2026-09-06 23:50,12679,available,200,application/json; charset=utf-8,2026-09-13T18:05:05.817909+00:00,1033611,76d0e8def20cc2c996cbd6ff6258e3062c3ad8556be4cd9d899e4478c5bf279c,bodies/115_2026-06-08_2026-09-06_a1.body,receipts/115_2026-06-08_2026-09-06_a1.json,new,new_20260913_115_2026-06-08_2026-09-06_a1,https://api-v3.thaiwater.net/api/v1/thaiwater30/public/waterlevel_graph?station_type=tele_waterlevel&station_id=115&start_date=2026-06-08&end_date=2026-09-06,th_agency_9,available
115,discharge_reported,discharge,2026-06-08,2026-09-06,91,13104,2026-06-08 00:00,2026-09-06 23:50,0,empty_in_tested_window,200,application/json; charset=utf-8,2026-09-13T18:05:05.817909+00:00,1033611,76d0e8def20cc2c996cbd6ff6258e3062c3ad8556be4cd9d899e4478c5bf279c,bodies/115_2026-06-08_2026-09-06_a1.body,receipts/115_2026-06-08_2026-09-06_a1.json,new,new_20260913_115_2026-06-08_2026-09-06_a1,https://api-v3.thaiwater.net/api/v1/thaiwater30/public/waterlevel_graph?station_type=tele_waterlevel&station_id=115&start_date=2026-06-08&end_date=2026-09-06,th_agency_9,unknown
118,stage_reported,value,2026-06-08,2026-09-06,91,13104,2026-06-08 00:00,2026-09-06 23:50,12962,available,200,application/json; charset=utf-8,2026-09-13T18:05:08.647140+00:00,1046650,68af65543654d2f3c46d110db94f3a066874bffb7be1158974223d6ec058debc,bodies/118_2026-06-08_2026-09-06_a1.body,receipts/118_2026-06-08_2026-09-06_a1.json,new,new_20260913_118_2026-06-08_2026-09-06_a1,https://api-v3.thaiwater.net/api/v1/thaiwater30/public/waterlevel_graph?station_type=tele_waterlevel&station_id=118&start_date=2026-06-08&end_date=2026-09-06,th_agency_9,available
118,discharge_reported,discharge,2026-06-08,2026-09-06,91,13104,2026-06-08 00:00,2026-09-06 23:50,0,empty_in_tested_window,200,application/json; charset=utf-8,2026-09-13T18:05:08.647140+00:00,1046650,68af65543654d2f3c46d110db94f3a066874bffb7be1158974223d6ec058debc,bodies/118_2026-06-08_2026-09-06_a1.body,receipts/118_2026-06-08_2026-09-06_a1.json,new,new_20260913_118_2026-06-08_2026-09-06_a1,https://api-v3.thaiwater.net/api/v1/thaiwater30/public/waterlevel_graph?station_type=tele_waterlevel&station_id=118&start_date=2026-06-08&end_date=2026-09-06,th_agency_9,unknown
120,stage_reported,value,2026-06-08,2026-09-06,91,13104,2026-06-08 00:00,2026-09-06 23:50,12418,available,200,application/json; charset=utf-8,2026-09-13T18:05:11.184731+00:00,1034940,3d75119f561eaaa34130d421bb961b685af820280beb7fb1bab0861f6f06733a,bodies/120_2026-06-08_2026-09-06_a1.body,receipts/120_2026-06-08_2026-09-06_a1.json,new,new_20260913_120_2026-06-08_2026-09-06_a1,https://api-v3.thaiwater.net/api/v1/thaiwater30/public/waterlevel_graph?station_type=tele_waterlevel&station_id=120&start_date=2026-06-08&end_date=2026-09-06,th_agency_9,available
120,discharge_reported,discharge,2026-06-08,2026-09-06,91,13104,2026-06-08 00:00,2026-09-06 23:50,0,empty_in_tested_window,200,application/json; charset=utf-8,2026-09-13T18:05:11.184731+00:00,1034940,3d75119f561eaaa34130d421bb961b685af820280beb7fb1bab0861f6f06733a,bodies/120_2026-06-08_2026-09-06_a1.body,receipts/120_2026-06-08_2026-09-06_a1.json,new,new_20260913_120_2026-06-08_2026-09-06_a1,https://api-v3.thaiwater.net/api/v1/thaiwater30/public/waterlevel_graph?station_type=tele_waterlevel&station_id=120&start_date=2026-06-08&end_date=2026-09-06,th_agency_9,unknown
128,stage_reported,value,2026-06-08,2026-09-06,91,13104,2026-06-08 00:00,2026-09-06 23:50,12447,available,200,application/json; charset=utf-8,2026-09-13T18:05:13.716918+00:00,1045862,60903765255172bfb197d034f2385df1309aae71f2896db6ca5ef378b2c91a52,bodies/128_2026-06-08_2026-09-06_a1.body,receipts/128_2026-06-08_2026-09-06_a1.json,new,new_20260913_128_2026-06-08_2026-09-06_a1,https://api-v3.thaiwater.net/api/v1/thaiwater30/public/waterlevel_graph?station_type=tele_waterlevel&station_id=128&start_date=2026-06-08&end_date=2026-09-06,th_agency_9,available
128,discharge_reported,discharge,2026-06-08,2026-09-06,91,13104,2026-06-08 00:00,2026-09-06 23:50,0,empty_in_tested_window,200,application/json; charset=utf-8,2026-09-13T18:05:13.716918+00:00,1045862,60903765255172bfb197d034f2385df1309aae71f2896db6ca5ef378b2c91a52,bodies/128_2026-06-08_2026-09-06_a1.body,receipts/128_2026-06-08_2026-09-06_a1.json,new,new_20260913_128_2026-06-08_2026-09-06_a1,https://api-v3.thaiwater.net/api/v1/thaiwater30/public/waterlevel_graph?station_type=tele_waterlevel&station_id=128&start_date=2026-06-08&end_date=2026-09-06,th_agency_9,unknown
131,stage_reported,value,2026-06-08,2026-09-06,91,13104,2026-06-08 00:00,2026-09-06 23:50,12990,available,200,application/json; charset=utf-8,2026-09-13T18:05:15.999355+00:00,1033708,b2ab00378d385c5614e5c1fc2e76328f9f2a86ab3cb09868faad1d3a1757a28c,bodies/131_2026-06-08_2026-09-06_a1.body,receipts/131_2026-06-08_2026-09-06_a1.json,new,new_20260913_131_2026-06-08_2026-09-06_a1,https://api-v3.thaiwater.net/api/v1/thaiwater30/public/waterlevel_graph?station_type=tele_waterlevel&station_id=131&start_date=2026-06-08&end_date=2026-09-06,th_agency_9,available
131,discharge_reported,discharge,2026-06-08,2026-09-06,91,13104,2026-06-08 00:00,2026-09-06 23:50,0,empty_in_tested_window,200,application/json; charset=utf-8,2026-09-13T18:05:15.999355+00:00,1033708,b2ab00378d385c5614e5c1fc2e76328f9f2a86ab3cb09868faad1d3a1757a28c,bodies/131_2026-06-08_2026-09-06_a1.body,receipts/131_2026-06-08_2026-09-06_a1.json,new,new_20260913_131_2026-06-08_2026-09-06_a1,https://api-v3.thaiwater.net/api/v1/thaiwater30/public/waterlevel_graph?station_type=tele_waterlevel&station_id=131&start_date=2026-06-08&end_date=2026-09-06,th_agency_9,unknown
136,stage_reported,value,2026-06-08,2026-09-06,91,13104,2026-06-08 00:00,2026-09-06 23:50,13059,available,200,application/json; charset=utf-8,2026-09-13T18:05:19.195151+00:00,1038488,a350a5fb77f064ff96901d00c5a87b8371d035ed9d45a46b8ee122e380b34e2e,bodies/136_2026-06-08_2026-09-06_a1.body,receipts/136_2026-06-08_2026-09-06_a1.json,new,new_20260913_136_2026-06-08_2026-09-06_a1,https://api-v3.thaiwater.net/api/v1/thaiwater30/public/waterlevel_graph?station_type=tele_waterlevel&station_id=136&start_date=2026-06-08&end_date=2026-09-06,th_agency_9,available
136,discharge_reported,discharge,2026-06-08,2026-09-06,91,13104,2026-06-08 00:00,2026-09-06 23:50,0,empty_in_tested_window,200,application/json; charset=utf-8,2026-09-13T18:05:19.195151+00:00,1038488,a350a5fb77f064ff96901d00c5a87b8371d035ed9d45a46b8ee122e380b34e2e,bodies/136_2026-06-08_2026-09-06_a1.body,receipts/136_2026-06-08_2026-09-06_a1.json,new,new_20260913_136_2026-06-08_2026-09-06_a1,https://api-v3.thaiwater.net/api/v1/thaiwater30/public/waterlevel_graph?station_type=tele_waterlevel&station_id=136&start_date=2026-06-08&end_date=2026-09-06,th_agency_9,unknown
137,stage_reported,value,2026-06-08,2026-09-06,91,13104,2026-06-08 00:00,2026-09-06 23:50,13056,available,200,application/json; charset=utf-8,2026-09-13T18:05:21.600813+00:00,1042265,7d37aed0c1090b1b880ffc0fefffbf5e6dabbc2ad2628a477b5b455a701dbae4,bodies/137_2026-06-08_2026-09-06_a1.body,receipts/137_2026-06-08_2026-09-06_a1.json,new,new_20260913_137_2026-06-08_2026-09-06_a1,https://api-v3.thaiwater.net/api/v1/thaiwater30/public/waterlevel_graph?station_type=tele_waterlevel&station_id=137&start_date=2026-06-08&end_date=2026-09-06,th_agency_9,available
137,discharge_reported,discharge,2026-06-08,2026-09-06,91,13104,2026-06-08 00:00,2026-09-06 23:50,0,empty_in_tested_window,200,application/json; charset=utf-8,2026-09-13T18:05:21.600813+00:00,1042265,7d37aed0c1090b1b880ffc0fefffbf5e6dabbc2ad2628a477b5b455a701dbae4,bodies/137_2026-06-08_2026-09-06_a1.body,receipts/137_2026-06-08_2026-09-06_a1.json,new,new_20260913_137_2026-06-08_2026-09-06_a1,https://api-v3.thaiwater.net/api/v1/thaiwater30/public/waterlevel_graph?station_type=tele_waterlevel&station_id=137&start_date=2026-06-08&end_date=2026-09-06,th_agency_9,unknown
138,stage_reported,value,2026-06-08,2026-09-06,91,13104,2026-06-08 00:00,2026-09-06 23:50,12899,available,200,application/json; charset=utf-8,2026-09-13T18:05:24.010993+00:00,1040946,3c3265d6695cf289485b1c4c9b6ac626d6341617edb067181e936bae565146b1,bodies/138_2026-06-08_2026-09-06_a1.body,receipts/138_2026-06-08_2026-09-06_a1.json,new,new_20260913_138_2026-06-08_2026-09-06_a1,https://api-v3.thaiwater.net/api/v1/thaiwater30/public/waterlevel_graph?station_type=tele_waterlevel&station_id=138&start_date=2026-06-08&end_date=2026-09-06,th_agency_9,available
138,discharge_reported,discharge,2026-06-08,2026-09-06,91,13104,2026-06-08 00:00,2026-09-06 23:50,0,empty_in_tested_window,200,application/json; charset=utf-8,2026-09-13T18:05:24.010993+00:00,1040946,3c3265d6695cf289485b1c4c9b6ac626d6341617edb067181e936bae565146b1,bodies/138_2026-06-08_2026-09-06_a1.body,receipts/138_2026-06-08_2026-09-06_a1.json,new,new_20260913_138_2026-06-08_2026-09-06_a1,https://api-v3.thaiwater.net/api/v1/thaiwater30/public/waterlevel_graph?station_type=tele_waterlevel&station_id=138&start_date=2026-06-08&end_date=2026-09-06,th_agency_9,unknown
149,stage_reported,value,2026-06-08,2026-09-06,91,13104,2026-06-08 00:00,2026-09-06 23:50,13050,available,200,application/json; charset=utf-8,2026-09-13T18:05:26.340051+00:00,1058967,3acb320d2cc10011fcfa80f80a89716a775453fe371fccfaa5f61eb9f34860fa,bodies/149_2026-06-08_2026-09-06_a1.body,receipts/149_2026-06-08_2026-09-06_a1.json,new,new_20260913_149_2026-06-08_2026-09-06_a1,https://api-v3.thaiwater.net/api/v1/thaiwater30/public/waterlevel_graph?station_type=tele_waterlevel&station_id=149&start_date=2026-06-08&end_date=2026-09-06,th_agency_9,available
149,discharge_reported,discharge,2026-06-08,2026-09-06,91,13104,2026-06-08 00:00,2026-09-06 23:50,0,empty_in_tested_window,200,application/json; charset=utf-8,2026-09-13T18:05:26.340051+00:00,1058967,3acb320d2cc10011fcfa80f80a89716a775453fe371fccfaa5f61eb9f34860fa,bodies/149_2026-06-08_2026-09-06_a1.body,receipts/149_2026-06-08_2026-09-06_a1.json,new,new_20260913_149_2026-06-08_2026-09-06_a1,https://api-v3.thaiwater.net/api/v1/thaiwater30/public/waterlevel_graph?station_type=tele_waterlevel&station_id=149&start_date=2026-06-08&end_date=2026-09-06,th_agency_9,unknown
151,stage_reported,value,2026-06-08,2026-09-06,91,13104,2026-06-08 00:00,2026-09-06 23:50,12405,available,200,application/json; charset=utf-8,2026-09-13T18:05:28.724001+00:00,1049918,2627478b2b4c8bed21f9a8e1af78c636a05a52d7f0e2855c4241c6742cfa7415,bodies/151_2026-06-08_2026-09-06_a1.body,receipts/151_2026-06-08_2026-09-06_a1.json,new,new_20260913_151_2026-06-08_2026-09-06_a1,https://api-v3.thaiwater.net/api/v1/thaiwater30/public/waterlevel_graph?station_type=tele_waterlevel&station_id=151&start_date=2026-06-08&end_date=2026-09-06,th_agency_9,available
151,discharge_reported,discharge,2026-06-08,2026-09-06,91,13104,2026-06-08 00:00,2026-09-06 23:50,0,empty_in_tested_window,200,application/json; charset=utf-8,2026-09-13T18:05:28.724001+00:00,1049918,2627478b2b4c8bed21f9a8e1af78c636a05a52d7f0e2855c4241c6742cfa7415,bodies/151_2026-06-08_2026-09-06_a1.body,receipts/151_2026-06-08_2026-09-06_a1.json,new,new_20260913_151_2026-06-08_2026-09-06_a1,https://api-v3.thaiwater.net/api/v1/thaiwater30/public/waterlevel_graph?station_type=tele_waterlevel&station_id=151&start_date=2026-06-08&end_date=2026-09-06,th_agency_9,unknown
154,stage_reported,value,2026-06-08,2026-09-06,91,13104,2026-06-08 00:00,2026-09-06 23:50,13067,available,200,application/json; charset=utf-8,2026-09-13T18:05:31.204140+00:00,1053712,04b6037b3d13250690f61e8ce58616a0923057243b97c25404b5b263bf3cdd73,bodies/154_2026-06-08_2026-09-06_a1.body,receipts/154_2026-06-08_2026-09-06_a1.json,new,new_20260913_154_2026-06-08_2026-09-06_a1,https://api-v3.thaiwater.net/api/v1/thaiwater30/public/waterlevel_graph?station_type=tele_waterlevel&station_id=154&start_date=2026-06-08&end_date=2026-09-06,th_agency_9,available
154,discharge_reported,discharge,2026-06-08,2026-09-06,91,13104,2026-06-08 00:00,2026-09-06 23:50,0,empty_in_tested_window,200,application/json; charset=utf-8,2026-09-13T18:05:31.204140+00:00,1053712,04b6037b3d13250690f61e8ce58616a0923057243b97c25404b5b263bf3cdd73,bodies/154_2026-06-08_2026-09-06_a1.body,receipts/154_2026-06-08_2026-09-06_a1.json,new,new_20260913_154_2026-06-08_2026-09-06_a1,https://api-v3.thaiwater.net/api/v1/thaiwater30/public/waterlevel_graph?station_type=tele_waterlevel&station_id=154&start_date=2026-06-08&end_date=2026-09-06,th_agency_9,unknown
156,stage_reported,value,2026-06-08,2026-09-06,91,13104,2026-06-08 00:00,2026-09-06 23:50,13061,available,200,application/json; charset=utf-8,2026-09-13T18:05:33.544238+00:00,1047123,f4b2ee71b9f8fb49752a61b147df8570e525f74da6307a686821698fc78d186c,bodies/156_2026-06-08_2026-09-06_a1.body,receipts/156_2026-06-08_2026-09-06_a1.json,new,new_20260913_156_2026-06-08_2026-09-06_a1,https://api-v3.thaiwater.net/api/v1/thaiwater30/public/waterlevel_graph?station_type=tele_waterlevel&station_id=156&start_date=2026-06-08&end_date=2026-09-06,th_agency_9,available
156,discharge_reported,discharge,2026-06-08,2026-09-06,91,13104,2026-06-08 00:00,2026-09-06 23:50,0,empty_in_tested_window,200,application/json; charset=utf-8,2026-09-13T18:05:33.544238+00:00,1047123,f4b2ee71b9f8fb49752a61b147df8570e525f74da6307a686821698fc78d186c,bodies/156_2026-06-08_2026-09-06_a1.body,receipts/156_2026-06-08_2026-09-06_a1.json,new,new_20260913_156_2026-06-08_2026-09-06_a1,https://api-v3.thaiwater.net/api/v1/thaiwater30/public/waterlevel_graph?station_type=tele_waterlevel&station_id=156&start_date=2026-06-08&end_date=2026-09-06,th_agency_9,unknown
160,stage_reported,value,2026-06-08,2026-09-06,91,13104,2026-06-08 00:00,2026-09-06 23:50,2675,available,200,application/json; charset=utf-8,2026-09-13T18:05:35.970877+00:00,1035002,93d5b97811a78675e055db98a14c1cc72610e646c69b4446ac5b697ec7d5b896,bodies/160_2026-06-08_2026-09-06_a1.body,receipts/160_2026-06-08_2026-09-06_a1.json,new,new_20260913_160_2026-06-08_2026-09-06_a1,https://api-v3.thaiwater.net/api/v1/thaiwater30/public/waterlevel_graph?station_type=tele_waterlevel&station_id=160&start_date=2026-06-08&end_date=2026-09-06,th_agency_9,available
160,discharge_reported,discharge,2026-06-08,2026-09-06,91,13104,2026-06-08 00:00,2026-09-06 23:50,0,empty_in_tested_window,200,application/json; charset=utf-8,2026-09-13T18:05:35.970877+00:00,1035002,93d5b97811a78675e055db98a14c1cc72610e646c69b4446ac5b697ec7d5b896,bodies/160_2026-06-08_2026-09-06_a1.body,receipts/160_2026-06-08_2026-09-06_a1.json,new,new_20260913_160_2026-06-08_2026-09-06_a1,https://api-v3.thaiwater.net/api/v1/thaiwater30/public/waterlevel_graph?station_type=tele_waterlevel&station_id=160&start_date=2026-06-08&end_date=2026-09-06,th_agency_9,unknown
162,stage_reported,value,2026-06-08,2026-09-06,91,13104,2026-06-08 00:00,2026-09-06 23:50,12899,available,200,application/json; charset=utf-8,2026-09-13T18:05:38.425003+00:00,1033954,22643b26cad0b1b26b2855bce3203001419da9ed2d506fa0eb4e5b84038796ac,bodies/162_2026-06-08_2026-09-06_a1.body,receipts/162_2026-06-08_2026-09-06_a1.json,new,new_20260913_162_2026-06-08_2026-09-06_a1,https://api-v3.thaiwater.net/api/v1/thaiwater30/public/waterlevel_graph?station_type=tele_waterlevel&station_id=162&start_date=2026-06-08&end_date=2026-09-06,th_agency_9,available
162,discharge_reported,discharge,2026-06-08,2026-09-06,91,13104,2026-06-08 00:00,2026-09-06 23:50,0,empty_in_tested_window,200,application/json; charset=utf-8,2026-09-13T18:05:38.425003+00:00,1033954,22643b26cad0b1b26b2855bce3203001419da9ed2d506fa0eb4e5b84038796ac,bodies/162_2026-06-08_2026-09-06_a1.body,receipts/162_2026-06-08_2026-09-06_a1.json,new,new_20260913_162_2026-06-08_2026-09-06_a1,https://api-v3.thaiwater.net/api/v1/thaiwater30/public/waterlevel_graph?station_type=tele_waterlevel&station_id=162&start_date=2026-06-08&end_date=2026-09-06,th_agency_9,unknown
165,stage_reported,value,2026-06-08,2026-09-06,91,13104,2026-06-08 00:00,2026-09-06 23:50,13025,available,200,application/json; charset=utf-8,2026-09-13T18:05:41.084000+00:00,1039161,955ba296604c916f1654f503640d4edbcea50aa2ebdd0b18fcf3dce9c9b32106,bodies/165_2026-06-08_2026-09-06_a1.body,receipts/165_2026-06-08_2026-09-06_a1.json,new,new_20260913_165_2026-06-08_2026-09-06_a1,https://api-v3.thaiwater.net/api/v1/thaiwater30/public/waterlevel_graph?station_type=tele_waterlevel&station_id=165&start_date=2026-06-08&end_date=2026-09-06,th_agency_9,available
165,discharge_reported,discharge,2026-06-08,2026-09-06,91,13104,2026-06-08 00:00,2026-09-06 23:50,0,empty_in_tested_window,200,application/json; charset=utf-8,2026-09-13T18:05:41.084000+00:00,1039161,955ba296604c916f1654f503640d4edbcea50aa2ebdd0b18fcf3dce9c9b32106,bodies/165_2026-06-08_2026-09-06_a1.body,receipts/165_2026-06-08_2026-09-06_a1.json,new,new_20260913_165_2026-06-08_2026-09-06_a1,https://api-v3.thaiwater.net/api/v1/thaiwater30/public/waterlevel_graph?station_type=tele_waterlevel&station_id=165&start_date=2026-06-08&end_date=2026-09-06,th_agency_9,unknown
169,stage_reported,value,2026-06-08,2026-09-06,91,13104,2026-06-08 00:00,2026-09-06 23:50,12474,available,200,application/json; charset=utf-8,2026-09-13T18:05:43.492228+00:00,1033910,8cb0dca349cb8a01c92ce67b1e5d4781102ef9a80ee06204993013c86fd177c0,bodies/169_2026-06-08_2026-09-06_a1.body,receipts/169_2026-06-08_2026-09-06_a1.json,new,new_20260913_169_2026-06-08_2026-09-06_a1,https://api-v3.thaiwater.net/api/v1/thaiwater30/public/waterlevel_graph?station_type=tele_waterlevel&station_id=169&start_date=2026-06-08&end_date=2026-09-06,th_agency_9,available
169,discharge_reported,discharge,2026-06-08,2026-09-06,91,13104,2026-06-08 00:00,2026-09-06 23:50,0,empty_in_tested_window,200,application/json; charset=utf-8,2026-09-13T18:05:43.492228+00:00,1033910,8cb0dca349cb8a01c92ce67b1e5d4781102ef9a80ee06204993013c86fd177c0,bodies/169_2026-06-08_2026-09-06_a1.body,receipts/169_2026-06-08_2026-09-06_a1.json,new,new_20260913_169_2026-06-08_2026-09-06_a1,https://api-v3.thaiwater.net/api/v1/thaiwater30/public/waterlevel_graph?station_type=tele_waterlevel&station_id=169&start_date=2026-06-08&end_date=2026-09-06,th_agency_9,unknown
170,stage_reported,value,2026-06-08,2026-09-06,91,13104,2026-06-08 00:00,2026-09-06 23:50,12263,available,200,application/json; charset=utf-8,2026-09-13T18:05:45.852741+00:00,1034044,958274af264964b98e1b5c9e0f1e40f495562e7e76242d294ab6860ebacca6ff,bodies/170_2026-06-08_2026-09-06_a1.body,receipts/170_2026-06-08_2026-09-06_a1.json,new,new_20260913_170_2026-06-08_2026-09-06_a1,https://api-v3.thaiwater.net/api/v1/thaiwater30/public/waterlevel_graph?station_type=tele_waterlevel&station_id=170&start_date=2026-06-08&end_date=2026-09-06,th_agency_9,available
170,discharge_reported,discharge,2026-06-08,2026-09-06,91,13104,2026-06-08 00:00,2026-09-06 23:50,0,empty_in_tested_window,200,application/json; charset=utf-8,2026-09-13T18:05:45.852741+00:00,1034044,958274af264964b98e1b5c9e0f1e40f495562e7e76242d294ab6860ebacca6ff,bodies/170_2026-06-08_2026-09-06_a1.body,receipts/170_2026-06-08_2026-09-06_a1.json,new,new_20260913_170_2026-06-08_2026-09-06_a1,https://api-v3.thaiwater.net/api/v1/thaiwater30/public/waterlevel_graph?station_type=tele_waterlevel&station_id=170&start_date=2026-06-08&end_date=2026-09-06,th_agency_9,unknown
175,stage_reported,value,2026-06-08,2026-09-06,91,13104,2026-06-08 00:00,2026-09-06 23:50,12898,available,200,application/json; charset=utf-8,2026-09-13T18:05:48.779980+00:00,1033684,97cb2885b42d7b5a45ca553a13a5b6ab9703ff5ecfc56249c3b0cce1e054d378,bodies/175_2026-06-08_2026-09-06_a1.body,receipts/175_2026-06-08_2026-09-06_a1.json,new,new_20260913_175_2026-06-08_2026-09-06_a1,https://api-v3.thaiwater.net/api/v1/thaiwater30/public/waterlevel_graph?station_type=tele_waterlevel&station_id=175&start_date=2026-06-08&end_date=2026-09-06,th_agency_9,available
175,discharge_reported,discharge,2026-06-08,2026-09-06,91,13104,2026-06-08 00:00,2026-09-06 23:50,0,empty_in_tested_window,200,application/json; charset=utf-8,2026-09-13T18:05:48.779980+00:00,1033684,97cb2885b42d7b5a45ca553a13a5b6ab9703ff5ecfc56249c3b0cce1e054d378,bodies/175_2026-06-08_2026-09-06_a1.body,receipts/175_2026-06-08_2026-09-06_a1.json,new,new_20260913_175_2026-06-08_2026-09-06_a1,https://api-v3.thaiwater.net/api/v1/thaiwater30/public/waterlevel_graph?station_type=tele_waterlevel&station_id=175&start_date=2026-06-08&end_date=2026-09-06,th_agency_9,unknown
189,stage_reported,value,2026-06-08,2026-09-06,91,13104,2026-06-08 00:00,2026-09-06 23:50,12953,available,200,application/json; charset=utf-8,2026-09-13T18:05:51.171460+00:00,1033611,54cbdcf00effd7c2dc038b4c98935357f7c97b2a82b186f974810737d0f3aaab,bodies/189_2026-06-08_2026-09-06_a1.body,receipts/189_2026-06-08_2026-09-06_a1.json,new,new_20260913_189_2026-06-08_2026-09-06_a1,https://api-v3.thaiwater.net/api/v1/thaiwater30/public/waterlevel_graph?station_type=tele_waterlevel&station_id=189&start_date=2026-06-08&end_date=2026-09-06,th_agency_9,available
189,discharge_reported,discharge,2026-06-08,2026-09-06,91,13104,2026-06-08 00:00,2026-09-06 23:50,0,empty_in_tested_window,200,application/json; charset=utf-8,2026-09-13T18:05:51.171460+00:00,1033611,54cbdcf00effd7c2dc038b4c98935357f7c97b2a82b186f974810737d0f3aaab,bodies/189_2026-06-08_2026-09-06_a1.body,receipts/189_2026-06-08_2026-09-06_a1.json,new,new_20260913_189_2026-06-08_2026-09-06_a1,https://api-v3.thaiwater.net/api/v1/thaiwater30/public/waterlevel_graph?station_type=tele_waterlevel&station_id=189&start_date=2026-06-08&end_date=2026-09-06,th_agency_9,unknown
190,stage_reported,value,2026-06-08,2026-09-06,91,13104,2026-06-08 00:00,2026-09-06 23:50,6238,available,200,application/json; charset=utf-8,2026-09-13T18:05:53.666248+00:00,1040835,d9598362069e91ca74341bed8dc59b03206208f14bd6e59568c52265019d84e6,bodies/190_2026-06-08_2026-09-06_a1.body,receipts/190_2026-06-08_2026-09-06_a1.json,new,new_20260913_190_2026-06-08_2026-09-06_a1,https://api-v3.thaiwater.net/api/v1/thaiwater30/public/waterlevel_graph?station_type=tele_waterlevel&station_id=190&start_date=2026-06-08&end_date=2026-09-06,th_agency_9,available
190,discharge_reported,discharge,2026-06-08,2026-09-06,91,13104,2026-06-08 00:00,2026-09-06 23:50,0,empty_in_tested_window,200,application/json; charset=utf-8,2026-09-13T18:05:53.666248+00:00,1040835,d9598362069e91ca74341bed8dc59b03206208f14bd6e59568c52265019d84e6,bodies/190_2026-06-08_2026-09-06_a1.body,receipts/190_2026-06-08_2026-09-06_a1.json,new,new_20260913_190_2026-06-08_2026-09-06_a1,https://api-v3.thaiwater.net/api/v1/thaiwater30/public/waterlevel_graph?station_type=tele_waterlevel&station_id=190&start_date=2026-06-08&end_date=2026-09-06,th_agency_9,unknown
191,stage_reported,value,2026-06-08,2026-09-06,91,13104,2026-06-08 00:00,2026-09-06 23:50,9582,available,200,application/json; charset=utf-8,2026-09-13T18:05:56.414021+00:00,1042356,6bc73a80a010d76863fb852f94244d3696ddbffc4d8e86fcc36282d9aaff4764,bodies/191_2026-06-08_2026-09-06_a1.body,receipts/191_2026-06-08_2026-09-06_a1.json,new,new_20260913_191_2026-06-08_2026-09-06_a1,https://api-v3.thaiwater.net/api/v1/thaiwater30/public/waterlevel_graph?station_type=tele_waterlevel&station_id=191&start_date=2026-06-08&end_date=2026-09-06,th_agency_9,available
191,discharge_reported,discharge,2026-06-08,2026-09-06,91,13104,2026-06-08 00:00,2026-09-06 23:50,0,empty_in_tested_window,200,application/json; charset=utf-8,2026-09-13T18:05:56.414021+00:00,1042356,6bc73a80a010d76863fb852f94244d3696ddbffc4d8e86fcc36282d9aaff4764,bodies/191_2026-06-08_2026-09-06_a1.body,receipts/191_2026-06-08_2026-09-06_a1.json,new,new_20260913_191_2026-06-08_2026-09-06_a1,https://api-v3.thaiwater.net/api/v1/thaiwater30/public/waterlevel_graph?station_type=tele_waterlevel&station_id=191&start_date=2026-06-08&end_date=2026-09-06,th_agency_9,unknown
192,stage_reported,value,2026-06-08,2026-09-06,91,13104,2026-06-08 00:00,2026-09-06 23:50,13055,available,200,application/json; charset=utf-8,2026-09-13T18:05:58.762169+00:00,1047294,46218e2fc1c2359ae6e664febbae796f16e528935045978226247e88eb8852d1,bodies/192_2026-06-08_2026-09-06_a1.body,receipts/192_2026-06-08_2026-09-06_a1.json,new,new_20260913_192_2026-06-08_2026-09-06_a1,https://api-v3.thaiwater.net/api/v1/thaiwater30/public/waterlevel_graph?station_type=tele_waterlevel&station_id=192&start_date=2026-06-08&end_date=2026-09-06,th_agency_9,available
192,discharge_reported,discharge,2026-06-08,2026-09-06,91,13104,2026-06-08 00:00,2026-09-06 23:50,0,empty_in_tested_window,200,application/json; charset=utf-8,2026-09-13T18:05:58.762169+00:00,1047294,46218e2fc1c2359ae6e664febbae796f16e528935045978226247e88eb8852d1,bodies/192_2026-06-08_2026-09-06_a1.body,receipts/192_2026-06-08_2026-09-06_a1.json,new,new_20260913_192_2026-06-08_2026-09-06_a1,https://api-v3.thaiwater.net/api/v1/thaiwater30/public/waterlevel_graph?station_type=tele_waterlevel&station_id=192&start_date=2026-06-08&end_date=2026-09-06,th_agency_9,unknown
200,stage_reported,value,2026-06-08,2026-09-06,91,13104,2026-06-08 00:00,2026-09-06 23:50,13059,available,200,application/json; charset=utf-8,2026-09-13T18:06:01.151609+00:00,1046726,bfc1a6fa119ee6def17c51b25892adfbefd3a6ed2894ee3707c32b3d8bdaf6a0,bodies/200_2026-06-08_2026-09-06_a1.body,receipts/200_2026-06-08_2026-09-06_a1.json,new,new_20260913_200_2026-06-08_2026-09-06_a1,https://api-v3.thaiwater.net/api/v1/thaiwater30/public/waterlevel_graph?station_type=tele_waterlevel&station_id=200&start_date=2026-06-08&end_date=2026-09-06,th_agency_9,available
200,discharge_reported,discharge,2026-06-08,2026-09-06,91,13104,2026-06-08 00:00,2026-09-06 23:50,0,empty_in_tested_window,200,application/json; charset=utf-8,2026-09-13T18:06:01.151609+00:00,1046726,bfc1a6fa119ee6def17c51b25892adfbefd3a6ed2894ee3707c32b3d8bdaf6a0,bodies/200_2026-06-08_2026-09-06_a1.body,receipts/200_2026-06-08_2026-09-06_a1.json,new,new_20260913_200_2026-06-08_2026-09-06_a1,https://api-v3.thaiwater.net/api/v1/thaiwater30/public/waterlevel_graph?station_type=tele_waterlevel&station_id=200&start_date=2026-06-08&end_date=2026-09-06,th_agency_9,unknown
218,stage_reported,value,2026-06-08,2026-09-06,91,13104,2026-06-08 00:00,2026-09-06 23:50,12808,available,200,application/json; charset=utf-8,2026-09-13T18:06:03.559848+00:00,1069816,448aab4466d6cc7680e67a6f28d84373dd7bad833d04b3c58809d6f127771952,bodies/218_2026-06-08_2026-09-06_a1.body,receipts/218_2026-06-08_2026-09-06_a1.json,new,new_20260913_218_2026-06-08_2026-09-06_a1,https://api-v3.thaiwater.net/api/v1/thaiwater30/public/waterlevel_graph?station_type=tele_waterlevel&station_id=218&start_date=2026-06-08&end_date=2026-09-06,th_agency_9,available
218,discharge_reported,discharge,2026-06-08,2026-09-06,91,13104,2026-06-08 00:00,2026-09-06 23:50,0,empty_in_tested_window,200,application/json; charset=utf-8,2026-09-13T18:06:03.559848+00:00,1069816,448aab4466d6cc7680e67a6f28d84373dd7bad833d04b3c58809d6f127771952,bodies/218_2026-06-08_2026-09-06_a1.body,receipts/218_2026-06-08_2026-09-06_a1.json,new,new_20260913_218_2026-06-08_2026-09-06_a1,https://api-v3.thaiwater.net/api/v1/thaiwater30/public/waterlevel_graph?station_type=tele_waterlevel&station_id=218&start_date=2026-06-08&end_date=2026-09-06,th_agency_9,unknown
228,stage_reported,value,2026-06-08,2026-09-06,91,13104,2026-06-08 00:00,2026-09-06 23:50,12930,available,200,application/json; charset=utf-8,2026-09-13T18:06:05.928170+00:00,1070430,77408f6b4bac337bdfb5413448cf198618c2597fe2bb6772952b791802633c25,bodies/228_2026-06-08_2026-09-06_a1.body,receipts/228_2026-06-08_2026-09-06_a1.json,new,new_20260913_228_2026-06-08_2026-09-06_a1,https://api-v3.thaiwater.net/api/v1/thaiwater30/public/waterlevel_graph?station_type=tele_waterlevel&station_id=228&start_date=2026-06-08&end_date=2026-09-06,th_agency_9,available
228,discharge_reported,discharge,2026-06-08,2026-09-06,91,13104,2026-06-08 00:00,2026-09-06 23:50,0,empty_in_tested_window,200,application/json; charset=utf-8,2026-09-13T18:06:05.928170+00:00,1070430,77408f6b4bac337bdfb5413448cf198618c2597fe2bb6772952b791802633c25,bodies/228_2026-06-08_2026-09-06_a1.body,receipts/228_2026-06-08_2026-09-06_a1.json,new,new_20260913_228_2026-06-08_2026-09-06_a1,https://api-v3.thaiwater.net/api/v1/thaiwater30/public/waterlevel_graph?station_type=tele_waterlevel&station_id=228&start_date=2026-06-08&end_date=2026-09-06,th_agency_9,unknown
236,stage_reported,value,2026-06-08,2026-09-06,91,13104,2026-06-08 00:00,2026-09-06 23:50,10105,available,200,application/json; charset=utf-8,2026-09-13T18:06:08.467506+00:00,1054582,f35648e47a88be7f83f24ee55b56cbdd77e6d29f9c32fae75ce8873b12fd6f66,bodies/236_2026-06-08_2026-09-06_a1.body,receipts/236_2026-06-08_2026-09-06_a1.json,new,new_20260913_236_2026-06-08_2026-09-06_a1,https://api-v3.thaiwater.net/api/v1/thaiwater30/public/waterlevel_graph?station_type=tele_waterlevel&station_id=236&start_date=2026-06-08&end_date=2026-09-06,th_agency_9,available
236,discharge_reported,discharge,2026-06-08,2026-09-06,91,13104,2026-06-08 00:00,2026-09-06 23:50,0,empty_in_tested_window,200,application/json; charset=utf-8,2026-09-13T18:06:08.467506+00:00,1054582,f35648e47a88be7f83f24ee55b56cbdd77e6d29f9c32fae75ce8873b12fd6f66,bodies/236_2026-06-08_2026-09-06_a1.body,receipts/236_2026-06-08_2026-09-06_a1.json,new,new_20260913_236_2026-06-08_2026-09-06_a1,https://api-v3.thaiwater.net/api/v1/thaiwater30/public/waterlevel_graph?station_type=tele_waterlevel&station_id=236&start_date=2026-06-08&end_date=2026-09-06,th_agency_9,unknown
238,stage_reported,value,2026-06-08,2026-09-06,91,13104,2026-06-08 00:00,2026-09-06 23:50,11427,available,200,application/json; charset=utf-8,2026-09-13T18:06:11.038280+00:00,1057149,fc38feaca083f602eb192cd62a5e3f0f9a4fcb4cbd210a395ecaa8f56d73d68c,bodies/238_2026-06-08_2026-09-06_a1.body,receipts/238_2026-06-08_2026-09-06_a1.json,new,new_20260913_238_2026-06-08_2026-09-06_a1,https://api-v3.thaiwater.net/api/v1/thaiwater30/public/waterlevel_graph?station_type=tele_waterlevel&station_id=238&start_date=2026-06-08&end_date=2026-09-06,th_agency_9,available
238,discharge_reported,discharge,2026-06-08,2026-09-06,91,13104,2026-06-08 00:00,2026-09-06 23:50,0,empty_in_tested_window,200,application/json; charset=utf-8,2026-09-13T18:06:11.038280+00:00,1057149,fc38feaca083f602eb192cd62a5e3f0f9a4fcb4cbd210a395ecaa8f56d73d68c,bodies/238_2026-06-08_2026-09-06_a1.body,receipts/238_2026-06-08_2026-09-06_a1.json,new,new_20260913_238_2026-06-08_2026-09-06_a1,https://api-v3.thaiwater.net/api/v1/thaiwater30/public/waterlevel_graph?station_type=tele_waterlevel&station_id=238&start_date=2026-06-08&end_date=2026-09-06,th_agency_9,unknown
245,stage_reported,value,2026-06-08,2026-09-06,91,13104,2026-06-08 00:00,2026-09-06 23:50,12824,available,200,application/json; charset=utf-8,2026-09-13T18:06:13.491853+00:00,1059659,b811b51f3ca6c129d7433aaf2e9a65494da866ff5afaf7bc0eb19ae0baf21831,bodies/245_2026-06-08_2026-09-06_a1.body,receipts/245_2026-06-08_2026-09-06_a1.json,new,new_20260913_245_2026-06-08_2026-09-06_a1,https://api-v3.thaiwater.net/api/v1/thaiwater30/public/waterlevel_graph?station_type=tele_waterlevel&station_id=245&start_date=2026-06-08&end_date=2026-09-06,th_agency_9,available
245,discharge_reported,discharge,2026-06-08,2026-09-06,91,13104,2026-06-08 00:00,2026-09-06 23:50,0,empty_in_tested_window,200,application/json; charset=utf-8,2026-09-13T18:06:13.491853+00:00,1059659,b811b51f3ca6c129d7433aaf2e9a65494da866ff5afaf7bc0eb19ae0baf21831,bodies/245_2026-06-08_2026-09-06_a1.body,receipts/245_2026-06-08_2026-09-06_a1.json,new,new_20260913_245_2026-06-08_2026-09-06_a1,https://api-v3.thaiwater.net/api/v1/thaiwater30/public/waterlevel_graph?station_type=tele_waterlevel&station_id=245&start_date=2026-06-08&end_date=2026-09-06,th_agency_9,unknown
255,stage_reported,value,2026-06-08,2026-09-06,91,13104,2026-06-08 00:00,2026-09-06 23:50,12852,available,200,application/json; charset=utf-8,2026-09-13T18:06:17.506657+00:00,1060050,ea96fb580e78bec1d428c762b1d204c2087ecbb99bd44ba257106af47dbcf3f2,bodies/255_2026-06-08_2026-09-06_a1.body,receipts/255_2026-06-08_2026-09-06_a1.json,new,new_20260913_255_2026-06-08_2026-09-06_a1,https://api-v3.thaiwater.net/api/v1/thaiwater30/public/waterlevel_graph?station_type=tele_waterlevel&station_id=255&start_date=2026-06-08&end_date=2026-09-06,th_agency_9,available
255,discharge_reported,discharge,2026-06-08,2026-09-06,91,13104,2026-06-08 00:00,2026-09-06 23:50,0,empty_in_tested_window,200,application/json; charset=utf-8,2026-09-13T18:06:17.506657+00:00,1060050,ea96fb580e78bec1d428c762b1d204c2087ecbb99bd44ba257106af47dbcf3f2,bodies/255_2026-06-08_2026-09-06_a1.body,receipts/255_2026-06-08_2026-09-06_a1.json,new,new_20260913_255_2026-06-08_2026-09-06_a1,https://api-v3.thaiwater.net/api/v1/thaiwater30/public/waterlevel_graph?station_type=tele_waterlevel&station_id=255&start_date=2026-06-08&end_date=2026-09-06,th_agency_9,unknown
262,stage_reported,value,2026-06-08,2026-09-06,91,13104,2026-06-08 00:00,2026-09-06 23:50,11636,available,200,application/json; charset=utf-8,2026-09-13T18:06:21.489459+00:00,1066061,258cd3bfca37072b70db472050678fe9e2ae511a0b905018f3178c5ee39ee276,bodies/262_2026-06-08_2026-09-06_a1.body,receipts/262_2026-06-08_2026-09-06_a1.json,new,new_20260913_262_2026-06-08_2026-09-06_a1,https://api-v3.thaiwater.net/api/v1/thaiwater30/public/waterlevel_graph?station_type=tele_waterlevel&station_id=262&start_date=2026-06-08&end_date=2026-09-06,th_agency_9,available
262,discharge_reported,discharge,2026-06-08,2026-09-06,91,13104,2026-06-08 00:00,2026-09-06 23:50,0,empty_in_tested_window,200,application/json; charset=utf-8,2026-09-13T18:06:21.489459+00:00,1066061,258cd3bfca37072b70db472050678fe9e2ae511a0b905018f3178c5ee39ee276,bodies/262_2026-06-08_2026-09-06_a1.body,receipts/262_2026-06-08_2026-09-06_a1.json,new,new_20260913_262_2026-06-08_2026-09-06_a1,https://api-v3.thaiwater.net/api/v1/thaiwater30/public/waterlevel_graph?station_type=tele_waterlevel&station_id=262&start_date=2026-06-08&end_date=2026-09-06,th_agency_9,unknown
269,stage_reported,value,2026-06-08,2026-09-06,91,13104,2026-06-08 00:00,2026-09-06 23:50,13006,available,200,application/json; charset=utf-8,2026-09-13T18:06:25.288601+00:00,1068676,e4ed951c5c599c6f9fcc04fe3ecb343fca6827ad5f0159e42a35a085727c62f1,bodies/269_2026-06-08_2026-09-06_a1.body,receipts/269_2026-06-08_2026-09-06_a1.json,new,new_20260913_269_2026-06-08_2026-09-06_a1,https://api-v3.thaiwater.net/api/v1/thaiwater30/public/waterlevel_graph?station_type=tele_waterlevel&station_id=269&start_date=2026-06-08&end_date=2026-09-06,th_agency_9,available
269,discharge_reported,discharge,2026-06-08,2026-09-06,91,13104,2026-06-08 00:00,2026-09-06 23:50,0,empty_in_tested_window,200,application/json; charset=utf-8,2026-09-13T18:06:25.288601+00:00,1068676,e4ed951c5c599c6f9fcc04fe3ecb343fca6827ad5f0159e42a35a085727c62f1,bodies/269_2026-06-08_2026-09-06_a1.body,receipts/269_2026-06-08_2026-09-06_a1.json,new,new_20260913_269_2026-06-08_2026-09-06_a1,https://api-v3.thaiwater.net/api/v1/thaiwater30/public/waterlevel_graph?station_type=tele_waterlevel&station_id=269&start_date=2026-06-08&end_date=2026-09-06,th_agency_9,unknown
281,stage_reported,value,2026-06-08,2026-09-06,91,13104,2026-06-08 00:00,2026-09-06 23:50,12239,available,200,application/json; charset=utf-8,2026-09-13T18:06:29.559560+00:00,1058587,428585fa2e7c7df6499ecfffad3d19a09478c810c092b266a1eaf05134c8d6ab,bodies/281_2026-06-08_2026-09-06_a1.body,receipts/281_2026-06-08_2026-09-06_a1.json,new,new_20260913_281_2026-06-08_2026-09-06_a1,https://api-v3.thaiwater.net/api/v1/thaiwater30/public/waterlevel_graph?station_type=tele_waterlevel&station_id=281&start_date=2026-06-08&end_date=2026-09-06,th_agency_9,available
281,discharge_reported,discharge,2026-06-08,2026-09-06,91,13104,2026-06-08 00:00,2026-09-06 23:50,0,empty_in_tested_window,200,application/json; charset=utf-8,2026-09-13T18:06:29.559560+00:00,1058587,428585fa2e7c7df6499ecfffad3d19a09478c810c092b266a1eaf05134c8d6ab,bodies/281_2026-06-08_2026-09-06_a1.body,receipts/281_2026-06-08_2026-09-06_a1.json,new,new_20260913_281_2026-06-08_2026-09-06_a1,https://api-v3.thaiwater.net/api/v1/thaiwater30/public/waterlevel_graph?station_type=tele_waterlevel&station_id=281&start_date=2026-06-08&end_date=2026-09-06,th_agency_9,unknown
296,stage_reported,value,2026-06-08,2026-09-06,91,13104,2026-06-08 00:00,2026-09-06 23:50,13031,available,200,application/json; charset=utf-8,2026-09-13T18:06:34.485902+00:00,1069579,a0fe4017c087c58fd994863407b71323389fc1df426ea92ef985d17fd233bc5b,bodies/296_2026-06-08_2026-09-06_a1.body,receipts/296_2026-06-08_2026-09-06_a1.json,new,new_20260913_296_2026-06-08_2026-09-06_a1,https://api-v3.thaiwater.net/api/v1/thaiwater30/public/waterlevel_graph?station_type=tele_waterlevel&station_id=296&start_date=2026-06-08&end_date=2026-09-06,th_agency_9,available
296,discharge_reported,discharge,2026-06-08,2026-09-06,91,13104,2026-06-08 00:00,2026-09-06 23:50,0,empty_in_tested_window,200,application/json; charset=utf-8,2026-09-13T18:06:34.485902+00:00,1069579,a0fe4017c087c58fd994863407b71323389fc1df426ea92ef985d17fd233bc5b,bodies/296_2026-06-08_2026-09-06_a1.body,receipts/296_2026-06-08_2026-09-06_a1.json,new,new_20260913_296_2026-06-08_2026-09-06_a1,https://api-v3.thaiwater.net/api/v1/thaiwater30/public/waterlevel_graph?station_type=tele_waterlevel&station_id=296&start_date=2026-06-08&end_date=2026-09-06,th_agency_9,unknown
298,stage_reported,value,2026-06-08,2026-09-06,91,13104,2026-06-08 00:00,2026-09-06 23:50,12931,available,200,application/json; charset=utf-8,2026-09-13T18:06:39.502707+00:00,1068867,1bdf10a82f8393b71691aa22ce2af22a46edb7cbfecba30a5447f91139ef1773,bodies/298_2026-06-08_2026-09-06_a1.body,receipts/298_2026-06-08_2026-09-06_a1.json,new,new_20260913_298_2026-06-08_2026-09-06_a1,https://api-v3.thaiwater.net/api/v1/thaiwater30/public/waterlevel_graph?station_type=tele_waterlevel&station_id=298&start_date=2026-06-08&end_date=2026-09-06,th_agency_9,available
298,discharge_reported,discharge,2026-06-08,2026-09-06,91,13104,2026-06-08 00:00,2026-09-06 23:50,0,empty_in_tested_window,200,application/json; charset=utf-8,2026-09-13T18:06:39.502707+00:00,1068867,1bdf10a82f8393b71691aa22ce2af22a46edb7cbfecba30a5447f91139ef1773,bodies/298_2026-06-08_2026-09-06_a1.body,receipts/298_2026-06-08_2026-09-06_a1.json,new,new_20260913_298_2026-06-08_2026-09-06_a1,https://api-v3.thaiwater.net/api/v1/thaiwater30/public/waterlevel_graph?station_type=tele_waterlevel&station_id=298&start_date=2026-06-08&end_date=2026-09-06,th_agency_9,unknown
315,stage_reported,value,2026-06-08,2026-09-06,91,13104,2026-06-08 00:00,2026-09-06 23:50,12968,available,200,application/json; charset=utf-8,2026-09-13T18:06:44.299934+00:00,1059944,602624c9e34ab6ce16cce9128b103c433fd3ea61ece1509bffa5937b7836ba0a,bodies/315_2026-06-08_2026-09-06_a1.body,receipts/315_2026-06-08_2026-09-06_a1.json,new,new_20260913_315_2026-06-08_2026-09-06_a1,https://api-v3.thaiwater.net/api/v1/thaiwater30/public/waterlevel_graph?station_type=tele_waterlevel&station_id=315&start_date=2026-06-08&end_date=2026-09-06,th_agency_9,available
315,discharge_reported,discharge,2026-06-08,2026-09-06,91,13104,2026-06-08 00:00,2026-09-06 23:50,0,empty_in_tested_window,200,application/json; charset=utf-8,2026-09-13T18:06:44.299934+00:00,1059944,602624c9e34ab6ce16cce9128b103c433fd3ea61ece1509bffa5937b7836ba0a,bodies/315_2026-06-08_2026-09-06_a1.body,receipts/315_2026-06-08_2026-09-06_a1.json,new,new_20260913_315_2026-06-08_2026-09-06_a1,https://api-v3.thaiwater.net/api/v1/thaiwater30/public/waterlevel_graph?station_type=tele_waterlevel&station_id=315&start_date=2026-06-08&end_date=2026-09-06,th_agency_9,unknown
319,stage_reported,value,2026-06-08,2026-09-06,91,13104,2026-06-08 00:00,2026-09-06 23:50,9199,available,200,application/json; charset=utf-8,2026-09-13T18:06:48.611529+00:00,1052622,e91816b40db76a502f77b4b49dcfb95790702cabba400c40b1eb09f6401fc558,bodies/319_2026-06-08_2026-09-06_a1.body,receipts/319_2026-06-08_2026-09-06_a1.json,new,new_20260913_319_2026-06-08_2026-09-06_a1,https://api-v3.thaiwater.net/api/v1/thaiwater30/public/waterlevel_graph?station_type=tele_waterlevel&station_id=319&start_date=2026-06-08&end_date=2026-09-06,th_agency_9,available
319,discharge_reported,discharge,2026-06-08,2026-09-06,91,13104,2026-06-08 00:00,2026-09-06 23:50,0,empty_in_tested_window,200,application/json; charset=utf-8,2026-09-13T18:06:48.611529+00:00,1052622,e91816b40db76a502f77b4b49dcfb95790702cabba400c40b1eb09f6401fc558,bodies/319_2026-06-08_2026-09-06_a1.body,receipts/319_2026-06-08_2026-09-06_a1.json,new,new_20260913_319_2026-06-08_2026-09-06_a1,https://api-v3.thaiwater.net/api/v1/thaiwater30/public/waterlevel_graph?station_type=tele_waterlevel&station_id=319&start_date=2026-06-08&end_date=2026-09-06,th_agency_9,unknown
330,stage_reported,value,2026-06-08,2026-09-06,91,13104,2026-06-08 00:00,2026-09-06 23:50,12835,available,200,application/json; charset=utf-8,2026-09-13T18:06:52.177213+00:00,1068898,9fd214ed0b7852e1f26e680c680d4769c211e67eefc01818134738c77a9964e9,bodies/330_2026-06-08_2026-09-06_a1.body,receipts/330_2026-06-08_2026-09-06_a1.json,new,new_20260913_330_2026-06-08_2026-09-06_a1,https://api-v3.thaiwater.net/api/v1/thaiwater30/public/waterlevel_graph?station_type=tele_waterlevel&station_id=330&start_date=2026-06-08&end_date=2026-09-06,th_agency_9,available
330,discharge_reported,discharge,2026-06-08,2026-09-06,91,13104,2026-06-08 00:00,2026-09-06 23:50,0,empty_in_tested_window,200,application/json; charset=utf-8,2026-09-13T18:06:52.177213+00:00,1068898,9fd214ed0b7852e1f26e680c680d4769c211e67eefc01818134738c77a9964e9,bodies/330_2026-06-08_2026-09-06_a1.body,receipts/330_2026-06-08_2026-09-06_a1.json,new,new_20260913_330_2026-06-08_2026-09-06_a1,https://api-v3.thaiwater.net/api/v1/thaiwater30/public/waterlevel_graph?station_type=tele_waterlevel&station_id=330&start_date=2026-06-08&end_date=2026-09-06,th_agency_9,unknown
333,stage_reported,value,2026-06-08,2026-09-06,91,13104,2026-06-08 00:00,2026-09-06 23:50,12246,available,200,application/json; charset=utf-8,2026-09-13T18:06:55.376688+00:00,1067862,51ddf65f9d0f36327b736e164bb2684b25c50bfd0f5dd1f19c3e9765e34db5a2,bodies/333_2026-06-08_2026-09-06_a1.body,receipts/333_2026-06-08_2026-09-06_a1.json,new,new_20260913_333_2026-06-08_2026-09-06_a1,https://api-v3.thaiwater.net/api/v1/thaiwater30/public/waterlevel_graph?station_type=tele_waterlevel&station_id=333&start_date=2026-06-08&end_date=2026-09-06,th_agency_9,available
333,discharge_reported,discharge,2026-06-08,2026-09-06,91,13104,2026-06-08 00:00,2026-09-06 23:50,0,empty_in_tested_window,200,application/json; charset=utf-8,2026-09-13T18:06:55.376688+00:00,1067862,51ddf65f9d0f36327b736e164bb2684b25c50bfd0f5dd1f19c3e9765e34db5a2,bodies/333_2026-06-08_2026-09-06_a1.body,receipts/333_2026-06-08_2026-09-06_a1.json,new,new_20260913_333_2026-06-08_2026-09-06_a1,https://api-v3.thaiwater.net/api/v1/thaiwater30/public/waterlevel_graph?station_type=tele_waterlevel&station_id=333&start_date=2026-06-08&end_date=2026-09-06,th_agency_9,unknown
335,stage_reported,value,2026-06-08,2026-09-06,91,13104,2026-06-08 00:00,2026-09-06 23:50,12307,available,200,application/json; charset=utf-8,2026-09-13T18:06:58.506771+00:00,1058487,f29466036daeda5e12e577dd1681c890b2a7c1d38cb119267d361f816b101240,bodies/335_2026-06-08_2026-09-06_a1.body,receipts/335_2026-06-08_2026-09-06_a1.json,new,new_20260913_335_2026-06-08_2026-09-06_a1,https://api-v3.thaiwater.net/api/v1/thaiwater30/public/waterlevel_graph?station_type=tele_waterlevel&station_id=335&start_date=2026-06-08&end_date=2026-09-06,th_agency_9,available
335,discharge_reported,discharge,2026-06-08,2026-09-06,91,13104,2026-06-08 00:00,2026-09-06 23:50,0,empty_in_tested_window,200,application/json; charset=utf-8,2026-09-13T18:06:58.506771+00:00,1058487,f29466036daeda5e12e577dd1681c890b2a7c1d38cb119267d361f816b101240,bodies/335_2026-06-08_2026-09-06_a1.body,receipts/335_2026-06-08_2026-09-06_a1.json,new,new_20260913_335_2026-06-08_2026-09-06_a1,https://api-v3.thaiwater.net/api/v1/thaiwater30/public/waterlevel_graph?station_type=tele_waterlevel&station_id=335&start_date=2026-06-08&end_date=2026-09-06,th_agency_9,unknown
342,stage_reported,value,2026-06-08,2026-09-06,91,13104,2026-06-08 00:00,2026-09-06 23:50,13055,available,200,application/json; charset=utf-8,2026-09-13T18:07:01.565428+00:00,1060102,4683be8f2e4554205f45bb22d98c3f5328a370be942c97242975e8e6218af743,bodies/342_2026-06-08_2026-09-06_a1.body,receipts/342_2026-06-08_2026-09-06_a1.json,new,new_20260913_342_2026-06-08_2026-09-06_a1,https://api-v3.thaiwater.net/api/v1/thaiwater30/public/waterlevel_graph?station_type=tele_waterlevel&station_id=342&start_date=2026-06-08&end_date=2026-09-06,th_agency_9,available
342,discharge_reported,discharge,2026-06-08,2026-09-06,91,13104,2026-06-08 00:00,2026-09-06 23:50,0,empty_in_tested_window,200,application/json; charset=utf-8,2026-09-13T18:07:01.565428+00:00,1060102,4683be8f2e4554205f45bb22d98c3f5328a370be942c97242975e8e6218af743,bodies/342_2026-06-08_2026-09-06_a1.body,receipts/342_2026-06-08_2026-09-06_a1.json,new,new_20260913_342_2026-06-08_2026-09-06_a1,https://api-v3.thaiwater.net/api/v1/thaiwater30/public/waterlevel_graph?station_type=tele_waterlevel&station_id=342&start_date=2026-06-08&end_date=2026-09-06,th_agency_9,unknown
348,stage_reported,value,2026-06-08,2026-09-06,91,13104,2026-06-08 00:00,2026-09-06 23:50,12388,available,200,application/json; charset=utf-8,2026-09-13T18:07:07.251130+00:00,1058491,074cb54ed5a3c71ff41a3a55e5f11fbff9110aa14b88a11fc654b5274698c735,bodies/348_2026-06-08_2026-09-06_a1.body,receipts/348_2026-06-08_2026-09-06_a1.json,new,new_20260913_348_2026-06-08_2026-09-06_a1,https://api-v3.thaiwater.net/api/v1/thaiwater30/public/waterlevel_graph?station_type=tele_waterlevel&station_id=348&start_date=2026-06-08&end_date=2026-09-06,th_agency_9,available
348,discharge_reported,discharge,2026-06-08,2026-09-06,91,13104,2026-06-08 00:00,2026-09-06 23:50,0,empty_in_tested_window,200,application/json; charset=utf-8,2026-09-13T18:07:07.251130+00:00,1058491,074cb54ed5a3c71ff41a3a55e5f11fbff9110aa14b88a11fc654b5274698c735,bodies/348_2026-06-08_2026-09-06_a1.body,receipts/348_2026-06-08_2026-09-06_a1.json,new,new_20260913_348_2026-06-08_2026-09-06_a1,https://api-v3.thaiwater.net/api/v1/thaiwater30/public/waterlevel_graph?station_type=tele_waterlevel&station_id=348&start_date=2026-06-08&end_date=2026-09-06,th_agency_9,unknown
358,stage_reported,value,2026-06-08,2026-09-06,91,13104,2026-06-08 00:00,2026-09-06 23:50,12964,available,200,application/json; charset=utf-8,2026-09-13T18:07:12.597501+00:00,1066938,c0ab1cb3d913e2127ec025297be26601b0ddaaeae6b166b998ed245c7db46d6f,bodies/358_2026-06-08_2026-09-06_a1.body,receipts/358_2026-06-08_2026-09-06_a1.json,new,new_20260913_358_2026-06-08_2026-09-06_a1,https://api-v3.thaiwater.net/api/v1/thaiwater30/public/waterlevel_graph?station_type=tele_waterlevel&station_id=358&start_date=2026-06-08&end_date=2026-09-06,th_agency_9,available
358,discharge_reported,discharge,2026-06-08,2026-09-06,91,13104,2026-06-08 00:00,2026-09-06 23:50,0,empty_in_tested_window,200,application/json; charset=utf-8,2026-09-13T18:07:12.597501+00:00,1066938,c0ab1cb3d913e2127ec025297be26601b0ddaaeae6b166b998ed245c7db46d6f,bodies/358_2026-06-08_2026-09-06_a1.body,receipts/358_2026-06-08_2026-09-06_a1.json,new,new_20260913_358_2026-06-08_2026-09-06_a1,https://api-v3.thaiwater.net/api/v1/thaiwater30/public/waterlevel_graph?station_type=tele_waterlevel&station_id=358&start_date=2026-06-08&end_date=2026-09-06,th_agency_9,unknown
380,stage_reported,value,2026-06-08,2026-09-06,91,13104,2026-06-08 00:00,2026-09-06 23:50,10402,available,200,application/json; charset=utf-8,2026-09-13T18:07:15.950753+00:00,1054594,aa7c3a0b472268207ed4f2189b83ea3876049ccb5211bb07b50b016b080fb70b,bodies/380_2026-06-08_2026-09-06_a1.body,receipts/380_2026-06-08_2026-09-06_a1.json,new,new_20260913_380_2026-06-08_2026-09-06_a1,https://api-v3.thaiwater.net/api/v1/thaiwater30/public/waterlevel_graph?station_type=tele_waterlevel&station_id=380&start_date=2026-06-08&end_date=2026-09-06,th_agency_9,available
380,discharge_reported,discharge,2026-06-08,2026-09-06,91,13104,2026-06-08 00:00,2026-09-06 23:50,0,empty_in_tested_window,200,application/json; charset=utf-8,2026-09-13T18:07:15.950753+00:00,1054594,aa7c3a0b472268207ed4f2189b83ea3876049ccb5211bb07b50b016b080fb70b,bodies/380_2026-06-08_2026-09-06_a1.body,receipts/380_2026-06-08_2026-09-06_a1.json,new,new_20260913_380_2026-06-08_2026-09-06_a1,https://api-v3.thaiwater.net/api/v1/thaiwater30/public/waterlevel_graph?station_type=tele_waterlevel&station_id=380&start_date=2026-06-08&end_date=2026-09-06,th_agency_9,unknown
393,stage_reported,value,2026-06-08,2026-09-06,91,13104,2026-06-08 00:00,2026-09-06 23:50,2002,available,200,application/json; charset=utf-8,2026-09-13T18:07:19.274560+00:00,1039140,9e67b1ae3b9dae3c6089d7834a3c18b6b16e6d89f6e9dcf32fa7f1fa6cf9b8af,bodies/393_2026-06-08_2026-09-06_a1.body,receipts/393_2026-06-08_2026-09-06_a1.json,new,new_20260913_393_2026-06-08_2026-09-06_a1,https://api-v3.thaiwater.net/api/v1/thaiwater30/public/waterlevel_graph?station_type=tele_waterlevel&station_id=393&start_date=2026-06-08&end_date=2026-09-06,th_agency_9,available
393,discharge_reported,discharge,2026-06-08,2026-09-06,91,13104,2026-06-08 00:00,2026-09-06 23:50,0,empty_in_tested_window,200,application/json; charset=utf-8,2026-09-13T18:07:19.274560+00:00,1039140,9e67b1ae3b9dae3c6089d7834a3c18b6b16e6d89f6e9dcf32fa7f1fa6cf9b8af,bodies/393_2026-06-08_2026-09-06_a1.body,receipts/393_2026-06-08_2026-09-06_a1.json,new,new_20260913_393_2026-06-08_2026-09-06_a1,https://api-v3.thaiwater.net/api/v1/thaiwater30/public/waterlevel_graph?station_type=tele_waterlevel&station_id=393&start_date=2026-06-08&end_date=2026-09-06,th_agency_9,unknown
395,stage_reported,value,2026-06-08,2026-09-06,91,13104,2026-06-08 00:00,2026-09-06 23:50,12881,available,200,application/json; charset=utf-8,2026-09-13T18:07:22.602205+00:00,1059615,55fc2aac7e816a09ebeae628940d67d70078766c0d3808d120b9abc356b708bf,bodies/395_2026-06-08_2026-09-06_a1.body,receipts/395_2026-06-08_2026-09-06_a1.json,new,new_20260913_395_2026-06-08_2026-09-06_a1,https://api-v3.thaiwater.net/api/v1/thaiwater30/public/waterlevel_graph?station_type=tele_waterlevel&station_id=395&start_date=2026-06-08&end_date=2026-09-06,th_agency_9,available
395,discharge_reported,discharge,2026-06-08,2026-09-06,91,13104,2026-06-08 00:00,2026-09-06 23:50,0,empty_in_tested_window,200,application/json; charset=utf-8,2026-09-13T18:07:22.602205+00:00,1059615,55fc2aac7e816a09ebeae628940d67d70078766c0d3808d120b9abc356b708bf,bodies/395_2026-06-08_2026-09-06_a1.body,receipts/395_2026-06-08_2026-09-06_a1.json,new,new_20260913_395_2026-06-08_2026-09-06_a1,https://api-v3.thaiwater.net/api/v1/thaiwater30/public/waterlevel_graph?station_type=tele_waterlevel&station_id=395&start_date=2026-06-08&end_date=2026-09-06,th_agency_9,unknown
396,stage_reported,value,2026-06-08,2026-09-06,91,13104,2026-06-08 00:00,2026-09-06 23:50,12504,available,200,application/json; charset=utf-8,2026-09-13T18:07:25.769122+00:00,1059004,338819da583043cc08fbae03f28fbc9bff792af071542a984e087a444f665155,bodies/396_2026-06-08_2026-09-06_a1.body,receipts/396_2026-06-08_2026-09-06_a1.json,new,new_20260913_396_2026-06-08_2026-09-06_a1,https://api-v3.thaiwater.net/api/v1/thaiwater30/public/waterlevel_graph?station_type=tele_waterlevel&station_id=396&start_date=2026-06-08&end_date=2026-09-06,th_agency_9,available
396,discharge_reported,discharge,2026-06-08,2026-09-06,91,13104,2026-06-08 00:00,2026-09-06 23:50,0,empty_in_tested_window,200,application/json; charset=utf-8,2026-09-13T18:07:25.769122+00:00,1059004,338819da583043cc08fbae03f28fbc9bff792af071542a984e087a444f665155,bodies/396_2026-06-08_2026-09-06_a1.body,receipts/396_2026-06-08_2026-09-06_a1.json,new,new_20260913_396_2026-06-08_2026-09-06_a1,https://api-v3.thaiwater.net/api/v1/thaiwater30/public/waterlevel_graph?station_type=tele_waterlevel&station_id=396&start_date=2026-06-08&end_date=2026-09-06,th_agency_9,unknown
405,stage_reported,value,2026-06-08,2026-09-06,91,13104,2026-06-08 00:00,2026-09-06 23:50,12704,available,200,application/json; charset=utf-8,2026-09-13T18:07:29.199027+00:00,1059194,152e4f77e9745f4f1f0f462f1daa785dbb8ecb3d23001b3d001fcd15ca7d7f89,bodies/405_2026-06-08_2026-09-06_a1.body,receipts/405_2026-06-08_2026-09-06_a1.json,new,new_20260913_405_2026-06-08_2026-09-06_a1,https://api-v3.thaiwater.net/api/v1/thaiwater30/public/waterlevel_graph?station_type=tele_waterlevel&station_id=405&start_date=2026-06-08&end_date=2026-09-06,th_agency_9,available
405,discharge_reported,discharge,2026-06-08,2026-09-06,91,13104,2026-06-08 00:00,2026-09-06 23:50,0,empty_in_tested_window,200,application/json; charset=utf-8,2026-09-13T18:07:29.199027+00:00,1059194,152e4f77e9745f4f1f0f462f1daa785dbb8ecb3d23001b3d001fcd15ca7d7f89,bodies/405_2026-06-08_2026-09-06_a1.body,receipts/405_2026-06-08_2026-09-06_a1.json,new,new_20260913_405_2026-06-08_2026-09-06_a1,https://api-v3.thaiwater.net/api/v1/thaiwater30/public/waterlevel_graph?station_type=tele_waterlevel&station_id=405&start_date=2026-06-08&end_date=2026-09-06,th_agency_9,unknown
414,stage_reported,value,2026-06-08,2026-09-06,91,13104,2026-06-08 00:00,2026-09-06 23:50,13067,available,200,application/json; charset=utf-8,2026-09-13T18:07:32.628440+00:00,1072934,7f27fa80b37d5f615ef31c10dedd5319dde97f4505e44d0b15c604d7e58ab4bf,bodies/414_2026-06-08_2026-09-06_a1.body,receipts/414_2026-06-08_2026-09-06_a1.json,new,new_20260913_414_2026-06-08_2026-09-06_a1,https://api-v3.thaiwater.net/api/v1/thaiwater30/public/waterlevel_graph?station_type=tele_waterlevel&station_id=414&start_date=2026-06-08&end_date=2026-09-06,th_agency_9,available
414,discharge_reported,discharge,2026-06-08,2026-09-06,91,13104,2026-06-08 00:00,2026-09-06 23:50,0,empty_in_tested_window,200,application/json; charset=utf-8,2026-09-13T18:07:32.628440+00:00,1072934,7f27fa80b37d5f615ef31c10dedd5319dde97f4505e44d0b15c604d7e58ab4bf,bodies/414_2026-06-08_2026-09-06_a1.body,receipts/414_2026-06-08_2026-09-06_a1.json,new,new_20260913_414_2026-06-08_2026-09-06_a1,https://api-v3.thaiwater.net/api/v1/thaiwater30/public/waterlevel_graph?station_type=tele_waterlevel&station_id=414&start_date=2026-06-08&end_date=2026-09-06,th_agency_9,unknown
418,stage_reported,value,2026-06-08,2026-09-06,91,13104,2026-06-08 00:00,2026-09-06 23:50,13070,available,200,application/json; charset=utf-8,2026-09-13T18:07:36.097630+00:00,1073235,30b92680ea551bf65b64b1f7e9da554bc90544bd9b13cdb0c27c86705f44b624,bodies/418_2026-06-08_2026-09-06_a1.body,receipts/418_2026-06-08_2026-09-06_a1.json,new,new_20260913_418_2026-06-08_2026-09-06_a1,https://api-v3.thaiwater.net/api/v1/thaiwater30/public/waterlevel_graph?station_type=tele_waterlevel&station_id=418&start_date=2026-06-08&end_date=2026-09-06,th_agency_9,available
418,discharge_reported,discharge,2026-06-08,2026-09-06,91,13104,2026-06-08 00:00,2026-09-06 23:50,0,empty_in_tested_window,200,application/json; charset=utf-8,2026-09-13T18:07:36.097630+00:00,1073235,30b92680ea551bf65b64b1f7e9da554bc90544bd9b13cdb0c27c86705f44b624,bodies/418_2026-06-08_2026-09-06_a1.body,receipts/418_2026-06-08_2026-09-06_a1.json,new,new_20260913_418_2026-06-08_2026-09-06_a1,https://api-v3.thaiwater.net/api/v1/thaiwater30/public/waterlevel_graph?station_type=tele_waterlevel&station_id=418&start_date=2026-06-08&end_date=2026-09-06,th_agency_9,unknown
422,stage_reported,value,2026-06-08,2026-09-06,91,13104,2026-06-08 00:00,2026-09-06 23:50,13061,available,200,application/json; charset=utf-8,2026-09-13T18:07:40.957760+00:00,1073083,01da59e592d590103bb82ea9ae31dc5ef78a3176857037b317d73baa2e398e13,bodies/422_2026-06-08_2026-09-06_a1.body,receipts/422_2026-06-08_2026-09-06_a1.json,new,new_20260913_422_2026-06-08_2026-09-06_a1,https://api-v3.thaiwater.net/api/v1/thaiwater30/public/waterlevel_graph?station_type=tele_waterlevel&station_id=422&start_date=2026-06-08&end_date=2026-09-06,th_agency_9,available
422,discharge_reported,discharge,2026-06-08,2026-09-06,91,13104,2026-06-08 00:00,2026-09-06 23:50,0,empty_in_tested_window,200,application/json; charset=utf-8,2026-09-13T18:07:40.957760+00:00,1073083,01da59e592d590103bb82ea9ae31dc5ef78a3176857037b317d73baa2e398e13,bodies/422_2026-06-08_2026-09-06_a1.body,receipts/422_2026-06-08_2026-09-06_a1.json,new,new_20260913_422_2026-06-08_2026-09-06_a1,https://api-v3.thaiwater.net/api/v1/thaiwater30/public/waterlevel_graph?station_type=tele_waterlevel&station_id=422&start_date=2026-06-08&end_date=2026-09-06,th_agency_9,unknown
424,stage_reported,value,2026-06-08,2026-09-06,91,13104,2026-06-08 00:00,2026-09-06 23:50,13070,available,200,application/json; charset=utf-8,2026-09-13T18:07:45.545364+00:00,1073069,e482f01de01e77dd051566d6a790033cc97da62db3a59887517e9f6dc66d34fb,bodies/424_2026-06-08_2026-09-06_a1.body,receipts/424_2026-06-08_2026-09-06_a1.json,new,new_20260913_424_2026-06-08_2026-09-06_a1,https://api-v3.thaiwater.net/api/v1/thaiwater30/public/waterlevel_graph?station_type=tele_waterlevel&station_id=424&start_date=2026-06-08&end_date=2026-09-06,th_agency_9,available
424,discharge_reported,discharge,2026-06-08,2026-09-06,91,13104,2026-06-08 00:00,2026-09-06 23:50,0,empty_in_tested_window,200,application/json; charset=utf-8,2026-09-13T18:07:45.545364+00:00,1073069,e482f01de01e77dd051566d6a790033cc97da62db3a59887517e9f6dc66d34fb,bodies/424_2026-06-08_2026-09-06_a1.body,receipts/424_2026-06-08_2026-09-06_a1.json,new,new_20260913_424_2026-06-08_2026-09-06_a1,https://api-v3.thaiwater.net/api/v1/thaiwater30/public/waterlevel_graph?station_type=tele_waterlevel&station_id=424&start_date=2026-06-08&end_date=2026-09-06,th_agency_9,unknown
427,stage_reported,value,2026-06-08,2026-09-06,91,13104,2026-06-08 00:00,2026-09-06 23:50,12966,available,200,application/json; charset=utf-8,2026-09-13T18:07:49.956823+00:00,1072865,5421fe67289af797e001a67bb317abcccb8ab09ea75a75414bd2499880b8869b,bodies/427_2026-06-08_2026-09-06_a1.body,receipts/427_2026-06-08_2026-09-06_a1.json,new,new_20260913_427_2026-06-08_2026-09-06_a1,https://api-v3.thaiwater.net/api/v1/thaiwater30/public/waterlevel_graph?station_type=tele_waterlevel&station_id=427&start_date=2026-06-08&end_date=2026-09-06,th_agency_9,available
427,discharge_reported,discharge,2026-06-08,2026-09-06,91,13104,2026-06-08 00:00,2026-09-06 23:50,0,empty_in_tested_window,200,application/json; charset=utf-8,2026-09-13T18:07:49.956823+00:00,1072865,5421fe67289af797e001a67bb317abcccb8ab09ea75a75414bd2499880b8869b,bodies/427_2026-06-08_2026-09-06_a1.body,receipts/427_2026-06-08_2026-09-06_a1.json,new,new_20260913_427_2026-06-08_2026-09-06_a1,https://api-v3.thaiwater.net/api/v1/thaiwater30/public/waterlevel_graph?station_type=tele_waterlevel&station_id=427&start_date=2026-06-08&end_date=2026-09-06,th_agency_9,unknown
430,stage_reported,value,2026-06-08,2026-09-06,91,13104,2026-06-08 00:00,2026-09-06 23:50,13069,available,200,application/json; charset=utf-8,2026-09-13T18:07:53.204651+00:00,1073098,f5512d0e13076190b9f974b25ed350a1c034934f480b165a201891522eb471d6,bodies/430_2026-06-08_2026-09-06_a1.body,receipts/430_2026-06-08_2026-09-06_a1.json,new,new_20260913_430_2026-06-08_2026-09-06_a1,https://api-v3.thaiwater.net/api/v1/thaiwater30/public/waterlevel_graph?station_type=tele_waterlevel&station_id=430&start_date=2026-06-08&end_date=2026-09-06,th_agency_9,available
430,discharge_reported,discharge,2026-06-08,2026-09-06,91,13104,2026-06-08 00:00,2026-09-06 23:50,0,empty_in_tested_window,200,application/json; charset=utf-8,2026-09-13T18:07:53.204651+00:00,1073098,f5512d0e13076190b9f974b25ed350a1c034934f480b165a201891522eb471d6,bodies/430_2026-06-08_2026-09-06_a1.body,receipts/430_2026-06-08_2026-09-06_a1.json,new,new_20260913_430_2026-06-08_2026-09-06_a1,https://api-v3.thaiwater.net/api/v1/thaiwater30/public/waterlevel_graph?station_type=tele_waterlevel&station_id=430&start_date=2026-06-08&end_date=2026-09-06,th_agency_9,unknown
434,stage_reported,value,2026-06-08,2026-09-06,91,13104,2026-06-08 00:00,2026-09-06 23:50,12770,available,200,application/json; charset=utf-8,2026-09-13T18:07:56.138193+00:00,1072298,ca5c98aa45dae6ccad9060347503ec4e28666fa2f6b441097b4777234ee40f23,bodies/434_2026-06-08_2026-09-06_a1.body,receipts/434_2026-06-08_2026-09-06_a1.json,new,new_20260913_434_2026-06-08_2026-09-06_a1,https://api-v3.thaiwater.net/api/v1/thaiwater30/public/waterlevel_graph?station_type=tele_waterlevel&station_id=434&start_date=2026-06-08&end_date=2026-09-06,th_agency_9,available
434,discharge_reported,discharge,2026-06-08,2026-09-06,91,13104,2026-06-08 00:00,2026-09-06 23:50,0,empty_in_tested_window,200,application/json; charset=utf-8,2026-09-13T18:07:56.138193+00:00,1072298,ca5c98aa45dae6ccad9060347503ec4e28666fa2f6b441097b4777234ee40f23,bodies/434_2026-06-08_2026-09-06_a1.body,receipts/434_2026-06-08_2026-09-06_a1.json,new,new_20260913_434_2026-06-08_2026-09-06_a1,https://api-v3.thaiwater.net/api/v1/thaiwater30/public/waterlevel_graph?station_type=tele_waterlevel&station_id=434&start_date=2026-06-08&end_date=2026-09-06,th_agency_9,unknown
454,stage_reported,value,2026-06-08,2026-09-06,91,13104,2026-06-08 00:00,2026-09-06 23:50,13064,available,200,application/json; charset=utf-8,2026-09-13T18:07:59.986644+00:00,1072943,5fa49e1b579ba3d89d792f550e4b4fa06110b92349077307f690247900f238c5,bodies/454_2026-06-08_2026-09-06_a1.body,receipts/454_2026-06-08_2026-09-06_a1.json,new,new_20260913_454_2026-06-08_2026-09-06_a1,https://api-v3.thaiwater.net/api/v1/thaiwater30/public/waterlevel_graph?station_type=tele_waterlevel&station_id=454&start_date=2026-06-08&end_date=2026-09-06,th_agency_9,available
454,discharge_reported,discharge,2026-06-08,2026-09-06,91,13104,2026-06-08 00:00,2026-09-06 23:50,0,empty_in_tested_window,200,application/json; charset=utf-8,2026-09-13T18:07:59.986644+00:00,1072943,5fa49e1b579ba3d89d792f550e4b4fa06110b92349077307f690247900f238c5,bodies/454_2026-06-08_2026-09-06_a1.body,receipts/454_2026-06-08_2026-09-06_a1.json,new,new_20260913_454_2026-06-08_2026-09-06_a1,https://api-v3.thaiwater.net/api/v1/thaiwater30/public/waterlevel_graph?station_type=tele_waterlevel&station_id=454&start_date=2026-06-08&end_date=2026-09-06,th_agency_9,unknown
463,stage_reported,value,2026-06-08,2026-09-06,91,13104,2026-06-08 00:00,2026-09-06 23:50,13070,available,200,application/json; charset=utf-8,2026-09-13T18:08:02.987773+00:00,1073097,f4f1577c2d2195d3b7c60ea2ade2faa21baf5e13111c9eea771a91176c5c189e,bodies/463_2026-06-08_2026-09-06_a1.body,receipts/463_2026-06-08_2026-09-06_a1.json,new,new_20260913_463_2026-06-08_2026-09-06_a1,https://api-v3.thaiwater.net/api/v1/thaiwater30/public/waterlevel_graph?station_type=tele_waterlevel&station_id=463&start_date=2026-06-08&end_date=2026-09-06,th_agency_9,available
463,discharge_reported,discharge,2026-06-08,2026-09-06,91,13104,2026-06-08 00:00,2026-09-06 23:50,0,empty_in_tested_window,200,application/json; charset=utf-8,2026-09-13T18:08:02.987773+00:00,1073097,f4f1577c2d2195d3b7c60ea2ade2faa21baf5e13111c9eea771a91176c5c189e,bodies/463_2026-06-08_2026-09-06_a1.body,receipts/463_2026-06-08_2026-09-06_a1.json,new,new_20260913_463_2026-06-08_2026-09-06_a1,https://api-v3.thaiwater.net/api/v1/thaiwater30/public/waterlevel_graph?station_type=tele_waterlevel&station_id=463&start_date=2026-06-08&end_date=2026-09-06,th_agency_9,unknown
464,stage_reported,value,2026-06-08,2026-09-06,91,13104,2026-06-08 00:00,2026-09-06 23:50,13070,available,200,application/json; charset=utf-8,2026-09-13T18:08:05.869943+00:00,1073161,705ca7f58af14e8717cab9e5209cee0e01c62fbb11ed06fe2f614cf8fca45319,bodies/464_2026-06-08_2026-09-06_a1.body,receipts/464_2026-06-08_2026-09-06_a1.json,new,new_20260913_464_2026-06-08_2026-09-06_a1,https://api-v3.thaiwater.net/api/v1/thaiwater30/public/waterlevel_graph?station_type=tele_waterlevel&station_id=464&start_date=2026-06-08&end_date=2026-09-06,th_agency_9,available
464,discharge_reported,discharge,2026-06-08,2026-09-06,91,13104,2026-06-08 00:00,2026-09-06 23:50,0,empty_in_tested_window,200,application/json; charset=utf-8,2026-09-13T18:08:05.869943+00:00,1073161,705ca7f58af14e8717cab9e5209cee0e01c62fbb11ed06fe2f614cf8fca45319,bodies/464_2026-06-08_2026-09-06_a1.body,receipts/464_2026-06-08_2026-09-06_a1.json,new,new_20260913_464_2026-06-08_2026-09-06_a1,https://api-v3.thaiwater.net/api/v1/thaiwater30/public/waterlevel_graph?station_type=tele_waterlevel&station_id=464&start_date=2026-06-08&end_date=2026-09-06,th_agency_9,unknown
472,stage_reported,value,2026-06-08,2026-09-06,91,13104,2026-06-08 00:00,2026-09-06 23:50,12991,available,200,application/json; charset=utf-8,2026-09-13T18:08:08.817779+00:00,1060299,b4edd20950ec8137e658c6fb76481b35870c2379133210355e12b3e985dba17e,bodies/472_2026-06-08_2026-09-06_a1.body,receipts/472_2026-06-08_2026-09-06_a1.json,new,new_20260913_472_2026-06-08_2026-09-06_a1,https://api-v3.thaiwater.net/api/v1/thaiwater30/public/waterlevel_graph?station_type=tele_waterlevel&station_id=472&start_date=2026-06-08&end_date=2026-09-06,th_agency_9,available
472,discharge_reported,discharge,2026-06-08,2026-09-06,91,13104,2026-06-08 00:00,2026-09-06 23:50,0,empty_in_tested_window,200,application/json; charset=utf-8,2026-09-13T18:08:08.817779+00:00,1060299,b4edd20950ec8137e658c6fb76481b35870c2379133210355e12b3e985dba17e,bodies/472_2026-06-08_2026-09-06_a1.body,receipts/472_2026-06-08_2026-09-06_a1.json,new,new_20260913_472_2026-06-08_2026-09-06_a1,https://api-v3.thaiwater.net/api/v1/thaiwater30/public/waterlevel_graph?station_type=tele_waterlevel&station_id=472&start_date=2026-06-08&end_date=2026-09-06,th_agency_9,unknown
475,stage_reported,value,2026-06-08,2026-09-06,91,13104,2026-06-08 00:00,2026-09-06 23:50,13099,available,200,application/json; charset=utf-8,2026-09-13T18:08:11.590541+00:00,1071250,e27efa46d56d28b99d8c54f545df6f9df32c628fd8eb4e173b8adff098dcb40f,bodies/475_2026-06-08_2026-09-06_a1.body,receipts/475_2026-06-08_2026-09-06_a1.json,new,new_20260913_475_2026-06-08_2026-09-06_a1,https://api-v3.thaiwater.net/api/v1/thaiwater30/public/waterlevel_graph?station_type=tele_waterlevel&station_id=475&start_date=2026-06-08&end_date=2026-09-06,th_agency_9,available
475,discharge_reported,discharge,2026-06-08,2026-09-06,91,13104,2026-06-08 00:00,2026-09-06 23:50,0,empty_in_tested_window,200,application/json; charset=utf-8,2026-09-13T18:08:11.590541+00:00,1071250,e27efa46d56d28b99d8c54f545df6f9df32c628fd8eb4e173b8adff098dcb40f,bodies/475_2026-06-08_2026-09-06_a1.body,receipts/475_2026-06-08_2026-09-06_a1.json,new,new_20260913_475_2026-06-08_2026-09-06_a1,https://api-v3.thaiwater.net/api/v1/thaiwater30/public/waterlevel_graph?station_type=tele_waterlevel&station_id=475&start_date=2026-06-08&end_date=2026-09-06,th_agency_9,unknown
478,stage_reported,value,2026-06-08,2026-09-06,91,13104,2026-06-08 00:00,2026-09-06 23:50,13065,available,200,application/json; charset=utf-8,2026-09-13T18:08:14.786523+00:00,1073152,14f2d47e835e078d3169d52ada99763b4eb35a3cb353435cb8e91354d1197d43,bodies/478_2026-06-08_2026-09-06_a1.body,receipts/478_2026-06-08_2026-09-06_a1.json,new,new_20260913_478_2026-06-08_2026-09-06_a1,https://api-v3.thaiwater.net/api/v1/thaiwater30/public/waterlevel_graph?station_type=tele_waterlevel&station_id=478&start_date=2026-06-08&end_date=2026-09-06,th_agency_9,available
478,discharge_reported,discharge,2026-06-08,2026-09-06,91,13104,2026-06-08 00:00,2026-09-06 23:50,0,empty_in_tested_window,200,application/json; charset=utf-8,2026-09-13T18:08:14.786523+00:00,1073152,14f2d47e835e078d3169d52ada99763b4eb35a3cb353435cb8e91354d1197d43,bodies/478_2026-06-08_2026-09-06_a1.body,receipts/478_2026-06-08_2026-09-06_a1.json,new,new_20260913_478_2026-06-08_2026-09-06_a1,https://api-v3.thaiwater.net/api/v1/thaiwater30/public/waterlevel_graph?station_type=tele_waterlevel&station_id=478&start_date=2026-06-08&end_date=2026-09-06,th_agency_9,unknown
482,stage_reported,value,2026-06-08,2026-09-06,91,13104,2026-06-08 00:00,2026-09-06 23:50,13099,available,200,application/json; charset=utf-8,2026-09-13T18:08:17.775370+00:00,1072836,7765441402b37685007dd29fe8d382c1d9b0a6bfda4aa0e7734042ba36f4f16a,bodies/482_2026-06-08_2026-09-06_a1.body,receipts/482_2026-06-08_2026-09-06_a1.json,new,new_20260913_482_2026-06-08_2026-09-06_a1,https://api-v3.thaiwater.net/api/v1/thaiwater30/public/waterlevel_graph?station_type=tele_waterlevel&station_id=482&start_date=2026-06-08&end_date=2026-09-06,th_agency_9,available
482,discharge_reported,discharge,2026-06-08,2026-09-06,91,13104,2026-06-08 00:00,2026-09-06 23:50,0,empty_in_tested_window,200,application/json; charset=utf-8,2026-09-13T18:08:17.775370+00:00,1072836,7765441402b37685007dd29fe8d382c1d9b0a6bfda4aa0e7734042ba36f4f16a,bodies/482_2026-06-08_2026-09-06_a1.body,receipts/482_2026-06-08_2026-09-06_a1.json,new,new_20260913_482_2026-06-08_2026-09-06_a1,https://api-v3.thaiwater.net/api/v1/thaiwater30/public/waterlevel_graph?station_type=tele_waterlevel&station_id=482&start_date=2026-06-08&end_date=2026-09-06,th_agency_9,unknown
483,stage_reported,value,2026-06-08,2026-09-06,91,13104,2026-06-08 00:00,2026-09-06 23:50,13014,available,200,application/json; charset=utf-8,2026-09-13T18:08:21.331957+00:00,1059979,c9a47c0a840e6cb22b0c338791ff60535dc80aebc7c5ad1396f14072b6113d89,bodies/483_2026-06-08_2026-09-06_a1.body,receipts/483_2026-06-08_2026-09-06_a1.json,new,new_20260913_483_2026-06-08_2026-09-06_a1,https://api-v3.thaiwater.net/api/v1/thaiwater30/public/waterlevel_graph?station_type=tele_waterlevel&station_id=483&start_date=2026-06-08&end_date=2026-09-06,th_agency_9,available
483,discharge_reported,discharge,2026-06-08,2026-09-06,91,13104,2026-06-08 00:00,2026-09-06 23:50,0,empty_in_tested_window,200,application/json; charset=utf-8,2026-09-13T18:08:21.331957+00:00,1059979,c9a47c0a840e6cb22b0c338791ff60535dc80aebc7c5ad1396f14072b6113d89,bodies/483_2026-06-08_2026-09-06_a1.body,receipts/483_2026-06-08_2026-09-06_a1.json,new,new_20260913_483_2026-06-08_2026-09-06_a1,https://api-v3.thaiwater.net/api/v1/thaiwater30/public/waterlevel_graph?station_type=tele_waterlevel&station_id=483&start_date=2026-06-08&end_date=2026-09-06,th_agency_9,unknown
489,stage_reported,value,2026-06-08,2026-09-06,91,13104,2026-06-08 00:00,2026-09-06 23:50,13069,available,200,application/json; charset=utf-8,2026-09-13T18:08:24.654628+00:00,1073154,fd0838514c1436552ccc8091b90b0e854a18efe58c01ff54ded4123d8e88806a,bodies/489_2026-06-08_2026-09-06_a1.body,receipts/489_2026-06-08_2026-09-06_a1.json,new,new_20260913_489_2026-06-08_2026-09-06_a1,https://api-v3.thaiwater.net/api/v1/thaiwater30/public/waterlevel_graph?station_type=tele_waterlevel&station_id=489&start_date=2026-06-08&end_date=2026-09-06,th_agency_9,available
489,discharge_reported,discharge,2026-06-08,2026-09-06,91,13104,2026-06-08 00:00,2026-09-06 23:50,0,empty_in_tested_window,200,application/json; charset=utf-8,2026-09-13T18:08:24.654628+00:00,1073154,fd0838514c1436552ccc8091b90b0e854a18efe58c01ff54ded4123d8e88806a,bodies/489_2026-06-08_2026-09-06_a1.body,receipts/489_2026-06-08_2026-09-06_a1.json,new,new_20260913_489_2026-06-08_2026-09-06_a1,https://api-v3.thaiwater.net/api/v1/thaiwater30/public/waterlevel_graph?station_type=tele_waterlevel&station_id=489&start_date=2026-06-08&end_date=2026-09-06,th_agency_9,unknown
493,stage_reported,value,2026-06-08,2026-09-06,91,13104,2026-06-08 00:00,2026-09-06 23:50,13065,available,200,application/json; charset=utf-8,2026-09-13T18:08:27.814809+00:00,1073207,545273565d33197db03e2acdaedac43d1b1b3fe945e81e8866c1df3d0608f9d9,bodies/493_2026-06-08_2026-09-06_a1.body,receipts/493_2026-06-08_2026-09-06_a1.json,new,new_20260913_493_2026-06-08_2026-09-06_a1,https://api-v3.thaiwater.net/api/v1/thaiwater30/public/waterlevel_graph?station_type=tele_waterlevel&station_id=493&start_date=2026-06-08&end_date=2026-09-06,th_agency_9,available
493,discharge_reported,discharge,2026-06-08,2026-09-06,91,13104,2026-06-08 00:00,2026-09-06 23:50,0,empty_in_tested_window,200,application/json; charset=utf-8,2026-09-13T18:08:27.814809+00:00,1073207,545273565d33197db03e2acdaedac43d1b1b3fe945e81e8866c1df3d0608f9d9,bodies/493_2026-06-08_2026-09-06_a1.body,receipts/493_2026-06-08_2026-09-06_a1.json,new,new_20260913_493_2026-06-08_2026-09-06_a1,https://api-v3.thaiwater.net/api/v1/thaiwater30/public/waterlevel_graph?station_type=tele_waterlevel&station_id=493&start_date=2026-06-08&end_date=2026-09-06,th_agency_9,unknown
499,stage_reported,value,2026-06-08,2026-09-06,91,13104,2026-06-08 00:00,2026-09-06 23:50,13070,available,200,application/json; charset=utf-8,2026-09-13T18:08:30.683083+00:00,1073067,ce19881bbb6f43d349976cd2138c35d72d5d2159ba92d2cf351367ee55ea067a,bodies/499_2026-06-08_2026-09-06_a1.body,receipts/499_2026-06-08_2026-09-06_a1.json,new,new_20260913_499_2026-06-08_2026-09-06_a1,https://api-v3.thaiwater.net/api/v1/thaiwater30/public/waterlevel_graph?station_type=tele_waterlevel&station_id=499&start_date=2026-06-08&end_date=2026-09-06,th_agency_9,available
499,discharge_reported,discharge,2026-06-08,2026-09-06,91,13104,2026-06-08 00:00,2026-09-06 23:50,0,empty_in_tested_window,200,application/json; charset=utf-8,2026-09-13T18:08:30.683083+00:00,1073067,ce19881bbb6f43d349976cd2138c35d72d5d2159ba92d2cf351367ee55ea067a,bodies/499_2026-06-08_2026-09-06_a1.body,receipts/499_2026-06-08_2026-09-06_a1.json,new,new_20260913_499_2026-06-08_2026-09-06_a1,https://api-v3.thaiwater.net/api/v1/thaiwater30/public/waterlevel_graph?station_type=tele_waterlevel&station_id=499&start_date=2026-06-08&end_date=2026-09-06,th_agency_9,unknown
510,stage_reported,value,2026-06-08,2026-09-06,91,13104,2026-06-08 00:00,2026-09-06 23:50,13069,available,200,application/json; charset=utf-8,2026-09-13T18:08:33.633318+00:00,1073013,89ee1b01fc765135f7834f3a0777633cabcfbe891e15d5c630f9271eb624eeea,bodies/510_2026-06-08_2026-09-06_a1.body,receipts/510_2026-06-08_2026-09-06_a1.json,new,new_20260913_510_2026-06-08_2026-09-06_a1,https://api-v3.thaiwater.net/api/v1/thaiwater30/public/waterlevel_graph?station_type=tele_waterlevel&station_id=510&start_date=2026-06-08&end_date=2026-09-06,th_agency_9,available
510,discharge_reported,discharge,2026-06-08,2026-09-06,91,13104,2026-06-08 00:00,2026-09-06 23:50,0,empty_in_tested_window,200,application/json; charset=utf-8,2026-09-13T18:08:33.633318+00:00,1073013,89ee1b01fc765135f7834f3a0777633cabcfbe891e15d5c630f9271eb624eeea,bodies/510_2026-06-08_2026-09-06_a1.body,receipts/510_2026-06-08_2026-09-06_a1.json,new,new_20260913_510_2026-06-08_2026-09-06_a1,https://api-v3.thaiwater.net/api/v1/thaiwater30/public/waterlevel_graph?station_type=tele_waterlevel&station_id=510&start_date=2026-06-08&end_date=2026-09-06,th_agency_9,unknown
512,stage_reported,value,2026-06-08,2026-09-06,91,13104,2026-06-08 00:00,2026-09-06 23:50,13052,available,200,application/json; charset=utf-8,2026-09-13T18:08:36.644949+00:00,1073541,06648ff0c19b8199f3362a9101faffc0eb00a393a654442637248c577f5bf395,bodies/512_2026-06-08_2026-09-06_a1.body,receipts/512_2026-06-08_2026-09-06_a1.json,new,new_20260913_512_2026-06-08_2026-09-06_a1,https://api-v3.thaiwater.net/api/v1/thaiwater30/public/waterlevel_graph?station_type=tele_waterlevel&station_id=512&start_date=2026-06-08&end_date=2026-09-06,th_agency_9,available
512,discharge_reported,discharge,2026-06-08,2026-09-06,91,13104,2026-06-08 00:00,2026-09-06 23:50,0,empty_in_tested_window,200,application/json; charset=utf-8,2026-09-13T18:08:36.644949+00:00,1073541,06648ff0c19b8199f3362a9101faffc0eb00a393a654442637248c577f5bf395,bodies/512_2026-06-08_2026-09-06_a1.body,receipts/512_2026-06-08_2026-09-06_a1.json,new,new_20260913_512_2026-06-08_2026-09-06_a1,https://api-v3.thaiwater.net/api/v1/thaiwater30/public/waterlevel_graph?station_type=tele_waterlevel&station_id=512&start_date=2026-06-08&end_date=2026-09-06,th_agency_9,unknown
522,stage_reported,value,2026-06-08,2026-09-06,91,13104,2026-06-08 00:00,2026-09-06 23:50,13055,available,200,application/json; charset=utf-8,2026-09-13T18:08:39.761577+00:00,1073080,e0a06d2aaf12b869a0911c70fda6addbc2c3de466eaa1f3eb0aaf84c81d5e8c7,bodies/522_2026-06-08_2026-09-06_a1.body,receipts/522_2026-06-08_2026-09-06_a1.json,new,new_20260913_522_2026-06-08_2026-09-06_a1,https://api-v3.thaiwater.net/api/v1/thaiwater30/public/waterlevel_graph?station_type=tele_waterlevel&station_id=522&start_date=2026-06-08&end_date=2026-09-06,th_agency_9,available
522,discharge_reported,discharge,2026-06-08,2026-09-06,91,13104,2026-06-08 00:00,2026-09-06 23:50,0,empty_in_tested_window,200,application/json; charset=utf-8,2026-09-13T18:08:39.761577+00:00,1073080,e0a06d2aaf12b869a0911c70fda6addbc2c3de466eaa1f3eb0aaf84c81d5e8c7,bodies/522_2026-06-08_2026-09-06_a1.body,receipts/522_2026-06-08_2026-09-06_a1.json,new,new_20260913_522_2026-06-08_2026-09-06_a1,https://api-v3.thaiwater.net/api/v1/thaiwater30/public/waterlevel_graph?station_type=tele_waterlevel&station_id=522&start_date=2026-06-08&end_date=2026-09-06,th_agency_9,unknown
523,stage_reported,value,2026-06-08,2026-09-06,91,13104,2026-06-08 00:00,2026-09-06 23:50,13013,available,200,application/json; charset=utf-8,2026-09-13T18:08:52.727768+00:00,1072912,9e78dfa8fb3afcf0c584c4d0b731daad46b5c6be488774779f2d084ff657a523,bodies/523_2026-06-08_2026-09-06_a1.body,receipts/523_2026-06-08_2026-09-06_a1.json,new,new_20260913_523_2026-06-08_2026-09-06_a1,https://api-v3.thaiwater.net/api/v1/thaiwater30/public/waterlevel_graph?station_type=tele_waterlevel&station_id=523&start_date=2026-06-08&end_date=2026-09-06,th_agency_9,available
523,discharge_reported,discharge,2026-06-08,2026-09-06,91,13104,2026-06-08 00:00,2026-09-06 23:50,0,empty_in_tested_window,200,application/json; charset=utf-8,2026-09-13T18:08:52.727768+00:00,1072912,9e78dfa8fb3afcf0c584c4d0b731daad46b5c6be488774779f2d084ff657a523,bodies/523_2026-06-08_2026-09-06_a1.body,receipts/523_2026-06-08_2026-09-06_a1.json,new,new_20260913_523_2026-06-08_2026-09-06_a1,https://api-v3.thaiwater.net/api/v1/thaiwater30/public/waterlevel_graph?station_type=tele_waterlevel&station_id=523&start_date=2026-06-08&end_date=2026-09-06,th_agency_9,unknown
526,stage_reported,value,2026-06-08,2026-09-06,91,13104,2026-06-08 00:00,2026-09-06 23:50,13069,available,200,application/json; charset=utf-8,2026-09-13T18:08:56.776141+00:00,1073063,b2c6740c36c962d10001add26b826e90476f2c2b7a5659bc3e1e6b6d1bd53256,bodies/526_2026-06-08_2026-09-06_a1.body,receipts/526_2026-06-08_2026-09-06_a1.json,new,new_20260913_526_2026-06-08_2026-09-06_a1,https://api-v3.thaiwater.net/api/v1/thaiwater30/public/waterlevel_graph?station_type=tele_waterlevel&station_id=526&start_date=2026-06-08&end_date=2026-09-06,th_agency_9,available
526,discharge_reported,discharge,2026-06-08,2026-09-06,91,13104,2026-06-08 00:00,2026-09-06 23:50,0,empty_in_tested_window,200,application/json; charset=utf-8,2026-09-13T18:08:56.776141+00:00,1073063,b2c6740c36c962d10001add26b826e90476f2c2b7a5659bc3e1e6b6d1bd53256,bodies/526_2026-06-08_2026-09-06_a1.body,receipts/526_2026-06-08_2026-09-06_a1.json,new,new_20260913_526_2026-06-08_2026-09-06_a1,https://api-v3.thaiwater.net/api/v1/thaiwater30/public/waterlevel_graph?station_type=tele_waterlevel&station_id=526&start_date=2026-06-08&end_date=2026-09-06,th_agency_9,unknown
537,stage_reported,value,2026-06-08,2026-09-06,91,13104,2026-06-08 00:00,2026-09-06 23:50,13068,available,200,application/json; charset=utf-8,2026-09-13T18:08:59.269627+00:00,1073100,19fc38f8d44f4adae72b4c3c69f609e7d3ea8c253ede9c23a03011810e1e7e5e,bodies/537_2026-06-08_2026-09-06_a1.body,receipts/537_2026-06-08_2026-09-06_a1.json,new,new_20260913_537_2026-06-08_2026-09-06_a1,https://api-v3.thaiwater.net/api/v1/thaiwater30/public/waterlevel_graph?station_type=tele_waterlevel&station_id=537&start_date=2026-06-08&end_date=2026-09-06,th_agency_9,available
537,discharge_reported,discharge,2026-06-08,2026-09-06,91,13104,2026-06-08 00:00,2026-09-06 23:50,0,empty_in_tested_window,200,application/json; charset=utf-8,2026-09-13T18:08:59.269627+00:00,1073100,19fc38f8d44f4adae72b4c3c69f609e7d3ea8c253ede9c23a03011810e1e7e5e,bodies/537_2026-06-08_2026-09-06_a1.body,receipts/537_2026-06-08_2026-09-06_a1.json,new,new_20260913_537_2026-06-08_2026-09-06_a1,https://api-v3.thaiwater.net/api/v1/thaiwater30/public/waterlevel_graph?station_type=tele_waterlevel&station_id=537&start_date=2026-06-08&end_date=2026-09-06,th_agency_9,unknown
542,stage_reported,value,2026-06-08,2026-09-06,91,13104,2026-06-08 00:00,2026-09-06 23:50,13050,available,200,application/json; charset=utf-8,2026-09-13T18:09:01.674851+00:00,1072999,81efaea26b5c5abfebb8f72aa6e96479ea327168928b34bf6902cdc26bdadc46,bodies/542_2026-06-08_2026-09-06_a1.body,receipts/542_2026-06-08_2026-09-06_a1.json,new,new_20260913_542_2026-06-08_2026-09-06_a1,https://api-v3.thaiwater.net/api/v1/thaiwater30/public/waterlevel_graph?station_type=tele_waterlevel&station_id=542&start_date=2026-06-08&end_date=2026-09-06,th_agency_9,available
542,discharge_reported,discharge,2026-06-08,2026-09-06,91,13104,2026-06-08 00:00,2026-09-06 23:50,0,empty_in_tested_window,200,application/json; charset=utf-8,2026-09-13T18:09:01.674851+00:00,1072999,81efaea26b5c5abfebb8f72aa6e96479ea327168928b34bf6902cdc26bdadc46,bodies/542_2026-06-08_2026-09-06_a1.body,receipts/542_2026-06-08_2026-09-06_a1.json,new,new_20260913_542_2026-06-08_2026-09-06_a1,https://api-v3.thaiwater.net/api/v1/thaiwater30/public/waterlevel_graph?station_type=tele_waterlevel&station_id=542&start_date=2026-06-08&end_date=2026-09-06,th_agency_9,unknown
545,stage_reported,value,2026-06-08,2026-09-06,91,13104,2026-06-08 00:00,2026-09-06 23:50,13068,available,200,application/json; charset=utf-8,2026-09-13T18:09:04.012943+00:00,1073080,02b004673d2232133fb11b7beffc8391cd4dc26dd4a0ee0283ffc8acbf0b01e0,bodies/545_2026-06-08_2026-09-06_a1.body,receipts/545_2026-06-08_2026-09-06_a1.json,new,new_20260913_545_2026-06-08_2026-09-06_a1,https://api-v3.thaiwater.net/api/v1/thaiwater30/public/waterlevel_graph?station_type=tele_waterlevel&station_id=545&start_date=2026-06-08&end_date=2026-09-06,th_agency_9,available
545,discharge_reported,discharge,2026-06-08,2026-09-06,91,13104,2026-06-08 00:00,2026-09-06 23:50,0,empty_in_tested_window,200,application/json; charset=utf-8,2026-09-13T18:09:04.012943+00:00,1073080,02b004673d2232133fb11b7beffc8391cd4dc26dd4a0ee0283ffc8acbf0b01e0,bodies/545_2026-06-08_2026-09-06_a1.body,receipts/545_2026-06-08_2026-09-06_a1.json,new,new_20260913_545_2026-06-08_2026-09-06_a1,https://api-v3.thaiwater.net/api/v1/thaiwater30/public/waterlevel_graph?station_type=tele_waterlevel&station_id=545&start_date=2026-06-08&end_date=2026-09-06,th_agency_9,unknown
547,stage_reported,value,2026-06-08,2026-09-06,91,13104,2026-06-08 00:00,2026-09-06 23:50,13070,available,200,application/json; charset=utf-8,2026-09-13T18:09:06.384286+00:00,1073066,8e3759066c8f34ab42b480b3ac8c087d8799a259dc573949236a6dadb1794d2b,bodies/547_2026-06-08_2026-09-06_a1.body,receipts/547_2026-06-08_2026-09-06_a1.json,new,new_20260913_547_2026-06-08_2026-09-06_a1,https://api-v3.thaiwater.net/api/v1/thaiwater30/public/waterlevel_graph?station_type=tele_waterlevel&station_id=547&start_date=2026-06-08&end_date=2026-09-06,th_agency_9,available
547,discharge_reported,discharge,2026-06-08,2026-09-06,91,13104,2026-06-08 00:00,2026-09-06 23:50,0,empty_in_tested_window,200,application/json; charset=utf-8,2026-09-13T18:09:06.384286+00:00,1073066,8e3759066c8f34ab42b480b3ac8c087d8799a259dc573949236a6dadb1794d2b,bodies/547_2026-06-08_2026-09-06_a1.body,receipts/547_2026-06-08_2026-09-06_a1.json,new,new_20260913_547_2026-06-08_2026-09-06_a1,https://api-v3.thaiwater.net/api/v1/thaiwater30/public/waterlevel_graph?station_type=tele_waterlevel&station_id=547&start_date=2026-06-08&end_date=2026-09-06,th_agency_9,unknown
550,stage_reported,value,2026-06-08,2026-09-06,91,13104,2026-06-08 00:00,2026-09-06 23:50,13067,available,200,application/json; charset=utf-8,2026-09-13T18:09:08.707282+00:00,1073048,b97954df2b46d1e4c0130bde2fe7119cf756dabe64ef82bee03fb3195958dd12,bodies/550_2026-06-08_2026-09-06_a1.body,receipts/550_2026-06-08_2026-09-06_a1.json,new,new_20260913_550_2026-06-08_2026-09-06_a1,https://api-v3.thaiwater.net/api/v1/thaiwater30/public/waterlevel_graph?station_type=tele_waterlevel&station_id=550&start_date=2026-06-08&end_date=2026-09-06,th_agency_9,available
550,discharge_reported,discharge,2026-06-08,2026-09-06,91,13104,2026-06-08 00:00,2026-09-06 23:50,0,empty_in_tested_window,200,application/json; charset=utf-8,2026-09-13T18:09:08.707282+00:00,1073048,b97954df2b46d1e4c0130bde2fe7119cf756dabe64ef82bee03fb3195958dd12,bodies/550_2026-06-08_2026-09-06_a1.body,receipts/550_2026-06-08_2026-09-06_a1.json,new,new_20260913_550_2026-06-08_2026-09-06_a1,https://api-v3.thaiwater.net/api/v1/thaiwater30/public/waterlevel_graph?station_type=tele_waterlevel&station_id=550&start_date=2026-06-08&end_date=2026-09-06,th_agency_9,unknown
560,stage_reported,value,2026-06-08,2026-09-06,91,13104,2026-06-08 00:00,2026-09-06 23:50,13070,available,200,application/json; charset=utf-8,2026-09-13T18:09:11.846138+00:00,1073078,45771d0be93bee35ffaa4904c0b40cb0b84983beb741acb1e31d08d93ac14eab,bodies/560_2026-06-08_2026-09-06_a1.body,receipts/560_2026-06-08_2026-09-06_a1.json,new,new_20260913_560_2026-06-08_2026-09-06_a1,https://api-v3.thaiwater.net/api/v1/thaiwater30/public/waterlevel_graph?station_type=tele_waterlevel&station_id=560&start_date=2026-06-08&end_date=2026-09-06,th_agency_9,available
560,discharge_reported,discharge,2026-06-08,2026-09-06,91,13104,2026-06-08 00:00,2026-09-06 23:50,0,empty_in_tested_window,200,application/json; charset=utf-8,2026-09-13T18:09:11.846138+00:00,1073078,45771d0be93bee35ffaa4904c0b40cb0b84983beb741acb1e31d08d93ac14eab,bodies/560_2026-06-08_2026-09-06_a1.body,receipts/560_2026-06-08_2026-09-06_a1.json,new,new_20260913_560_2026-06-08_2026-09-06_a1,https://api-v3.thaiwater.net/api/v1/thaiwater30/public/waterlevel_graph?station_type=tele_waterlevel&station_id=560&start_date=2026-06-08&end_date=2026-09-06,th_agency_9,unknown
568,stage_reported,value,2026-06-08,2026-09-06,91,13104,2026-06-08 00:00,2026-09-06 23:50,13069,available,200,application/json; charset=utf-8,2026-09-13T18:09:14.203739+00:00,1059942,f0364c5b6b085ce637cf2e4114d13a8add961c51d18f486102297111a4a9cf65,bodies/568_2026-06-08_2026-09-06_a1.body,receipts/568_2026-06-08_2026-09-06_a1.json,new,new_20260913_568_2026-06-08_2026-09-06_a1,https://api-v3.thaiwater.net/api/v1/thaiwater30/public/waterlevel_graph?station_type=tele_waterlevel&station_id=568&start_date=2026-06-08&end_date=2026-09-06,th_agency_9,available
568,discharge_reported,discharge,2026-06-08,2026-09-06,91,13104,2026-06-08 00:00,2026-09-06 23:50,0,empty_in_tested_window,200,application/json; charset=utf-8,2026-09-13T18:09:14.203739+00:00,1059942,f0364c5b6b085ce637cf2e4114d13a8add961c51d18f486102297111a4a9cf65,bodies/568_2026-06-08_2026-09-06_a1.body,receipts/568_2026-06-08_2026-09-06_a1.json,new,new_20260913_568_2026-06-08_2026-09-06_a1,https://api-v3.thaiwater.net/api/v1/thaiwater30/public/waterlevel_graph?station_type=tele_waterlevel&station_id=568&start_date=2026-06-08&end_date=2026-09-06,th_agency_9,unknown
573,stage_reported,value,2026-06-08,2026-09-06,91,13104,2026-06-08 00:00,2026-09-06 23:50,13067,available,200,application/json; charset=utf-8,2026-09-13T18:09:16.287231+00:00,1059912,aa40475fe853eb7e06a212912d65d50dd7ac2248fc5a87abbff353e72df94374,bodies/573_2026-06-08_2026-09-06_a1.body,receipts/573_2026-06-08_2026-09-06_a1.json,new,new_20260913_573_2026-06-08_2026-09-06_a1,https://api-v3.thaiwater.net/api/v1/thaiwater30/public/waterlevel_graph?station_type=tele_waterlevel&station_id=573&start_date=2026-06-08&end_date=2026-09-06,th_agency_9,available
573,discharge_reported,discharge,2026-06-08,2026-09-06,91,13104,2026-06-08 00:00,2026-09-06 23:50,0,empty_in_tested_window,200,application/json; charset=utf-8,2026-09-13T18:09:16.287231+00:00,1059912,aa40475fe853eb7e06a212912d65d50dd7ac2248fc5a87abbff353e72df94374,bodies/573_2026-06-08_2026-09-06_a1.body,receipts/573_2026-06-08_2026-09-06_a1.json,new,new_20260913_573_2026-06-08_2026-09-06_a1,https://api-v3.thaiwater.net/api/v1/thaiwater30/public/waterlevel_graph?station_type=tele_waterlevel&station_id=573&start_date=2026-06-08&end_date=2026-09-06,th_agency_9,unknown
577,stage_reported,value,2026-06-08,2026-09-06,91,13104,2026-06-08 00:00,2026-09-06 23:50,13069,available,200,application/json; charset=utf-8,2026-09-13T18:09:18.624329+00:00,1060003,e370888dbe670808a203fde68ec7bff4eff10cb06c0037b411cf17d4adf6968e,bodies/577_2026-06-08_2026-09-06_a1.body,receipts/577_2026-06-08_2026-09-06_a1.json,new,new_20260913_577_2026-06-08_2026-09-06_a1,https://api-v3.thaiwater.net/api/v1/thaiwater30/public/waterlevel_graph?station_type=tele_waterlevel&station_id=577&start_date=2026-06-08&end_date=2026-09-06,th_agency_9,available
577,discharge_reported,discharge,2026-06-08,2026-09-06,91,13104,2026-06-08 00:00,2026-09-06 23:50,0,empty_in_tested_window,200,application/json; charset=utf-8,2026-09-13T18:09:18.624329+00:00,1060003,e370888dbe670808a203fde68ec7bff4eff10cb06c0037b411cf17d4adf6968e,bodies/577_2026-06-08_2026-09-06_a1.body,receipts/577_2026-06-08_2026-09-06_a1.json,new,new_20260913_577_2026-06-08_2026-09-06_a1,https://api-v3.thaiwater.net/api/v1/thaiwater30/public/waterlevel_graph?station_type=tele_waterlevel&station_id=577&start_date=2026-06-08&end_date=2026-09-06,th_agency_9,unknown
584,stage_reported,value,2026-06-08,2026-09-06,91,13104,2026-06-08 00:00,2026-09-06 23:50,13065,available,200,application/json; charset=utf-8,2026-09-13T18:09:20.708781+00:00,1059997,15ed24377669f754b30d671917917c248093df752b72b8adb414615e9ff5d902,bodies/584_2026-06-08_2026-09-06_a1.body,receipts/584_2026-06-08_2026-09-06_a1.json,new,new_20260913_584_2026-06-08_2026-09-06_a1,https://api-v3.thaiwater.net/api/v1/thaiwater30/public/waterlevel_graph?station_type=tele_waterlevel&station_id=584&start_date=2026-06-08&end_date=2026-09-06,th_agency_9,available
584,discharge_reported,discharge,2026-06-08,2026-09-06,91,13104,2026-06-08 00:00,2026-09-06 23:50,0,empty_in_tested_window,200,application/json; charset=utf-8,2026-09-13T18:09:20.708781+00:00,1059997,15ed24377669f754b30d671917917c248093df752b72b8adb414615e9ff5d902,bodies/584_2026-06-08_2026-09-06_a1.body,receipts/584_2026-06-08_2026-09-06_a1.json,new,new_20260913_584_2026-06-08_2026-09-06_a1,https://api-v3.thaiwater.net/api/v1/thaiwater30/public/waterlevel_graph?station_type=tele_waterlevel&station_id=584&start_date=2026-06-08&end_date=2026-09-06,th_agency_9,unknown
587,stage_reported,value,2026-06-08,2026-09-06,91,13104,2026-06-08 00:00,2026-09-06 23:50,13061,available,200,application/json; charset=utf-8,2026-09-13T18:09:23.252544+00:00,1060134,d094395a8ebc1b6992ab03e924e7233e03e48f2ead35f4205f41516a6a33f4dc,bodies/587_2026-06-08_2026-09-06_a1.body,receipts/587_2026-06-08_2026-09-06_a1.json,new,new_20260913_587_2026-06-08_2026-09-06_a1,https://api-v3.thaiwater.net/api/v1/thaiwater30/public/waterlevel_graph?station_type=tele_waterlevel&station_id=587&start_date=2026-06-08&end_date=2026-09-06,th_agency_9,available
587,discharge_reported,discharge,2026-06-08,2026-09-06,91,13104,2026-06-08 00:00,2026-09-06 23:50,0,empty_in_tested_window,200,application/json; charset=utf-8,2026-09-13T18:09:23.252544+00:00,1060134,d094395a8ebc1b6992ab03e924e7233e03e48f2ead35f4205f41516a6a33f4dc,bodies/587_2026-06-08_2026-09-06_a1.body,receipts/587_2026-06-08_2026-09-06_a1.json,new,new_20260913_587_2026-06-08_2026-09-06_a1,https://api-v3.thaiwater.net/api/v1/thaiwater30/public/waterlevel_graph?station_type=tele_waterlevel&station_id=587&start_date=2026-06-08&end_date=2026-09-06,th_agency_9,unknown
592,stage_reported,value,2026-06-08,2026-09-06,91,13104,2026-06-08 00:00,2026-09-06 23:50,13063,available,200,application/json; charset=utf-8,2026-09-13T18:09:25.586681+00:00,1072712,c53f5022f11b92721e57804ea4ac53df0ffb448ddcacd630dced6f85e19b5031,bodies/592_2026-06-08_2026-09-06_a1.body,receipts/592_2026-06-08_2026-09-06_a1.json,new,new_20260913_592_2026-06-08_2026-09-06_a1,https://api-v3.thaiwater.net/api/v1/thaiwater30/public/waterlevel_graph?station_type=tele_waterlevel&station_id=592&start_date=2026-06-08&end_date=2026-09-06,th_agency_9,available
592,discharge_reported,discharge,2026-06-08,2026-09-06,91,13104,2026-06-08 00:00,2026-09-06 23:50,0,empty_in_tested_window,200,application/json; charset=utf-8,2026-09-13T18:09:25.586681+00:00,1072712,c53f5022f11b92721e57804ea4ac53df0ffb448ddcacd630dced6f85e19b5031,bodies/592_2026-06-08_2026-09-06_a1.body,receipts/592_2026-06-08_2026-09-06_a1.json,new,new_20260913_592_2026-06-08_2026-09-06_a1,https://api-v3.thaiwater.net/api/v1/thaiwater30/public/waterlevel_graph?station_type=tele_waterlevel&station_id=592&start_date=2026-06-08&end_date=2026-09-06,th_agency_9,unknown
595,stage_reported,value,2026-06-08,2026-09-06,91,13104,2026-06-08 00:00,2026-09-06 23:50,9724,available,200,application/json; charset=utf-8,2026-09-13T18:09:27.653975+00:00,1053731,6efc9fa03d2d71e366768209b1b1c8698e41ce23ebed8771ef1d39c144286816,bodies/595_2026-06-08_2026-09-06_a1.body,receipts/595_2026-06-08_2026-09-06_a1.json,new,new_20260913_595_2026-06-08_2026-09-06_a1,https://api-v3.thaiwater.net/api/v1/thaiwater30/public/waterlevel_graph?station_type=tele_waterlevel&station_id=595&start_date=2026-06-08&end_date=2026-09-06,th_agency_9,available
595,discharge_reported,discharge,2026-06-08,2026-09-06,91,13104,2026-06-08 00:00,2026-09-06 23:50,0,empty_in_tested_window,200,application/json; charset=utf-8,2026-09-13T18:09:27.653975+00:00,1053731,6efc9fa03d2d71e366768209b1b1c8698e41ce23ebed8771ef1d39c144286816,bodies/595_2026-06-08_2026-09-06_a1.body,receipts/595_2026-06-08_2026-09-06_a1.json,new,new_20260913_595_2026-06-08_2026-09-06_a1,https://api-v3.thaiwater.net/api/v1/thaiwater30/public/waterlevel_graph?station_type=tele_waterlevel&station_id=595&start_date=2026-06-08&end_date=2026-09-06,th_agency_9,unknown
609,stage_reported,value,2026-06-08,2026-09-06,91,13104,2026-06-08 00:00,2026-09-06 23:50,13067,available,200,application/json; charset=utf-8,2026-09-13T18:09:29.789932+00:00,1059970,03bfd01baf0e517d70779a88807a94b8ade58000be37b86e7f56cab4fef9f03b,bodies/609_2026-06-08_2026-09-06_a1.body,receipts/609_2026-06-08_2026-09-06_a1.json,new,new_20260913_609_2026-06-08_2026-09-06_a1,https://api-v3.thaiwater.net/api/v1/thaiwater30/public/waterlevel_graph?station_type=tele_waterlevel&station_id=609&start_date=2026-06-08&end_date=2026-09-06,th_agency_9,available
609,discharge_reported,discharge,2026-06-08,2026-09-06,91,13104,2026-06-08 00:00,2026-09-06 23:50,0,empty_in_tested_window,200,application/json; charset=utf-8,2026-09-13T18:09:29.789932+00:00,1059970,03bfd01baf0e517d70779a88807a94b8ade58000be37b86e7f56cab4fef9f03b,bodies/609_2026-06-08_2026-09-06_a1.body,receipts/609_2026-06-08_2026-09-06_a1.json,new,new_20260913_609_2026-06-08_2026-09-06_a1,https://api-v3.thaiwater.net/api/v1/thaiwater30/public/waterlevel_graph?station_type=tele_waterlevel&station_id=609&start_date=2026-06-08&end_date=2026-09-06,th_agency_9,unknown
610,stage_reported,value,2026-06-08,2026-09-06,91,13104,2026-06-08 00:00,2026-09-06 23:50,13070,available,200,application/json; charset=utf-8,2026-09-13T18:09:31.838411+00:00,1060007,8f77169f78a52c1ec93f5a6ef659b8addd141e4b696ab4253d41235dd7887a30,bodies/610_2026-06-08_2026-09-06_a1.body,receipts/610_2026-06-08_2026-09-06_a1.json,new,new_20260913_610_2026-06-08_2026-09-06_a1,https://api-v3.thaiwater.net/api/v1/thaiwater30/public/waterlevel_graph?station_type=tele_waterlevel&station_id=610&start_date=2026-06-08&end_date=2026-09-06,th_agency_9,available
610,discharge_reported,discharge,2026-06-08,2026-09-06,91,13104,2026-06-08 00:00,2026-09-06 23:50,0,empty_in_tested_window,200,application/json; charset=utf-8,2026-09-13T18:09:31.838411+00:00,1060007,8f77169f78a52c1ec93f5a6ef659b8addd141e4b696ab4253d41235dd7887a30,bodies/610_2026-06-08_2026-09-06_a1.body,receipts/610_2026-06-08_2026-09-06_a1.json,new,new_20260913_610_2026-06-08_2026-09-06_a1,https://api-v3.thaiwater.net/api/v1/thaiwater30/public/waterlevel_graph?station_type=tele_waterlevel&station_id=610&start_date=2026-06-08&end_date=2026-09-06,th_agency_9,unknown
611,stage_reported,value,2026-06-08,2026-09-06,91,13104,2026-06-08 00:00,2026-09-06 23:50,13069,available,200,application/json; charset=utf-8,2026-09-13T18:09:34.047750+00:00,1059965,0077d938c01a46e0d5405c1bcbc2e948248258ae4e0c45efe3c4b1e88956f394,bodies/611_2026-06-08_2026-09-06_a1.body,receipts/611_2026-06-08_2026-09-06_a1.json,new,new_20260913_611_2026-06-08_2026-09-06_a1,https://api-v3.thaiwater.net/api/v1/thaiwater30/public/waterlevel_graph?station_type=tele_waterlevel&station_id=611&start_date=2026-06-08&end_date=2026-09-06,th_agency_9,available
611,discharge_reported,discharge,2026-06-08,2026-09-06,91,13104,2026-06-08 00:00,2026-09-06 23:50,0,empty_in_tested_window,200,application/json; charset=utf-8,2026-09-13T18:09:34.047750+00:00,1059965,0077d938c01a46e0d5405c1bcbc2e948248258ae4e0c45efe3c4b1e88956f394,bodies/611_2026-06-08_2026-09-06_a1.body,receipts/611_2026-06-08_2026-09-06_a1.json,new,new_20260913_611_2026-06-08_2026-09-06_a1,https://api-v3.thaiwater.net/api/v1/thaiwater30/public/waterlevel_graph?station_type=tele_waterlevel&station_id=611&start_date=2026-06-08&end_date=2026-09-06,th_agency_9,unknown
616,stage_reported,value,2026-06-08,2026-09-06,91,13104,2026-06-08 00:00,2026-09-06 23:50,13069,available,200,application/json; charset=utf-8,2026-09-13T18:09:36.182839+00:00,1060100,9e06dbe487979a51aada0a48e8505dcabfc36a9b6a7bf53ad859a05d5e4c9c36,bodies/616_2026-06-08_2026-09-06_a1.body,receipts/616_2026-06-08_2026-09-06_a1.json,new,new_20260913_616_2026-06-08_2026-09-06_a1,https://api-v3.thaiwater.net/api/v1/thaiwater30/public/waterlevel_graph?station_type=tele_waterlevel&station_id=616&start_date=2026-06-08&end_date=2026-09-06,th_agency_9,available
616,discharge_reported,discharge,2026-06-08,2026-09-06,91,13104,2026-06-08 00:00,2026-09-06 23:50,0,empty_in_tested_window,200,application/json; charset=utf-8,2026-09-13T18:09:36.182839+00:00,1060100,9e06dbe487979a51aada0a48e8505dcabfc36a9b6a7bf53ad859a05d5e4c9c36,bodies/616_2026-06-08_2026-09-06_a1.body,receipts/616_2026-06-08_2026-09-06_a1.json,new,new_20260913_616_2026-06-08_2026-09-06_a1,https://api-v3.thaiwater.net/api/v1/thaiwater30/public/waterlevel_graph?station_type=tele_waterlevel&station_id=616&start_date=2026-06-08&end_date=2026-09-06,th_agency_9,unknown
618,stage_reported,value,2026-06-08,2026-09-06,91,13104,2026-06-08 00:00,2026-09-06 23:50,13066,available,200,application/json; charset=utf-8,2026-09-13T18:09:38.210386+00:00,1073177,5205d20177c860c809ff8bc3c968503f222b4914d70440fdcab6bb06bc703f04,bodies/618_2026-06-08_2026-09-06_a1.body,receipts/618_2026-06-08_2026-09-06_a1.json,new,new_20260913_618_2026-06-08_2026-09-06_a1,https://api-v3.thaiwater.net/api/v1/thaiwater30/public/waterlevel_graph?station_type=tele_waterlevel&station_id=618&start_date=2026-06-08&end_date=2026-09-06,th_agency_9,available
618,discharge_reported,discharge,2026-06-08,2026-09-06,91,13104,2026-06-08 00:00,2026-09-06 23:50,0,empty_in_tested_window,200,application/json; charset=utf-8,2026-09-13T18:09:38.210386+00:00,1073177,5205d20177c860c809ff8bc3c968503f222b4914d70440fdcab6bb06bc703f04,bodies/618_2026-06-08_2026-09-06_a1.body,receipts/618_2026-06-08_2026-09-06_a1.json,new,new_20260913_618_2026-06-08_2026-09-06_a1,https://api-v3.thaiwater.net/api/v1/thaiwater30/public/waterlevel_graph?station_type=tele_waterlevel&station_id=618&start_date=2026-06-08&end_date=2026-09-06,th_agency_9,unknown
619,stage_reported,value,2026-06-08,2026-09-06,91,13104,2026-06-08 00:00,2026-09-06 23:50,13061,available,200,application/json; charset=utf-8,2026-09-13T18:09:40.426211+00:00,1073041,c67e99d98aa75c275ccd0d1005c687ed4bfe9f0432a650f2fcf350db1bcc6f2f,bodies/619_2026-06-08_2026-09-06_a1.body,receipts/619_2026-06-08_2026-09-06_a1.json,new,new_20260913_619_2026-06-08_2026-09-06_a1,https://api-v3.thaiwater.net/api/v1/thaiwater30/public/waterlevel_graph?station_type=tele_waterlevel&station_id=619&start_date=2026-06-08&end_date=2026-09-06,th_agency_9,available
619,discharge_reported,discharge,2026-06-08,2026-09-06,91,13104,2026-06-08 00:00,2026-09-06 23:50,0,empty_in_tested_window,200,application/json; charset=utf-8,2026-09-13T18:09:40.426211+00:00,1073041,c67e99d98aa75c275ccd0d1005c687ed4bfe9f0432a650f2fcf350db1bcc6f2f,bodies/619_2026-06-08_2026-09-06_a1.body,receipts/619_2026-06-08_2026-09-06_a1.json,new,new_20260913_619_2026-06-08_2026-09-06_a1,https://api-v3.thaiwater.net/api/v1/thaiwater30/public/waterlevel_graph?station_type=tele_waterlevel&station_id=619&start_date=2026-06-08&end_date=2026-09-06,th_agency_9,unknown
628,stage_reported,value,2026-06-08,2026-09-06,91,13104,2026-06-08 00:00,2026-09-06 23:50,13070,available,200,application/json; charset=utf-8,2026-09-13T18:09:42.777451+00:00,1073178,fb7901cc39ab0c2184c7fd6978beb4766141d18d04db9c6a87be3f387a6290f8,bodies/628_2026-06-08_2026-09-06_a1.body,receipts/628_2026-06-08_2026-09-06_a1.json,new,new_20260913_628_2026-06-08_2026-09-06_a1,https://api-v3.thaiwater.net/api/v1/thaiwater30/public/waterlevel_graph?station_type=tele_waterlevel&station_id=628&start_date=2026-06-08&end_date=2026-09-06,th_agency_9,available
628,discharge_reported,discharge,2026-06-08,2026-09-06,91,13104,2026-06-08 00:00,2026-09-06 23:50,0,empty_in_tested_window,200,application/json; charset=utf-8,2026-09-13T18:09:42.777451+00:00,1073178,fb7901cc39ab0c2184c7fd6978beb4766141d18d04db9c6a87be3f387a6290f8,bodies/628_2026-06-08_2026-09-06_a1.body,receipts/628_2026-06-08_2026-09-06_a1.json,new,new_20260913_628_2026-06-08_2026-09-06_a1,https://api-v3.thaiwater.net/api/v1/thaiwater30/public/waterlevel_graph?station_type=tele_waterlevel&station_id=628&start_date=2026-06-08&end_date=2026-09-06,th_agency_9,unknown
630,stage_reported,value,2026-06-08,2026-09-06,91,13104,2026-06-08 00:00,2026-09-06 23:50,13070,available,200,application/json; charset=utf-8,2026-09-13T18:09:45.175838+00:00,1073016,b758186057674c3498329a66d2c7c3f2dc81b8b59ac64ef806922413d5f55cd1,bodies/630_2026-06-08_2026-09-06_a1.body,receipts/630_2026-06-08_2026-09-06_a1.json,new,new_20260913_630_2026-06-08_2026-09-06_a1,https://api-v3.thaiwater.net/api/v1/thaiwater30/public/waterlevel_graph?station_type=tele_waterlevel&station_id=630&start_date=2026-06-08&end_date=2026-09-06,th_agency_9,available
630,discharge_reported,discharge,2026-06-08,2026-09-06,91,13104,2026-06-08 00:00,2026-09-06 23:50,0,empty_in_tested_window,200,application/json; charset=utf-8,2026-09-13T18:09:45.175838+00:00,1073016,b758186057674c3498329a66d2c7c3f2dc81b8b59ac64ef806922413d5f55cd1,bodies/630_2026-06-08_2026-09-06_a1.body,receipts/630_2026-06-08_2026-09-06_a1.json,new,new_20260913_630_2026-06-08_2026-09-06_a1,https://api-v3.thaiwater.net/api/v1/thaiwater30/public/waterlevel_graph?station_type=tele_waterlevel&station_id=630&start_date=2026-06-08&end_date=2026-09-06,th_agency_9,unknown
638,stage_reported,value,2026-06-08,2026-09-06,91,13104,2026-06-08 00:00,2026-09-06 23:50,13070,available,200,application/json; charset=utf-8,2026-09-13T18:09:47.287226+00:00,1064554,079c408caaf863c836afb223fd1bc476c6a57371bd8acd3926966eb6de04872c,bodies/638_2026-06-08_2026-09-06_a1.body,receipts/638_2026-06-08_2026-09-06_a1.json,new,new_20260913_638_2026-06-08_2026-09-06_a1,https://api-v3.thaiwater.net/api/v1/thaiwater30/public/waterlevel_graph?station_type=tele_waterlevel&station_id=638&start_date=2026-06-08&end_date=2026-09-06,th_agency_9,available
638,discharge_reported,discharge,2026-06-08,2026-09-06,91,13104,2026-06-08 00:00,2026-09-06 23:50,0,empty_in_tested_window,200,application/json; charset=utf-8,2026-09-13T18:09:47.287226+00:00,1064554,079c408caaf863c836afb223fd1bc476c6a57371bd8acd3926966eb6de04872c,bodies/638_2026-06-08_2026-09-06_a1.body,receipts/638_2026-06-08_2026-09-06_a1.json,new,new_20260913_638_2026-06-08_2026-09-06_a1,https://api-v3.thaiwater.net/api/v1/thaiwater30/public/waterlevel_graph?station_type=tele_waterlevel&station_id=638&start_date=2026-06-08&end_date=2026-09-06,th_agency_9,unknown
640,stage_reported,value,2026-06-08,2026-09-06,91,13104,2026-06-08 00:00,2026-09-06 23:50,12621,available,200,application/json; charset=utf-8,2026-09-13T18:09:49.423078+00:00,1059164,4754a989a15b372cfd2de2bd6c923c536a5a2724e10a3bdfa445750e8216d8e1,bodies/640_2026-06-08_2026-09-06_a1.body,receipts/640_2026-06-08_2026-09-06_a1.json,new,new_20260913_640_2026-06-08_2026-09-06_a1,https://api-v3.thaiwater.net/api/v1/thaiwater30/public/waterlevel_graph?station_type=tele_waterlevel&station_id=640&start_date=2026-06-08&end_date=2026-09-06,th_agency_9,available
640,discharge_reported,discharge,2026-06-08,2026-09-06,91,13104,2026-06-08 00:00,2026-09-06 23:50,0,empty_in_tested_window,200,application/json; charset=utf-8,2026-09-13T18:09:49.423078+00:00,1059164,4754a989a15b372cfd2de2bd6c923c536a5a2724e10a3bdfa445750e8216d8e1,bodies/640_2026-06-08_2026-09-06_a1.body,receipts/640_2026-06-08_2026-09-06_a1.json,new,new_20260913_640_2026-06-08_2026-09-06_a1,https://api-v3.thaiwater.net/api/v1/thaiwater30/public/waterlevel_graph?station_type=tele_waterlevel&station_id=640&start_date=2026-06-08&end_date=2026-09-06,th_agency_9,unknown
645,stage_reported,value,2026-06-08,2026-09-06,91,13104,2026-06-08 00:00,2026-09-06 23:50,12961,available,200,application/json; charset=utf-8,2026-09-13T18:09:51.659884+00:00,1059835,802ab2a4fe6254418c7d88d531fb8145853fc09b661657ae45a019fbf1f834ce,bodies/645_2026-06-08_2026-09-06_a1.body,receipts/645_2026-06-08_2026-09-06_a1.json,new,new_20260913_645_2026-06-08_2026-09-06_a1,https://api-v3.thaiwater.net/api/v1/thaiwater30/public/waterlevel_graph?station_type=tele_waterlevel&station_id=645&start_date=2026-06-08&end_date=2026-09-06,th_agency_9,available
645,discharge_reported,discharge,2026-06-08,2026-09-06,91,13104,2026-06-08 00:00,2026-09-06 23:50,0,empty_in_tested_window,200,application/json; charset=utf-8,2026-09-13T18:09:51.659884+00:00,1059835,802ab2a4fe6254418c7d88d531fb8145853fc09b661657ae45a019fbf1f834ce,bodies/645_2026-06-08_2026-09-06_a1.body,receipts/645_2026-06-08_2026-09-06_a1.json,new,new_20260913_645_2026-06-08_2026-09-06_a1,https://api-v3.thaiwater.net/api/v1/thaiwater30/public/waterlevel_graph?station_type=tele_waterlevel&station_id=645&start_date=2026-06-08&end_date=2026-09-06,th_agency_9,unknown
647,stage_reported,value,2026-06-08,2026-09-06,91,13104,2026-06-08 00:00,2026-09-06 23:50,13066,available,200,application/json; charset=utf-8,2026-09-13T18:09:54.000783+00:00,1060035,6129ab42c1254331aed6929f457fa6446487fdd274d3531bcffa1da79217c86c,bodies/647_2026-06-08_2026-09-06_a1.body,receipts/647_2026-06-08_2026-09-06_a1.json,new,new_20260913_647_2026-06-08_2026-09-06_a1,https://api-v3.thaiwater.net/api/v1/thaiwater30/public/waterlevel_graph?station_type=tele_waterlevel&station_id=647&start_date=2026-06-08&end_date=2026-09-06,th_agency_9,available
647,discharge_reported,discharge,2026-06-08,2026-09-06,91,13104,2026-06-08 00:00,2026-09-06 23:50,0,empty_in_tested_window,200,application/json; charset=utf-8,2026-09-13T18:09:54.000783+00:00,1060035,6129ab42c1254331aed6929f457fa6446487fdd274d3531bcffa1da79217c86c,bodies/647_2026-06-08_2026-09-06_a1.body,receipts/647_2026-06-08_2026-09-06_a1.json,new,new_20260913_647_2026-06-08_2026-09-06_a1,https://api-v3.thaiwater.net/api/v1/thaiwater30/public/waterlevel_graph?station_type=tele_waterlevel&station_id=647&start_date=2026-06-08&end_date=2026-09-06,th_agency_9,unknown
653,stage_reported,value,2026-06-08,2026-09-06,91,13104,2026-06-08 00:00,2026-09-06 23:50,12934,available,200,application/json; charset=utf-8,2026-09-13T18:09:56.140937+00:00,1059765,a8c5b7e9dd63898977b5448c1f4d34796e3274c4164bbfee74e3574fd8cc6a4e,bodies/653_2026-06-08_2026-09-06_a1.body,receipts/653_2026-06-08_2026-09-06_a1.json,new,new_20260913_653_2026-06-08_2026-09-06_a1,https://api-v3.thaiwater.net/api/v1/thaiwater30/public/waterlevel_graph?station_type=tele_waterlevel&station_id=653&start_date=2026-06-08&end_date=2026-09-06,th_agency_9,available
653,discharge_reported,discharge,2026-06-08,2026-09-06,91,13104,2026-06-08 00:00,2026-09-06 23:50,0,empty_in_tested_window,200,application/json; charset=utf-8,2026-09-13T18:09:56.140937+00:00,1059765,a8c5b7e9dd63898977b5448c1f4d34796e3274c4164bbfee74e3574fd8cc6a4e,bodies/653_2026-06-08_2026-09-06_a1.body,receipts/653_2026-06-08_2026-09-06_a1.json,new,new_20260913_653_2026-06-08_2026-09-06_a1,https://api-v3.thaiwater.net/api/v1/thaiwater30/public/waterlevel_graph?station_type=tele_waterlevel&station_id=653&start_date=2026-06-08&end_date=2026-09-06,th_agency_9,unknown
657,stage_reported,value,2026-06-08,2026-09-06,91,13104,2026-06-08 00:00,2026-09-06 23:50,13070,available,200,application/json; charset=utf-8,2026-09-13T18:09:58.331094+00:00,1060012,653e211b6038975773a743a657fa4f1f8a1f74ad77507a35fc8df0b3583dcbe1,bodies/657_2026-06-08_2026-09-06_a1.body,receipts/657_2026-06-08_2026-09-06_a1.json,new,new_20260913_657_2026-06-08_2026-09-06_a1,https://api-v3.thaiwater.net/api/v1/thaiwater30/public/waterlevel_graph?station_type=tele_waterlevel&station_id=657&start_date=2026-06-08&end_date=2026-09-06,th_agency_9,available
657,discharge_reported,discharge,2026-06-08,2026-09-06,91,13104,2026-06-08 00:00,2026-09-06 23:50,0,empty_in_tested_window,200,application/json; charset=utf-8,2026-09-13T18:09:58.331094+00:00,1060012,653e211b6038975773a743a657fa4f1f8a1f74ad77507a35fc8df0b3583dcbe1,bodies/657_2026-06-08_2026-09-06_a1.body,receipts/657_2026-06-08_2026-09-06_a1.json,new,new_20260913_657_2026-06-08_2026-09-06_a1,https://api-v3.thaiwater.net/api/v1/thaiwater30/public/waterlevel_graph?station_type=tele_waterlevel&station_id=657&start_date=2026-06-08&end_date=2026-09-06,th_agency_9,unknown
658,stage_reported,value,2026-06-08,2026-09-06,91,13104,2026-06-08 00:00,2026-09-06 23:50,13069,available,200,application/json; charset=utf-8,2026-09-13T18:10:00.439225+00:00,1059996,57e53f8060ced2ac92090682bafc5146b6246c432af2e4a0b053880e38eded4f,bodies/658_2026-06-08_2026-09-06_a1.body,receipts/658_2026-06-08_2026-09-06_a1.json,new,new_20260913_658_2026-06-08_2026-09-06_a1,https://api-v3.thaiwater.net/api/v1/thaiwater30/public/waterlevel_graph?station_type=tele_waterlevel&station_id=658&start_date=2026-06-08&end_date=2026-09-06,th_agency_9,available
658,discharge_reported,discharge,2026-06-08,2026-09-06,91,13104,2026-06-08 00:00,2026-09-06 23:50,0,empty_in_tested_window,200,application/json; charset=utf-8,2026-09-13T18:10:00.439225+00:00,1059996,57e53f8060ced2ac92090682bafc5146b6246c432af2e4a0b053880e38eded4f,bodies/658_2026-06-08_2026-09-06_a1.body,receipts/658_2026-06-08_2026-09-06_a1.json,new,new_20260913_658_2026-06-08_2026-09-06_a1,https://api-v3.thaiwater.net/api/v1/thaiwater30/public/waterlevel_graph?station_type=tele_waterlevel&station_id=658&start_date=2026-06-08&end_date=2026-09-06,th_agency_9,unknown
661,stage_reported,value,2026-06-08,2026-09-06,91,13104,2026-06-08 00:00,2026-09-06 23:50,13070,available,200,application/json; charset=utf-8,2026-09-13T18:10:03.463682+00:00,1073257,8555d7ef614964874c77f20ddca07c1aacb9bd6f4159e6f4cee2a84b87a93b3e,bodies/661_2026-06-08_2026-09-06_a1.body,receipts/661_2026-06-08_2026-09-06_a1.json,new,new_20260913_661_2026-06-08_2026-09-06_a1,https://api-v3.thaiwater.net/api/v1/thaiwater30/public/waterlevel_graph?station_type=tele_waterlevel&station_id=661&start_date=2026-06-08&end_date=2026-09-06,th_agency_9,available
661,discharge_reported,discharge,2026-06-08,2026-09-06,91,13104,2026-06-08 00:00,2026-09-06 23:50,0,empty_in_tested_window,200,application/json; charset=utf-8,2026-09-13T18:10:03.463682+00:00,1073257,8555d7ef614964874c77f20ddca07c1aacb9bd6f4159e6f4cee2a84b87a93b3e,bodies/661_2026-06-08_2026-09-06_a1.body,receipts/661_2026-06-08_2026-09-06_a1.json,new,new_20260913_661_2026-06-08_2026-09-06_a1,https://api-v3.thaiwater.net/api/v1/thaiwater30/public/waterlevel_graph?station_type=tele_waterlevel&station_id=661&start_date=2026-06-08&end_date=2026-09-06,th_agency_9,unknown
664,stage_reported,value,2026-06-08,2026-09-06,91,13104,2026-06-08 00:00,2026-09-06 23:50,12954,available,200,application/json; charset=utf-8,2026-09-13T18:10:20.858150+00:00,1059746,e524ea284bc491ef45b6b9a4c962ee6b7df83a28e253a0bbd40aca6ca644c916,bodies/664_2026-06-08_2026-09-06_a1.body,receipts/664_2026-06-08_2026-09-06_a1.json,new,new_20260913_664_2026-06-08_2026-09-06_a1,https://api-v3.thaiwater.net/api/v1/thaiwater30/public/waterlevel_graph?station_type=tele_waterlevel&station_id=664&start_date=2026-06-08&end_date=2026-09-06,th_agency_9,available
664,discharge_reported,discharge,2026-06-08,2026-09-06,91,13104,2026-06-08 00:00,2026-09-06 23:50,0,empty_in_tested_window,200,application/json; charset=utf-8,2026-09-13T18:10:20.858150+00:00,1059746,e524ea284bc491ef45b6b9a4c962ee6b7df83a28e253a0bbd40aca6ca644c916,bodies/664_2026-06-08_2026-09-06_a1.body,receipts/664_2026-06-08_2026-09-06_a1.json,new,new_20260913_664_2026-06-08_2026-09-06_a1,https://api-v3.thaiwater.net/api/v1/thaiwater30/public/waterlevel_graph?station_type=tele_waterlevel&station_id=664&start_date=2026-06-08&end_date=2026-09-06,th_agency_9,unknown
665,stage_reported,value,2026-06-08,2026-09-06,91,13104,2026-06-08 00:00,2026-09-06 23:50,13069,available,200,application/json; charset=utf-8,2026-09-13T18:10:53.159300+00:00,1060085,8ba526ab30ebff3ef114ab6b6e437c739e22c7893af9eda08bb4b8e854ff617a,bodies/665_2026-06-08_2026-09-06_a1.body,receipts/665_2026-06-08_2026-09-06_a1.json,new,new_20260913_665_2026-06-08_2026-09-06_a1,https://api-v3.thaiwater.net/api/v1/thaiwater30/public/waterlevel_graph?station_type=tele_waterlevel&station_id=665&start_date=2026-06-08&end_date=2026-09-06,th_agency_9,available
665,discharge_reported,discharge,2026-06-08,2026-09-06,91,13104,2026-06-08 00:00,2026-09-06 23:50,0,empty_in_tested_window,200,application/json; charset=utf-8,2026-09-13T18:10:53.159300+00:00,1060085,8ba526ab30ebff3ef114ab6b6e437c739e22c7893af9eda08bb4b8e854ff617a,bodies/665_2026-06-08_2026-09-06_a1.body,receipts/665_2026-06-08_2026-09-06_a1.json,new,new_20260913_665_2026-06-08_2026-09-06_a1,https://api-v3.thaiwater.net/api/v1/thaiwater30/public/waterlevel_graph?station_type=tele_waterlevel&station_id=665&start_date=2026-06-08&end_date=2026-09-06,th_agency_9,unknown
667,stage_reported,value,2026-06-08,2026-09-06,91,13104,2026-06-08 00:00,2026-09-06 23:50,13067,available,200,application/json; charset=utf-8,2026-09-13T18:11:01.274485+00:00,1060056,a04288a9c498f6a33c36aaf85ac6acfa353f580b013ad5fdbd9b80f3bc8f39a0,bodies/667_2026-06-08_2026-09-06_a1.body,receipts/667_2026-06-08_2026-09-06_a1.json,new,new_20260913_667_2026-06-08_2026-09-06_a1,https://api-v3.thaiwater.net/api/v1/thaiwater30/public/waterlevel_graph?station_type=tele_waterlevel&station_id=667&start_date=2026-06-08&end_date=2026-09-06,th_agency_9,available
667,discharge_reported,discharge,2026-06-08,2026-09-06,91,13104,2026-06-08 00:00,2026-09-06 23:50,0,empty_in_tested_window,200,application/json; charset=utf-8,2026-09-13T18:11:01.274485+00:00,1060056,a04288a9c498f6a33c36aaf85ac6acfa353f580b013ad5fdbd9b80f3bc8f39a0,bodies/667_2026-06-08_2026-09-06_a1.body,receipts/667_2026-06-08_2026-09-06_a1.json,new,new_20260913_667_2026-06-08_2026-09-06_a1,https://api-v3.thaiwater.net/api/v1/thaiwater30/public/waterlevel_graph?station_type=tele_waterlevel&station_id=667&start_date=2026-06-08&end_date=2026-09-06,th_agency_9,unknown
668,stage_reported,value,2026-06-08,2026-09-06,91,13104,2026-06-08 00:00,2026-09-06 23:50,13065,available,200,application/json; charset=utf-8,2026-09-13T18:11:06.408355+00:00,1059931,4b34ea7b45b289b18b91db2b33bc949f86af61023c500523e0fb5c1009b61397,bodies/668_2026-06-08_2026-09-06_a1.body,receipts/668_2026-06-08_2026-09-06_a1.json,new,new_20260913_668_2026-06-08_2026-09-06_a1,https://api-v3.thaiwater.net/api/v1/thaiwater30/public/waterlevel_graph?station_type=tele_waterlevel&station_id=668&start_date=2026-06-08&end_date=2026-09-06,th_agency_9,available
668,discharge_reported,discharge,2026-06-08,2026-09-06,91,13104,2026-06-08 00:00,2026-09-06 23:50,0,empty_in_tested_window,200,application/json; charset=utf-8,2026-09-13T18:11:06.408355+00:00,1059931,4b34ea7b45b289b18b91db2b33bc949f86af61023c500523e0fb5c1009b61397,bodies/668_2026-06-08_2026-09-06_a1.body,receipts/668_2026-06-08_2026-09-06_a1.json,new,new_20260913_668_2026-06-08_2026-09-06_a1,https://api-v3.thaiwater.net/api/v1/thaiwater30/public/waterlevel_graph?station_type=tele_waterlevel&station_id=668&start_date=2026-06-08&end_date=2026-09-06,th_agency_9,unknown
671,stage_reported,value,2026-06-08,2026-09-06,91,13104,2026-06-08 00:00,2026-09-06 23:50,13066,available,200,application/json; charset=utf-8,2026-09-13T18:11:16.224952+00:00,1060008,c8a10f72e23b52b8c38bb46ea6e6428e7321f38237c6039bc8f59aacd5639d2f,bodies/671_2026-06-08_2026-09-06_a1.body,receipts/671_2026-06-08_2026-09-06_a1.json,new,new_20260913_671_2026-06-08_2026-09-06_a1,https://api-v3.thaiwater.net/api/v1/thaiwater30/public/waterlevel_graph?station_type=tele_waterlevel&station_id=671&start_date=2026-06-08&end_date=2026-09-06,th_agency_9,available
671,discharge_reported,discharge,2026-06-08,2026-09-06,91,13104,2026-06-08 00:00,2026-09-06 23:50,0,empty_in_tested_window,200,application/json; charset=utf-8,2026-09-13T18:11:16.224952+00:00,1060008,c8a10f72e23b52b8c38bb46ea6e6428e7321f38237c6039bc8f59aacd5639d2f,bodies/671_2026-06-08_2026-09-06_a1.body,receipts/671_2026-06-08_2026-09-06_a1.json,new,new_20260913_671_2026-06-08_2026-09-06_a1,https://api-v3.thaiwater.net/api/v1/thaiwater30/public/waterlevel_graph?station_type=tele_waterlevel&station_id=671&start_date=2026-06-08&end_date=2026-09-06,th_agency_9,unknown
675,stage_reported,value,2026-06-08,2026-09-06,91,13104,2026-06-08 00:00,2026-09-06 23:50,13065,available,200,application/json; charset=utf-8,2026-09-13T18:11:31.403213+00:00,1059915,eddc490e0cad4ddc3f854d0a8ebe366768535515d775411da82210b06d7a00b8,bodies/675_2026-06-08_2026-09-06_a1.body,receipts/675_2026-06-08_2026-09-06_a1.json,new,new_20260913_675_2026-06-08_2026-09-06_a1,https://api-v3.thaiwater.net/api/v1/thaiwater30/public/waterlevel_graph?station_type=tele_waterlevel&station_id=675&start_date=2026-06-08&end_date=2026-09-06,th_agency_9,available
675,discharge_reported,discharge,2026-06-08,2026-09-06,91,13104,2026-06-08 00:00,2026-09-06 23:50,0,empty_in_tested_window,200,application/json; charset=utf-8,2026-09-13T18:11:31.403213+00:00,1059915,eddc490e0cad4ddc3f854d0a8ebe366768535515d775411da82210b06d7a00b8,bodies/675_2026-06-08_2026-09-06_a1.body,receipts/675_2026-06-08_2026-09-06_a1.json,new,new_20260913_675_2026-06-08_2026-09-06_a1,https://api-v3.thaiwater.net/api/v1/thaiwater30/public/waterlevel_graph?station_type=tele_waterlevel&station_id=675&start_date=2026-06-08&end_date=2026-09-06,th_agency_9,unknown
676,stage_reported,value,2026-06-08,2026-09-06,91,13104,2026-06-08 00:00,2026-09-06 23:50,12726,available,200,application/json; charset=utf-8,2026-09-13T18:11:34.236743+00:00,1072160,0377f1c67ddfd8450b77bfff82e7573f45b82a6f81011c676cd29f4b8e206357,bodies/676_2026-06-08_2026-09-06_a1.body,receipts/676_2026-06-08_2026-09-06_a1.json,new,new_20260913_676_2026-06-08_2026-09-06_a1,https://api-v3.thaiwater.net/api/v1/thaiwater30/public/waterlevel_graph?station_type=tele_waterlevel&station_id=676&start_date=2026-06-08&end_date=2026-09-06,th_agency_9,available
676,discharge_reported,discharge,2026-06-08,2026-09-06,91,13104,2026-06-08 00:00,2026-09-06 23:50,0,empty_in_tested_window,200,application/json; charset=utf-8,2026-09-13T18:11:34.236743+00:00,1072160,0377f1c67ddfd8450b77bfff82e7573f45b82a6f81011c676cd29f4b8e206357,bodies/676_2026-06-08_2026-09-06_a1.body,receipts/676_2026-06-08_2026-09-06_a1.json,new,new_20260913_676_2026-06-08_2026-09-06_a1,https://api-v3.thaiwater.net/api/v1/thaiwater30/public/waterlevel_graph?station_type=tele_waterlevel&station_id=676&start_date=2026-06-08&end_date=2026-09-06,th_agency_9,unknown
680,stage_reported,value,2026-06-08,2026-09-06,91,13104,2026-06-08 00:00,2026-09-06 23:50,13064,available,200,application/json; charset=utf-8,2026-09-13T18:11:40.384824+00:00,1060011,82a7dec70e861e22d082ecead792ffb7ad359248f50fbadbcffb809c560590c6,bodies/680_2026-06-08_2026-09-06_a1.body,receipts/680_2026-06-08_2026-09-06_a1.json,new,new_20260913_680_2026-06-08_2026-09-06_a1,https://api-v3.thaiwater.net/api/v1/thaiwater30/public/waterlevel_graph?station_type=tele_waterlevel&station_id=680&start_date=2026-06-08&end_date=2026-09-06,th_agency_9,available
680,discharge_reported,discharge,2026-06-08,2026-09-06,91,13104,2026-06-08 00:00,2026-09-06 23:50,0,empty_in_tested_window,200,application/json; charset=utf-8,2026-09-13T18:11:40.384824+00:00,1060011,82a7dec70e861e22d082ecead792ffb7ad359248f50fbadbcffb809c560590c6,bodies/680_2026-06-08_2026-09-06_a1.body,receipts/680_2026-06-08_2026-09-06_a1.json,new,new_20260913_680_2026-06-08_2026-09-06_a1,https://api-v3.thaiwater.net/api/v1/thaiwater30/public/waterlevel_graph?station_type=tele_waterlevel&station_id=680&start_date=2026-06-08&end_date=2026-09-06,th_agency_9,unknown
683,stage_reported,value,2026-06-08,2026-09-06,91,13104,2026-06-08 00:00,2026-09-06 23:50,13070,available,200,application/json; charset=utf-8,2026-09-13T18:11:45.331453+00:00,1060011,a3f7e7184e7e475c38b0c36b940e2737916b16f277ec4cf01bd3846be9cc032d,bodies/683_2026-06-08_2026-09-06_a1.body,receipts/683_2026-06-08_2026-09-06_a1.json,new,new_20260913_683_2026-06-08_2026-09-06_a1,https://api-v3.thaiwater.net/api/v1/thaiwater30/public/waterlevel_graph?station_type=tele_waterlevel&station_id=683&start_date=2026-06-08&end_date=2026-09-06,th_agency_9,available
683,discharge_reported,discharge,2026-06-08,2026-09-06,91,13104,2026-06-08 00:00,2026-09-06 23:50,0,empty_in_tested_window,200,application/json; charset=utf-8,2026-09-13T18:11:45.331453+00:00,1060011,a3f7e7184e7e475c38b0c36b940e2737916b16f277ec4cf01bd3846be9cc032d,bodies/683_2026-06-08_2026-09-06_a1.body,receipts/683_2026-06-08_2026-09-06_a1.json,new,new_20260913_683_2026-06-08_2026-09-06_a1,https://api-v3.thaiwater.net/api/v1/thaiwater30/public/waterlevel_graph?station_type=tele_waterlevel&station_id=683&start_date=2026-06-08&end_date=2026-09-06,th_agency_9,unknown
691,stage_reported,value,2026-06-08,2026-09-06,91,13104,2026-06-08 00:00,2026-09-06 23:50,13037,available,200,application/json; charset=utf-8,2026-09-13T18:11:49.569595+00:00,1073011,c47b4c863b421ad6be501869fa2ac4b52bd85f613f464fcdddea42a5e68c25a3,bodies/691_2026-06-08_2026-09-06_a1.body,receipts/691_2026-06-08_2026-09-06_a1.json,new,new_20260913_691_2026-06-08_2026-09-06_a1,https://api-v3.thaiwater.net/api/v1/thaiwater30/public/waterlevel_graph?station_type=tele_waterlevel&station_id=691&start_date=2026-06-08&end_date=2026-09-06,th_agency_9,available
691,discharge_reported,discharge,2026-06-08,2026-09-06,91,13104,2026-06-08 00:00,2026-09-06 23:50,0,empty_in_tested_window,200,application/json; charset=utf-8,2026-09-13T18:11:49.569595+00:00,1073011,c47b4c863b421ad6be501869fa2ac4b52bd85f613f464fcdddea42a5e68c25a3,bodies/691_2026-06-08_2026-09-06_a1.body,receipts/691_2026-06-08_2026-09-06_a1.json,new,new_20260913_691_2026-06-08_2026-09-06_a1,https://api-v3.thaiwater.net/api/v1/thaiwater30/public/waterlevel_graph?station_type=tele_waterlevel&station_id=691&start_date=2026-06-08&end_date=2026-09-06,th_agency_9,unknown
693,stage_reported,value,2026-06-08,2026-09-06,91,13104,2026-06-08 00:00,2026-09-06 23:50,13069,available,200,application/json; charset=utf-8,2026-09-13T18:11:52.601624+00:00,1073102,fcb54c402f9c1328b43c296533f53cb4c52702bcfef935d4415633abcabbbc80,bodies/693_2026-06-08_2026-09-06_a1.body,receipts/693_2026-06-08_2026-09-06_a1.json,new,new_20260913_693_2026-06-08_2026-09-06_a1,https://api-v3.thaiwater.net/api/v1/thaiwater30/public/waterlevel_graph?station_type=tele_waterlevel&station_id=693&start_date=2026-06-08&end_date=2026-09-06,th_agency_9,available
693,discharge_reported,discharge,2026-06-08,2026-09-06,91,13104,2026-06-08 00:00,2026-09-06 23:50,0,empty_in_tested_window,200,application/json; charset=utf-8,2026-09-13T18:11:52.601624+00:00,1073102,fcb54c402f9c1328b43c296533f53cb4c52702bcfef935d4415633abcabbbc80,bodies/693_2026-06-08_2026-09-06_a1.body,receipts/693_2026-06-08_2026-09-06_a1.json,new,new_20260913_693_2026-06-08_2026-09-06_a1,https://api-v3.thaiwater.net/api/v1/thaiwater30/public/waterlevel_graph?station_type=tele_waterlevel&station_id=693&start_date=2026-06-08&end_date=2026-09-06,th_agency_9,unknown
700,stage_reported,value,2026-06-08,2026-09-06,91,13104,2026-06-08 00:00,2026-09-06 23:50,13069,available,200,application/json; charset=utf-8,2026-09-13T18:11:55.503455+00:00,1059904,d5aaba8b60d403a4a898e55fd3836bfb923ec15f9122d1a79ea63c2fed31d0c3,bodies/700_2026-06-08_2026-09-06_a1.body,receipts/700_2026-06-08_2026-09-06_a1.json,new,new_20260913_700_2026-06-08_2026-09-06_a1,https://api-v3.thaiwater.net/api/v1/thaiwater30/public/waterlevel_graph?station_type=tele_waterlevel&station_id=700&start_date=2026-06-08&end_date=2026-09-06,th_agency_9,available
700,discharge_reported,discharge,2026-06-08,2026-09-06,91,13104,2026-06-08 00:00,2026-09-06 23:50,0,empty_in_tested_window,200,application/json; charset=utf-8,2026-09-13T18:11:55.503455+00:00,1059904,d5aaba8b60d403a4a898e55fd3836bfb923ec15f9122d1a79ea63c2fed31d0c3,bodies/700_2026-06-08_2026-09-06_a1.body,receipts/700_2026-06-08_2026-09-06_a1.json,new,new_20260913_700_2026-06-08_2026-09-06_a1,https://api-v3.thaiwater.net/api/v1/thaiwater30/public/waterlevel_graph?station_type=tele_waterlevel&station_id=700&start_date=2026-06-08&end_date=2026-09-06,th_agency_9,unknown
706,stage_reported,value,2026-06-08,2026-09-06,91,13104,2026-06-08 00:00,2026-09-06 23:50,13037,available,200,application/json; charset=utf-8,2026-09-13T18:11:58.967458+00:00,1060066,b191113181f19c07b6b57df07b05b9379135b1082b4ce48b1791660e685ba92b,bodies/706_2026-06-08_2026-09-06_a1.body,receipts/706_2026-06-08_2026-09-06_a1.json,new,new_20260913_706_2026-06-08_2026-09-06_a1,https://api-v3.thaiwater.net/api/v1/thaiwater30/public/waterlevel_graph?station_type=tele_waterlevel&station_id=706&start_date=2026-06-08&end_date=2026-09-06,th_agency_9,available
706,discharge_reported,discharge,2026-06-08,2026-09-06,91,13104,2026-06-08 00:00,2026-09-06 23:50,0,empty_in_tested_window,200,application/json; charset=utf-8,2026-09-13T18:11:58.967458+00:00,1060066,b191113181f19c07b6b57df07b05b9379135b1082b4ce48b1791660e685ba92b,bodies/706_2026-06-08_2026-09-06_a1.body,receipts/706_2026-06-08_2026-09-06_a1.json,new,new_20260913_706_2026-06-08_2026-09-06_a1,https://api-v3.thaiwater.net/api/v1/thaiwater30/public/waterlevel_graph?station_type=tele_waterlevel&station_id=706&start_date=2026-06-08&end_date=2026-09-06,th_agency_9,unknown
709,stage_reported,value,2026-06-08,2026-09-06,91,13104,2026-06-08 00:00,2026-09-06 23:50,13064,available,200,application/json; charset=utf-8,2026-09-13T18:12:01.549817+00:00,1046905,c6751a1b8267039d90d2316a5261869f1e3ecc3a3ed45bb436e1235b0873339c,bodies/709_2026-06-08_2026-09-06_a1.body,receipts/709_2026-06-08_2026-09-06_a1.json,new,new_20260913_709_2026-06-08_2026-09-06_a1,https://api-v3.thaiwater.net/api/v1/thaiwater30/public/waterlevel_graph?station_type=tele_waterlevel&station_id=709&start_date=2026-06-08&end_date=2026-09-06,th_agency_9,available
709,discharge_reported,discharge,2026-06-08,2026-09-06,91,13104,2026-06-08 00:00,2026-09-06 23:50,0,empty_in_tested_window,200,application/json; charset=utf-8,2026-09-13T18:12:01.549817+00:00,1046905,c6751a1b8267039d90d2316a5261869f1e3ecc3a3ed45bb436e1235b0873339c,bodies/709_2026-06-08_2026-09-06_a1.body,receipts/709_2026-06-08_2026-09-06_a1.json,new,new_20260913_709_2026-06-08_2026-09-06_a1,https://api-v3.thaiwater.net/api/v1/thaiwater30/public/waterlevel_graph?station_type=tele_waterlevel&station_id=709&start_date=2026-06-08&end_date=2026-09-06,th_agency_9,unknown
710,stage_reported,value,2026-06-08,2026-09-06,91,13104,2026-06-08 00:00,2026-09-06 23:50,13064,available,200,application/json; charset=utf-8,2026-09-13T18:12:04.188130+00:00,1050055,dc0d3c9104db82aca0b7208867355884960629a19c49268194e09b65476c0a88,bodies/710_2026-06-08_2026-09-06_a1.body,receipts/710_2026-06-08_2026-09-06_a1.json,new,new_20260913_710_2026-06-08_2026-09-06_a1,https://api-v3.thaiwater.net/api/v1/thaiwater30/public/waterlevel_graph?station_type=tele_waterlevel&station_id=710&start_date=2026-06-08&end_date=2026-09-06,th_agency_9,available
710,discharge_reported,discharge,2026-06-08,2026-09-06,91,13104,2026-06-08 00:00,2026-09-06 23:50,0,empty_in_tested_window,200,application/json; charset=utf-8,2026-09-13T18:12:04.188130+00:00,1050055,dc0d3c9104db82aca0b7208867355884960629a19c49268194e09b65476c0a88,bodies/710_2026-06-08_2026-09-06_a1.body,receipts/710_2026-06-08_2026-09-06_a1.json,new,new_20260913_710_2026-06-08_2026-09-06_a1,https://api-v3.thaiwater.net/api/v1/thaiwater30/public/waterlevel_graph?station_type=tele_waterlevel&station_id=710&start_date=2026-06-08&end_date=2026-09-06,th_agency_9,unknown
714,stage_reported,value,2026-06-08,2026-09-06,91,13104,2026-06-08 00:00,2026-09-06 23:50,13063,available,200,application/json; charset=utf-8,2026-09-13T18:12:07.340848+00:00,1060064,8b9ef48aece30b43ce5dcde9171327d135f24b54be2c81b9675252b49ce667ae,bodies/714_2026-06-08_2026-09-06_a1.body,receipts/714_2026-06-08_2026-09-06_a1.json,new,new_20260913_714_2026-06-08_2026-09-06_a1,https://api-v3.thaiwater.net/api/v1/thaiwater30/public/waterlevel_graph?station_type=tele_waterlevel&station_id=714&start_date=2026-06-08&end_date=2026-09-06,th_agency_9,available
714,discharge_reported,discharge,2026-06-08,2026-09-06,91,13104,2026-06-08 00:00,2026-09-06 23:50,0,empty_in_tested_window,200,application/json; charset=utf-8,2026-09-13T18:12:07.340848+00:00,1060064,8b9ef48aece30b43ce5dcde9171327d135f24b54be2c81b9675252b49ce667ae,bodies/714_2026-06-08_2026-09-06_a1.body,receipts/714_2026-06-08_2026-09-06_a1.json,new,new_20260913_714_2026-06-08_2026-09-06_a1,https://api-v3.thaiwater.net/api/v1/thaiwater30/public/waterlevel_graph?station_type=tele_waterlevel&station_id=714&start_date=2026-06-08&end_date=2026-09-06,th_agency_9,unknown
717,stage_reported,value,2026-06-08,2026-09-06,91,13104,2026-06-08 00:00,2026-09-06 23:50,13066,available,200,application/json; charset=utf-8,2026-09-13T18:12:09.879714+00:00,1060002,caea7bf69d1564405c88213bbd1a118d0910aa4ad754be8ee55bcc91a8857634,bodies/717_2026-06-08_2026-09-06_a1.body,receipts/717_2026-06-08_2026-09-06_a1.json,new,new_20260913_717_2026-06-08_2026-09-06_a1,https://api-v3.thaiwater.net/api/v1/thaiwater30/public/waterlevel_graph?station_type=tele_waterlevel&station_id=717&start_date=2026-06-08&end_date=2026-09-06,th_agency_9,available
717,discharge_reported,discharge,2026-06-08,2026-09-06,91,13104,2026-06-08 00:00,2026-09-06 23:50,0,empty_in_tested_window,200,application/json; charset=utf-8,2026-09-13T18:12:09.879714+00:00,1060002,caea7bf69d1564405c88213bbd1a118d0910aa4ad754be8ee55bcc91a8857634,bodies/717_2026-06-08_2026-09-06_a1.body,receipts/717_2026-06-08_2026-09-06_a1.json,new,new_20260913_717_2026-06-08_2026-09-06_a1,https://api-v3.thaiwater.net/api/v1/thaiwater30/public/waterlevel_graph?station_type=tele_waterlevel&station_id=717&start_date=2026-06-08&end_date=2026-09-06,th_agency_9,unknown
731,stage_reported,value,2026-06-08,2026-09-06,91,13104,2026-06-08 00:00,2026-09-06 23:50,13059,available,200,application/json; charset=utf-8,2026-09-13T18:12:13.081503+00:00,1047056,0e57d72ddb14b1efaccf2de7463204ec8f74f4ab47412e5a03f14eb92b5d14ff,bodies/731_2026-06-08_2026-09-06_a1.body,receipts/731_2026-06-08_2026-09-06_a1.json,new,new_20260913_731_2026-06-08_2026-09-06_a1,https://api-v3.thaiwater.net/api/v1/thaiwater30/public/waterlevel_graph?station_type=tele_waterlevel&station_id=731&start_date=2026-06-08&end_date=2026-09-06,th_agency_9,available
731,discharge_reported,discharge,2026-06-08,2026-09-06,91,13104,2026-06-08 00:00,2026-09-06 23:50,0,empty_in_tested_window,200,application/json; charset=utf-8,2026-09-13T18:12:13.081503+00:00,1047056,0e57d72ddb14b1efaccf2de7463204ec8f74f4ab47412e5a03f14eb92b5d14ff,bodies/731_2026-06-08_2026-09-06_a1.body,receipts/731_2026-06-08_2026-09-06_a1.json,new,new_20260913_731_2026-06-08_2026-09-06_a1,https://api-v3.thaiwater.net/api/v1/thaiwater30/public/waterlevel_graph?station_type=tele_waterlevel&station_id=731&start_date=2026-06-08&end_date=2026-09-06,th_agency_9,unknown
734,stage_reported,value,2026-06-08,2026-09-06,91,13104,2026-06-08 00:00,2026-09-06 23:50,13069,available,200,application/json; charset=utf-8,2026-09-13T18:12:15.513908+00:00,1060563,8778e67d3e22084e960c8659484c04be9d196694e84c2b50459e468251f90602,bodies/734_2026-06-08_2026-09-06_a1.body,receipts/734_2026-06-08_2026-09-06_a1.json,new,new_20260913_734_2026-06-08_2026-09-06_a1,https://api-v3.thaiwater.net/api/v1/thaiwater30/public/waterlevel_graph?station_type=tele_waterlevel&station_id=734&start_date=2026-06-08&end_date=2026-09-06,th_agency_9,available
734,discharge_reported,discharge,2026-06-08,2026-09-06,91,13104,2026-06-08 00:00,2026-09-06 23:50,0,empty_in_tested_window,200,application/json; charset=utf-8,2026-09-13T18:12:15.513908+00:00,1060563,8778e67d3e22084e960c8659484c04be9d196694e84c2b50459e468251f90602,bodies/734_2026-06-08_2026-09-06_a1.body,receipts/734_2026-06-08_2026-09-06_a1.json,new,new_20260913_734_2026-06-08_2026-09-06_a1,https://api-v3.thaiwater.net/api/v1/thaiwater30/public/waterlevel_graph?station_type=tele_waterlevel&station_id=734&start_date=2026-06-08&end_date=2026-09-06,th_agency_9,unknown
736,stage_reported,value,2026-06-08,2026-09-06,91,13104,2026-06-08 00:00,2026-09-06 23:50,13067,available,200,application/json; charset=utf-8,2026-09-13T18:12:18.137969+00:00,1046943,66735976d8702f87af145da2f3e073509c9ef9e52c160d3192beff1de354c781,bodies/736_2026-06-08_2026-09-06_a1.body,receipts/736_2026-06-08_2026-09-06_a1.json,new,new_20260913_736_2026-06-08_2026-09-06_a1,https://api-v3.thaiwater.net/api/v1/thaiwater30/public/waterlevel_graph?station_type=tele_waterlevel&station_id=736&start_date=2026-06-08&end_date=2026-09-06,th_agency_9,available
736,discharge_reported,discharge,2026-06-08,2026-09-06,91,13104,2026-06-08 00:00,2026-09-06 23:50,0,empty_in_tested_window,200,application/json; charset=utf-8,2026-09-13T18:12:18.137969+00:00,1046943,66735976d8702f87af145da2f3e073509c9ef9e52c160d3192beff1de354c781,bodies/736_2026-06-08_2026-09-06_a1.body,receipts/736_2026-06-08_2026-09-06_a1.json,new,new_20260913_736_2026-06-08_2026-09-06_a1,https://api-v3.thaiwater.net/api/v1/thaiwater30/public/waterlevel_graph?station_type=tele_waterlevel&station_id=736&start_date=2026-06-08&end_date=2026-09-06,th_agency_9,unknown
737,stage_reported,value,2026-06-08,2026-09-06,91,13104,2026-06-08 00:00,2026-09-06 23:50,13070,available,200,application/json; charset=utf-8,2026-09-13T18:12:20.197766+00:00,1046959,5d763ec82bae83ae341fc4b96c2518b185e8826170c7ec0d24a2fa4557d11109,bodies/737_2026-06-08_2026-09-06_a1.body,receipts/737_2026-06-08_2026-09-06_a1.json,new,new_20260913_737_2026-06-08_2026-09-06_a1,https://api-v3.thaiwater.net/api/v1/thaiwater30/public/waterlevel_graph?station_type=tele_waterlevel&station_id=737&start_date=2026-06-08&end_date=2026-09-06,th_agency_9,available
737,discharge_reported,discharge,2026-06-08,2026-09-06,91,13104,2026-06-08 00:00,2026-09-06 23:50,0,empty_in_tested_window,200,application/json; charset=utf-8,2026-09-13T18:12:20.197766+00:00,1046959,5d763ec82bae83ae341fc4b96c2518b185e8826170c7ec0d24a2fa4557d11109,bodies/737_2026-06-08_2026-09-06_a1.body,receipts/737_2026-06-08_2026-09-06_a1.json,new,new_20260913_737_2026-06-08_2026-09-06_a1,https://api-v3.thaiwater.net/api/v1/thaiwater30/public/waterlevel_graph?station_type=tele_waterlevel&station_id=737&start_date=2026-06-08&end_date=2026-09-06,th_agency_9,unknown
738,stage_reported,value,2026-06-08,2026-09-06,91,13104,2026-06-08 00:00,2026-09-06 23:50,13069,available,200,application/json; charset=utf-8,2026-09-13T18:12:22.307538+00:00,1047068,575e7ee38c5b7d9976ff605041185c104476f67beb81067da47721f2302c2627,bodies/738_2026-06-08_2026-09-06_a1.body,receipts/738_2026-06-08_2026-09-06_a1.json,new,new_20260913_738_2026-06-08_2026-09-06_a1,https://api-v3.thaiwater.net/api/v1/thaiwater30/public/waterlevel_graph?station_type=tele_waterlevel&station_id=738&start_date=2026-06-08&end_date=2026-09-06,th_agency_9,available
738,discharge_reported,discharge,2026-06-08,2026-09-06,91,13104,2026-06-08 00:00,2026-09-06 23:50,0,empty_in_tested_window,200,application/json; charset=utf-8,2026-09-13T18:12:22.307538+00:00,1047068,575e7ee38c5b7d9976ff605041185c104476f67beb81067da47721f2302c2627,bodies/738_2026-06-08_2026-09-06_a1.body,receipts/738_2026-06-08_2026-09-06_a1.json,new,new_20260913_738_2026-06-08_2026-09-06_a1,https://api-v3.thaiwater.net/api/v1/thaiwater30/public/waterlevel_graph?station_type=tele_waterlevel&station_id=738&start_date=2026-06-08&end_date=2026-09-06,th_agency_9,unknown
745,stage_reported,value,2026-06-08,2026-09-06,91,13104,2026-06-08 00:00,2026-09-06 23:50,13061,available,200,application/json; charset=utf-8,2026-09-13T18:12:24.701164+00:00,1046917,b8256047693a70e6778f6d40027329bfbe716a212ca5e67ca707b7d2c3608be1,bodies/745_2026-06-08_2026-09-06_a1.body,receipts/745_2026-06-08_2026-09-06_a1.json,new,new_20260913_745_2026-06-08_2026-09-06_a1,https://api-v3.thaiwater.net/api/v1/thaiwater30/public/waterlevel_graph?station_type=tele_waterlevel&station_id=745&start_date=2026-06-08&end_date=2026-09-06,th_agency_9,available
745,discharge_reported,discharge,2026-06-08,2026-09-06,91,13104,2026-06-08 00:00,2026-09-06 23:50,0,empty_in_tested_window,200,application/json; charset=utf-8,2026-09-13T18:12:24.701164+00:00,1046917,b8256047693a70e6778f6d40027329bfbe716a212ca5e67ca707b7d2c3608be1,bodies/745_2026-06-08_2026-09-06_a1.body,receipts/745_2026-06-08_2026-09-06_a1.json,new,new_20260913_745_2026-06-08_2026-09-06_a1,https://api-v3.thaiwater.net/api/v1/thaiwater30/public/waterlevel_graph?station_type=tele_waterlevel&station_id=745&start_date=2026-06-08&end_date=2026-09-06,th_agency_9,unknown
747,stage_reported,value,2026-06-08,2026-09-06,91,13104,2026-06-08 00:00,2026-09-06 23:50,13037,available,200,application/json; charset=utf-8,2026-09-13T18:12:28.243835+00:00,1046904,e4e6ad32b8bad92711a7e0d16e98e6293d8c09dc035388ec0d352f31422f69df,bodies/747_2026-06-08_2026-09-06_a1.body,receipts/747_2026-06-08_2026-09-06_a1.json,new,new_20260913_747_2026-06-08_2026-09-06_a1,https://api-v3.thaiwater.net/api/v1/thaiwater30/public/waterlevel_graph?station_type=tele_waterlevel&station_id=747&start_date=2026-06-08&end_date=2026-09-06,th_agency_9,available
747,discharge_reported,discharge,2026-06-08,2026-09-06,91,13104,2026-06-08 00:00,2026-09-06 23:50,0,empty_in_tested_window,200,application/json; charset=utf-8,2026-09-13T18:12:28.243835+00:00,1046904,e4e6ad32b8bad92711a7e0d16e98e6293d8c09dc035388ec0d352f31422f69df,bodies/747_2026-06-08_2026-09-06_a1.body,receipts/747_2026-06-08_2026-09-06_a1.json,new,new_20260913_747_2026-06-08_2026-09-06_a1,https://api-v3.thaiwater.net/api/v1/thaiwater30/public/waterlevel_graph?station_type=tele_waterlevel&station_id=747&start_date=2026-06-08&end_date=2026-09-06,th_agency_9,unknown
748,stage_reported,value,2026-06-08,2026-09-06,91,13104,2026-06-08 00:00,2026-09-06 23:50,13061,available,200,application/json; charset=utf-8,2026-09-13T18:12:30.605545+00:00,1047308,90a0b1dd37e64a4577e2f0eff6d0ac3528fba40cf4414658d5dd2465b774e85a,bodies/748_2026-06-08_2026-09-06_a1.body,receipts/748_2026-06-08_2026-09-06_a1.json,new,new_20260913_748_2026-06-08_2026-09-06_a1,https://api-v3.thaiwater.net/api/v1/thaiwater30/public/waterlevel_graph?station_type=tele_waterlevel&station_id=748&start_date=2026-06-08&end_date=2026-09-06,th_agency_9,available
748,discharge_reported,discharge,2026-06-08,2026-09-06,91,13104,2026-06-08 00:00,2026-09-06 23:50,0,empty_in_tested_window,200,application/json; charset=utf-8,2026-09-13T18:12:30.605545+00:00,1047308,90a0b1dd37e64a4577e2f0eff6d0ac3528fba40cf4414658d5dd2465b774e85a,bodies/748_2026-06-08_2026-09-06_a1.body,receipts/748_2026-06-08_2026-09-06_a1.json,new,new_20260913_748_2026-06-08_2026-09-06_a1,https://api-v3.thaiwater.net/api/v1/thaiwater30/public/waterlevel_graph?station_type=tele_waterlevel&station_id=748&start_date=2026-06-08&end_date=2026-09-06,th_agency_9,unknown
749,stage_reported,value,2026-06-08,2026-09-06,91,13104,2026-06-08 00:00,2026-09-06 23:50,7660,available,200,application/json; charset=utf-8,2026-09-13T18:12:33.002995+00:00,1042129,dc87409e2591be00a861c0362d2fa69059756a94d1d34a207b27b7fa95a8ccb4,bodies/749_2026-06-08_2026-09-06_a1.body,receipts/749_2026-06-08_2026-09-06_a1.json,new,new_20260913_749_2026-06-08_2026-09-06_a1,https://api-v3.thaiwater.net/api/v1/thaiwater30/public/waterlevel_graph?station_type=tele_waterlevel&station_id=749&start_date=2026-06-08&end_date=2026-09-06,th_agency_9,available
749,discharge_reported,discharge,2026-06-08,2026-09-06,91,13104,2026-06-08 00:00,2026-09-06 23:50,0,empty_in_tested_window,200,application/json; charset=utf-8,2026-09-13T18:12:33.002995+00:00,1042129,dc87409e2591be00a861c0362d2fa69059756a94d1d34a207b27b7fa95a8ccb4,bodies/749_2026-06-08_2026-09-06_a1.body,receipts/749_2026-06-08_2026-09-06_a1.json,new,new_20260913_749_2026-06-08_2026-09-06_a1,https://api-v3.thaiwater.net/api/v1/thaiwater30/public/waterlevel_graph?station_type=tele_waterlevel&station_id=749&start_date=2026-06-08&end_date=2026-09-06,th_agency_9,unknown
750,stage_reported,value,2026-06-08,2026-09-06,91,13104,2026-06-08 00:00,2026-09-06 23:50,13067,available,200,application/json; charset=utf-8,2026-09-13T18:12:35.135776+00:00,1052708,09114d5f7a1235d3433b6cf32085dbc3507e607c3ad368f2f2238a3463b10e5d,bodies/750_2026-06-08_2026-09-06_a1.body,receipts/750_2026-06-08_2026-09-06_a1.json,new,new_20260913_750_2026-06-08_2026-09-06_a1,https://api-v3.thaiwater.net/api/v1/thaiwater30/public/waterlevel_graph?station_type=tele_waterlevel&station_id=750&start_date=2026-06-08&end_date=2026-09-06,th_agency_9,available
750,discharge_reported,discharge,2026-06-08,2026-09-06,91,13104,2026-06-08 00:00,2026-09-06 23:50,0,empty_in_tested_window,200,application/json; charset=utf-8,2026-09-13T18:12:35.135776+00:00,1052708,09114d5f7a1235d3433b6cf32085dbc3507e607c3ad368f2f2238a3463b10e5d,bodies/750_2026-06-08_2026-09-06_a1.body,receipts/750_2026-06-08_2026-09-06_a1.json,new,new_20260913_750_2026-06-08_2026-09-06_a1,https://api-v3.thaiwater.net/api/v1/thaiwater30/public/waterlevel_graph?station_type=tele_waterlevel&station_id=750&start_date=2026-06-08&end_date=2026-09-06,th_agency_9,unknown
751,stage_reported,value,2026-06-08,2026-09-06,91,13104,2026-06-08 00:00,2026-09-06 23:50,13069,available,200,application/json; charset=utf-8,2026-09-13T18:12:37.616652+00:00,1052299,2874f828c5c36f956e91bf2e6b86eb162cff81edb9c893fdca7906cb63768b7f,bodies/751_2026-06-08_2026-09-06_a1.body,receipts/751_2026-06-08_2026-09-06_a1.json,new,new_20260913_751_2026-06-08_2026-09-06_a1,https://api-v3.thaiwater.net/api/v1/thaiwater30/public/waterlevel_graph?station_type=tele_waterlevel&station_id=751&start_date=2026-06-08&end_date=2026-09-06,th_agency_9,available
751,discharge_reported,discharge,2026-06-08,2026-09-06,91,13104,2026-06-08 00:00,2026-09-06 23:50,0,empty_in_tested_window,200,application/json; charset=utf-8,2026-09-13T18:12:37.616652+00:00,1052299,2874f828c5c36f956e91bf2e6b86eb162cff81edb9c893fdca7906cb63768b7f,bodies/751_2026-06-08_2026-09-06_a1.body,receipts/751_2026-06-08_2026-09-06_a1.json,new,new_20260913_751_2026-06-08_2026-09-06_a1,https://api-v3.thaiwater.net/api/v1/thaiwater30/public/waterlevel_graph?station_type=tele_waterlevel&station_id=751&start_date=2026-06-08&end_date=2026-09-06,th_agency_9,unknown
754,stage_reported,value,2026-06-08,2026-09-06,91,13104,2026-06-08 00:00,2026-09-06 23:50,13034,available,200,application/json; charset=utf-8,2026-09-13T18:12:40.085857+00:00,1046856,af1041c47f7f1b30d22edb36cf02f41ea9aed59c5a430bab322d83b2c1164080,bodies/754_2026-06-08_2026-09-06_a1.body,receipts/754_2026-06-08_2026-09-06_a1.json,new,new_20260913_754_2026-06-08_2026-09-06_a1,https://api-v3.thaiwater.net/api/v1/thaiwater30/public/waterlevel_graph?station_type=tele_waterlevel&station_id=754&start_date=2026-06-08&end_date=2026-09-06,th_agency_9,available
754,discharge_reported,discharge,2026-06-08,2026-09-06,91,13104,2026-06-08 00:00,2026-09-06 23:50,0,empty_in_tested_window,200,application/json; charset=utf-8,2026-09-13T18:12:40.085857+00:00,1046856,af1041c47f7f1b30d22edb36cf02f41ea9aed59c5a430bab322d83b2c1164080,bodies/754_2026-06-08_2026-09-06_a1.body,receipts/754_2026-06-08_2026-09-06_a1.json,new,new_20260913_754_2026-06-08_2026-09-06_a1,https://api-v3.thaiwater.net/api/v1/thaiwater30/public/waterlevel_graph?station_type=tele_waterlevel&station_id=754&start_date=2026-06-08&end_date=2026-09-06,th_agency_9,unknown
755,stage_reported,value,2026-06-08,2026-09-06,91,13104,2026-06-08 00:00,2026-09-06 23:50,13068,available,200,application/json; charset=utf-8,2026-09-13T18:12:42.414071+00:00,1052127,46487ca30a65c00dd76eaed191350fa72c98b481b7548af399a8f745449a1ae6,bodies/755_2026-06-08_2026-09-06_a1.body,receipts/755_2026-06-08_2026-09-06_a1.json,new,new_20260913_755_2026-06-08_2026-09-06_a1,https://api-v3.thaiwater.net/api/v1/thaiwater30/public/waterlevel_graph?station_type=tele_waterlevel&station_id=755&start_date=2026-06-08&end_date=2026-09-06,th_agency_9,available
755,discharge_reported,discharge,2026-06-08,2026-09-06,91,13104,2026-06-08 00:00,2026-09-06 23:50,0,empty_in_tested_window,200,application/json; charset=utf-8,2026-09-13T18:12:42.414071+00:00,1052127,46487ca30a65c00dd76eaed191350fa72c98b481b7548af399a8f745449a1ae6,bodies/755_2026-06-08_2026-09-06_a1.body,receipts/755_2026-06-08_2026-09-06_a1.json,new,new_20260913_755_2026-06-08_2026-09-06_a1,https://api-v3.thaiwater.net/api/v1/thaiwater30/public/waterlevel_graph?station_type=tele_waterlevel&station_id=755&start_date=2026-06-08&end_date=2026-09-06,th_agency_9,unknown
758,stage_reported,value,2026-06-08,2026-09-06,91,13104,2026-06-08 00:00,2026-09-06 23:50,13027,available,200,application/json; charset=utf-8,2026-09-13T18:12:44.815306+00:00,1046960,7c690f1115aafc735df6d1457a616e6019ad0eb7b4ae182337caf0ca8d2e4c79,bodies/758_2026-06-08_2026-09-06_a1.body,receipts/758_2026-06-08_2026-09-06_a1.json,new,new_20260913_758_2026-06-08_2026-09-06_a1,https://api-v3.thaiwater.net/api/v1/thaiwater30/public/waterlevel_graph?station_type=tele_waterlevel&station_id=758&start_date=2026-06-08&end_date=2026-09-06,th_agency_9,available
758,discharge_reported,discharge,2026-06-08,2026-09-06,91,13104,2026-06-08 00:00,2026-09-06 23:50,0,empty_in_tested_window,200,application/json; charset=utf-8,2026-09-13T18:12:44.815306+00:00,1046960,7c690f1115aafc735df6d1457a616e6019ad0eb7b4ae182337caf0ca8d2e4c79,bodies/758_2026-06-08_2026-09-06_a1.body,receipts/758_2026-06-08_2026-09-06_a1.json,new,new_20260913_758_2026-06-08_2026-09-06_a1,https://api-v3.thaiwater.net/api/v1/thaiwater30/public/waterlevel_graph?station_type=tele_waterlevel&station_id=758&start_date=2026-06-08&end_date=2026-09-06,th_agency_9,unknown
770,stage_reported,value,2026-06-08,2026-09-06,91,13104,2026-06-08 00:00,2026-09-06 23:50,13061,available,200,application/json; charset=utf-8,2026-09-13T18:12:47.378038+00:00,1050827,d16665a36cc2daca402048a0cad953df957d5f3c1826968fb49eac6e8a04effe,bodies/770_2026-06-08_2026-09-06_a1.body,receipts/770_2026-06-08_2026-09-06_a1.json,new,new_20260913_770_2026-06-08_2026-09-06_a1,https://api-v3.thaiwater.net/api/v1/thaiwater30/public/waterlevel_graph?station_type=tele_waterlevel&station_id=770&start_date=2026-06-08&end_date=2026-09-06,th_agency_9,available
770,discharge_reported,discharge,2026-06-08,2026-09-06,91,13104,2026-06-08 00:00,2026-09-06 23:50,0,empty_in_tested_window,200,application/json; charset=utf-8,2026-09-13T18:12:47.378038+00:00,1050827,d16665a36cc2daca402048a0cad953df957d5f3c1826968fb49eac6e8a04effe,bodies/770_2026-06-08_2026-09-06_a1.body,receipts/770_2026-06-08_2026-09-06_a1.json,new,new_20260913_770_2026-06-08_2026-09-06_a1,https://api-v3.thaiwater.net/api/v1/thaiwater30/public/waterlevel_graph?station_type=tele_waterlevel&station_id=770&start_date=2026-06-08&end_date=2026-09-06,th_agency_9,unknown
772,stage_reported,value,2026-06-08,2026-09-06,91,13104,2026-06-08 00:00,2026-09-06 23:50,13060,available,200,application/json; charset=utf-8,2026-09-13T18:12:49.722166+00:00,1060023,3e2d26ffbe20aeeff757ef820a1f6aaea2604aed2585cba39562531b006117e7,bodies/772_2026-06-08_2026-09-06_a1.body,receipts/772_2026-06-08_2026-09-06_a1.json,new,new_20260913_772_2026-06-08_2026-09-06_a1,https://api-v3.thaiwater.net/api/v1/thaiwater30/public/waterlevel_graph?station_type=tele_waterlevel&station_id=772&start_date=2026-06-08&end_date=2026-09-06,th_agency_9,available
772,discharge_reported,discharge,2026-06-08,2026-09-06,91,13104,2026-06-08 00:00,2026-09-06 23:50,0,empty_in_tested_window,200,application/json; charset=utf-8,2026-09-13T18:12:49.722166+00:00,1060023,3e2d26ffbe20aeeff757ef820a1f6aaea2604aed2585cba39562531b006117e7,bodies/772_2026-06-08_2026-09-06_a1.body,receipts/772_2026-06-08_2026-09-06_a1.json,new,new_20260913_772_2026-06-08_2026-09-06_a1,https://api-v3.thaiwater.net/api/v1/thaiwater30/public/waterlevel_graph?station_type=tele_waterlevel&station_id=772&start_date=2026-06-08&end_date=2026-09-06,th_agency_9,unknown
784,stage_reported,value,2026-06-08,2026-09-06,91,13104,2026-06-08 00:00,2026-09-06 23:50,13064,available,200,application/json; charset=utf-8,2026-09-13T18:12:51.858308+00:00,996157,6d92024494584a44547764f4c061c94990d98667876f6859d10e0f32663a873e,bodies/784_2026-06-08_2026-09-06_a1.body,receipts/784_2026-06-08_2026-09-06_a1.json,new,new_20260913_784_2026-06-08_2026-09-06_a1,https://api-v3.thaiwater.net/api/v1/thaiwater30/public/waterlevel_graph?station_type=tele_waterlevel&station_id=784&start_date=2026-06-08&end_date=2026-09-06,th_agency_9,available
784,discharge_reported,discharge,2026-06-08,2026-09-06,91,13104,2026-06-08 00:00,2026-09-06 23:50,0,empty_in_tested_window,200,application/json; charset=utf-8,2026-09-13T18:12:51.858308+00:00,996157,6d92024494584a44547764f4c061c94990d98667876f6859d10e0f32663a873e,bodies/784_2026-06-08_2026-09-06_a1.body,receipts/784_2026-06-08_2026-09-06_a1.json,new,new_20260913_784_2026-06-08_2026-09-06_a1,https://api-v3.thaiwater.net/api/v1/thaiwater30/public/waterlevel_graph?station_type=tele_waterlevel&station_id=784&start_date=2026-06-08&end_date=2026-09-06,th_agency_9,unknown
792,stage_reported,value,2026-06-08,2026-09-06,91,13104,2026-06-08 00:00,2026-09-06 23:50,13037,available,200,application/json; charset=utf-8,2026-09-13T18:12:54.422344+00:00,1047297,36a17e52ab5ba009c216cd6edaba33b562408fbcc4e8f7b4faa03d9052e88bc0,bodies/792_2026-06-08_2026-09-06_a1.body,receipts/792_2026-06-08_2026-09-06_a1.json,new,new_20260913_792_2026-06-08_2026-09-06_a1,https://api-v3.thaiwater.net/api/v1/thaiwater30/public/waterlevel_graph?station_type=tele_waterlevel&station_id=792&start_date=2026-06-08&end_date=2026-09-06,th_agency_9,available
792,discharge_reported,discharge,2026-06-08,2026-09-06,91,13104,2026-06-08 00:00,2026-09-06 23:50,0,empty_in_tested_window,200,application/json; charset=utf-8,2026-09-13T18:12:54.422344+00:00,1047297,36a17e52ab5ba009c216cd6edaba33b562408fbcc4e8f7b4faa03d9052e88bc0,bodies/792_2026-06-08_2026-09-06_a1.body,receipts/792_2026-06-08_2026-09-06_a1.json,new,new_20260913_792_2026-06-08_2026-09-06_a1,https://api-v3.thaiwater.net/api/v1/thaiwater30/public/waterlevel_graph?station_type=tele_waterlevel&station_id=792&start_date=2026-06-08&end_date=2026-09-06,th_agency_9,unknown
794,stage_reported,value,2026-06-08,2026-09-06,91,13104,2026-06-08 00:00,2026-09-06 23:50,12946,available,200,application/json; charset=utf-8,2026-09-13T18:12:56.544446+00:00,1041792,fde410594755e66a79d6b2a1b507b7d8d03fb57beeedd51a179d47ba6817d9b3,bodies/794_2026-06-08_2026-09-06_a1.body,receipts/794_2026-06-08_2026-09-06_a1.json,new,new_20260913_794_2026-06-08_2026-09-06_a1,https://api-v3.thaiwater.net/api/v1/thaiwater30/public/waterlevel_graph?station_type=tele_waterlevel&station_id=794&start_date=2026-06-08&end_date=2026-09-06,th_agency_9,available
794,discharge_reported,discharge,2026-06-08,2026-09-06,91,13104,2026-06-08 00:00,2026-09-06 23:50,0,empty_in_tested_window,200,application/json; charset=utf-8,2026-09-13T18:12:56.544446+00:00,1041792,fde410594755e66a79d6b2a1b507b7d8d03fb57beeedd51a179d47ba6817d9b3,bodies/794_2026-06-08_2026-09-06_a1.body,receipts/794_2026-06-08_2026-09-06_a1.json,new,new_20260913_794_2026-06-08_2026-09-06_a1,https://api-v3.thaiwater.net/api/v1/thaiwater30/public/waterlevel_graph?station_type=tele_waterlevel&station_id=794&start_date=2026-06-08&end_date=2026-09-06,th_agency_9,unknown
795,stage_reported,value,2026-06-08,2026-09-06,91,13104,2026-06-08 00:00,2026-09-06 23:50,13033,available,200,application/json; charset=utf-8,2026-09-13T18:12:58.614577+00:00,1046560,a36cd5c6d2bb09d0caee0ff7548e05a66194803188a5e7e4d2c2f3e50ba3bffb,bodies/795_2026-06-08_2026-09-06_a1.body,receipts/795_2026-06-08_2026-09-06_a1.json,new,new_20260913_795_2026-06-08_2026-09-06_a1,https://api-v3.thaiwater.net/api/v1/thaiwater30/public/waterlevel_graph?station_type=tele_waterlevel&station_id=795&start_date=2026-06-08&end_date=2026-09-06,th_agency_9,available
795,discharge_reported,discharge,2026-06-08,2026-09-06,91,13104,2026-06-08 00:00,2026-09-06 23:50,0,empty_in_tested_window,200,application/json; charset=utf-8,2026-09-13T18:12:58.614577+00:00,1046560,a36cd5c6d2bb09d0caee0ff7548e05a66194803188a5e7e4d2c2f3e50ba3bffb,bodies/795_2026-06-08_2026-09-06_a1.body,receipts/795_2026-06-08_2026-09-06_a1.json,new,new_20260913_795_2026-06-08_2026-09-06_a1,https://api-v3.thaiwater.net/api/v1/thaiwater30/public/waterlevel_graph?station_type=tele_waterlevel&station_id=795&start_date=2026-06-08&end_date=2026-09-06,th_agency_9,unknown
802,stage_reported,value,2026-06-08,2026-09-06,91,13104,2026-06-08 00:00,2026-09-06 23:50,9362,available,200,application/json; charset=utf-8,2026-09-13T18:13:00.675437+00:00,1034234,eec6d9ab1ecd60493255a2dde6b9d4b7a7f59dceb9cc728a997c411dd0389309,bodies/802_2026-06-08_2026-09-06_a1.body,receipts/802_2026-06-08_2026-09-06_a1.json,new,new_20260913_802_2026-06-08_2026-09-06_a1,https://api-v3.thaiwater.net/api/v1/thaiwater30/public/waterlevel_graph?station_type=tele_waterlevel&station_id=802&start_date=2026-06-08&end_date=2026-09-06,th_agency_9,available
802,discharge_reported,discharge,2026-06-08,2026-09-06,91,13104,2026-06-08 00:00,2026-09-06 23:50,0,empty_in_tested_window,200,application/json; charset=utf-8,2026-09-13T18:13:00.675437+00:00,1034234,eec6d9ab1ecd60493255a2dde6b9d4b7a7f59dceb9cc728a997c411dd0389309,bodies/802_2026-06-08_2026-09-06_a1.body,receipts/802_2026-06-08_2026-09-06_a1.json,new,new_20260913_802_2026-06-08_2026-09-06_a1,https://api-v3.thaiwater.net/api/v1/thaiwater30/public/waterlevel_graph?station_type=tele_waterlevel&station_id=802&start_date=2026-06-08&end_date=2026-09-06,th_agency_9,unknown
804,stage_reported,value,2026-06-08,2026-09-06,91,13104,2026-06-08 00:00,2026-09-06 23:50,13035,available,200,application/json; charset=utf-8,2026-09-13T18:13:03.040744+00:00,1039505,1c3888b19dbd6632fb6da9566fc4ddbf89937d86288ec2eb7f8461f9539a93e1,bodies/804_2026-06-08_2026-09-06_a1.body,receipts/804_2026-06-08_2026-09-06_a1.json,new,new_20260913_804_2026-06-08_2026-09-06_a1,https://api-v3.thaiwater.net/api/v1/thaiwater30/public/waterlevel_graph?station_type=tele_waterlevel&station_id=804&start_date=2026-06-08&end_date=2026-09-06,th_agency_9,available
804,discharge_reported,discharge,2026-06-08,2026-09-06,91,13104,2026-06-08 00:00,2026-09-06 23:50,0,empty_in_tested_window,200,application/json; charset=utf-8,2026-09-13T18:13:03.040744+00:00,1039505,1c3888b19dbd6632fb6da9566fc4ddbf89937d86288ec2eb7f8461f9539a93e1,bodies/804_2026-06-08_2026-09-06_a1.body,receipts/804_2026-06-08_2026-09-06_a1.json,new,new_20260913_804_2026-06-08_2026-09-06_a1,https://api-v3.thaiwater.net/api/v1/thaiwater30/public/waterlevel_graph?station_type=tele_waterlevel&station_id=804&start_date=2026-06-08&end_date=2026-09-06,th_agency_9,unknown
812,stage_reported,value,2026-06-08,2026-09-06,91,13104,2026-06-08 00:00,2026-09-06 23:50,12906,available,200,application/json; charset=utf-8,2026-09-13T18:13:05.437669+00:00,1033739,1090bb0e65be27302514494be01f1db6658b152ef81a68fc10a762dd24c65899,bodies/812_2026-06-08_2026-09-06_a1.body,receipts/812_2026-06-08_2026-09-06_a1.json,new,new_20260913_812_2026-06-08_2026-09-06_a1,https://api-v3.thaiwater.net/api/v1/thaiwater30/public/waterlevel_graph?station_type=tele_waterlevel&station_id=812&start_date=2026-06-08&end_date=2026-09-06,th_agency_9,available
812,discharge_reported,discharge,2026-06-08,2026-09-06,91,13104,2026-06-08 00:00,2026-09-06 23:50,0,empty_in_tested_window,200,application/json; charset=utf-8,2026-09-13T18:13:05.437669+00:00,1033739,1090bb0e65be27302514494be01f1db6658b152ef81a68fc10a762dd24c65899,bodies/812_2026-06-08_2026-09-06_a1.body,receipts/812_2026-06-08_2026-09-06_a1.json,new,new_20260913_812_2026-06-08_2026-09-06_a1,https://api-v3.thaiwater.net/api/v1/thaiwater30/public/waterlevel_graph?station_type=tele_waterlevel&station_id=812&start_date=2026-06-08&end_date=2026-09-06,th_agency_9,unknown
823,stage_reported,value,2026-06-08,2026-09-06,91,13104,2026-06-08 00:00,2026-09-06 23:50,13012,available,200,application/json; charset=utf-8,2026-09-13T18:13:07.532886+00:00,1040720,b27194d6376791844d2f2faccc305c4d3fcc9fd4458b7043a608dbe760d31893,bodies/823_2026-06-08_2026-09-06_a1.body,receipts/823_2026-06-08_2026-09-06_a1.json,new,new_20260913_823_2026-06-08_2026-09-06_a1,https://api-v3.thaiwater.net/api/v1/thaiwater30/public/waterlevel_graph?station_type=tele_waterlevel&station_id=823&start_date=2026-06-08&end_date=2026-09-06,th_agency_9,available
823,discharge_reported,discharge,2026-06-08,2026-09-06,91,13104,2026-06-08 00:00,2026-09-06 23:50,0,empty_in_tested_window,200,application/json; charset=utf-8,2026-09-13T18:13:07.532886+00:00,1040720,b27194d6376791844d2f2faccc305c4d3fcc9fd4458b7043a608dbe760d31893,bodies/823_2026-06-08_2026-09-06_a1.body,receipts/823_2026-06-08_2026-09-06_a1.json,new,new_20260913_823_2026-06-08_2026-09-06_a1,https://api-v3.thaiwater.net/api/v1/thaiwater30/public/waterlevel_graph?station_type=tele_waterlevel&station_id=823&start_date=2026-06-08&end_date=2026-09-06,th_agency_9,unknown
824,stage_reported,value,2026-06-08,2026-09-06,91,13104,2026-06-08 00:00,2026-09-06 23:50,13066,available,200,application/json; charset=utf-8,2026-09-13T18:13:09.600618+00:00,1036351,be4451a04d77ce6e060d6192fd56786aebfbaa4c8660e05cbfcd48a57d04a2fa,bodies/824_2026-06-08_2026-09-06_a1.body,receipts/824_2026-06-08_2026-09-06_a1.json,new,new_20260913_824_2026-06-08_2026-09-06_a1,https://api-v3.thaiwater.net/api/v1/thaiwater30/public/waterlevel_graph?station_type=tele_waterlevel&station_id=824&start_date=2026-06-08&end_date=2026-09-06,th_agency_9,available
824,discharge_reported,discharge,2026-06-08,2026-09-06,91,13104,2026-06-08 00:00,2026-09-06 23:50,0,empty_in_tested_window,200,application/json; charset=utf-8,2026-09-13T18:13:09.600618+00:00,1036351,be4451a04d77ce6e060d6192fd56786aebfbaa4c8660e05cbfcd48a57d04a2fa,bodies/824_2026-06-08_2026-09-06_a1.body,receipts/824_2026-06-08_2026-09-06_a1.json,new,new_20260913_824_2026-06-08_2026-09-06_a1,https://api-v3.thaiwater.net/api/v1/thaiwater30/public/waterlevel_graph?station_type=tele_waterlevel&station_id=824&start_date=2026-06-08&end_date=2026-09-06,th_agency_9,unknown
825,stage_reported,value,2026-06-08,2026-09-06,91,13104,2026-06-08 00:00,2026-09-06 23:50,13062,available,200,application/json; charset=utf-8,2026-09-13T18:13:11.690958+00:00,1039714,4e315c324db2eab746a3328ca5334a57ce78fee70774ac77913213c64c6fcf47,bodies/825_2026-06-08_2026-09-06_a1.body,receipts/825_2026-06-08_2026-09-06_a1.json,new,new_20260913_825_2026-06-08_2026-09-06_a1,https://api-v3.thaiwater.net/api/v1/thaiwater30/public/waterlevel_graph?station_type=tele_waterlevel&station_id=825&start_date=2026-06-08&end_date=2026-09-06,th_agency_9,available
825,discharge_reported,discharge,2026-06-08,2026-09-06,91,13104,2026-06-08 00:00,2026-09-06 23:50,0,empty_in_tested_window,200,application/json; charset=utf-8,2026-09-13T18:13:11.690958+00:00,1039714,4e315c324db2eab746a3328ca5334a57ce78fee70774ac77913213c64c6fcf47,bodies/825_2026-06-08_2026-09-06_a1.body,receipts/825_2026-06-08_2026-09-06_a1.json,new,new_20260913_825_2026-06-08_2026-09-06_a1,https://api-v3.thaiwater.net/api/v1/thaiwater30/public/waterlevel_graph?station_type=tele_waterlevel&station_id=825&start_date=2026-06-08&end_date=2026-09-06,th_agency_9,unknown
826,stage_reported,value,2026-06-08,2026-09-06,91,13104,2026-06-08 00:00,2026-09-06 23:50,12952,available,200,application/json; charset=utf-8,2026-09-13T18:13:13.768140+00:00,1037863,73e94427909310f73db0df176c05d52fedb9a1ab423e27dfe6aeb0828e204fb5,bodies/826_2026-06-08_2026-09-06_a1.body,receipts/826_2026-06-08_2026-09-06_a1.json,new,new_20260913_826_2026-06-08_2026-09-06_a1,https://api-v3.thaiwater.net/api/v1/thaiwater30/public/waterlevel_graph?station_type=tele_waterlevel&station_id=826&start_date=2026-06-08&end_date=2026-09-06,th_agency_9,available
826,discharge_reported,discharge,2026-06-08,2026-09-06,91,13104,2026-06-08 00:00,2026-09-06 23:50,0,empty_in_tested_window,200,application/json; charset=utf-8,2026-09-13T18:13:13.768140+00:00,1037863,73e94427909310f73db0df176c05d52fedb9a1ab423e27dfe6aeb0828e204fb5,bodies/826_2026-06-08_2026-09-06_a1.body,receipts/826_2026-06-08_2026-09-06_a1.json,new,new_20260913_826_2026-06-08_2026-09-06_a1,https://api-v3.thaiwater.net/api/v1/thaiwater30/public/waterlevel_graph?station_type=tele_waterlevel&station_id=826&start_date=2026-06-08&end_date=2026-09-06,th_agency_9,unknown
828,stage_reported,value,2026-06-08,2026-09-06,91,13104,2026-06-08 00:00,2026-09-06 23:50,13054,available,200,application/json; charset=utf-8,2026-09-13T18:13:16.181391+00:00,1046436,0ab042a9bf76578c8612cf7d72715cb1cfbe89b759a0ec30a01a734c2070f180,bodies/828_2026-06-08_2026-09-06_a1.body,receipts/828_2026-06-08_2026-09-06_a1.json,new,new_20260913_828_2026-06-08_2026-09-06_a1,https://api-v3.thaiwater.net/api/v1/thaiwater30/public/waterlevel_graph?station_type=tele_waterlevel&station_id=828&start_date=2026-06-08&end_date=2026-09-06,th_agency_9,available
828,discharge_reported,discharge,2026-06-08,2026-09-06,91,13104,2026-06-08 00:00,2026-09-06 23:50,0,empty_in_tested_window,200,application/json; charset=utf-8,2026-09-13T18:13:16.181391+00:00,1046436,0ab042a9bf76578c8612cf7d72715cb1cfbe89b759a0ec30a01a734c2070f180,bodies/828_2026-06-08_2026-09-06_a1.body,receipts/828_2026-06-08_2026-09-06_a1.json,new,new_20260913_828_2026-06-08_2026-09-06_a1,https://api-v3.thaiwater.net/api/v1/thaiwater30/public/waterlevel_graph?station_type=tele_waterlevel&station_id=828&start_date=2026-06-08&end_date=2026-09-06,th_agency_9,unknown
829,stage_reported,value,2026-06-08,2026-09-06,91,13104,2026-06-08 00:00,2026-09-06 23:50,13065,available,200,application/json; charset=utf-8,2026-09-13T18:13:19.167146+00:00,1033815,f8c8c2469e58225855b1c93d95135ebd4deea6312ff79c43567eb76fe65b2027,bodies/829_2026-06-08_2026-09-06_a1.body,receipts/829_2026-06-08_2026-09-06_a1.json,new,new_20260913_829_2026-06-08_2026-09-06_a1,https://api-v3.thaiwater.net/api/v1/thaiwater30/public/waterlevel_graph?station_type=tele_waterlevel&station_id=829&start_date=2026-06-08&end_date=2026-09-06,th_agency_9,available
829,discharge_reported,discharge,2026-06-08,2026-09-06,91,13104,2026-06-08 00:00,2026-09-06 23:50,0,empty_in_tested_window,200,application/json; charset=utf-8,2026-09-13T18:13:19.167146+00:00,1033815,f8c8c2469e58225855b1c93d95135ebd4deea6312ff79c43567eb76fe65b2027,bodies/829_2026-06-08_2026-09-06_a1.body,receipts/829_2026-06-08_2026-09-06_a1.json,new,new_20260913_829_2026-06-08_2026-09-06_a1,https://api-v3.thaiwater.net/api/v1/thaiwater30/public/waterlevel_graph?station_type=tele_waterlevel&station_id=829&start_date=2026-06-08&end_date=2026-09-06,th_agency_9,unknown
835,stage_reported,value,2026-06-08,2026-09-06,91,13104,2026-06-08 00:00,2026-09-06 23:50,88,available,200,application/json; charset=utf-8,2026-09-13T18:13:21.159101+00:00,1035337,581bd31350f4f24f6232ec2801924d7e58ce7bce1005e6834eb750acb73e0ad8,bodies/835_2026-06-08_2026-09-06_a1.body,receipts/835_2026-06-08_2026-09-06_a1.json,new,new_20260913_835_2026-06-08_2026-09-06_a1,https://api-v3.thaiwater.net/api/v1/thaiwater30/public/waterlevel_graph?station_type=tele_waterlevel&station_id=835&start_date=2026-06-08&end_date=2026-09-06,th_agency_9,available
835,discharge_reported,discharge,2026-06-08,2026-09-06,91,13104,2026-06-08 00:00,2026-09-06 23:50,0,empty_in_tested_window,200,application/json; charset=utf-8,2026-09-13T18:13:21.159101+00:00,1035337,581bd31350f4f24f6232ec2801924d7e58ce7bce1005e6834eb750acb73e0ad8,bodies/835_2026-06-08_2026-09-06_a1.body,receipts/835_2026-06-08_2026-09-06_a1.json,new,new_20260913_835_2026-06-08_2026-09-06_a1,https://api-v3.thaiwater.net/api/v1/thaiwater30/public/waterlevel_graph?station_type=tele_waterlevel&station_id=835&start_date=2026-06-08&end_date=2026-09-06,th_agency_9,unknown
841,stage_reported,value,2026-06-08,2026-09-06,91,13104,2026-06-08 00:00,2026-09-06 23:50,12922,available,200,application/json; charset=utf-8,2026-09-13T18:13:23.802195+00:00,1039100,0c1d7d7104e99fba2a81d7ff57a2aeecce8c798c8c005217cdaf94e3d1cb3784,bodies/841_2026-06-08_2026-09-06_a1.body,receipts/841_2026-06-08_2026-09-06_a1.json,new,new_20260913_841_2026-06-08_2026-09-06_a1,https://api-v3.thaiwater.net/api/v1/thaiwater30/public/waterlevel_graph?station_type=tele_waterlevel&station_id=841&start_date=2026-06-08&end_date=2026-09-06,th_agency_9,available
841,discharge_reported,discharge,2026-06-08,2026-09-06,91,13104,2026-06-08 00:00,2026-09-06 23:50,0,empty_in_tested_window,200,application/json; charset=utf-8,2026-09-13T18:13:23.802195+00:00,1039100,0c1d7d7104e99fba2a81d7ff57a2aeecce8c798c8c005217cdaf94e3d1cb3784,bodies/841_2026-06-08_2026-09-06_a1.body,receipts/841_2026-06-08_2026-09-06_a1.json,new,new_20260913_841_2026-06-08_2026-09-06_a1,https://api-v3.thaiwater.net/api/v1/thaiwater30/public/waterlevel_graph?station_type=tele_waterlevel&station_id=841&start_date=2026-06-08&end_date=2026-09-06,th_agency_9,unknown
845,stage_reported,value,2026-06-08,2026-09-06,91,13104,2026-06-08 00:00,2026-09-06 23:50,12917,available,200,application/json; charset=utf-8,2026-09-13T18:13:26.460633+00:00,1033865,284f248f4c854dafbfdcec7a7064d340f81e52f60d3e9b573ccc95a81df2066c,bodies/845_2026-06-08_2026-09-06_a1.body,receipts/845_2026-06-08_2026-09-06_a1.json,new,new_20260913_845_2026-06-08_2026-09-06_a1,https://api-v3.thaiwater.net/api/v1/thaiwater30/public/waterlevel_graph?station_type=tele_waterlevel&station_id=845&start_date=2026-06-08&end_date=2026-09-06,th_agency_9,available
845,discharge_reported,discharge,2026-06-08,2026-09-06,91,13104,2026-06-08 00:00,2026-09-06 23:50,0,empty_in_tested_window,200,application/json; charset=utf-8,2026-09-13T18:13:26.460633+00:00,1033865,284f248f4c854dafbfdcec7a7064d340f81e52f60d3e9b573ccc95a81df2066c,bodies/845_2026-06-08_2026-09-06_a1.body,receipts/845_2026-06-08_2026-09-06_a1.json,new,new_20260913_845_2026-06-08_2026-09-06_a1,https://api-v3.thaiwater.net/api/v1/thaiwater30/public/waterlevel_graph?station_type=tele_waterlevel&station_id=845&start_date=2026-06-08&end_date=2026-09-06,th_agency_9,unknown
846,stage_reported,value,2026-06-08,2026-09-06,91,13104,2026-06-08 00:00,2026-09-06 23:50,7558,available,200,application/json; charset=utf-8,2026-09-13T18:13:28.502111+00:00,1034877,0ef97f60f5856bfdff140be161cdc82ff937b9e2758d48c63a9ee36bdbc97eae,bodies/846_2026-06-08_2026-09-06_a1.body,receipts/846_2026-06-08_2026-09-06_a1.json,new,new_20260913_846_2026-06-08_2026-09-06_a1,https://api-v3.thaiwater.net/api/v1/thaiwater30/public/waterlevel_graph?station_type=tele_waterlevel&station_id=846&start_date=2026-06-08&end_date=2026-09-06,th_agency_9,available
846,discharge_reported,discharge,2026-06-08,2026-09-06,91,13104,2026-06-08 00:00,2026-09-06 23:50,0,empty_in_tested_window,200,application/json; charset=utf-8,2026-09-13T18:13:28.502111+00:00,1034877,0ef97f60f5856bfdff140be161cdc82ff937b9e2758d48c63a9ee36bdbc97eae,bodies/846_2026-06-08_2026-09-06_a1.body,receipts/846_2026-06-08_2026-09-06_a1.json,new,new_20260913_846_2026-06-08_2026-09-06_a1,https://api-v3.thaiwater.net/api/v1/thaiwater30/public/waterlevel_graph?station_type=tele_waterlevel&station_id=846&start_date=2026-06-08&end_date=2026-09-06,th_agency_9,unknown
849,stage_reported,value,2026-06-08,2026-09-06,91,13104,2026-06-08 00:00,2026-09-06 23:50,13024,available,200,application/json; charset=utf-8,2026-09-13T18:13:30.593089+00:00,1033963,60873ea55b1e07d463d517db349137c970e94a2688cc19aebd2d28453ebc3fae,bodies/849_2026-06-08_2026-09-06_a1.body,receipts/849_2026-06-08_2026-09-06_a1.json,new,new_20260913_849_2026-06-08_2026-09-06_a1,https://api-v3.thaiwater.net/api/v1/thaiwater30/public/waterlevel_graph?station_type=tele_waterlevel&station_id=849&start_date=2026-06-08&end_date=2026-09-06,th_agency_9,available
849,discharge_reported,discharge,2026-06-08,2026-09-06,91,13104,2026-06-08 00:00,2026-09-06 23:50,0,empty_in_tested_window,200,application/json; charset=utf-8,2026-09-13T18:13:30.593089+00:00,1033963,60873ea55b1e07d463d517db349137c970e94a2688cc19aebd2d28453ebc3fae,bodies/849_2026-06-08_2026-09-06_a1.body,receipts/849_2026-06-08_2026-09-06_a1.json,new,new_20260913_849_2026-06-08_2026-09-06_a1,https://api-v3.thaiwater.net/api/v1/thaiwater30/public/waterlevel_graph?station_type=tele_waterlevel&station_id=849&start_date=2026-06-08&end_date=2026-09-06,th_agency_9,unknown
850,stage_reported,value,2026-06-08,2026-09-06,91,13104,2026-06-08 00:00,2026-09-06 23:50,13026,available,200,application/json; charset=utf-8,2026-09-13T18:13:32.711618+00:00,1046953,fc7ecd56b96610972a4d5639a92c818760f8e64e8fbdc82551880e574db514ec,bodies/850_2026-06-08_2026-09-06_a1.body,receipts/850_2026-06-08_2026-09-06_a1.json,new,new_20260913_850_2026-06-08_2026-09-06_a1,https://api-v3.thaiwater.net/api/v1/thaiwater30/public/waterlevel_graph?station_type=tele_waterlevel&station_id=850&start_date=2026-06-08&end_date=2026-09-06,th_agency_9,available
850,discharge_reported,discharge,2026-06-08,2026-09-06,91,13104,2026-06-08 00:00,2026-09-06 23:50,0,empty_in_tested_window,200,application/json; charset=utf-8,2026-09-13T18:13:32.711618+00:00,1046953,fc7ecd56b96610972a4d5639a92c818760f8e64e8fbdc82551880e574db514ec,bodies/850_2026-06-08_2026-09-06_a1.body,receipts/850_2026-06-08_2026-09-06_a1.json,new,new_20260913_850_2026-06-08_2026-09-06_a1,https://api-v3.thaiwater.net/api/v1/thaiwater30/public/waterlevel_graph?station_type=tele_waterlevel&station_id=850&start_date=2026-06-08&end_date=2026-09-06,th_agency_9,unknown
855,stage_reported,value,2026-06-08,2026-09-06,91,13104,2026-06-08 00:00,2026-09-06 23:50,13056,available,200,application/json; charset=utf-8,2026-09-13T18:13:34.782047+00:00,1046231,04fe74d849b4f6e04ebe8fca19c1b10b100872e023df96fde6b829209f0dab07,bodies/855_2026-06-08_2026-09-06_a1.body,receipts/855_2026-06-08_2026-09-06_a1.json,new,new_20260913_855_2026-06-08_2026-09-06_a1,https://api-v3.thaiwater.net/api/v1/thaiwater30/public/waterlevel_graph?station_type=tele_waterlevel&station_id=855&start_date=2026-06-08&end_date=2026-09-06,th_agency_9,available
855,discharge_reported,discharge,2026-06-08,2026-09-06,91,13104,2026-06-08 00:00,2026-09-06 23:50,0,empty_in_tested_window,200,application/json; charset=utf-8,2026-09-13T18:13:34.782047+00:00,1046231,04fe74d849b4f6e04ebe8fca19c1b10b100872e023df96fde6b829209f0dab07,bodies/855_2026-06-08_2026-09-06_a1.body,receipts/855_2026-06-08_2026-09-06_a1.json,new,new_20260913_855_2026-06-08_2026-09-06_a1,https://api-v3.thaiwater.net/api/v1/thaiwater30/public/waterlevel_graph?station_type=tele_waterlevel&station_id=855&start_date=2026-06-08&end_date=2026-09-06,th_agency_9,unknown
858,stage_reported,value,2026-06-08,2026-09-06,91,13104,2026-06-08 00:00,2026-09-06 23:50,10899,available,200,application/json; charset=utf-8,2026-09-13T18:13:36.850081+00:00,1041320,666742b08fe1f7cbe4b4fbaa6470a49ed5f0da68be88d527c23d01439dc5d9ab,bodies/858_2026-06-08_2026-09-06_a1.body,receipts/858_2026-06-08_2026-09-06_a1.json,new,new_20260913_858_2026-06-08_2026-09-06_a1,https://api-v3.thaiwater.net/api/v1/thaiwater30/public/waterlevel_graph?station_type=tele_waterlevel&station_id=858&start_date=2026-06-08&end_date=2026-09-06,th_agency_9,available
858,discharge_reported,discharge,2026-06-08,2026-09-06,91,13104,2026-06-08 00:00,2026-09-06 23:50,0,empty_in_tested_window,200,application/json; charset=utf-8,2026-09-13T18:13:36.850081+00:00,1041320,666742b08fe1f7cbe4b4fbaa6470a49ed5f0da68be88d527c23d01439dc5d9ab,bodies/858_2026-06-08_2026-09-06_a1.body,receipts/858_2026-06-08_2026-09-06_a1.json,new,new_20260913_858_2026-06-08_2026-09-06_a1,https://api-v3.thaiwater.net/api/v1/thaiwater30/public/waterlevel_graph?station_type=tele_waterlevel&station_id=858&start_date=2026-06-08&end_date=2026-09-06,th_agency_9,unknown
859,stage_reported,value,2026-06-08,2026-09-06,91,13104,2026-06-08 00:00,2026-09-06 23:50,13059,available,200,application/json; charset=utf-8,2026-09-13T18:13:38.865646+00:00,1033897,46134af8997e2826a7b09f02b688db1df9cba87d255dd741181445dddc06ced7,bodies/859_2026-06-08_2026-09-06_a1.body,receipts/859_2026-06-08_2026-09-06_a1.json,new,new_20260913_859_2026-06-08_2026-09-06_a1,https://api-v3.thaiwater.net/api/v1/thaiwater30/public/waterlevel_graph?station_type=tele_waterlevel&station_id=859&start_date=2026-06-08&end_date=2026-09-06,th_agency_9,available
859,discharge_reported,discharge,2026-06-08,2026-09-06,91,13104,2026-06-08 00:00,2026-09-06 23:50,0,empty_in_tested_window,200,application/json; charset=utf-8,2026-09-13T18:13:38.865646+00:00,1033897,46134af8997e2826a7b09f02b688db1df9cba87d255dd741181445dddc06ced7,bodies/859_2026-06-08_2026-09-06_a1.body,receipts/859_2026-06-08_2026-09-06_a1.json,new,new_20260913_859_2026-06-08_2026-09-06_a1,https://api-v3.thaiwater.net/api/v1/thaiwater30/public/waterlevel_graph?station_type=tele_waterlevel&station_id=859&start_date=2026-06-08&end_date=2026-09-06,th_agency_9,unknown
860,stage_reported,value,2026-06-08,2026-09-06,91,13104,2026-06-08 00:00,2026-09-06 23:50,12965,available,200,application/json; charset=utf-8,2026-09-13T18:13:40.907628+00:00,1033866,e4215a8e80368f68d6a43445bd9c6c3b879f89ffa60a71c2619d935116c6a250,bodies/860_2026-06-08_2026-09-06_a1.body,receipts/860_2026-06-08_2026-09-06_a1.json,new,new_20260913_860_2026-06-08_2026-09-06_a1,https://api-v3.thaiwater.net/api/v1/thaiwater30/public/waterlevel_graph?station_type=tele_waterlevel&station_id=860&start_date=2026-06-08&end_date=2026-09-06,th_agency_9,available
860,discharge_reported,discharge,2026-06-08,2026-09-06,91,13104,2026-06-08 00:00,2026-09-06 23:50,0,empty_in_tested_window,200,application/json; charset=utf-8,2026-09-13T18:13:40.907628+00:00,1033866,e4215a8e80368f68d6a43445bd9c6c3b879f89ffa60a71c2619d935116c6a250,bodies/860_2026-06-08_2026-09-06_a1.body,receipts/860_2026-06-08_2026-09-06_a1.json,new,new_20260913_860_2026-06-08_2026-09-06_a1,https://api-v3.thaiwater.net/api/v1/thaiwater30/public/waterlevel_graph?station_type=tele_waterlevel&station_id=860&start_date=2026-06-08&end_date=2026-09-06,th_agency_9,unknown
861,stage_reported,value,2026-06-08,2026-09-06,91,13104,2026-06-08 00:00,2026-09-06 23:50,12925,available,200,application/json; charset=utf-8,2026-09-13T18:13:43.039078+00:00,1046796,0c8ac86f7a9d941d8bba673f0b24e97c271446cd200ebcdb48b8885b7e2ed42a,bodies/861_2026-06-08_2026-09-06_a1.body,receipts/861_2026-06-08_2026-09-06_a1.json,new,new_20260913_861_2026-06-08_2026-09-06_a1,https://api-v3.thaiwater.net/api/v1/thaiwater30/public/waterlevel_graph?station_type=tele_waterlevel&station_id=861&start_date=2026-06-08&end_date=2026-09-06,th_agency_9,available
861,discharge_reported,discharge,2026-06-08,2026-09-06,91,13104,2026-06-08 00:00,2026-09-06 23:50,0,empty_in_tested_window,200,application/json; charset=utf-8,2026-09-13T18:13:43.039078+00:00,1046796,0c8ac86f7a9d941d8bba673f0b24e97c271446cd200ebcdb48b8885b7e2ed42a,bodies/861_2026-06-08_2026-09-06_a1.body,receipts/861_2026-06-08_2026-09-06_a1.json,new,new_20260913_861_2026-06-08_2026-09-06_a1,https://api-v3.thaiwater.net/api/v1/thaiwater30/public/waterlevel_graph?station_type=tele_waterlevel&station_id=861&start_date=2026-06-08&end_date=2026-09-06,th_agency_9,unknown
865,stage_reported,value,2026-06-08,2026-09-06,91,13104,2026-06-08 00:00,2026-09-06 23:50,12933,available,200,application/json; charset=utf-8,2026-09-13T18:13:45.145523+00:00,1034682,dbb8ccede983aee06f046db2232fe012a9c5c1978f06df678f9711c966a7074c,bodies/865_2026-06-08_2026-09-06_a1.body,receipts/865_2026-06-08_2026-09-06_a1.json,new,new_20260913_865_2026-06-08_2026-09-06_a1,https://api-v3.thaiwater.net/api/v1/thaiwater30/public/waterlevel_graph?station_type=tele_waterlevel&station_id=865&start_date=2026-06-08&end_date=2026-09-06,th_agency_9,available
865,discharge_reported,discharge,2026-06-08,2026-09-06,91,13104,2026-06-08 00:00,2026-09-06 23:50,0,empty_in_tested_window,200,application/json; charset=utf-8,2026-09-13T18:13:45.145523+00:00,1034682,dbb8ccede983aee06f046db2232fe012a9c5c1978f06df678f9711c966a7074c,bodies/865_2026-06-08_2026-09-06_a1.body,receipts/865_2026-06-08_2026-09-06_a1.json,new,new_20260913_865_2026-06-08_2026-09-06_a1,https://api-v3.thaiwater.net/api/v1/thaiwater30/public/waterlevel_graph?station_type=tele_waterlevel&station_id=865&start_date=2026-06-08&end_date=2026-09-06,th_agency_9,unknown
869,stage_reported,value,2026-06-08,2026-09-06,91,13104,2026-06-08 00:00,2026-09-06 23:50,13007,available,200,application/json; charset=utf-8,2026-09-13T18:13:47.295425+00:00,1034081,e296dea261c5ae3bf25e6f4f702561291b4c29188c5e6257d095ce644cd2ffb7,bodies/869_2026-06-08_2026-09-06_a1.body,receipts/869_2026-06-08_2026-09-06_a1.json,new,new_20260913_869_2026-06-08_2026-09-06_a1,https://api-v3.thaiwater.net/api/v1/thaiwater30/public/waterlevel_graph?station_type=tele_waterlevel&station_id=869&start_date=2026-06-08&end_date=2026-09-06,th_agency_9,available
869,discharge_reported,discharge,2026-06-08,2026-09-06,91,13104,2026-06-08 00:00,2026-09-06 23:50,0,empty_in_tested_window,200,application/json; charset=utf-8,2026-09-13T18:13:47.295425+00:00,1034081,e296dea261c5ae3bf25e6f4f702561291b4c29188c5e6257d095ce644cd2ffb7,bodies/869_2026-06-08_2026-09-06_a1.body,receipts/869_2026-06-08_2026-09-06_a1.json,new,new_20260913_869_2026-06-08_2026-09-06_a1,https://api-v3.thaiwater.net/api/v1/thaiwater30/public/waterlevel_graph?station_type=tele_waterlevel&station_id=869&start_date=2026-06-08&end_date=2026-09-06,th_agency_9,unknown
870,stage_reported,value,2026-06-08,2026-09-06,91,13104,2026-06-08 00:00,2026-09-06 23:50,12550,available,200,application/json; charset=utf-8,2026-09-13T18:13:49.350572+00:00,1046725,140294f80c8760e18565426782f4dc6f5effafbbbeec17896a17c7cd237a0be1,bodies/870_2026-06-08_2026-09-06_a1.body,receipts/870_2026-06-08_2026-09-06_a1.json,new,new_20260913_870_2026-06-08_2026-09-06_a1,https://api-v3.thaiwater.net/api/v1/thaiwater30/public/waterlevel_graph?station_type=tele_waterlevel&station_id=870&start_date=2026-06-08&end_date=2026-09-06,th_agency_9,available
870,discharge_reported,discharge,2026-06-08,2026-09-06,91,13104,2026-06-08 00:00,2026-09-06 23:50,0,empty_in_tested_window,200,application/json; charset=utf-8,2026-09-13T18:13:49.350572+00:00,1046725,140294f80c8760e18565426782f4dc6f5effafbbbeec17896a17c7cd237a0be1,bodies/870_2026-06-08_2026-09-06_a1.body,receipts/870_2026-06-08_2026-09-06_a1.json,new,new_20260913_870_2026-06-08_2026-09-06_a1,https://api-v3.thaiwater.net/api/v1/thaiwater30/public/waterlevel_graph?station_type=tele_waterlevel&station_id=870&start_date=2026-06-08&end_date=2026-09-06,th_agency_9,unknown
901,stage_reported,value,2026-06-08,2026-09-06,91,13104,2026-06-08 00:00,2026-09-06 23:50,13063,available,200,application/json; charset=utf-8,2026-09-13T18:13:51.457571+00:00,1046494,08c9867c5a92c39321daa20e7bac740b862b080c1f19b85e08eaebe5af2b6a58,bodies/901_2026-06-08_2026-09-06_a1.body,receipts/901_2026-06-08_2026-09-06_a1.json,new,new_20260913_901_2026-06-08_2026-09-06_a1,https://api-v3.thaiwater.net/api/v1/thaiwater30/public/waterlevel_graph?station_type=tele_waterlevel&station_id=901&start_date=2026-06-08&end_date=2026-09-06,th_agency_9,available
901,discharge_reported,discharge,2026-06-08,2026-09-06,91,13104,2026-06-08 00:00,2026-09-06 23:50,0,empty_in_tested_window,200,application/json; charset=utf-8,2026-09-13T18:13:51.457571+00:00,1046494,08c9867c5a92c39321daa20e7bac740b862b080c1f19b85e08eaebe5af2b6a58,bodies/901_2026-06-08_2026-09-06_a1.body,receipts/901_2026-06-08_2026-09-06_a1.json,new,new_20260913_901_2026-06-08_2026-09-06_a1,https://api-v3.thaiwater.net/api/v1/thaiwater30/public/waterlevel_graph?station_type=tele_waterlevel&station_id=901&start_date=2026-06-08&end_date=2026-09-06,th_agency_9,unknown
905,stage_reported,value,2026-06-08,2026-09-06,91,13104,2026-06-08 00:00,2026-09-06 23:50,13034,available,200,application/json; charset=utf-8,2026-09-13T18:13:53.522344+00:00,1047093,543a47cdd1dbebeedf816ae4b963faa19bbbe653b4bffdfcbb11d48dd6b183bd,bodies/905_2026-06-08_2026-09-06_a1.body,receipts/905_2026-06-08_2026-09-06_a1.json,new,new_20260913_905_2026-06-08_2026-09-06_a1,https://api-v3.thaiwater.net/api/v1/thaiwater30/public/waterlevel_graph?station_type=tele_waterlevel&station_id=905&start_date=2026-06-08&end_date=2026-09-06,th_agency_9,available
905,discharge_reported,discharge,2026-06-08,2026-09-06,91,13104,2026-06-08 00:00,2026-09-06 23:50,0,empty_in_tested_window,200,application/json; charset=utf-8,2026-09-13T18:13:53.522344+00:00,1047093,543a47cdd1dbebeedf816ae4b963faa19bbbe653b4bffdfcbb11d48dd6b183bd,bodies/905_2026-06-08_2026-09-06_a1.body,receipts/905_2026-06-08_2026-09-06_a1.json,new,new_20260913_905_2026-06-08_2026-09-06_a1,https://api-v3.thaiwater.net/api/v1/thaiwater30/public/waterlevel_graph?station_type=tele_waterlevel&station_id=905&start_date=2026-06-08&end_date=2026-09-06,th_agency_9,unknown
922,stage_reported,value,2026-06-08,2026-09-06,91,13104,2026-06-08 00:00,2026-09-06 23:50,12605,available,200,application/json; charset=utf-8,2026-09-13T18:13:55.560825+00:00,1046091,1396ac9c577208f8ca09dcbd52c5dd83b444b84a8d4226724e5cd704c6bc89a1,bodies/922_2026-06-08_2026-09-06_a1.body,receipts/922_2026-06-08_2026-09-06_a1.json,new,new_20260913_922_2026-06-08_2026-09-06_a1,https://api-v3.thaiwater.net/api/v1/thaiwater30/public/waterlevel_graph?station_type=tele_waterlevel&station_id=922&start_date=2026-06-08&end_date=2026-09-06,th_agency_9,available
922,discharge_reported,discharge,2026-06-08,2026-09-06,91,13104,2026-06-08 00:00,2026-09-06 23:50,0,empty_in_tested_window,200,application/json; charset=utf-8,2026-09-13T18:13:55.560825+00:00,1046091,1396ac9c577208f8ca09dcbd52c5dd83b444b84a8d4226724e5cd704c6bc89a1,bodies/922_2026-06-08_2026-09-06_a1.body,receipts/922_2026-06-08_2026-09-06_a1.json,new,new_20260913_922_2026-06-08_2026-09-06_a1,https://api-v3.thaiwater.net/api/v1/thaiwater30/public/waterlevel_graph?station_type=tele_waterlevel&station_id=922&start_date=2026-06-08&end_date=2026-09-06,th_agency_9,unknown
2559,stage_reported,value,2026-08-31,2026-09-06,7,168,2026-08-31 00:00,2026-09-06 23:00,147,available,200,application/json; charset=utf-8,2026-09-13T18:13:56.933297+00:00,13780,5997e8d5e7b5b1c8835ba50852996f17c00ae7dade0fe6e8a753e85ee483129f,bodies/2559_2026-08-31_2026-09-06_a1.body,receipts/2559_2026-08-31_2026-09-06_a1.json,new,new_20260913_2559_2026-08-31_2026-09-06_a1,https://api-v3.thaiwater.net/api/v1/thaiwater30/public/waterlevel_graph?station_type=tele_waterlevel&station_id=2559&start_date=2026-08-31&end_date=2026-09-06,th_agency_12,available
2559,discharge_reported,discharge,2026-08-31,2026-09-06,7,168,2026-08-31 00:00,2026-09-06 23:00,147,available,200,application/json; charset=utf-8,2026-09-13T18:13:56.933297+00:00,13780,5997e8d5e7b5b1c8835ba50852996f17c00ae7dade0fe6e8a753e85ee483129f,bodies/2559_2026-08-31_2026-09-06_a1.body,receipts/2559_2026-08-31_2026-09-06_a1.json,new,new_20260913_2559_2026-08-31_2026-09-06_a1,https://api-v3.thaiwater.net/api/v1/thaiwater30/public/waterlevel_graph?station_type=tele_waterlevel&station_id=2559&start_date=2026-08-31&end_date=2026-09-06,th_agency_12,available
2561,stage_reported,value,2026-08-31,2026-09-06,7,168,2026-08-31 00:00,2026-09-06 23:00,74,available,200,application/json; charset=utf-8,2026-09-13T18:13:58.315570+00:00,13389,d0598db6a7dd9ec0df36e5e59183632bfdbda27f156e9edd37e2e2c61e6718e4,bodies/2561_2026-08-31_2026-09-06_a1.body,receipts/2561_2026-08-31_2026-09-06_a1.json,new,new_20260913_2561_2026-08-31_2026-09-06_a1,https://api-v3.thaiwater.net/api/v1/thaiwater30/public/waterlevel_graph?station_type=tele_waterlevel&station_id=2561&start_date=2026-08-31&end_date=2026-09-06,th_agency_12,available
2561,discharge_reported,discharge,2026-08-31,2026-09-06,7,168,2026-08-31 00:00,2026-09-06 23:00,74,available,200,application/json; charset=utf-8,2026-09-13T18:13:58.315570+00:00,13389,d0598db6a7dd9ec0df36e5e59183632bfdbda27f156e9edd37e2e2c61e6718e4,bodies/2561_2026-08-31_2026-09-06_a1.body,receipts/2561_2026-08-31_2026-09-06_a1.json,new,new_20260913_2561_2026-08-31_2026-09-06_a1,https://api-v3.thaiwater.net/api/v1/thaiwater30/public/waterlevel_graph?station_type=tele_waterlevel&station_id=2561&start_date=2026-08-31&end_date=2026-09-06,th_agency_12,available
2562,stage_reported,value,2026-08-31,2026-09-06,7,168,2026-08-31 00:00,2026-09-06 23:00,148,available,200,application/json; charset=utf-8,2026-09-13T18:13:59.689327+00:00,13442,ce8101ac37dc8f9d4192a84d30cb1fd44617ef57571d5e5059cd7361d066e3e8,bodies/2562_2026-08-31_2026-09-06_a1.body,receipts/2562_2026-08-31_2026-09-06_a1.json,new,new_20260913_2562_2026-08-31_2026-09-06_a1,https://api-v3.thaiwater.net/api/v1/thaiwater30/public/waterlevel_graph?station_type=tele_waterlevel&station_id=2562&start_date=2026-08-31&end_date=2026-09-06,th_agency_12,available
2562,discharge_reported,discharge,2026-08-31,2026-09-06,7,168,2026-08-31 00:00,2026-09-06 23:00,148,available,200,application/json; charset=utf-8,2026-09-13T18:13:59.689327+00:00,13442,ce8101ac37dc8f9d4192a84d30cb1fd44617ef57571d5e5059cd7361d066e3e8,bodies/2562_2026-08-31_2026-09-06_a1.body,receipts/2562_2026-08-31_2026-09-06_a1.json,new,new_20260913_2562_2026-08-31_2026-09-06_a1,https://api-v3.thaiwater.net/api/v1/thaiwater30/public/waterlevel_graph?station_type=tele_waterlevel&station_id=2562&start_date=2026-08-31&end_date=2026-09-06,th_agency_12,available
2563,stage_reported,value,2026-08-31,2026-09-06,7,168,2026-08-31 00:00,2026-09-06 23:00,148,available,200,application/json; charset=utf-8,2026-09-13T18:14:01.125375+00:00,13508,d6b01ad04671dfbf57eea7e990c63c3dac0888e4d6474d1a208a9a37474680e3,bodies/2563_2026-08-31_2026-09-06_a1.body,receipts/2563_2026-08-31_2026-09-06_a1.json,new,new_20260913_2563_2026-08-31_2026-09-06_a1,https://api-v3.thaiwater.net/api/v1/thaiwater30/public/waterlevel_graph?station_type=tele_waterlevel&station_id=2563&start_date=2026-08-31&end_date=2026-09-06,th_agency_12,available
2563,discharge_reported,discharge,2026-08-31,2026-09-06,7,168,2026-08-31 00:00,2026-09-06 23:00,148,available,200,application/json; charset=utf-8,2026-09-13T18:14:01.125375+00:00,13508,d6b01ad04671dfbf57eea7e990c63c3dac0888e4d6474d1a208a9a37474680e3,bodies/2563_2026-08-31_2026-09-06_a1.body,receipts/2563_2026-08-31_2026-09-06_a1.json,new,new_20260913_2563_2026-08-31_2026-09-06_a1,https://api-v3.thaiwater.net/api/v1/thaiwater30/public/waterlevel_graph?station_type=tele_waterlevel&station_id=2563&start_date=2026-08-31&end_date=2026-09-06,th_agency_12,available
2565,stage_reported,value,2026-06-08,2026-09-06,91,2184,2026-06-08 00:00,2026-09-06 23:00,1549,available,200,application/json; charset=utf-8,2026-09-13T18:14:03.118036+00:00,172501,34947ab6b98d2552dd0dd05c43889a0ef1d08499b22a8daa4368f6edf57dee35,bodies/2565_2026-06-08_2026-09-06_a1.body,receipts/2565_2026-06-08_2026-09-06_a1.json,new,new_20260913_2565_2026-06-08_2026-09-06_a1,https://api-v3.thaiwater.net/api/v1/thaiwater30/public/waterlevel_graph?station_type=tele_waterlevel&station_id=2565&start_date=2026-06-08&end_date=2026-09-06,th_agency_12,available
2565,discharge_reported,discharge,2026-06-08,2026-09-06,91,2184,2026-06-08 00:00,2026-09-06 23:00,0,empty_in_tested_window,200,application/json; charset=utf-8,2026-09-13T18:14:03.118036+00:00,172501,34947ab6b98d2552dd0dd05c43889a0ef1d08499b22a8daa4368f6edf57dee35,bodies/2565_2026-06-08_2026-09-06_a1.body,receipts/2565_2026-06-08_2026-09-06_a1.json,new,new_20260913_2565_2026-06-08_2026-09-06_a1,https://api-v3.thaiwater.net/api/v1/thaiwater30/public/waterlevel_graph?station_type=tele_waterlevel&station_id=2565&start_date=2026-06-08&end_date=2026-09-06,th_agency_12,unknown
2567,stage_reported,value,2026-06-08,2026-09-06,91,2184,2026-06-08 00:00,2026-09-06 23:00,1959,available,200,application/json; charset=utf-8,2026-09-13T18:14:05.170282+00:00,172449,c87c47ddaf0e505e7be9a9454c6dc3c88c3d277e4b7ff9989ac8b1a610bb5e8b,bodies/2567_2026-06-08_2026-09-06_a1.body,receipts/2567_2026-06-08_2026-09-06_a1.json,new,new_20260913_2567_2026-06-08_2026-09-06_a1,https://api-v3.thaiwater.net/api/v1/thaiwater30/public/waterlevel_graph?station_type=tele_waterlevel&station_id=2567&start_date=2026-06-08&end_date=2026-09-06,th_agency_12,available
2567,discharge_reported,discharge,2026-06-08,2026-09-06,91,2184,2026-06-08 00:00,2026-09-06 23:00,0,empty_in_tested_window,200,application/json; charset=utf-8,2026-09-13T18:14:05.170282+00:00,172449,c87c47ddaf0e505e7be9a9454c6dc3c88c3d277e4b7ff9989ac8b1a610bb5e8b,bodies/2567_2026-06-08_2026-09-06_a1.body,receipts/2567_2026-06-08_2026-09-06_a1.json,new,new_20260913_2567_2026-06-08_2026-09-06_a1,https://api-v3.thaiwater.net/api/v1/thaiwater30/public/waterlevel_graph?station_type=tele_waterlevel&station_id=2567&start_date=2026-06-08&end_date=2026-09-06,th_agency_12,unknown
2568,stage_reported,value,2026-08-31,2026-09-06,7,168,2026-08-31 00:00,2026-09-06 23:00,161,available,200,application/json; charset=utf-8,2026-09-13T18:14:18.904627+00:00,14926,c8a440658e60169a226179ca5b80b4714d7c65cc9bcb8ff36e522fdbbe0c186e,bodies/2568_2026-08-31_2026-09-06_a1.body,receipts/2568_2026-08-31_2026-09-06_a1.json,new,new_20260913_2568_2026-08-31_2026-09-06_a1,https://api-v3.thaiwater.net/api/v1/thaiwater30/public/waterlevel_graph?station_type=tele_waterlevel&station_id=2568&start_date=2026-08-31&end_date=2026-09-06,th_agency_12,available
2568,discharge_reported,discharge,2026-08-31,2026-09-06,7,168,2026-08-31 00:00,2026-09-06 23:00,161,available,200,application/json; charset=utf-8,2026-09-13T18:14:18.904627+00:00,14926,c8a440658e60169a226179ca5b80b4714d7c65cc9bcb8ff36e522fdbbe0c186e,bodies/2568_2026-08-31_2026-09-06_a1.body,receipts/2568_2026-08-31_2026-09-06_a1.json,new,new_20260913_2568_2026-08-31_2026-09-06_a1,https://api-v3.thaiwater.net/api/v1/thaiwater30/public/waterlevel_graph?station_type=tele_waterlevel&station_id=2568&start_date=2026-08-31&end_date=2026-09-06,th_agency_12,available
2569,stage_reported,value,2026-08-31,2026-09-06,7,168,2026-08-31 00:00,2026-09-06 23:00,152,available,200,application/json; charset=utf-8,2026-09-13T18:14:20.308209+00:00,13986,4a70781eba445ceb29df645e033e9812c8c89e5bd466739a80f13f3fe02799f8,bodies/2569_2026-08-31_2026-09-06_a1.body,receipts/2569_2026-08-31_2026-09-06_a1.json,new,new_20260913_2569_2026-08-31_2026-09-06_a1,https://api-v3.thaiwater.net/api/v1/thaiwater30/public/waterlevel_graph?station_type=tele_waterlevel&station_id=2569&start_date=2026-08-31&end_date=2026-09-06,th_agency_12,available
2569,discharge_reported,discharge,2026-08-31,2026-09-06,7,168,2026-08-31 00:00,2026-09-06 23:00,152,available,200,application/json; charset=utf-8,2026-09-13T18:14:20.308209+00:00,13986,4a70781eba445ceb29df645e033e9812c8c89e5bd466739a80f13f3fe02799f8,bodies/2569_2026-08-31_2026-09-06_a1.body,receipts/2569_2026-08-31_2026-09-06_a1.json,new,new_20260913_2569_2026-08-31_2026-09-06_a1,https://api-v3.thaiwater.net/api/v1/thaiwater30/public/waterlevel_graph?station_type=tele_waterlevel&station_id=2569&start_date=2026-08-31&end_date=2026-09-06,th_agency_12,available
2571,stage_reported,value,2026-08-31,2026-09-06,7,168,2026-08-31 00:00,2026-09-06 23:00,151,available,200,application/json; charset=utf-8,2026-09-13T18:14:21.904093+00:00,15083,666dbfe64e4e93102bf27a22f261cedc69c3f750eedecf38ce6ceb50cac7a8e3,bodies/2571_2026-08-31_2026-09-06_a1.body,receipts/2571_2026-08-31_2026-09-06_a1.json,new,new_20260913_2571_2026-08-31_2026-09-06_a1,https://api-v3.thaiwater.net/api/v1/thaiwater30/public/waterlevel_graph?station_type=tele_waterlevel&station_id=2571&start_date=2026-08-31&end_date=2026-09-06,th_agency_12,available
2571,discharge_reported,discharge,2026-08-31,2026-09-06,7,168,2026-08-31 00:00,2026-09-06 23:00,151,available,200,application/json; charset=utf-8,2026-09-13T18:14:21.904093+00:00,15083,666dbfe64e4e93102bf27a22f261cedc69c3f750eedecf38ce6ceb50cac7a8e3,bodies/2571_2026-08-31_2026-09-06_a1.body,receipts/2571_2026-08-31_2026-09-06_a1.json,new,new_20260913_2571_2026-08-31_2026-09-06_a1,https://api-v3.thaiwater.net/api/v1/thaiwater30/public/waterlevel_graph?station_type=tele_waterlevel&station_id=2571&start_date=2026-08-31&end_date=2026-09-06,th_agency_12,available
2572,stage_reported,value,2026-08-31,2026-09-06,7,168,2026-08-31 00:00,2026-09-06 23:00,152,available,200,application/json; charset=utf-8,2026-09-13T18:14:23.507846+00:00,14608,60a3df651e56f052b96b66c6703364e26bb5db30ddff4ebfbfa31a039896c40c,bodies/2572_2026-08-31_2026-09-06_a1.body,receipts/2572_2026-08-31_2026-09-06_a1.json,new,new_20260913_2572_2026-08-31_2026-09-06_a1,https://api-v3.thaiwater.net/api/v1/thaiwater30/public/waterlevel_graph?station_type=tele_waterlevel&station_id=2572&start_date=2026-08-31&end_date=2026-09-06,th_agency_12,available
2572,discharge_reported,discharge,2026-08-31,2026-09-06,7,168,2026-08-31 00:00,2026-09-06 23:00,152,available,200,application/json; charset=utf-8,2026-09-13T18:14:23.507846+00:00,14608,60a3df651e56f052b96b66c6703364e26bb5db30ddff4ebfbfa31a039896c40c,bodies/2572_2026-08-31_2026-09-06_a1.body,receipts/2572_2026-08-31_2026-09-06_a1.json,new,new_20260913_2572_2026-08-31_2026-09-06_a1,https://api-v3.thaiwater.net/api/v1/thaiwater30/public/waterlevel_graph?station_type=tele_waterlevel&station_id=2572&start_date=2026-08-31&end_date=2026-09-06,th_agency_12,available
2573,stage_reported,value,2026-08-31,2026-09-06,7,168,2026-08-31 00:00,2026-09-06 23:00,152,available,200,application/json; charset=utf-8,2026-09-13T18:14:25.202833+00:00,15059,bdea56a9f404e2829cdfe6ad1eb3c8dc96b7a37e744f1047ec5e4a77c7ff96ea,bodies/2573_2026-08-31_2026-09-06_a1.body,receipts/2573_2026-08-31_2026-09-06_a1.json,new,new_20260913_2573_2026-08-31_2026-09-06_a1,https://api-v3.thaiwater.net/api/v1/thaiwater30/public/waterlevel_graph?station_type=tele_waterlevel&station_id=2573&start_date=2026-08-31&end_date=2026-09-06,th_agency_12,available
2573,discharge_reported,discharge,2026-08-31,2026-09-06,7,168,2026-08-31 00:00,2026-09-06 23:00,152,available,200,application/json; charset=utf-8,2026-09-13T18:14:25.202833+00:00,15059,bdea56a9f404e2829cdfe6ad1eb3c8dc96b7a37e744f1047ec5e4a77c7ff96ea,bodies/2573_2026-08-31_2026-09-06_a1.body,receipts/2573_2026-08-31_2026-09-06_a1.json,new,new_20260913_2573_2026-08-31_2026-09-06_a1,https://api-v3.thaiwater.net/api/v1/thaiwater30/public/waterlevel_graph?station_type=tele_waterlevel&station_id=2573&start_date=2026-08-31&end_date=2026-09-06,th_agency_12,available
2575,stage_reported,value,2026-06-08,2026-09-06,91,2184,2026-06-08 00:00,2026-09-06 23:00,1542,available,200,application/json; charset=utf-8,2026-09-13T18:14:27.281693+00:00,176779,8acdafea95bf66cb1aae5128a7fa411822c88b4327245a9b7c9798bf5f3034bc,bodies/2575_2026-06-08_2026-09-06_a1.body,receipts/2575_2026-06-08_2026-09-06_a1.json,new,new_20260913_2575_2026-06-08_2026-09-06_a1,https://api-v3.thaiwater.net/api/v1/thaiwater30/public/waterlevel_graph?station_type=tele_waterlevel&station_id=2575&start_date=2026-06-08&end_date=2026-09-06,th_agency_12,available
2575,discharge_reported,discharge,2026-06-08,2026-09-06,91,2184,2026-06-08 00:00,2026-09-06 23:00,0,empty_in_tested_window,200,application/json; charset=utf-8,2026-09-13T18:14:27.281693+00:00,176779,8acdafea95bf66cb1aae5128a7fa411822c88b4327245a9b7c9798bf5f3034bc,bodies/2575_2026-06-08_2026-09-06_a1.body,receipts/2575_2026-06-08_2026-09-06_a1.json,new,new_20260913_2575_2026-06-08_2026-09-06_a1,https://api-v3.thaiwater.net/api/v1/thaiwater30/public/waterlevel_graph?station_type=tele_waterlevel&station_id=2575&start_date=2026-06-08&end_date=2026-09-06,th_agency_12,unknown
2576,stage_reported,value,2026-08-31,2026-09-06,7,168,2026-08-31 00:00,2026-09-06 23:00,161,available,200,application/json; charset=utf-8,2026-09-13T18:14:28.701256+00:00,15086,bbdd38f2efcb713efd458ac2bb26aef4afd2e7e53aefae0692ad2a5397c858c4,bodies/2576_2026-08-31_2026-09-06_a1.body,receipts/2576_2026-08-31_2026-09-06_a1.json,new,new_20260913_2576_2026-08-31_2026-09-06_a1,https://api-v3.thaiwater.net/api/v1/thaiwater30/public/waterlevel_graph?station_type=tele_waterlevel&station_id=2576&start_date=2026-08-31&end_date=2026-09-06,th_agency_12,available
2576,discharge_reported,discharge,2026-08-31,2026-09-06,7,168,2026-08-31 00:00,2026-09-06 23:00,161,available,200,application/json; charset=utf-8,2026-09-13T18:14:28.701256+00:00,15086,bbdd38f2efcb713efd458ac2bb26aef4afd2e7e53aefae0692ad2a5397c858c4,bodies/2576_2026-08-31_2026-09-06_a1.body,receipts/2576_2026-08-31_2026-09-06_a1.json,new,new_20260913_2576_2026-08-31_2026-09-06_a1,https://api-v3.thaiwater.net/api/v1/thaiwater30/public/waterlevel_graph?station_type=tele_waterlevel&station_id=2576&start_date=2026-08-31&end_date=2026-09-06,th_agency_12,available
2578,stage_reported,value,2026-08-31,2026-09-06,7,168,2026-08-31 00:00,2026-09-06 23:00,161,available,200,application/json; charset=utf-8,2026-09-13T18:14:30.320571+00:00,14848,6c1f9b3ecfa8b2fe1339170caf2d6e32a0632a364d7c0a60cc73aaf5abe0de29,bodies/2578_2026-08-31_2026-09-06_a1.body,receipts/2578_2026-08-31_2026-09-06_a1.json,new,new_20260913_2578_2026-08-31_2026-09-06_a1,https://api-v3.thaiwater.net/api/v1/thaiwater30/public/waterlevel_graph?station_type=tele_waterlevel&station_id=2578&start_date=2026-08-31&end_date=2026-09-06,th_agency_12,available
2578,discharge_reported,discharge,2026-08-31,2026-09-06,7,168,2026-08-31 00:00,2026-09-06 23:00,161,available,200,application/json; charset=utf-8,2026-09-13T18:14:30.320571+00:00,14848,6c1f9b3ecfa8b2fe1339170caf2d6e32a0632a364d7c0a60cc73aaf5abe0de29,bodies/2578_2026-08-31_2026-09-06_a1.body,receipts/2578_2026-08-31_2026-09-06_a1.json,new,new_20260913_2578_2026-08-31_2026-09-06_a1,https://api-v3.thaiwater.net/api/v1/thaiwater30/public/waterlevel_graph?station_type=tele_waterlevel&station_id=2578&start_date=2026-08-31&end_date=2026-09-06,th_agency_12,available
2579,stage_reported,value,2026-08-31,2026-09-06,7,168,2026-08-31 00:00,2026-09-06 23:00,161,available,200,application/json; charset=utf-8,2026-09-13T18:14:31.926145+00:00,14502,9deefe865c3412a053bb69f88fed7aaaddd65e92c112f04729053eafc0e5f0fc,bodies/2579_2026-08-31_2026-09-06_a1.body,receipts/2579_2026-08-31_2026-09-06_a1.json,new,new_20260913_2579_2026-08-31_2026-09-06_a1,https://api-v3.thaiwater.net/api/v1/thaiwater30/public/waterlevel_graph?station_type=tele_waterlevel&station_id=2579&start_date=2026-08-31&end_date=2026-09-06,th_agency_12,available
2579,discharge_reported,discharge,2026-08-31,2026-09-06,7,168,2026-08-31 00:00,2026-09-06 23:00,161,available,200,application/json; charset=utf-8,2026-09-13T18:14:31.926145+00:00,14502,9deefe865c3412a053bb69f88fed7aaaddd65e92c112f04729053eafc0e5f0fc,bodies/2579_2026-08-31_2026-09-06_a1.body,receipts/2579_2026-08-31_2026-09-06_a1.json,new,new_20260913_2579_2026-08-31_2026-09-06_a1,https://api-v3.thaiwater.net/api/v1/thaiwater30/public/waterlevel_graph?station_type=tele_waterlevel&station_id=2579&start_date=2026-08-31&end_date=2026-09-06,th_agency_12,available
2580,stage_reported,value,2026-08-31,2026-09-06,7,168,2026-08-31 00:00,2026-09-06 23:00,159,available,200,application/json; charset=utf-8,2026-09-13T18:14:33.537900+00:00,15405,9039913fdc905f55d47e2811b7eaa4844966827bf3f7a97752614833441c0535,bodies/2580_2026-08-31_2026-09-06_a1.body,receipts/2580_2026-08-31_2026-09-06_a1.json,new,new_20260913_2580_2026-08-31_2026-09-06_a1,https://api-v3.thaiwater.net/api/v1/thaiwater30/public/waterlevel_graph?station_type=tele_waterlevel&station_id=2580&start_date=2026-08-31&end_date=2026-09-06,th_agency_12,available
2580,discharge_reported,discharge,2026-08-31,2026-09-06,7,168,2026-08-31 00:00,2026-09-06 23:00,159,available,200,application/json; charset=utf-8,2026-09-13T18:14:33.537900+00:00,15405,9039913fdc905f55d47e2811b7eaa4844966827bf3f7a97752614833441c0535,bodies/2580_2026-08-31_2026-09-06_a1.body,receipts/2580_2026-08-31_2026-09-06_a1.json,new,new_20260913_2580_2026-08-31_2026-09-06_a1,https://api-v3.thaiwater.net/api/v1/thaiwater30/public/waterlevel_graph?station_type=tele_waterlevel&station_id=2580&start_date=2026-08-31&end_date=2026-09-06,th_agency_12,available
2581,stage_reported,value,2026-08-31,2026-09-06,7,168,2026-08-31 00:00,2026-09-06 23:00,148,available,200,application/json; charset=utf-8,2026-09-13T18:14:34.934417+00:00,13685,32d774ab27f1d3625517a8cfd73aaf1639b47d4b73059df34b4a080e550407ee,bodies/2581_2026-08-31_2026-09-06_a1.body,receipts/2581_2026-08-31_2026-09-06_a1.json,new,new_20260913_2581_2026-08-31_2026-09-06_a1,https://api-v3.thaiwater.net/api/v1/thaiwater30/public/waterlevel_graph?station_type=tele_waterlevel&station_id=2581&start_date=2026-08-31&end_date=2026-09-06,th_agency_12,available
2581,discharge_reported,discharge,2026-08-31,2026-09-06,7,168,2026-08-31 00:00,2026-09-06 23:00,148,available,200,application/json; charset=utf-8,2026-09-13T18:14:34.934417+00:00,13685,32d774ab27f1d3625517a8cfd73aaf1639b47d4b73059df34b4a080e550407ee,bodies/2581_2026-08-31_2026-09-06_a1.body,receipts/2581_2026-08-31_2026-09-06_a1.json,new,new_20260913_2581_2026-08-31_2026-09-06_a1,https://api-v3.thaiwater.net/api/v1/thaiwater30/public/waterlevel_graph?station_type=tele_waterlevel&station_id=2581&start_date=2026-08-31&end_date=2026-09-06,th_agency_12,available
2582,stage_reported,value,2026-08-31,2026-09-06,7,168,2026-08-31 00:00,2026-09-06 23:00,148,available,200,application/json; charset=utf-8,2026-09-13T18:14:36.393969+00:00,13443,ac0ee92111254974b7d054234177937628e5d4947bf476eeec8a5d7e429579b3,bodies/2582_2026-08-31_2026-09-06_a1.body,receipts/2582_2026-08-31_2026-09-06_a1.json,new,new_20260913_2582_2026-08-31_2026-09-06_a1,https://api-v3.thaiwater.net/api/v1/thaiwater30/public/waterlevel_graph?station_type=tele_waterlevel&station_id=2582&start_date=2026-08-31&end_date=2026-09-06,th_agency_12,available
2582,discharge_reported,discharge,2026-08-31,2026-09-06,7,168,2026-08-31 00:00,2026-09-06 23:00,148,available,200,application/json; charset=utf-8,2026-09-13T18:14:36.393969+00:00,13443,ac0ee92111254974b7d054234177937628e5d4947bf476eeec8a5d7e429579b3,bodies/2582_2026-08-31_2026-09-06_a1.body,receipts/2582_2026-08-31_2026-09-06_a1.json,new,new_20260913_2582_2026-08-31_2026-09-06_a1,https://api-v3.thaiwater.net/api/v1/thaiwater30/public/waterlevel_graph?station_type=tele_waterlevel&station_id=2582&start_date=2026-08-31&end_date=2026-09-06,th_agency_12,available
2583,stage_reported,value,2026-08-31,2026-09-06,7,168,2026-08-31 00:00,2026-09-06 23:00,148,available,200,application/json; charset=utf-8,2026-09-13T18:14:37.794582+00:00,14101,2faa0c237c143db94b331d2885b443207004f56c6278e9270b461d42839e22c6,bodies/2583_2026-08-31_2026-09-06_a1.body,receipts/2583_2026-08-31_2026-09-06_a1.json,new,new_20260913_2583_2026-08-31_2026-09-06_a1,https://api-v3.thaiwater.net/api/v1/thaiwater30/public/waterlevel_graph?station_type=tele_waterlevel&station_id=2583&start_date=2026-08-31&end_date=2026-09-06,th_agency_12,available
2583,discharge_reported,discharge,2026-08-31,2026-09-06,7,168,2026-08-31 00:00,2026-09-06 23:00,148,available,200,application/json; charset=utf-8,2026-09-13T18:14:37.794582+00:00,14101,2faa0c237c143db94b331d2885b443207004f56c6278e9270b461d42839e22c6,bodies/2583_2026-08-31_2026-09-06_a1.body,receipts/2583_2026-08-31_2026-09-06_a1.json,new,new_20260913_2583_2026-08-31_2026-09-06_a1,https://api-v3.thaiwater.net/api/v1/thaiwater30/public/waterlevel_graph?station_type=tele_waterlevel&station_id=2583&start_date=2026-08-31&end_date=2026-09-06,th_agency_12,available
2584,stage_reported,value,2026-08-31,2026-09-06,7,168,2026-08-31 00:00,2026-09-06 23:00,148,available,200,application/json; charset=utf-8,2026-09-13T18:14:39.195421+00:00,13394,0c2be015a3579dae31b9c67e0ae2268ff89aeb574f40bd07f294f8d4827f1c8e,bodies/2584_2026-08-31_2026-09-06_a1.body,receipts/2584_2026-08-31_2026-09-06_a1.json,new,new_20260913_2584_2026-08-31_2026-09-06_a1,https://api-v3.thaiwater.net/api/v1/thaiwater30/public/waterlevel_graph?station_type=tele_waterlevel&station_id=2584&start_date=2026-08-31&end_date=2026-09-06,th_agency_12,available
2584,discharge_reported,discharge,2026-08-31,2026-09-06,7,168,2026-08-31 00:00,2026-09-06 23:00,148,available,200,application/json; charset=utf-8,2026-09-13T18:14:39.195421+00:00,13394,0c2be015a3579dae31b9c67e0ae2268ff89aeb574f40bd07f294f8d4827f1c8e,bodies/2584_2026-08-31_2026-09-06_a1.body,receipts/2584_2026-08-31_2026-09-06_a1.json,new,new_20260913_2584_2026-08-31_2026-09-06_a1,https://api-v3.thaiwater.net/api/v1/thaiwater30/public/waterlevel_graph?station_type=tele_waterlevel&station_id=2584&start_date=2026-08-31&end_date=2026-09-06,th_agency_12,available
2585,stage_reported,value,2026-08-31,2026-09-06,7,168,2026-08-31 00:00,2026-09-06 23:00,148,available,200,application/json; charset=utf-8,2026-09-13T18:14:40.602210+00:00,13351,b63d4fda48ec1e48ab109246687db4ab9447c91dee76676530c3905779924a32,bodies/2585_2026-08-31_2026-09-06_a1.body,receipts/2585_2026-08-31_2026-09-06_a1.json,new,new_20260913_2585_2026-08-31_2026-09-06_a1,https://api-v3.thaiwater.net/api/v1/thaiwater30/public/waterlevel_graph?station_type=tele_waterlevel&station_id=2585&start_date=2026-08-31&end_date=2026-09-06,th_agency_12,available
2585,discharge_reported,discharge,2026-08-31,2026-09-06,7,168,2026-08-31 00:00,2026-09-06 23:00,148,available,200,application/json; charset=utf-8,2026-09-13T18:14:40.602210+00:00,13351,b63d4fda48ec1e48ab109246687db4ab9447c91dee76676530c3905779924a32,bodies/2585_2026-08-31_2026-09-06_a1.body,receipts/2585_2026-08-31_2026-09-06_a1.json,new,new_20260913_2585_2026-08-31_2026-09-06_a1,https://api-v3.thaiwater.net/api/v1/thaiwater30/public/waterlevel_graph?station_type=tele_waterlevel&station_id=2585&start_date=2026-08-31&end_date=2026-09-06,th_agency_12,available
2587,stage_reported,value,2026-06-08,2026-09-06,91,2184,2026-06-08 00:00,2026-09-06 23:00,1975,available,200,application/json; charset=utf-8,2026-09-13T18:14:42.706558+00:00,173663,0ae0e29ba76ecc0ac83236fa69c0c6fb9068149214f11cd968e8a03299ba58a7,bodies/2587_2026-06-08_2026-09-06_a1.body,receipts/2587_2026-06-08_2026-09-06_a1.json,new,new_20260913_2587_2026-06-08_2026-09-06_a1,https://api-v3.thaiwater.net/api/v1/thaiwater30/public/waterlevel_graph?station_type=tele_waterlevel&station_id=2587&start_date=2026-06-08&end_date=2026-09-06,th_agency_12,available
2587,discharge_reported,discharge,2026-06-08,2026-09-06,91,2184,2026-06-08 00:00,2026-09-06 23:00,0,empty_in_tested_window,200,application/json; charset=utf-8,2026-09-13T18:14:42.706558+00:00,173663,0ae0e29ba76ecc0ac83236fa69c0c6fb9068149214f11cd968e8a03299ba58a7,bodies/2587_2026-06-08_2026-09-06_a1.body,receipts/2587_2026-06-08_2026-09-06_a1.json,new,new_20260913_2587_2026-06-08_2026-09-06_a1,https://api-v3.thaiwater.net/api/v1/thaiwater30/public/waterlevel_graph?station_type=tele_waterlevel&station_id=2587&start_date=2026-06-08&end_date=2026-09-06,th_agency_12,unknown
2589,stage_reported,value,2026-08-31,2026-09-06,7,168,2026-08-31 00:00,2026-09-06 23:00,148,available,200,application/json; charset=utf-8,2026-09-13T18:14:44.133351+00:00,13245,0fa671dcb94f59f255bf8e0e6820350acdbec7cb2e49ffc4021f04e61b61fe94,bodies/2589_2026-08-31_2026-09-06_a1.body,receipts/2589_2026-08-31_2026-09-06_a1.json,new,new_20260913_2589_2026-08-31_2026-09-06_a1,https://api-v3.thaiwater.net/api/v1/thaiwater30/public/waterlevel_graph?station_type=tele_waterlevel&station_id=2589&start_date=2026-08-31&end_date=2026-09-06,th_agency_12,available
2589,discharge_reported,discharge,2026-08-31,2026-09-06,7,168,2026-08-31 00:00,2026-09-06 23:00,148,available,200,application/json; charset=utf-8,2026-09-13T18:14:44.133351+00:00,13245,0fa671dcb94f59f255bf8e0e6820350acdbec7cb2e49ffc4021f04e61b61fe94,bodies/2589_2026-08-31_2026-09-06_a1.body,receipts/2589_2026-08-31_2026-09-06_a1.json,new,new_20260913_2589_2026-08-31_2026-09-06_a1,https://api-v3.thaiwater.net/api/v1/thaiwater30/public/waterlevel_graph?station_type=tele_waterlevel&station_id=2589&start_date=2026-08-31&end_date=2026-09-06,th_agency_12,available
2590,stage_reported,value,2026-08-31,2026-09-06,7,168,2026-08-31 00:00,2026-09-06 23:00,148,available,200,application/json; charset=utf-8,2026-09-13T18:14:45.534830+00:00,13380,755618ca098f262c37a4cf279274a817ce35ff5e1d1602b6db80d5c98d35a412,bodies/2590_2026-08-31_2026-09-06_a1.body,receipts/2590_2026-08-31_2026-09-06_a1.json,new,new_20260913_2590_2026-08-31_2026-09-06_a1,https://api-v3.thaiwater.net/api/v1/thaiwater30/public/waterlevel_graph?station_type=tele_waterlevel&station_id=2590&start_date=2026-08-31&end_date=2026-09-06,th_agency_12,available
2590,discharge_reported,discharge,2026-08-31,2026-09-06,7,168,2026-08-31 00:00,2026-09-06 23:00,148,available,200,application/json; charset=utf-8,2026-09-13T18:14:45.534830+00:00,13380,755618ca098f262c37a4cf279274a817ce35ff5e1d1602b6db80d5c98d35a412,bodies/2590_2026-08-31_2026-09-06_a1.body,receipts/2590_2026-08-31_2026-09-06_a1.json,new,new_20260913_2590_2026-08-31_2026-09-06_a1,https://api-v3.thaiwater.net/api/v1/thaiwater30/public/waterlevel_graph?station_type=tele_waterlevel&station_id=2590&start_date=2026-08-31&end_date=2026-09-06,th_agency_12,available
2591,stage_reported,value,2026-08-31,2026-09-06,7,168,2026-08-31 00:00,2026-09-06 23:00,148,available,200,application/json; charset=utf-8,2026-09-13T18:14:46.936628+00:00,13358,67ad2de467cc99c33b15952fdb2b7bf95ac73d3de5342393d48c4aafe30f6619,bodies/2591_2026-08-31_2026-09-06_a1.body,receipts/2591_2026-08-31_2026-09-06_a1.json,new,new_20260913_2591_2026-08-31_2026-09-06_a1,https://api-v3.thaiwater.net/api/v1/thaiwater30/public/waterlevel_graph?station_type=tele_waterlevel&station_id=2591&start_date=2026-08-31&end_date=2026-09-06,th_agency_12,available
2591,discharge_reported,discharge,2026-08-31,2026-09-06,7,168,2026-08-31 00:00,2026-09-06 23:00,148,available,200,application/json; charset=utf-8,2026-09-13T18:14:46.936628+00:00,13358,67ad2de467cc99c33b15952fdb2b7bf95ac73d3de5342393d48c4aafe30f6619,bodies/2591_2026-08-31_2026-09-06_a1.body,receipts/2591_2026-08-31_2026-09-06_a1.json,new,new_20260913_2591_2026-08-31_2026-09-06_a1,https://api-v3.thaiwater.net/api/v1/thaiwater30/public/waterlevel_graph?station_type=tele_waterlevel&station_id=2591&start_date=2026-08-31&end_date=2026-09-06,th_agency_12,available
2594,stage_reported,value,2026-08-31,2026-09-06,7,168,2026-08-31 00:00,2026-09-06 23:00,7,available,200,application/json; charset=utf-8,2026-09-13T18:14:48.326585+00:00,13430,ed4290779b6c14244f48ef2a7c8cdeb6f407e290c739ab0d67e57545420ee5e6,bodies/2594_2026-08-31_2026-09-06_a1.body,receipts/2594_2026-08-31_2026-09-06_a1.json,new,new_20260913_2594_2026-08-31_2026-09-06_a1,https://api-v3.thaiwater.net/api/v1/thaiwater30/public/waterlevel_graph?station_type=tele_waterlevel&station_id=2594&start_date=2026-08-31&end_date=2026-09-06,th_agency_12,available
2594,discharge_reported,discharge,2026-08-31,2026-09-06,7,168,2026-08-31 00:00,2026-09-06 23:00,1,available,200,application/json; charset=utf-8,2026-09-13T18:14:48.326585+00:00,13430,ed4290779b6c14244f48ef2a7c8cdeb6f407e290c739ab0d67e57545420ee5e6,bodies/2594_2026-08-31_2026-09-06_a1.body,receipts/2594_2026-08-31_2026-09-06_a1.json,new,new_20260913_2594_2026-08-31_2026-09-06_a1,https://api-v3.thaiwater.net/api/v1/thaiwater30/public/waterlevel_graph?station_type=tele_waterlevel&station_id=2594&start_date=2026-08-31&end_date=2026-09-06,th_agency_12,available
2596,stage_reported,value,2026-06-08,2026-09-06,91,2184,2026-06-08 00:00,2026-09-06 23:00,1975,available,200,application/json; charset=utf-8,2026-09-13T18:14:50.397474+00:00,172426,5bdaba091d51b417a3a3bf6faa7d3ae28bf26befdee78325a700407c6c9ef83b,bodies/2596_2026-06-08_2026-09-06_a1.body,receipts/2596_2026-06-08_2026-09-06_a1.json,new,new_20260913_2596_2026-06-08_2026-09-06_a1,https://api-v3.thaiwater.net/api/v1/thaiwater30/public/waterlevel_graph?station_type=tele_waterlevel&station_id=2596&start_date=2026-06-08&end_date=2026-09-06,th_agency_12,available
2596,discharge_reported,discharge,2026-06-08,2026-09-06,91,2184,2026-06-08 00:00,2026-09-06 23:00,0,empty_in_tested_window,200,application/json; charset=utf-8,2026-09-13T18:14:50.397474+00:00,172426,5bdaba091d51b417a3a3bf6faa7d3ae28bf26befdee78325a700407c6c9ef83b,bodies/2596_2026-06-08_2026-09-06_a1.body,receipts/2596_2026-06-08_2026-09-06_a1.json,new,new_20260913_2596_2026-06-08_2026-09-06_a1,https://api-v3.thaiwater.net/api/v1/thaiwater30/public/waterlevel_graph?station_type=tele_waterlevel&station_id=2596&start_date=2026-06-08&end_date=2026-09-06,th_agency_12,unknown
2597,stage_reported,value,2026-08-31,2026-09-06,7,168,2026-08-31 00:00,2026-09-06 23:00,148,available,200,application/json; charset=utf-8,2026-09-13T18:14:51.860589+00:00,13633,464422fbc7d0f48b6f9d0a49f4a3dbd7712013edc29f8b4cfcad10341342e49c,bodies/2597_2026-08-31_2026-09-06_a1.body,receipts/2597_2026-08-31_2026-09-06_a1.json,new,new_20260913_2597_2026-08-31_2026-09-06_a1,https://api-v3.thaiwater.net/api/v1/thaiwater30/public/waterlevel_graph?station_type=tele_waterlevel&station_id=2597&start_date=2026-08-31&end_date=2026-09-06,th_agency_12,available
2597,discharge_reported,discharge,2026-08-31,2026-09-06,7,168,2026-08-31 00:00,2026-09-06 23:00,148,available,200,application/json; charset=utf-8,2026-09-13T18:14:51.860589+00:00,13633,464422fbc7d0f48b6f9d0a49f4a3dbd7712013edc29f8b4cfcad10341342e49c,bodies/2597_2026-08-31_2026-09-06_a1.body,receipts/2597_2026-08-31_2026-09-06_a1.json,new,new_20260913_2597_2026-08-31_2026-09-06_a1,https://api-v3.thaiwater.net/api/v1/thaiwater30/public/waterlevel_graph?station_type=tele_waterlevel&station_id=2597&start_date=2026-08-31&end_date=2026-09-06,th_agency_12,available
2599,stage_reported,value,2026-06-08,2026-09-06,91,2184,2026-06-08 00:00,2026-09-06 23:00,1583,available,200,application/json; charset=utf-8,2026-09-13T18:14:53.923099+00:00,172915,7516f3eafebed8aa37fff52f78cd4e5d964c555f4d1e525ece73545911f69fcf,bodies/2599_2026-06-08_2026-09-06_a1.body,receipts/2599_2026-06-08_2026-09-06_a1.json,new,new_20260913_2599_2026-06-08_2026-09-06_a1,https://api-v3.thaiwater.net/api/v1/thaiwater30/public/waterlevel_graph?station_type=tele_waterlevel&station_id=2599&start_date=2026-06-08&end_date=2026-09-06,th_agency_12,available
2599,discharge_reported,discharge,2026-06-08,2026-09-06,91,2184,2026-06-08 00:00,2026-09-06 23:00,0,empty_in_tested_window,200,application/json; charset=utf-8,2026-09-13T18:14:53.923099+00:00,172915,7516f3eafebed8aa37fff52f78cd4e5d964c555f4d1e525ece73545911f69fcf,bodies/2599_2026-06-08_2026-09-06_a1.body,receipts/2599_2026-06-08_2026-09-06_a1.json,new,new_20260913_2599_2026-06-08_2026-09-06_a1,https://api-v3.thaiwater.net/api/v1/thaiwater30/public/waterlevel_graph?station_type=tele_waterlevel&station_id=2599&start_date=2026-06-08&end_date=2026-09-06,th_agency_12,unknown
2607,stage_reported,value,2026-06-08,2026-09-06,91,2184,2026-06-08 00:00,2026-09-06 23:00,1583,available,200,application/json; charset=utf-8,2026-09-13T18:14:55.981566+00:00,172461,817a615ceb91f74c0a885af3f5597a741552d570f6e736006a1115047614e6e4,bodies/2607_2026-06-08_2026-09-06_a1.body,receipts/2607_2026-06-08_2026-09-06_a1.json,new,new_20260913_2607_2026-06-08_2026-09-06_a1,https://api-v3.thaiwater.net/api/v1/thaiwater30/public/waterlevel_graph?station_type=tele_waterlevel&station_id=2607&start_date=2026-06-08&end_date=2026-09-06,th_agency_12,available
2607,discharge_reported,discharge,2026-06-08,2026-09-06,91,2184,2026-06-08 00:00,2026-09-06 23:00,0,empty_in_tested_window,200,application/json; charset=utf-8,2026-09-13T18:14:55.981566+00:00,172461,817a615ceb91f74c0a885af3f5597a741552d570f6e736006a1115047614e6e4,bodies/2607_2026-06-08_2026-09-06_a1.body,receipts/2607_2026-06-08_2026-09-06_a1.json,new,new_20260913_2607_2026-06-08_2026-09-06_a1,https://api-v3.thaiwater.net/api/v1/thaiwater30/public/waterlevel_graph?station_type=tele_waterlevel&station_id=2607&start_date=2026-06-08&end_date=2026-09-06,th_agency_12,unknown
2608,stage_reported,value,2026-06-08,2026-09-06,91,2184,2026-06-08 00:00,2026-09-06 23:00,1583,available,200,application/json; charset=utf-8,2026-09-13T18:14:58.029255+00:00,172454,1aec889a6fc2615081aea105bc6fc65dad1c31288f92409440f4f3de6b19ccc7,bodies/2608_2026-06-08_2026-09-06_a1.body,receipts/2608_2026-06-08_2026-09-06_a1.json,new,new_20260913_2608_2026-06-08_2026-09-06_a1,https://api-v3.thaiwater.net/api/v1/thaiwater30/public/waterlevel_graph?station_type=tele_waterlevel&station_id=2608&start_date=2026-06-08&end_date=2026-09-06,th_agency_12,available
2608,discharge_reported,discharge,2026-06-08,2026-09-06,91,2184,2026-06-08 00:00,2026-09-06 23:00,0,empty_in_tested_window,200,application/json; charset=utf-8,2026-09-13T18:14:58.029255+00:00,172454,1aec889a6fc2615081aea105bc6fc65dad1c31288f92409440f4f3de6b19ccc7,bodies/2608_2026-06-08_2026-09-06_a1.body,receipts/2608_2026-06-08_2026-09-06_a1.json,new,new_20260913_2608_2026-06-08_2026-09-06_a1,https://api-v3.thaiwater.net/api/v1/thaiwater30/public/waterlevel_graph?station_type=tele_waterlevel&station_id=2608&start_date=2026-06-08&end_date=2026-09-06,th_agency_12,unknown
2609,stage_reported,value,2026-06-08,2026-09-06,91,2184,2026-06-08 00:00,2026-09-06 23:00,1583,available,200,application/json; charset=utf-8,2026-09-13T18:15:00.062115+00:00,172505,e99e1f6e22f0625494d71dd3ee3a2652917122f35286612e43df7e0568d66c59,bodies/2609_2026-06-08_2026-09-06_a1.body,receipts/2609_2026-06-08_2026-09-06_a1.json,new,new_20260913_2609_2026-06-08_2026-09-06_a1,https://api-v3.thaiwater.net/api/v1/thaiwater30/public/waterlevel_graph?station_type=tele_waterlevel&station_id=2609&start_date=2026-06-08&end_date=2026-09-06,th_agency_12,available
2609,discharge_reported,discharge,2026-06-08,2026-09-06,91,2184,2026-06-08 00:00,2026-09-06 23:00,0,empty_in_tested_window,200,application/json; charset=utf-8,2026-09-13T18:15:00.062115+00:00,172505,e99e1f6e22f0625494d71dd3ee3a2652917122f35286612e43df7e0568d66c59,bodies/2609_2026-06-08_2026-09-06_a1.body,receipts/2609_2026-06-08_2026-09-06_a1.json,new,new_20260913_2609_2026-06-08_2026-09-06_a1,https://api-v3.thaiwater.net/api/v1/thaiwater30/public/waterlevel_graph?station_type=tele_waterlevel&station_id=2609&start_date=2026-06-08&end_date=2026-09-06,th_agency_12,unknown
2611,stage_reported,value,2026-06-08,2026-09-06,91,2184,2026-06-08 00:00,2026-09-06 23:00,1583,available,200,application/json; charset=utf-8,2026-09-13T18:15:02.210007+00:00,172473,4796cbe1bbc3deacf642a7b53a503ee4f74ceabeb7439d70b452149b28597eb5,bodies/2611_2026-06-08_2026-09-06_a1.body,receipts/2611_2026-06-08_2026-09-06_a1.json,new,new_20260913_2611_2026-06-08_2026-09-06_a1,https://api-v3.thaiwater.net/api/v1/thaiwater30/public/waterlevel_graph?station_type=tele_waterlevel&station_id=2611&start_date=2026-06-08&end_date=2026-09-06,th_agency_12,available
2611,discharge_reported,discharge,2026-06-08,2026-09-06,91,2184,2026-06-08 00:00,2026-09-06 23:00,0,empty_in_tested_window,200,application/json; charset=utf-8,2026-09-13T18:15:02.210007+00:00,172473,4796cbe1bbc3deacf642a7b53a503ee4f74ceabeb7439d70b452149b28597eb5,bodies/2611_2026-06-08_2026-09-06_a1.body,receipts/2611_2026-06-08_2026-09-06_a1.json,new,new_20260913_2611_2026-06-08_2026-09-06_a1,https://api-v3.thaiwater.net/api/v1/thaiwater30/public/waterlevel_graph?station_type=tele_waterlevel&station_id=2611&start_date=2026-06-08&end_date=2026-09-06,th_agency_12,unknown
2618,stage_reported,value,2026-08-31,2026-09-06,7,168,2026-08-31 00:00,2026-09-06 23:00,7,available,200,application/json; charset=utf-8,2026-09-13T18:15:03.781912+00:00,13416,bd3f4c4de6fd11c57971d05a78af01c64686de4e888ab64a50f8399edff558a1,bodies/2618_2026-08-31_2026-09-06_a1.body,receipts/2618_2026-08-31_2026-09-06_a1.json,new,new_20260913_2618_2026-08-31_2026-09-06_a1,https://api-v3.thaiwater.net/api/v1/thaiwater30/public/waterlevel_graph?station_type=tele_waterlevel&station_id=2618&start_date=2026-08-31&end_date=2026-09-06,th_agency_12,available
2618,discharge_reported,discharge,2026-08-31,2026-09-06,7,168,2026-08-31 00:00,2026-09-06 23:00,7,available,200,application/json; charset=utf-8,2026-09-13T18:15:03.781912+00:00,13416,bd3f4c4de6fd11c57971d05a78af01c64686de4e888ab64a50f8399edff558a1,bodies/2618_2026-08-31_2026-09-06_a1.body,receipts/2618_2026-08-31_2026-09-06_a1.json,new,new_20260913_2618_2026-08-31_2026-09-06_a1,https://api-v3.thaiwater.net/api/v1/thaiwater30/public/waterlevel_graph?station_type=tele_waterlevel&station_id=2618&start_date=2026-08-31&end_date=2026-09-06,th_agency_12,available
2620,stage_reported,value,2026-08-31,2026-09-06,7,168,2026-08-31 00:00,2026-09-06 23:00,157,available,200,application/json; charset=utf-8,2026-09-13T18:15:05.492814+00:00,14486,759187956e1faa95e0b0a11c11f2e7dcbecbfb62a6009c88659e3f3165e17153,bodies/2620_2026-08-31_2026-09-06_a1.body,receipts/2620_2026-08-31_2026-09-06_a1.json,new,new_20260913_2620_2026-08-31_2026-09-06_a1,https://api-v3.thaiwater.net/api/v1/thaiwater30/public/waterlevel_graph?station_type=tele_waterlevel&station_id=2620&start_date=2026-08-31&end_date=2026-09-06,th_agency_12,available
2620,discharge_reported,discharge,2026-08-31,2026-09-06,7,168,2026-08-31 00:00,2026-09-06 23:00,157,available,200,application/json; charset=utf-8,2026-09-13T18:15:05.492814+00:00,14486,759187956e1faa95e0b0a11c11f2e7dcbecbfb62a6009c88659e3f3165e17153,bodies/2620_2026-08-31_2026-09-06_a1.body,receipts/2620_2026-08-31_2026-09-06_a1.json,new,new_20260913_2620_2026-08-31_2026-09-06_a1,https://api-v3.thaiwater.net/api/v1/thaiwater30/public/waterlevel_graph?station_type=tele_waterlevel&station_id=2620&start_date=2026-08-31&end_date=2026-09-06,th_agency_12,available
2621,stage_reported,value,2026-08-31,2026-09-06,7,168,2026-08-31 00:00,2026-09-06 23:00,157,available,200,application/json; charset=utf-8,2026-09-13T18:15:07.116641+00:00,14685,4625e63759389afe0e731b8a3a97588ae47316a766a3386df72775e4c8e75008,bodies/2621_2026-08-31_2026-09-06_a1.body,receipts/2621_2026-08-31_2026-09-06_a1.json,new,new_20260913_2621_2026-08-31_2026-09-06_a1,https://api-v3.thaiwater.net/api/v1/thaiwater30/public/waterlevel_graph?station_type=tele_waterlevel&station_id=2621&start_date=2026-08-31&end_date=2026-09-06,th_agency_12,available
2621,discharge_reported,discharge,2026-08-31,2026-09-06,7,168,2026-08-31 00:00,2026-09-06 23:00,157,available,200,application/json; charset=utf-8,2026-09-13T18:15:07.116641+00:00,14685,4625e63759389afe0e731b8a3a97588ae47316a766a3386df72775e4c8e75008,bodies/2621_2026-08-31_2026-09-06_a1.body,receipts/2621_2026-08-31_2026-09-06_a1.json,new,new_20260913_2621_2026-08-31_2026-09-06_a1,https://api-v3.thaiwater.net/api/v1/thaiwater30/public/waterlevel_graph?station_type=tele_waterlevel&station_id=2621&start_date=2026-08-31&end_date=2026-09-06,th_agency_12,available
2623,stage_reported,value,2026-06-08,2026-09-06,91,2184,2026-06-08 00:00,2026-09-06 23:00,1583,available,200,application/json; charset=utf-8,2026-09-13T18:15:09.264541+00:00,172473,df9a4532bdea01034b252729a7313d1747b7cf96bb4a9e85bea943be4188a665,bodies/2623_2026-06-08_2026-09-06_a1.body,receipts/2623_2026-06-08_2026-09-06_a1.json,new,new_20260913_2623_2026-06-08_2026-09-06_a1,https://api-v3.thaiwater.net/api/v1/thaiwater30/public/waterlevel_graph?station_type=tele_waterlevel&station_id=2623&start_date=2026-06-08&end_date=2026-09-06,th_agency_12,available
2623,discharge_reported,discharge,2026-06-08,2026-09-06,91,2184,2026-06-08 00:00,2026-09-06 23:00,0,empty_in_tested_window,200,application/json; charset=utf-8,2026-09-13T18:15:09.264541+00:00,172473,df9a4532bdea01034b252729a7313d1747b7cf96bb4a9e85bea943be4188a665,bodies/2623_2026-06-08_2026-09-06_a1.body,receipts/2623_2026-06-08_2026-09-06_a1.json,new,new_20260913_2623_2026-06-08_2026-09-06_a1,https://api-v3.thaiwater.net/api/v1/thaiwater30/public/waterlevel_graph?station_type=tele_waterlevel&station_id=2623&start_date=2026-06-08&end_date=2026-09-06,th_agency_12,unknown
2624,stage_reported,value,2026-06-08,2026-09-06,91,2184,2026-06-08 00:00,2026-09-06 23:00,1583,available,200,application/json; charset=utf-8,2026-09-13T18:15:11.341107+00:00,172492,fc4b6a554c4b294998aeb60d8c110d7693f265fa13c14a0686cf17dcb18b2baa,bodies/2624_2026-06-08_2026-09-06_a1.body,receipts/2624_2026-06-08_2026-09-06_a1.json,new,new_20260913_2624_2026-06-08_2026-09-06_a1,https://api-v3.thaiwater.net/api/v1/thaiwater30/public/waterlevel_graph?station_type=tele_waterlevel&station_id=2624&start_date=2026-06-08&end_date=2026-09-06,th_agency_12,available
2624,discharge_reported,discharge,2026-06-08,2026-09-06,91,2184,2026-06-08 00:00,2026-09-06 23:00,0,empty_in_tested_window,200,application/json; charset=utf-8,2026-09-13T18:15:11.341107+00:00,172492,fc4b6a554c4b294998aeb60d8c110d7693f265fa13c14a0686cf17dcb18b2baa,bodies/2624_2026-06-08_2026-09-06_a1.body,receipts/2624_2026-06-08_2026-09-06_a1.json,new,new_20260913_2624_2026-06-08_2026-09-06_a1,https://api-v3.thaiwater.net/api/v1/thaiwater30/public/waterlevel_graph?station_type=tele_waterlevel&station_id=2624&start_date=2026-06-08&end_date=2026-09-06,th_agency_12,unknown
2626,stage_reported,value,2026-08-31,2026-09-06,7,168,2026-08-31 00:00,2026-09-06 23:00,161,available,200,application/json; charset=utf-8,2026-09-13T18:15:12.826078+00:00,13353,7ef9789ddefc1f2e3fdae9d0fb6a0216bdee8c802f6e9d86fb72a326310052b9,bodies/2626_2026-08-31_2026-09-06_a1.body,receipts/2626_2026-08-31_2026-09-06_a1.json,new,new_20260913_2626_2026-08-31_2026-09-06_a1,https://api-v3.thaiwater.net/api/v1/thaiwater30/public/waterlevel_graph?station_type=tele_waterlevel&station_id=2626&start_date=2026-08-31&end_date=2026-09-06,th_agency_12,available
2626,discharge_reported,discharge,2026-08-31,2026-09-06,7,168,2026-08-31 00:00,2026-09-06 23:00,29,available,200,application/json; charset=utf-8,2026-09-13T18:15:12.826078+00:00,13353,7ef9789ddefc1f2e3fdae9d0fb6a0216bdee8c802f6e9d86fb72a326310052b9,bodies/2626_2026-08-31_2026-09-06_a1.body,receipts/2626_2026-08-31_2026-09-06_a1.json,new,new_20260913_2626_2026-08-31_2026-09-06_a1,https://api-v3.thaiwater.net/api/v1/thaiwater30/public/waterlevel_graph?station_type=tele_waterlevel&station_id=2626&start_date=2026-08-31&end_date=2026-09-06,th_agency_12,available
2632,stage_reported,value,2026-06-08,2026-09-06,91,2184,2026-06-08 00:00,2026-09-06 23:00,1583,available,200,application/json; charset=utf-8,2026-09-13T18:15:14.961378+00:00,172359,3dc1872270612f205f7402e837ca02237b3ede5ebe2c87507956a45415c24812,bodies/2632_2026-06-08_2026-09-06_a1.body,receipts/2632_2026-06-08_2026-09-06_a1.json,new,new_20260913_2632_2026-06-08_2026-09-06_a1,https://api-v3.thaiwater.net/api/v1/thaiwater30/public/waterlevel_graph?station_type=tele_waterlevel&station_id=2632&start_date=2026-06-08&end_date=2026-09-06,th_agency_12,available
2632,discharge_reported,discharge,2026-06-08,2026-09-06,91,2184,2026-06-08 00:00,2026-09-06 23:00,0,empty_in_tested_window,200,application/json; charset=utf-8,2026-09-13T18:15:14.961378+00:00,172359,3dc1872270612f205f7402e837ca02237b3ede5ebe2c87507956a45415c24812,bodies/2632_2026-06-08_2026-09-06_a1.body,receipts/2632_2026-06-08_2026-09-06_a1.json,new,new_20260913_2632_2026-06-08_2026-09-06_a1,https://api-v3.thaiwater.net/api/v1/thaiwater30/public/waterlevel_graph?station_type=tele_waterlevel&station_id=2632&start_date=2026-06-08&end_date=2026-09-06,th_agency_12,unknown
2634,stage_reported,value,2026-08-31,2026-09-06,7,168,2026-08-31 00:00,2026-09-06 23:00,148,available,200,application/json; charset=utf-8,2026-09-13T18:15:16.421011+00:00,13528,dde1af726afcd3ae90f8045628c18764e3b7eb9ed21607799723796c87deba3d,bodies/2634_2026-08-31_2026-09-06_a1.body,receipts/2634_2026-08-31_2026-09-06_a1.json,new,new_20260913_2634_2026-08-31_2026-09-06_a1,https://api-v3.thaiwater.net/api/v1/thaiwater30/public/waterlevel_graph?station_type=tele_waterlevel&station_id=2634&start_date=2026-08-31&end_date=2026-09-06,th_agency_12,available
2634,discharge_reported,discharge,2026-08-31,2026-09-06,7,168,2026-08-31 00:00,2026-09-06 23:00,148,available,200,application/json; charset=utf-8,2026-09-13T18:15:16.421011+00:00,13528,dde1af726afcd3ae90f8045628c18764e3b7eb9ed21607799723796c87deba3d,bodies/2634_2026-08-31_2026-09-06_a1.body,receipts/2634_2026-08-31_2026-09-06_a1.json,new,new_20260913_2634_2026-08-31_2026-09-06_a1,https://api-v3.thaiwater.net/api/v1/thaiwater30/public/waterlevel_graph?station_type=tele_waterlevel&station_id=2634&start_date=2026-08-31&end_date=2026-09-06,th_agency_12,available
2635,stage_reported,value,2026-06-08,2026-09-06,91,2184,2026-06-08 00:00,2026-09-06 23:00,1975,available,200,application/json; charset=utf-8,2026-09-13T18:15:18.517406+00:00,172510,f472a0d7bf859eacef18efe8567c8c199a5077dcc11b6d8c61b5cf79f73e4b57,bodies/2635_2026-06-08_2026-09-06_a1.body,receipts/2635_2026-06-08_2026-09-06_a1.json,new,new_20260913_2635_2026-06-08_2026-09-06_a1,https://api-v3.thaiwater.net/api/v1/thaiwater30/public/waterlevel_graph?station_type=tele_waterlevel&station_id=2635&start_date=2026-06-08&end_date=2026-09-06,th_agency_12,available
2635,discharge_reported,discharge,2026-06-08,2026-09-06,91,2184,2026-06-08 00:00,2026-09-06 23:00,0,empty_in_tested_window,200,application/json; charset=utf-8,2026-09-13T18:15:18.517406+00:00,172510,f472a0d7bf859eacef18efe8567c8c199a5077dcc11b6d8c61b5cf79f73e4b57,bodies/2635_2026-06-08_2026-09-06_a1.body,receipts/2635_2026-06-08_2026-09-06_a1.json,new,new_20260913_2635_2026-06-08_2026-09-06_a1,https://api-v3.thaiwater.net/api/v1/thaiwater30/public/waterlevel_graph?station_type=tele_waterlevel&station_id=2635&start_date=2026-06-08&end_date=2026-09-06,th_agency_12,unknown
2636,stage_reported,value,2026-08-31,2026-09-06,7,168,2026-08-31 00:00,2026-09-06 23:00,129,available,200,application/json; charset=utf-8,2026-09-13T18:15:19.986976+00:00,13319,14cb0c00b8f62f130187d00ffb12de792afa70d57a9eb9f11c35e18cf4e7abbb,bodies/2636_2026-08-31_2026-09-06_a1.body,receipts/2636_2026-08-31_2026-09-06_a1.json,new,new_20260913_2636_2026-08-31_2026-09-06_a1,https://api-v3.thaiwater.net/api/v1/thaiwater30/public/waterlevel_graph?station_type=tele_waterlevel&station_id=2636&start_date=2026-08-31&end_date=2026-09-06,th_agency_12,available
2636,discharge_reported,discharge,2026-08-31,2026-09-06,7,168,2026-08-31 00:00,2026-09-06 23:00,129,available,200,application/json; charset=utf-8,2026-09-13T18:15:19.986976+00:00,13319,14cb0c00b8f62f130187d00ffb12de792afa70d57a9eb9f11c35e18cf4e7abbb,bodies/2636_2026-08-31_2026-09-06_a1.body,receipts/2636_2026-08-31_2026-09-06_a1.json,new,new_20260913_2636_2026-08-31_2026-09-06_a1,https://api-v3.thaiwater.net/api/v1/thaiwater30/public/waterlevel_graph?station_type=tele_waterlevel&station_id=2636&start_date=2026-08-31&end_date=2026-09-06,th_agency_12,available
2638,stage_reported,value,2026-08-31,2026-09-06,7,168,2026-08-31 00:00,2026-09-06 23:00,148,available,200,application/json; charset=utf-8,2026-09-13T18:15:21.470160+00:00,13542,44dfa18e1bfb453ac429b6276d9584b462728320b4664b37dbc6660b748b1c06,bodies/2638_2026-08-31_2026-09-06_a1.body,receipts/2638_2026-08-31_2026-09-06_a1.json,new,new_20260913_2638_2026-08-31_2026-09-06_a1,https://api-v3.thaiwater.net/api/v1/thaiwater30/public/waterlevel_graph?station_type=tele_waterlevel&station_id=2638&start_date=2026-08-31&end_date=2026-09-06,th_agency_12,available
2638,discharge_reported,discharge,2026-08-31,2026-09-06,7,168,2026-08-31 00:00,2026-09-06 23:00,43,available,200,application/json; charset=utf-8,2026-09-13T18:15:21.470160+00:00,13542,44dfa18e1bfb453ac429b6276d9584b462728320b4664b37dbc6660b748b1c06,bodies/2638_2026-08-31_2026-09-06_a1.body,receipts/2638_2026-08-31_2026-09-06_a1.json,new,new_20260913_2638_2026-08-31_2026-09-06_a1,https://api-v3.thaiwater.net/api/v1/thaiwater30/public/waterlevel_graph?station_type=tele_waterlevel&station_id=2638&start_date=2026-08-31&end_date=2026-09-06,th_agency_12,available
2639,stage_reported,value,2026-08-31,2026-09-06,7,168,2026-08-31 00:00,2026-09-06 23:00,148,available,200,application/json; charset=utf-8,2026-09-13T18:15:22.931557+00:00,13336,64bd212f9cb2f016973f315392e252f1940dc9887e7bd7c16064130b43415b02,bodies/2639_2026-08-31_2026-09-06_a1.body,receipts/2639_2026-08-31_2026-09-06_a1.json,new,new_20260913_2639_2026-08-31_2026-09-06_a1,https://api-v3.thaiwater.net/api/v1/thaiwater30/public/waterlevel_graph?station_type=tele_waterlevel&station_id=2639&start_date=2026-08-31&end_date=2026-09-06,th_agency_12,available
2639,discharge_reported,discharge,2026-08-31,2026-09-06,7,168,2026-08-31 00:00,2026-09-06 23:00,148,available,200,application/json; charset=utf-8,2026-09-13T18:15:22.931557+00:00,13336,64bd212f9cb2f016973f315392e252f1940dc9887e7bd7c16064130b43415b02,bodies/2639_2026-08-31_2026-09-06_a1.body,receipts/2639_2026-08-31_2026-09-06_a1.json,new,new_20260913_2639_2026-08-31_2026-09-06_a1,https://api-v3.thaiwater.net/api/v1/thaiwater30/public/waterlevel_graph?station_type=tele_waterlevel&station_id=2639&start_date=2026-08-31&end_date=2026-09-06,th_agency_12,available
2641,stage_reported,value,2026-08-31,2026-09-06,7,168,2026-08-31 00:00,2026-09-06 23:00,148,available,200,application/json; charset=utf-8,2026-09-13T18:15:24.326043+00:00,13554,e121af2a05d002884f776a895462a0b6312afcf3edce045b280a00e7bc0ff125,bodies/2641_2026-08-31_2026-09-06_a1.body,receipts/2641_2026-08-31_2026-09-06_a1.json,new,new_20260913_2641_2026-08-31_2026-09-06_a1,https://api-v3.thaiwater.net/api/v1/thaiwater30/public/waterlevel_graph?station_type=tele_waterlevel&station_id=2641&start_date=2026-08-31&end_date=2026-09-06,th_agency_12,available
2641,discharge_reported,discharge,2026-08-31,2026-09-06,7,168,2026-08-31 00:00,2026-09-06 23:00,148,available,200,application/json; charset=utf-8,2026-09-13T18:15:24.326043+00:00,13554,e121af2a05d002884f776a895462a0b6312afcf3edce045b280a00e7bc0ff125,bodies/2641_2026-08-31_2026-09-06_a1.body,receipts/2641_2026-08-31_2026-09-06_a1.json,new,new_20260913_2641_2026-08-31_2026-09-06_a1,https://api-v3.thaiwater.net/api/v1/thaiwater30/public/waterlevel_graph?station_type=tele_waterlevel&station_id=2641&start_date=2026-08-31&end_date=2026-09-06,th_agency_12,available
2643,stage_reported,value,2026-08-31,2026-09-06,7,168,2026-08-31 00:00,2026-09-06 23:00,148,available,200,application/json; charset=utf-8,2026-09-13T18:15:25.805813+00:00,13805,713beffe5436fd0e8f801017fd06d0637f5fb9394166fc7f08dfa60afdbad46b,bodies/2643_2026-08-31_2026-09-06_a1.body,receipts/2643_2026-08-31_2026-09-06_a1.json,new,new_20260913_2643_2026-08-31_2026-09-06_a1,https://api-v3.thaiwater.net/api/v1/thaiwater30/public/waterlevel_graph?station_type=tele_waterlevel&station_id=2643&start_date=2026-08-31&end_date=2026-09-06,th_agency_12,available
2643,discharge_reported,discharge,2026-08-31,2026-09-06,7,168,2026-08-31 00:00,2026-09-06 23:00,148,available,200,application/json; charset=utf-8,2026-09-13T18:15:25.805813+00:00,13805,713beffe5436fd0e8f801017fd06d0637f5fb9394166fc7f08dfa60afdbad46b,bodies/2643_2026-08-31_2026-09-06_a1.body,receipts/2643_2026-08-31_2026-09-06_a1.json,new,new_20260913_2643_2026-08-31_2026-09-06_a1,https://api-v3.thaiwater.net/api/v1/thaiwater30/public/waterlevel_graph?station_type=tele_waterlevel&station_id=2643&start_date=2026-08-31&end_date=2026-09-06,th_agency_12,available
2644,stage_reported,value,2026-08-31,2026-09-06,7,168,2026-08-31 00:00,2026-09-06 23:00,148,available,200,application/json; charset=utf-8,2026-09-13T18:15:27.220963+00:00,13836,ae52640f959bb6f26c6bbeefd44cd616e2fb9d10da8a2545ddb0b9f3ebef5efd,bodies/2644_2026-08-31_2026-09-06_a1.body,receipts/2644_2026-08-31_2026-09-06_a1.json,new,new_20260913_2644_2026-08-31_2026-09-06_a1,https://api-v3.thaiwater.net/api/v1/thaiwater30/public/waterlevel_graph?station_type=tele_waterlevel&station_id=2644&start_date=2026-08-31&end_date=2026-09-06,th_agency_12,available
2644,discharge_reported,discharge,2026-08-31,2026-09-06,7,168,2026-08-31 00:00,2026-09-06 23:00,79,available,200,application/json; charset=utf-8,2026-09-13T18:15:27.220963+00:00,13836,ae52640f959bb6f26c6bbeefd44cd616e2fb9d10da8a2545ddb0b9f3ebef5efd,bodies/2644_2026-08-31_2026-09-06_a1.body,receipts/2644_2026-08-31_2026-09-06_a1.json,new,new_20260913_2644_2026-08-31_2026-09-06_a1,https://api-v3.thaiwater.net/api/v1/thaiwater30/public/waterlevel_graph?station_type=tele_waterlevel&station_id=2644&start_date=2026-08-31&end_date=2026-09-06,th_agency_12,available
2645,stage_reported,value,2026-08-31,2026-09-06,7,168,2026-08-31 00:00,2026-09-06 23:00,148,available,200,application/json; charset=utf-8,2026-09-13T18:15:28.630538+00:00,13945,3844d57858b3b2dd169d0d46f5924addb24efb8207aa1ee7ab4cce7244b48f49,bodies/2645_2026-08-31_2026-09-06_a1.body,receipts/2645_2026-08-31_2026-09-06_a1.json,new,new_20260913_2645_2026-08-31_2026-09-06_a1,https://api-v3.thaiwater.net/api/v1/thaiwater30/public/waterlevel_graph?station_type=tele_waterlevel&station_id=2645&start_date=2026-08-31&end_date=2026-09-06,th_agency_12,available
2645,discharge_reported,discharge,2026-08-31,2026-09-06,7,168,2026-08-31 00:00,2026-09-06 23:00,148,available,200,application/json; charset=utf-8,2026-09-13T18:15:28.630538+00:00,13945,3844d57858b3b2dd169d0d46f5924addb24efb8207aa1ee7ab4cce7244b48f49,bodies/2645_2026-08-31_2026-09-06_a1.body,receipts/2645_2026-08-31_2026-09-06_a1.json,new,new_20260913_2645_2026-08-31_2026-09-06_a1,https://api-v3.thaiwater.net/api/v1/thaiwater30/public/waterlevel_graph?station_type=tele_waterlevel&station_id=2645&start_date=2026-08-31&end_date=2026-09-06,th_agency_12,available
2647,stage_reported,value,2026-06-08,2026-09-06,91,2184,2026-06-08 00:00,2026-09-06 23:00,1975,available,200,application/json; charset=utf-8,2026-09-13T18:15:30.790677+00:00,173694,e9411b6f139b9e375915ee11c7cfdcef656b760ff88d646d888f2b0bb3160b78,bodies/2647_2026-06-08_2026-09-06_a1.body,receipts/2647_2026-06-08_2026-09-06_a1.json,new,new_20260913_2647_2026-06-08_2026-09-06_a1,https://api-v3.thaiwater.net/api/v1/thaiwater30/public/waterlevel_graph?station_type=tele_waterlevel&station_id=2647&start_date=2026-06-08&end_date=2026-09-06,th_agency_12,available
2647,discharge_reported,discharge,2026-06-08,2026-09-06,91,2184,2026-06-08 00:00,2026-09-06 23:00,0,empty_in_tested_window,200,application/json; charset=utf-8,2026-09-13T18:15:30.790677+00:00,173694,e9411b6f139b9e375915ee11c7cfdcef656b760ff88d646d888f2b0bb3160b78,bodies/2647_2026-06-08_2026-09-06_a1.body,receipts/2647_2026-06-08_2026-09-06_a1.json,new,new_20260913_2647_2026-06-08_2026-09-06_a1,https://api-v3.thaiwater.net/api/v1/thaiwater30/public/waterlevel_graph?station_type=tele_waterlevel&station_id=2647&start_date=2026-06-08&end_date=2026-09-06,th_agency_12,unknown
2648,stage_reported,value,2026-08-31,2026-09-06,7,168,2026-08-31 00:00,2026-09-06 23:00,148,available,200,application/json; charset=utf-8,2026-09-13T18:15:32.210914+00:00,13946,7f3ae1fdf93f40326ac49ce349dd618feed2aa84aa51a753137910b10ed35142,bodies/2648_2026-08-31_2026-09-06_a1.body,receipts/2648_2026-08-31_2026-09-06_a1.json,new,new_20260913_2648_2026-08-31_2026-09-06_a1,https://api-v3.thaiwater.net/api/v1/thaiwater30/public/waterlevel_graph?station_type=tele_waterlevel&station_id=2648&start_date=2026-08-31&end_date=2026-09-06,th_agency_12,available
2648,discharge_reported,discharge,2026-08-31,2026-09-06,7,168,2026-08-31 00:00,2026-09-06 23:00,148,available,200,application/json; charset=utf-8,2026-09-13T18:15:32.210914+00:00,13946,7f3ae1fdf93f40326ac49ce349dd618feed2aa84aa51a753137910b10ed35142,bodies/2648_2026-08-31_2026-09-06_a1.body,receipts/2648_2026-08-31_2026-09-06_a1.json,new,new_20260913_2648_2026-08-31_2026-09-06_a1,https://api-v3.thaiwater.net/api/v1/thaiwater30/public/waterlevel_graph?station_type=tele_waterlevel&station_id=2648&start_date=2026-08-31&end_date=2026-09-06,th_agency_12,available
2650,stage_reported,value,2026-08-31,2026-09-06,7,168,2026-08-31 00:00,2026-09-06 23:00,148,available,200,application/json; charset=utf-8,2026-09-13T18:15:33.640126+00:00,13714,460c38ce6e3421298c564dbf3389b76af61a3fc6db95f9e07e7976f9c09b179c,bodies/2650_2026-08-31_2026-09-06_a1.body,receipts/2650_2026-08-31_2026-09-06_a1.json,new,new_20260913_2650_2026-08-31_2026-09-06_a1,https://api-v3.thaiwater.net/api/v1/thaiwater30/public/waterlevel_graph?station_type=tele_waterlevel&station_id=2650&start_date=2026-08-31&end_date=2026-09-06,th_agency_12,available
2650,discharge_reported,discharge,2026-08-31,2026-09-06,7,168,2026-08-31 00:00,2026-09-06 23:00,148,available,200,application/json; charset=utf-8,2026-09-13T18:15:33.640126+00:00,13714,460c38ce6e3421298c564dbf3389b76af61a3fc6db95f9e07e7976f9c09b179c,bodies/2650_2026-08-31_2026-09-06_a1.body,receipts/2650_2026-08-31_2026-09-06_a1.json,new,new_20260913_2650_2026-08-31_2026-09-06_a1,https://api-v3.thaiwater.net/api/v1/thaiwater30/public/waterlevel_graph?station_type=tele_waterlevel&station_id=2650&start_date=2026-08-31&end_date=2026-09-06,th_agency_12,available
2651,stage_reported,value,2026-08-31,2026-09-06,7,168,2026-08-31 00:00,2026-09-06 23:00,148,available,200,application/json; charset=utf-8,2026-09-13T18:15:35.365908+00:00,13776,b6bf9ffd5d997b012a173668f40e7c8a2b1d61dcc9470c813da100f7f2df92e0,bodies/2651_2026-08-31_2026-09-06_a1.body,receipts/2651_2026-08-31_2026-09-06_a1.json,new,new_20260913_2651_2026-08-31_2026-09-06_a1,https://api-v3.thaiwater.net/api/v1/thaiwater30/public/waterlevel_graph?station_type=tele_waterlevel&station_id=2651&start_date=2026-08-31&end_date=2026-09-06,th_agency_12,available
2651,discharge_reported,discharge,2026-08-31,2026-09-06,7,168,2026-08-31 00:00,2026-09-06 23:00,148,available,200,application/json; charset=utf-8,2026-09-13T18:15:35.365908+00:00,13776,b6bf9ffd5d997b012a173668f40e7c8a2b1d61dcc9470c813da100f7f2df92e0,bodies/2651_2026-08-31_2026-09-06_a1.body,receipts/2651_2026-08-31_2026-09-06_a1.json,new,new_20260913_2651_2026-08-31_2026-09-06_a1,https://api-v3.thaiwater.net/api/v1/thaiwater30/public/waterlevel_graph?station_type=tele_waterlevel&station_id=2651&start_date=2026-08-31&end_date=2026-09-06,th_agency_12,available
2654,stage_reported,value,2026-06-08,2026-09-06,91,2184,2026-06-08 00:00,2026-09-06 23:00,1975,available,200,application/json; charset=utf-8,2026-09-13T18:15:37.563079+00:00,172404,334601585d3994913e3bdf983f2aa5ac0c031f85a19cde1df508c0a528ea095b,bodies/2654_2026-06-08_2026-09-06_a1.body,receipts/2654_2026-06-08_2026-09-06_a1.json,new,new_20260913_2654_2026-06-08_2026-09-06_a1,https://api-v3.thaiwater.net/api/v1/thaiwater30/public/waterlevel_graph?station_type=tele_waterlevel&station_id=2654&start_date=2026-06-08&end_date=2026-09-06,th_agency_12,available
2654,discharge_reported,discharge,2026-06-08,2026-09-06,91,2184,2026-06-08 00:00,2026-09-06 23:00,0,empty_in_tested_window,200,application/json; charset=utf-8,2026-09-13T18:15:37.563079+00:00,172404,334601585d3994913e3bdf983f2aa5ac0c031f85a19cde1df508c0a528ea095b,bodies/2654_2026-06-08_2026-09-06_a1.body,receipts/2654_2026-06-08_2026-09-06_a1.json,new,new_20260913_2654_2026-06-08_2026-09-06_a1,https://api-v3.thaiwater.net/api/v1/thaiwater30/public/waterlevel_graph?station_type=tele_waterlevel&station_id=2654&start_date=2026-06-08&end_date=2026-09-06,th_agency_12,unknown
2655,stage_reported,value,2026-08-31,2026-09-06,7,168,2026-08-31 00:00,2026-09-06 23:00,148,available,200,application/json; charset=utf-8,2026-09-13T18:15:39.026562+00:00,13774,f538c5cfa2eba5ae456361724a1d35984c206b7c9b9d010d98751993efc92aa9,bodies/2655_2026-08-31_2026-09-06_a1.body,receipts/2655_2026-08-31_2026-09-06_a1.json,new,new_20260913_2655_2026-08-31_2026-09-06_a1,https://api-v3.thaiwater.net/api/v1/thaiwater30/public/waterlevel_graph?station_type=tele_waterlevel&station_id=2655&start_date=2026-08-31&end_date=2026-09-06,th_agency_12,available
2655,discharge_reported,discharge,2026-08-31,2026-09-06,7,168,2026-08-31 00:00,2026-09-06 23:00,148,available,200,application/json; charset=utf-8,2026-09-13T18:15:39.026562+00:00,13774,f538c5cfa2eba5ae456361724a1d35984c206b7c9b9d010d98751993efc92aa9,bodies/2655_2026-08-31_2026-09-06_a1.body,receipts/2655_2026-08-31_2026-09-06_a1.json,new,new_20260913_2655_2026-08-31_2026-09-06_a1,https://api-v3.thaiwater.net/api/v1/thaiwater30/public/waterlevel_graph?station_type=tele_waterlevel&station_id=2655&start_date=2026-08-31&end_date=2026-09-06,th_agency_12,available
2656,stage_reported,value,2026-08-31,2026-09-06,7,168,2026-08-31 00:00,2026-09-06 23:00,45,available,200,application/json; charset=utf-8,2026-09-13T18:15:40.473151+00:00,13633,9b4124986954084117dcb3accd5564e85a2cb45c5f0e8e40316d262167a353e7,bodies/2656_2026-08-31_2026-09-06_a1.body,receipts/2656_2026-08-31_2026-09-06_a1.json,new,new_20260913_2656_2026-08-31_2026-09-06_a1,https://api-v3.thaiwater.net/api/v1/thaiwater30/public/waterlevel_graph?station_type=tele_waterlevel&station_id=2656&start_date=2026-08-31&end_date=2026-09-06,th_agency_12,available
2656,discharge_reported,discharge,2026-08-31,2026-09-06,7,168,2026-08-31 00:00,2026-09-06 23:00,45,available,200,application/json; charset=utf-8,2026-09-13T18:15:40.473151+00:00,13633,9b4124986954084117dcb3accd5564e85a2cb45c5f0e8e40316d262167a353e7,bodies/2656_2026-08-31_2026-09-06_a1.body,receipts/2656_2026-08-31_2026-09-06_a1.json,new,new_20260913_2656_2026-08-31_2026-09-06_a1,https://api-v3.thaiwater.net/api/v1/thaiwater30/public/waterlevel_graph?station_type=tele_waterlevel&station_id=2656&start_date=2026-08-31&end_date=2026-09-06,th_agency_12,available
2658,stage_reported,value,2026-08-31,2026-09-06,7,168,2026-08-31 00:00,2026-09-06 23:00,152,available,200,application/json; charset=utf-8,2026-09-13T18:15:42.149329+00:00,14188,ffa925234627e6f791d094754e4636c638e2785e60b198a5328fb129114bcb81,bodies/2658_2026-08-31_2026-09-06_a1.body,receipts/2658_2026-08-31_2026-09-06_a1.json,new,new_20260913_2658_2026-08-31_2026-09-06_a1,https://api-v3.thaiwater.net/api/v1/thaiwater30/public/waterlevel_graph?station_type=tele_waterlevel&station_id=2658&start_date=2026-08-31&end_date=2026-09-06,th_agency_12,available
2658,discharge_reported,discharge,2026-08-31,2026-09-06,7,168,2026-08-31 00:00,2026-09-06 23:00,152,available,200,application/json; charset=utf-8,2026-09-13T18:15:42.149329+00:00,14188,ffa925234627e6f791d094754e4636c638e2785e60b198a5328fb129114bcb81,bodies/2658_2026-08-31_2026-09-06_a1.body,receipts/2658_2026-08-31_2026-09-06_a1.json,new,new_20260913_2658_2026-08-31_2026-09-06_a1,https://api-v3.thaiwater.net/api/v1/thaiwater30/public/waterlevel_graph?station_type=tele_waterlevel&station_id=2658&start_date=2026-08-31&end_date=2026-09-06,th_agency_12,available
2659,stage_reported,value,2026-08-31,2026-09-06,7,168,2026-08-31 00:00,2026-09-06 23:00,152,available,200,application/json; charset=utf-8,2026-09-13T18:15:43.897828+00:00,14227,73410dcb3750e92096a67b55c2e14ae0aa1151f520d4c5ba85cc308d3ab7ac03,bodies/2659_2026-08-31_2026-09-06_a1.body,receipts/2659_2026-08-31_2026-09-06_a1.json,new,new_20260913_2659_2026-08-31_2026-09-06_a1,https://api-v3.thaiwater.net/api/v1/thaiwater30/public/waterlevel_graph?station_type=tele_waterlevel&station_id=2659&start_date=2026-08-31&end_date=2026-09-06,th_agency_12,available
2659,discharge_reported,discharge,2026-08-31,2026-09-06,7,168,2026-08-31 00:00,2026-09-06 23:00,120,available,200,application/json; charset=utf-8,2026-09-13T18:15:43.897828+00:00,14227,73410dcb3750e92096a67b55c2e14ae0aa1151f520d4c5ba85cc308d3ab7ac03,bodies/2659_2026-08-31_2026-09-06_a1.body,receipts/2659_2026-08-31_2026-09-06_a1.json,new,new_20260913_2659_2026-08-31_2026-09-06_a1,https://api-v3.thaiwater.net/api/v1/thaiwater30/public/waterlevel_graph?station_type=tele_waterlevel&station_id=2659&start_date=2026-08-31&end_date=2026-09-06,th_agency_12,available
2661,stage_reported,value,2026-06-08,2026-09-06,91,2184,2026-06-08 00:00,2026-09-06 23:00,2071,available,200,application/json; charset=utf-8,2026-09-13T18:15:46.177829+00:00,172425,ed15e767ad8ee3d7e3b63690eb53121512b70434fd82eb010611e6f0a305d154,bodies/2661_2026-06-08_2026-09-06_a1.body,receipts/2661_2026-06-08_2026-09-06_a1.json,new,new_20260913_2661_2026-06-08_2026-09-06_a1,https://api-v3.thaiwater.net/api/v1/thaiwater30/public/waterlevel_graph?station_type=tele_waterlevel&station_id=2661&start_date=2026-06-08&end_date=2026-09-06,th_agency_12,available
2661,discharge_reported,discharge,2026-06-08,2026-09-06,91,2184,2026-06-08 00:00,2026-09-06 23:00,0,empty_in_tested_window,200,application/json; charset=utf-8,2026-09-13T18:15:46.177829+00:00,172425,ed15e767ad8ee3d7e3b63690eb53121512b70434fd82eb010611e6f0a305d154,bodies/2661_2026-06-08_2026-09-06_a1.body,receipts/2661_2026-06-08_2026-09-06_a1.json,new,new_20260913_2661_2026-06-08_2026-09-06_a1,https://api-v3.thaiwater.net/api/v1/thaiwater30/public/waterlevel_graph?station_type=tele_waterlevel&station_id=2661&start_date=2026-06-08&end_date=2026-09-06,th_agency_12,unknown
2662,stage_reported,value,2026-06-08,2026-09-06,91,2184,2026-06-08 00:00,2026-09-06 23:00,2089,available,200,application/json; charset=utf-8,2026-09-13T18:15:48.394309+00:00,172531,9b89fff7a607f1fcf6cbb76607bcad5f8825c66d459b749c0785cbfffe793dd7,bodies/2662_2026-06-08_2026-09-06_a1.body,receipts/2662_2026-06-08_2026-09-06_a1.json,new,new_20260913_2662_2026-06-08_2026-09-06_a1,https://api-v3.thaiwater.net/api/v1/thaiwater30/public/waterlevel_graph?station_type=tele_waterlevel&station_id=2662&start_date=2026-06-08&end_date=2026-09-06,th_agency_12,available
2662,discharge_reported,discharge,2026-06-08,2026-09-06,91,2184,2026-06-08 00:00,2026-09-06 23:00,0,empty_in_tested_window,200,application/json; charset=utf-8,2026-09-13T18:15:48.394309+00:00,172531,9b89fff7a607f1fcf6cbb76607bcad5f8825c66d459b749c0785cbfffe793dd7,bodies/2662_2026-06-08_2026-09-06_a1.body,receipts/2662_2026-06-08_2026-09-06_a1.json,new,new_20260913_2662_2026-06-08_2026-09-06_a1,https://api-v3.thaiwater.net/api/v1/thaiwater30/public/waterlevel_graph?station_type=tele_waterlevel&station_id=2662&start_date=2026-06-08&end_date=2026-09-06,th_agency_12,unknown
2663,stage_reported,value,2026-08-31,2026-09-06,7,168,2026-08-31 00:00,2026-09-06 23:00,161,available,200,application/json; charset=utf-8,2026-09-13T18:15:49.834938+00:00,13972,83ded692772d0548e39f3db82a4d7e8322d7905574ec94d8123724f7ab5f8b42,bodies/2663_2026-08-31_2026-09-06_a1.body,receipts/2663_2026-08-31_2026-09-06_a1.json,new,new_20260913_2663_2026-08-31_2026-09-06_a1,https://api-v3.thaiwater.net/api/v1/thaiwater30/public/waterlevel_graph?station_type=tele_waterlevel&station_id=2663&start_date=2026-08-31&end_date=2026-09-06,th_agency_12,available
2663,discharge_reported,discharge,2026-08-31,2026-09-06,7,168,2026-08-31 00:00,2026-09-06 23:00,161,available,200,application/json; charset=utf-8,2026-09-13T18:15:49.834938+00:00,13972,83ded692772d0548e39f3db82a4d7e8322d7905574ec94d8123724f7ab5f8b42,bodies/2663_2026-08-31_2026-09-06_a1.body,receipts/2663_2026-08-31_2026-09-06_a1.json,new,new_20260913_2663_2026-08-31_2026-09-06_a1,https://api-v3.thaiwater.net/api/v1/thaiwater30/public/waterlevel_graph?station_type=tele_waterlevel&station_id=2663&start_date=2026-08-31&end_date=2026-09-06,th_agency_12,available
2664,stage_reported,value,2026-08-31,2026-09-06,7,168,2026-08-31 00:00,2026-09-06 23:00,161,available,200,application/json; charset=utf-8,2026-09-13T18:15:51.593687+00:00,14196,9b411ca4c9f3a3655b7aa5066af5448de96ad2f0971e3e1fcead1ead118053ec,bodies/2664_2026-08-31_2026-09-06_a1.body,receipts/2664_2026-08-31_2026-09-06_a1.json,new,new_20260913_2664_2026-08-31_2026-09-06_a1,https://api-v3.thaiwater.net/api/v1/thaiwater30/public/waterlevel_graph?station_type=tele_waterlevel&station_id=2664&start_date=2026-08-31&end_date=2026-09-06,th_agency_12,available
2664,discharge_reported,discharge,2026-08-31,2026-09-06,7,168,2026-08-31 00:00,2026-09-06 23:00,161,available,200,application/json; charset=utf-8,2026-09-13T18:15:51.593687+00:00,14196,9b411ca4c9f3a3655b7aa5066af5448de96ad2f0971e3e1fcead1ead118053ec,bodies/2664_2026-08-31_2026-09-06_a1.body,receipts/2664_2026-08-31_2026-09-06_a1.json,new,new_20260913_2664_2026-08-31_2026-09-06_a1,https://api-v3.thaiwater.net/api/v1/thaiwater30/public/waterlevel_graph?station_type=tele_waterlevel&station_id=2664&start_date=2026-08-31&end_date=2026-09-06,th_agency_12,available
2665,stage_reported,value,2026-08-31,2026-09-06,7,168,2026-08-31 00:00,2026-09-06 23:00,161,available,200,application/json; charset=utf-8,2026-09-13T18:15:53.327549+00:00,14549,d004f58e938016cad68bde9f21c7e6d82e0c23f2efdc5db73a325a48c93a4bd1,bodies/2665_2026-08-31_2026-09-06_a1.body,receipts/2665_2026-08-31_2026-09-06_a1.json,new,new_20260913_2665_2026-08-31_2026-09-06_a1,https://api-v3.thaiwater.net/api/v1/thaiwater30/public/waterlevel_graph?station_type=tele_waterlevel&station_id=2665&start_date=2026-08-31&end_date=2026-09-06,th_agency_12,available
2665,discharge_reported,discharge,2026-08-31,2026-09-06,7,168,2026-08-31 00:00,2026-09-06 23:00,161,available,200,application/json; charset=utf-8,2026-09-13T18:15:53.327549+00:00,14549,d004f58e938016cad68bde9f21c7e6d82e0c23f2efdc5db73a325a48c93a4bd1,bodies/2665_2026-08-31_2026-09-06_a1.body,receipts/2665_2026-08-31_2026-09-06_a1.json,new,new_20260913_2665_2026-08-31_2026-09-06_a1,https://api-v3.thaiwater.net/api/v1/thaiwater30/public/waterlevel_graph?station_type=tele_waterlevel&station_id=2665&start_date=2026-08-31&end_date=2026-09-06,th_agency_12,available
2666,stage_reported,value,2026-06-08,2026-09-06,91,2184,2026-06-08 00:00,2026-09-06 23:00,1922,available,200,application/json; charset=utf-8,2026-09-13T18:15:55.553019+00:00,183147,eafed6cd884280061421bf23b2911e83c972c6e9c44c1f2b1451f18f43fd9ce7,bodies/2666_2026-06-08_2026-09-06_a1.body,receipts/2666_2026-06-08_2026-09-06_a1.json,new,new_20260913_2666_2026-06-08_2026-09-06_a1,https://api-v3.thaiwater.net/api/v1/thaiwater30/public/waterlevel_graph?station_type=tele_waterlevel&station_id=2666&start_date=2026-06-08&end_date=2026-09-06,th_agency_12,available
2666,discharge_reported,discharge,2026-06-08,2026-09-06,91,2184,2026-06-08 00:00,2026-09-06 23:00,0,empty_in_tested_window,200,application/json; charset=utf-8,2026-09-13T18:15:55.553019+00:00,183147,eafed6cd884280061421bf23b2911e83c972c6e9c44c1f2b1451f18f43fd9ce7,bodies/2666_2026-06-08_2026-09-06_a1.body,receipts/2666_2026-06-08_2026-09-06_a1.json,new,new_20260913_2666_2026-06-08_2026-09-06_a1,https://api-v3.thaiwater.net/api/v1/thaiwater30/public/waterlevel_graph?station_type=tele_waterlevel&station_id=2666&start_date=2026-06-08&end_date=2026-09-06,th_agency_12,unknown
2668,stage_reported,value,2026-06-08,2026-09-06,91,2184,2026-06-08 00:00,2026-09-06 23:00,88,available,200,application/json; charset=utf-8,2026-09-13T18:15:57.683741+00:00,173132,c67ef660deaa956ac32b3f8dba7d8f9ebe97cf4a50eda494d1c2fc6818bfe65d,bodies/2668_2026-06-08_2026-09-06_a1.body,receipts/2668_2026-06-08_2026-09-06_a1.json,new,new_20260913_2668_2026-06-08_2026-09-06_a1,https://api-v3.thaiwater.net/api/v1/thaiwater30/public/waterlevel_graph?station_type=tele_waterlevel&station_id=2668&start_date=2026-06-08&end_date=2026-09-06,th_agency_12,available
2668,discharge_reported,discharge,2026-06-08,2026-09-06,91,2184,2026-06-08 00:00,2026-09-06 23:00,0,empty_in_tested_window,200,application/json; charset=utf-8,2026-09-13T18:15:57.683741+00:00,173132,c67ef660deaa956ac32b3f8dba7d8f9ebe97cf4a50eda494d1c2fc6818bfe65d,bodies/2668_2026-06-08_2026-09-06_a1.body,receipts/2668_2026-06-08_2026-09-06_a1.json,new,new_20260913_2668_2026-06-08_2026-09-06_a1,https://api-v3.thaiwater.net/api/v1/thaiwater30/public/waterlevel_graph?station_type=tele_waterlevel&station_id=2668&start_date=2026-06-08&end_date=2026-09-06,th_agency_12,unknown
2669,stage_reported,value,2026-08-31,2026-09-06,7,168,2026-08-31 00:00,2026-09-06 23:00,161,available,200,application/json; charset=utf-8,2026-09-13T18:15:59.108965+00:00,13504,113d6e64ce1c266067e57e3ddaa17ee83aca55071e2f69933f46bc0448482430,bodies/2669_2026-08-31_2026-09-06_a1.body,receipts/2669_2026-08-31_2026-09-06_a1.json,new,new_20260913_2669_2026-08-31_2026-09-06_a1,https://api-v3.thaiwater.net/api/v1/thaiwater30/public/waterlevel_graph?station_type=tele_waterlevel&station_id=2669&start_date=2026-08-31&end_date=2026-09-06,th_agency_12,available
2669,discharge_reported,discharge,2026-08-31,2026-09-06,7,168,2026-08-31 00:00,2026-09-06 23:00,161,available,200,application/json; charset=utf-8,2026-09-13T18:15:59.108965+00:00,13504,113d6e64ce1c266067e57e3ddaa17ee83aca55071e2f69933f46bc0448482430,bodies/2669_2026-08-31_2026-09-06_a1.body,receipts/2669_2026-08-31_2026-09-06_a1.json,new,new_20260913_2669_2026-08-31_2026-09-06_a1,https://api-v3.thaiwater.net/api/v1/thaiwater30/public/waterlevel_graph?station_type=tele_waterlevel&station_id=2669&start_date=2026-08-31&end_date=2026-09-06,th_agency_12,available
2671,stage_reported,value,2026-08-31,2026-09-06,7,168,2026-08-31 00:00,2026-09-06 23:00,152,available,200,application/json; charset=utf-8,2026-09-13T18:16:02.159040+00:00,14281,2d4f49a4270cdda8d008545c7e8212b8743148089c4cee05ff8c1f5a853e2f09,bodies/2671_2026-08-31_2026-09-06_a1.body,receipts/2671_2026-08-31_2026-09-06_a1.json,new,new_20260913_2671_2026-08-31_2026-09-06_a1,https://api-v3.thaiwater.net/api/v1/thaiwater30/public/waterlevel_graph?station_type=tele_waterlevel&station_id=2671&start_date=2026-08-31&end_date=2026-09-06,th_agency_12,available
2671,discharge_reported,discharge,2026-08-31,2026-09-06,7,168,2026-08-31 00:00,2026-09-06 23:00,152,available,200,application/json; charset=utf-8,2026-09-13T18:16:02.159040+00:00,14281,2d4f49a4270cdda8d008545c7e8212b8743148089c4cee05ff8c1f5a853e2f09,bodies/2671_2026-08-31_2026-09-06_a1.body,receipts/2671_2026-08-31_2026-09-06_a1.json,new,new_20260913_2671_2026-08-31_2026-09-06_a1,https://api-v3.thaiwater.net/api/v1/thaiwater30/public/waterlevel_graph?station_type=tele_waterlevel&station_id=2671&start_date=2026-08-31&end_date=2026-09-06,th_agency_12,available
2672,stage_reported,value,2026-08-31,2026-09-06,7,168,2026-08-31 00:00,2026-09-06 23:00,161,available,200,application/json; charset=utf-8,2026-09-13T18:16:03.824072+00:00,14350,6134fec1de8c5783135e63fa5134867eaa98f2143a2b9a84439e01e566b93f13,bodies/2672_2026-08-31_2026-09-06_a1.body,receipts/2672_2026-08-31_2026-09-06_a1.json,new,new_20260913_2672_2026-08-31_2026-09-06_a1,https://api-v3.thaiwater.net/api/v1/thaiwater30/public/waterlevel_graph?station_type=tele_waterlevel&station_id=2672&start_date=2026-08-31&end_date=2026-09-06,th_agency_12,available
2672,discharge_reported,discharge,2026-08-31,2026-09-06,7,168,2026-08-31 00:00,2026-09-06 23:00,161,available,200,application/json; charset=utf-8,2026-09-13T18:16:03.824072+00:00,14350,6134fec1de8c5783135e63fa5134867eaa98f2143a2b9a84439e01e566b93f13,bodies/2672_2026-08-31_2026-09-06_a1.body,receipts/2672_2026-08-31_2026-09-06_a1.json,new,new_20260913_2672_2026-08-31_2026-09-06_a1,https://api-v3.thaiwater.net/api/v1/thaiwater30/public/waterlevel_graph?station_type=tele_waterlevel&station_id=2672&start_date=2026-08-31&end_date=2026-09-06,th_agency_12,available
2675,stage_reported,value,2026-08-31,2026-09-06,7,168,2026-08-31 00:00,2026-09-06 23:00,161,available,200,application/json; charset=utf-8,2026-09-13T18:16:05.285156+00:00,13826,4d88874c75aae82399e532dfd9cd7e6d5edfbba1bbb340b92b2ab87194f90c78,bodies/2675_2026-08-31_2026-09-06_a1.body,receipts/2675_2026-08-31_2026-09-06_a1.json,new,new_20260913_2675_2026-08-31_2026-09-06_a1,https://api-v3.thaiwater.net/api/v1/thaiwater30/public/waterlevel_graph?station_type=tele_waterlevel&station_id=2675&start_date=2026-08-31&end_date=2026-09-06,th_agency_12,available
2675,discharge_reported,discharge,2026-08-31,2026-09-06,7,168,2026-08-31 00:00,2026-09-06 23:00,161,available,200,application/json; charset=utf-8,2026-09-13T18:16:05.285156+00:00,13826,4d88874c75aae82399e532dfd9cd7e6d5edfbba1bbb340b92b2ab87194f90c78,bodies/2675_2026-08-31_2026-09-06_a1.body,receipts/2675_2026-08-31_2026-09-06_a1.json,new,new_20260913_2675_2026-08-31_2026-09-06_a1,https://api-v3.thaiwater.net/api/v1/thaiwater30/public/waterlevel_graph?station_type=tele_waterlevel&station_id=2675&start_date=2026-08-31&end_date=2026-09-06,th_agency_12,available
2676,stage_reported,value,2026-06-08,2026-09-06,91,2184,2026-06-08 00:00,2026-09-06 23:00,1980,available,200,application/json; charset=utf-8,2026-09-13T18:16:07.481138+00:00,198586,d3a0a3b780c90f9c381b0f290077921da072d237b047d1bc7a3517761c1b4639,bodies/2676_2026-06-08_2026-09-06_a1.body,receipts/2676_2026-06-08_2026-09-06_a1.json,new,new_20260913_2676_2026-06-08_2026-09-06_a1,https://api-v3.thaiwater.net/api/v1/thaiwater30/public/waterlevel_graph?station_type=tele_waterlevel&station_id=2676&start_date=2026-06-08&end_date=2026-09-06,th_agency_12,available
2676,discharge_reported,discharge,2026-06-08,2026-09-06,91,2184,2026-06-08 00:00,2026-09-06 23:00,0,empty_in_tested_window,200,application/json; charset=utf-8,2026-09-13T18:16:07.481138+00:00,198586,d3a0a3b780c90f9c381b0f290077921da072d237b047d1bc7a3517761c1b4639,bodies/2676_2026-06-08_2026-09-06_a1.body,receipts/2676_2026-06-08_2026-09-06_a1.json,new,new_20260913_2676_2026-06-08_2026-09-06_a1,https://api-v3.thaiwater.net/api/v1/thaiwater30/public/waterlevel_graph?station_type=tele_waterlevel&station_id=2676&start_date=2026-06-08&end_date=2026-09-06,th_agency_12,unknown
2677,stage_reported,value,2026-08-31,2026-09-06,7,168,2026-08-31 00:00,2026-09-06 23:00,161,available,200,application/json; charset=utf-8,2026-09-13T18:16:08.968302+00:00,13778,0a94a37068307d124da388cbc404469f4471ea401ef0b92ff02973d8c4e20b80,bodies/2677_2026-08-31_2026-09-06_a1.body,receipts/2677_2026-08-31_2026-09-06_a1.json,new,new_20260913_2677_2026-08-31_2026-09-06_a1,https://api-v3.thaiwater.net/api/v1/thaiwater30/public/waterlevel_graph?station_type=tele_waterlevel&station_id=2677&start_date=2026-08-31&end_date=2026-09-06,th_agency_12,available
2677,discharge_reported,discharge,2026-08-31,2026-09-06,7,168,2026-08-31 00:00,2026-09-06 23:00,161,available,200,application/json; charset=utf-8,2026-09-13T18:16:08.968302+00:00,13778,0a94a37068307d124da388cbc404469f4471ea401ef0b92ff02973d8c4e20b80,bodies/2677_2026-08-31_2026-09-06_a1.body,receipts/2677_2026-08-31_2026-09-06_a1.json,new,new_20260913_2677_2026-08-31_2026-09-06_a1,https://api-v3.thaiwater.net/api/v1/thaiwater30/public/waterlevel_graph?station_type=tele_waterlevel&station_id=2677&start_date=2026-08-31&end_date=2026-09-06,th_agency_12,available
2679,stage_reported,value,2026-08-31,2026-09-06,7,168,2026-08-31 00:00,2026-09-06 23:00,152,available,200,application/json; charset=utf-8,2026-09-13T18:16:10.673811+00:00,15067,8303fc74378ac643c63d56c1c423a621b07706d735647cfbff10e4d4eaef53ea,bodies/2679_2026-08-31_2026-09-06_a1.body,receipts/2679_2026-08-31_2026-09-06_a1.json,new,new_20260913_2679_2026-08-31_2026-09-06_a1,https://api-v3.thaiwater.net/api/v1/thaiwater30/public/waterlevel_graph?station_type=tele_waterlevel&station_id=2679&start_date=2026-08-31&end_date=2026-09-06,th_agency_12,available
2679,discharge_reported,discharge,2026-08-31,2026-09-06,7,168,2026-08-31 00:00,2026-09-06 23:00,152,available,200,application/json; charset=utf-8,2026-09-13T18:16:10.673811+00:00,15067,8303fc74378ac643c63d56c1c423a621b07706d735647cfbff10e4d4eaef53ea,bodies/2679_2026-08-31_2026-09-06_a1.body,receipts/2679_2026-08-31_2026-09-06_a1.json,new,new_20260913_2679_2026-08-31_2026-09-06_a1,https://api-v3.thaiwater.net/api/v1/thaiwater30/public/waterlevel_graph?station_type=tele_waterlevel&station_id=2679&start_date=2026-08-31&end_date=2026-09-06,th_agency_12,available
2680,stage_reported,value,2026-08-31,2026-09-06,7,168,2026-08-31 00:00,2026-09-06 23:00,161,available,200,application/json; charset=utf-8,2026-09-13T18:16:12.192577+00:00,13948,3ed08dfa6857dacf993ea8c1f4ccc866d45776a6ba640b18e39a55b9ec4a0eca,bodies/2680_2026-08-31_2026-09-06_a1.body,receipts/2680_2026-08-31_2026-09-06_a1.json,new,new_20260913_2680_2026-08-31_2026-09-06_a1,https://api-v3.thaiwater.net/api/v1/thaiwater30/public/waterlevel_graph?station_type=tele_waterlevel&station_id=2680&start_date=2026-08-31&end_date=2026-09-06,th_agency_12,available
2680,discharge_reported,discharge,2026-08-31,2026-09-06,7,168,2026-08-31 00:00,2026-09-06 23:00,161,available,200,application/json; charset=utf-8,2026-09-13T18:16:12.192577+00:00,13948,3ed08dfa6857dacf993ea8c1f4ccc866d45776a6ba640b18e39a55b9ec4a0eca,bodies/2680_2026-08-31_2026-09-06_a1.body,receipts/2680_2026-08-31_2026-09-06_a1.json,new,new_20260913_2680_2026-08-31_2026-09-06_a1,https://api-v3.thaiwater.net/api/v1/thaiwater30/public/waterlevel_graph?station_type=tele_waterlevel&station_id=2680&start_date=2026-08-31&end_date=2026-09-06,th_agency_12,available
2682,stage_reported,value,2026-08-31,2026-09-06,7,168,2026-08-31 00:00,2026-09-06 23:00,152,available,200,application/json; charset=utf-8,2026-09-13T18:16:13.610845+00:00,14076,c68ca6d8010b4c492246fb4ef5ed8608b97d45e761601639f02e9d4859b530f8,bodies/2682_2026-08-31_2026-09-06_a1.body,receipts/2682_2026-08-31_2026-09-06_a1.json,new,new_20260913_2682_2026-08-31_2026-09-06_a1,https://api-v3.thaiwater.net/api/v1/thaiwater30/public/waterlevel_graph?station_type=tele_waterlevel&station_id=2682&start_date=2026-08-31&end_date=2026-09-06,th_agency_12,available
2682,discharge_reported,discharge,2026-08-31,2026-09-06,7,168,2026-08-31 00:00,2026-09-06 23:00,152,available,200,application/json; charset=utf-8,2026-09-13T18:16:13.610845+00:00,14076,c68ca6d8010b4c492246fb4ef5ed8608b97d45e761601639f02e9d4859b530f8,bodies/2682_2026-08-31_2026-09-06_a1.body,receipts/2682_2026-08-31_2026-09-06_a1.json,new,new_20260913_2682_2026-08-31_2026-09-06_a1,https://api-v3.thaiwater.net/api/v1/thaiwater30/public/waterlevel_graph?station_type=tele_waterlevel&station_id=2682&start_date=2026-08-31&end_date=2026-09-06,th_agency_12,available
2683,stage_reported,value,2026-06-08,2026-09-06,91,2184,2026-06-08 00:00,2026-09-06 23:00,2074,available,200,application/json; charset=utf-8,2026-09-13T18:16:15.805854+00:00,172773,f64e79327735a67045b26ed162066af397b73b3e61b4e40f97eefe959ad8a7a1,bodies/2683_2026-06-08_2026-09-06_a1.body,receipts/2683_2026-06-08_2026-09-06_a1.json,new,new_20260913_2683_2026-06-08_2026-09-06_a1,https://api-v3.thaiwater.net/api/v1/thaiwater30/public/waterlevel_graph?station_type=tele_waterlevel&station_id=2683&start_date=2026-06-08&end_date=2026-09-06,th_agency_12,available
2683,discharge_reported,discharge,2026-06-08,2026-09-06,91,2184,2026-06-08 00:00,2026-09-06 23:00,0,empty_in_tested_window,200,application/json; charset=utf-8,2026-09-13T18:16:15.805854+00:00,172773,f64e79327735a67045b26ed162066af397b73b3e61b4e40f97eefe959ad8a7a1,bodies/2683_2026-06-08_2026-09-06_a1.body,receipts/2683_2026-06-08_2026-09-06_a1.json,new,new_20260913_2683_2026-06-08_2026-09-06_a1,https://api-v3.thaiwater.net/api/v1/thaiwater30/public/waterlevel_graph?station_type=tele_waterlevel&station_id=2683&start_date=2026-06-08&end_date=2026-09-06,th_agency_12,unknown
2686,stage_reported,value,2026-06-08,2026-09-06,91,2184,2026-06-08 00:00,2026-09-06 23:00,1987,available,200,application/json; charset=utf-8,2026-09-13T18:16:17.981163+00:00,183649,ca9a42158163f2ee486a363826d2c2cf4f23423bf100ed39d0a7227f8d6f121c,bodies/2686_2026-06-08_2026-09-06_a1.body,receipts/2686_2026-06-08_2026-09-06_a1.json,new,new_20260913_2686_2026-06-08_2026-09-06_a1,https://api-v3.thaiwater.net/api/v1/thaiwater30/public/waterlevel_graph?station_type=tele_waterlevel&station_id=2686&start_date=2026-06-08&end_date=2026-09-06,th_agency_12,available
2686,discharge_reported,discharge,2026-06-08,2026-09-06,91,2184,2026-06-08 00:00,2026-09-06 23:00,866,available,200,application/json; charset=utf-8,2026-09-13T18:16:17.981163+00:00,183649,ca9a42158163f2ee486a363826d2c2cf4f23423bf100ed39d0a7227f8d6f121c,bodies/2686_2026-06-08_2026-09-06_a1.body,receipts/2686_2026-06-08_2026-09-06_a1.json,new,new_20260913_2686_2026-06-08_2026-09-06_a1,https://api-v3.thaiwater.net/api/v1/thaiwater30/public/waterlevel_graph?station_type=tele_waterlevel&station_id=2686&start_date=2026-06-08&end_date=2026-09-06,th_agency_12,available
2687,stage_reported,value,2026-08-31,2026-09-06,7,168,2026-08-31 00:00,2026-09-06 23:00,161,available,200,application/json; charset=utf-8,2026-09-13T18:16:19.440421+00:00,13922,b83b57cba2ee24564188de7956659cb07e79a53ce98c3788e3341c71bc725b45,bodies/2687_2026-08-31_2026-09-06_a1.body,receipts/2687_2026-08-31_2026-09-06_a1.json,new,new_20260913_2687_2026-08-31_2026-09-06_a1,https://api-v3.thaiwater.net/api/v1/thaiwater30/public/waterlevel_graph?station_type=tele_waterlevel&station_id=2687&start_date=2026-08-31&end_date=2026-09-06,th_agency_12,available
2687,discharge_reported,discharge,2026-08-31,2026-09-06,7,168,2026-08-31 00:00,2026-09-06 23:00,161,available,200,application/json; charset=utf-8,2026-09-13T18:16:19.440421+00:00,13922,b83b57cba2ee24564188de7956659cb07e79a53ce98c3788e3341c71bc725b45,bodies/2687_2026-08-31_2026-09-06_a1.body,receipts/2687_2026-08-31_2026-09-06_a1.json,new,new_20260913_2687_2026-08-31_2026-09-06_a1,https://api-v3.thaiwater.net/api/v1/thaiwater30/public/waterlevel_graph?station_type=tele_waterlevel&station_id=2687&start_date=2026-08-31&end_date=2026-09-06,th_agency_12,available
2688,stage_reported,value,2026-08-31,2026-09-06,7,168,2026-08-31 00:00,2026-09-06 23:00,152,available,200,application/json; charset=utf-8,2026-09-13T18:16:21.219108+00:00,14547,b58bf798259bcf4342efe56faaaf85bdfaa030d7eb9ef679be3361936c2a7c5e,bodies/2688_2026-08-31_2026-09-06_a1.body,receipts/2688_2026-08-31_2026-09-06_a1.json,new,new_20260913_2688_2026-08-31_2026-09-06_a1,https://api-v3.thaiwater.net/api/v1/thaiwater30/public/waterlevel_graph?station_type=tele_waterlevel&station_id=2688&start_date=2026-08-31&end_date=2026-09-06,th_agency_12,available
2688,discharge_reported,discharge,2026-08-31,2026-09-06,7,168,2026-08-31 00:00,2026-09-06 23:00,152,available,200,application/json; charset=utf-8,2026-09-13T18:16:21.219108+00:00,14547,b58bf798259bcf4342efe56faaaf85bdfaa030d7eb9ef679be3361936c2a7c5e,bodies/2688_2026-08-31_2026-09-06_a1.body,receipts/2688_2026-08-31_2026-09-06_a1.json,new,new_20260913_2688_2026-08-31_2026-09-06_a1,https://api-v3.thaiwater.net/api/v1/thaiwater30/public/waterlevel_graph?station_type=tele_waterlevel&station_id=2688&start_date=2026-08-31&end_date=2026-09-06,th_agency_12,available
2689,stage_reported,value,2026-08-31,2026-09-06,7,168,2026-08-31 00:00,2026-09-06 23:00,161,available,200,application/json; charset=utf-8,2026-09-13T18:16:22.670842+00:00,13973,80ae297f1ce43ce4df38fde9f865174f1b5518d726058d393a4c22d95b2a57bc,bodies/2689_2026-08-31_2026-09-06_a1.body,receipts/2689_2026-08-31_2026-09-06_a1.json,new,new_20260913_2689_2026-08-31_2026-09-06_a1,https://api-v3.thaiwater.net/api/v1/thaiwater30/public/waterlevel_graph?station_type=tele_waterlevel&station_id=2689&start_date=2026-08-31&end_date=2026-09-06,th_agency_12,available
2689,discharge_reported,discharge,2026-08-31,2026-09-06,7,168,2026-08-31 00:00,2026-09-06 23:00,80,available,200,application/json; charset=utf-8,2026-09-13T18:16:22.670842+00:00,13973,80ae297f1ce43ce4df38fde9f865174f1b5518d726058d393a4c22d95b2a57bc,bodies/2689_2026-08-31_2026-09-06_a1.body,receipts/2689_2026-08-31_2026-09-06_a1.json,new,new_20260913_2689_2026-08-31_2026-09-06_a1,https://api-v3.thaiwater.net/api/v1/thaiwater30/public/waterlevel_graph?station_type=tele_waterlevel&station_id=2689&start_date=2026-08-31&end_date=2026-09-06,th_agency_12,available
2694,stage_reported,value,2026-06-08,2026-09-06,91,2184,2026-06-08 00:00,2026-09-06 23:00,1778,available,200,application/json; charset=utf-8,2026-09-13T18:16:25.106991+00:00,185196,b63254ed8ee00cc1886b24c4f63ac8a3eabc32455e7f8fd2d1fa6bff8bde0dd7,bodies/2694_2026-06-08_2026-09-06_a1.body,receipts/2694_2026-06-08_2026-09-06_a1.json,new,new_20260913_2694_2026-06-08_2026-09-06_a1,https://api-v3.thaiwater.net/api/v1/thaiwater30/public/waterlevel_graph?station_type=tele_waterlevel&station_id=2694&start_date=2026-06-08&end_date=2026-09-06,th_agency_12,available
2694,discharge_reported,discharge,2026-06-08,2026-09-06,91,2184,2026-06-08 00:00,2026-09-06 23:00,0,empty_in_tested_window,200,application/json; charset=utf-8,2026-09-13T18:16:25.106991+00:00,185196,b63254ed8ee00cc1886b24c4f63ac8a3eabc32455e7f8fd2d1fa6bff8bde0dd7,bodies/2694_2026-06-08_2026-09-06_a1.body,receipts/2694_2026-06-08_2026-09-06_a1.json,new,new_20260913_2694_2026-06-08_2026-09-06_a1,https://api-v3.thaiwater.net/api/v1/thaiwater30/public/waterlevel_graph?station_type=tele_waterlevel&station_id=2694&start_date=2026-06-08&end_date=2026-09-06,th_agency_12,unknown
2695,stage_reported,value,2026-08-31,2026-09-06,7,168,2026-08-31 00:00,2026-09-06 23:00,157,available,200,application/json; charset=utf-8,2026-09-13T18:16:26.507218+00:00,14788,950ef97875bb569a68953007eb89d501ae21b0429eca9f724e87fdc6bffd8756,bodies/2695_2026-08-31_2026-09-06_a1.body,receipts/2695_2026-08-31_2026-09-06_a1.json,new,new_20260913_2695_2026-08-31_2026-09-06_a1,https://api-v3.thaiwater.net/api/v1/thaiwater30/public/waterlevel_graph?station_type=tele_waterlevel&station_id=2695&start_date=2026-08-31&end_date=2026-09-06,th_agency_12,available
2695,discharge_reported,discharge,2026-08-31,2026-09-06,7,168,2026-08-31 00:00,2026-09-06 23:00,157,available,200,application/json; charset=utf-8,2026-09-13T18:16:26.507218+00:00,14788,950ef97875bb569a68953007eb89d501ae21b0429eca9f724e87fdc6bffd8756,bodies/2695_2026-08-31_2026-09-06_a1.body,receipts/2695_2026-08-31_2026-09-06_a1.json,new,new_20260913_2695_2026-08-31_2026-09-06_a1,https://api-v3.thaiwater.net/api/v1/thaiwater30/public/waterlevel_graph?station_type=tele_waterlevel&station_id=2695&start_date=2026-08-31&end_date=2026-09-06,th_agency_12,available
2698,stage_reported,value,2026-08-31,2026-09-06,7,168,2026-08-31 00:00,2026-09-06 23:00,157,available,200,application/json; charset=utf-8,2026-09-13T18:16:28.179985+00:00,14473,8e850fab4a050ff56701e52060e333180aa55d7986f6a567356342188242c6e8,bodies/2698_2026-08-31_2026-09-06_a1.body,receipts/2698_2026-08-31_2026-09-06_a1.json,new,new_20260913_2698_2026-08-31_2026-09-06_a1,https://api-v3.thaiwater.net/api/v1/thaiwater30/public/waterlevel_graph?station_type=tele_waterlevel&station_id=2698&start_date=2026-08-31&end_date=2026-09-06,th_agency_12,available
2698,discharge_reported,discharge,2026-08-31,2026-09-06,7,168,2026-08-31 00:00,2026-09-06 23:00,157,available,200,application/json; charset=utf-8,2026-09-13T18:16:28.179985+00:00,14473,8e850fab4a050ff56701e52060e333180aa55d7986f6a567356342188242c6e8,bodies/2698_2026-08-31_2026-09-06_a1.body,receipts/2698_2026-08-31_2026-09-06_a1.json,new,new_20260913_2698_2026-08-31_2026-09-06_a1,https://api-v3.thaiwater.net/api/v1/thaiwater30/public/waterlevel_graph?station_type=tele_waterlevel&station_id=2698&start_date=2026-08-31&end_date=2026-09-06,th_agency_12,available
2700,stage_reported,value,2026-08-31,2026-09-06,7,168,2026-08-31 00:00,2026-09-06 23:00,157,available,200,application/json; charset=utf-8,2026-09-13T18:16:29.799650+00:00,14230,bcccc1a34fa3ab6f142b01025f749cfeba5d5a8805d86d70735deb627592efda,bodies/2700_2026-08-31_2026-09-06_a1.body,receipts/2700_2026-08-31_2026-09-06_a1.json,new,new_20260913_2700_2026-08-31_2026-09-06_a1,https://api-v3.thaiwater.net/api/v1/thaiwater30/public/waterlevel_graph?station_type=tele_waterlevel&station_id=2700&start_date=2026-08-31&end_date=2026-09-06,th_agency_12,available
2700,discharge_reported,discharge,2026-08-31,2026-09-06,7,168,2026-08-31 00:00,2026-09-06 23:00,157,available,200,application/json; charset=utf-8,2026-09-13T18:16:29.799650+00:00,14230,bcccc1a34fa3ab6f142b01025f749cfeba5d5a8805d86d70735deb627592efda,bodies/2700_2026-08-31_2026-09-06_a1.body,receipts/2700_2026-08-31_2026-09-06_a1.json,new,new_20260913_2700_2026-08-31_2026-09-06_a1,https://api-v3.thaiwater.net/api/v1/thaiwater30/public/waterlevel_graph?station_type=tele_waterlevel&station_id=2700&start_date=2026-08-31&end_date=2026-09-06,th_agency_12,available
2707,stage_reported,value,2026-08-31,2026-09-06,7,168,2026-08-31 00:00,2026-09-06 23:00,151,available,200,application/json; charset=utf-8,2026-09-13T18:16:31.412912+00:00,15201,fe170ad8ece95471cd8e2e115d60b6eae6e7612170800081818a1f4d471489b7,bodies/2707_2026-08-31_2026-09-06_a1.body,receipts/2707_2026-08-31_2026-09-06_a1.json,new,new_20260913_2707_2026-08-31_2026-09-06_a1,https://api-v3.thaiwater.net/api/v1/thaiwater30/public/waterlevel_graph?station_type=tele_waterlevel&station_id=2707&start_date=2026-08-31&end_date=2026-09-06,th_agency_12,available
2707,discharge_reported,discharge,2026-08-31,2026-09-06,7,168,2026-08-31 00:00,2026-09-06 23:00,151,available,200,application/json; charset=utf-8,2026-09-13T18:16:31.412912+00:00,15201,fe170ad8ece95471cd8e2e115d60b6eae6e7612170800081818a1f4d471489b7,bodies/2707_2026-08-31_2026-09-06_a1.body,receipts/2707_2026-08-31_2026-09-06_a1.json,new,new_20260913_2707_2026-08-31_2026-09-06_a1,https://api-v3.thaiwater.net/api/v1/thaiwater30/public/waterlevel_graph?station_type=tele_waterlevel&station_id=2707&start_date=2026-08-31&end_date=2026-09-06,th_agency_12,available
2712,stage_reported,value,2026-08-31,2026-09-06,7,168,2026-08-31 00:00,2026-09-06 23:00,161,available,200,application/json; charset=utf-8,2026-09-13T18:16:32.842348+00:00,13405,b72a12e4fc66eea1a062822dc3298e33b45ea33a8680a68b258c6e793aab6a37,bodies/2712_2026-08-31_2026-09-06_a1.body,receipts/2712_2026-08-31_2026-09-06_a1.json,new,new_20260913_2712_2026-08-31_2026-09-06_a1,https://api-v3.thaiwater.net/api/v1/thaiwater30/public/waterlevel_graph?station_type=tele_waterlevel&station_id=2712&start_date=2026-08-31&end_date=2026-09-06,th_agency_12,available
2712,discharge_reported,discharge,2026-08-31,2026-09-06,7,168,2026-08-31 00:00,2026-09-06 23:00,161,available,200,application/json; charset=utf-8,2026-09-13T18:16:32.842348+00:00,13405,b72a12e4fc66eea1a062822dc3298e33b45ea33a8680a68b258c6e793aab6a37,bodies/2712_2026-08-31_2026-09-06_a1.body,receipts/2712_2026-08-31_2026-09-06_a1.json,new,new_20260913_2712_2026-08-31_2026-09-06_a1,https://api-v3.thaiwater.net/api/v1/thaiwater30/public/waterlevel_graph?station_type=tele_waterlevel&station_id=2712&start_date=2026-08-31&end_date=2026-09-06,th_agency_12,available
2713,stage_reported,value,2026-08-31,2026-09-06,7,168,2026-08-31 00:00,2026-09-06 23:00,157,available,200,application/json; charset=utf-8,2026-09-13T18:16:34.459922+00:00,14351,9366f8c8ce137cf2e636a001879ea62280e5ad4528a1c03c784254a09b564ca1,bodies/2713_2026-08-31_2026-09-06_a1.body,receipts/2713_2026-08-31_2026-09-06_a1.json,new,new_20260913_2713_2026-08-31_2026-09-06_a1,https://api-v3.thaiwater.net/api/v1/thaiwater30/public/waterlevel_graph?station_type=tele_waterlevel&station_id=2713&start_date=2026-08-31&end_date=2026-09-06,th_agency_12,available
2713,discharge_reported,discharge,2026-08-31,2026-09-06,7,168,2026-08-31 00:00,2026-09-06 23:00,157,available,200,application/json; charset=utf-8,2026-09-13T18:16:34.459922+00:00,14351,9366f8c8ce137cf2e636a001879ea62280e5ad4528a1c03c784254a09b564ca1,bodies/2713_2026-08-31_2026-09-06_a1.body,receipts/2713_2026-08-31_2026-09-06_a1.json,new,new_20260913_2713_2026-08-31_2026-09-06_a1,https://api-v3.thaiwater.net/api/v1/thaiwater30/public/waterlevel_graph?station_type=tele_waterlevel&station_id=2713&start_date=2026-08-31&end_date=2026-09-06,th_agency_12,available
2714,stage_reported,value,2026-08-31,2026-09-06,7,168,2026-08-31 00:00,2026-09-06 23:00,157,available,200,application/json; charset=utf-8,2026-09-13T18:16:36.068116+00:00,14331,1298ad8264b92862cdfefb2cc76125bd67268559934fdbbc2077cc0eb72c1d27,bodies/2714_2026-08-31_2026-09-06_a1.body,receipts/2714_2026-08-31_2026-09-06_a1.json,new,new_20260913_2714_2026-08-31_2026-09-06_a1,https://api-v3.thaiwater.net/api/v1/thaiwater30/public/waterlevel_graph?station_type=tele_waterlevel&station_id=2714&start_date=2026-08-31&end_date=2026-09-06,th_agency_12,available
2714,discharge_reported,discharge,2026-08-31,2026-09-06,7,168,2026-08-31 00:00,2026-09-06 23:00,157,available,200,application/json; charset=utf-8,2026-09-13T18:16:36.068116+00:00,14331,1298ad8264b92862cdfefb2cc76125bd67268559934fdbbc2077cc0eb72c1d27,bodies/2714_2026-08-31_2026-09-06_a1.body,receipts/2714_2026-08-31_2026-09-06_a1.json,new,new_20260913_2714_2026-08-31_2026-09-06_a1,https://api-v3.thaiwater.net/api/v1/thaiwater30/public/waterlevel_graph?station_type=tele_waterlevel&station_id=2714&start_date=2026-08-31&end_date=2026-09-06,th_agency_12,available
2723,stage_reported,value,2026-08-31,2026-09-06,7,168,2026-08-31 00:00,2026-09-06 23:00,161,available,200,application/json; charset=utf-8,2026-09-13T18:16:37.807566+00:00,13361,2eeee3dd323d47abc3a1f83a0859c13a469a1228beb2cca2b036aa35aa16ab5b,bodies/2723_2026-08-31_2026-09-06_a1.body,receipts/2723_2026-08-31_2026-09-06_a1.json,new,new_20260913_2723_2026-08-31_2026-09-06_a1,https://api-v3.thaiwater.net/api/v1/thaiwater30/public/waterlevel_graph?station_type=tele_waterlevel&station_id=2723&start_date=2026-08-31&end_date=2026-09-06,th_agency_12,available
2723,discharge_reported,discharge,2026-08-31,2026-09-06,7,168,2026-08-31 00:00,2026-09-06 23:00,29,available,200,application/json; charset=utf-8,2026-09-13T18:16:37.807566+00:00,13361,2eeee3dd323d47abc3a1f83a0859c13a469a1228beb2cca2b036aa35aa16ab5b,bodies/2723_2026-08-31_2026-09-06_a1.body,receipts/2723_2026-08-31_2026-09-06_a1.json,new,new_20260913_2723_2026-08-31_2026-09-06_a1,https://api-v3.thaiwater.net/api/v1/thaiwater30/public/waterlevel_graph?station_type=tele_waterlevel&station_id=2723&start_date=2026-08-31&end_date=2026-09-06,th_agency_12,available
2725,stage_reported,value,2026-08-31,2026-09-06,7,168,2026-08-31 00:00,2026-09-06 23:00,138,available,200,application/json; charset=utf-8,2026-09-13T18:16:39.543110+00:00,13537,c87ce0947a5749ea16951af9441a576b5c014b75dfd8364cc3176ecfcd27f1f6,bodies/2725_2026-08-31_2026-09-06_a1.body,receipts/2725_2026-08-31_2026-09-06_a1.json,new,new_20260913_2725_2026-08-31_2026-09-06_a1,https://api-v3.thaiwater.net/api/v1/thaiwater30/public/waterlevel_graph?station_type=tele_waterlevel&station_id=2725&start_date=2026-08-31&end_date=2026-09-06,th_agency_12,available
2725,discharge_reported,discharge,2026-08-31,2026-09-06,7,168,2026-08-31 00:00,2026-09-06 23:00,91,available,200,application/json; charset=utf-8,2026-09-13T18:16:39.543110+00:00,13537,c87ce0947a5749ea16951af9441a576b5c014b75dfd8364cc3176ecfcd27f1f6,bodies/2725_2026-08-31_2026-09-06_a1.body,receipts/2725_2026-08-31_2026-09-06_a1.json,new,new_20260913_2725_2026-08-31_2026-09-06_a1,https://api-v3.thaiwater.net/api/v1/thaiwater30/public/waterlevel_graph?station_type=tele_waterlevel&station_id=2725&start_date=2026-08-31&end_date=2026-09-06,th_agency_12,available
2726,stage_reported,value,2026-08-31,2026-09-06,7,168,2026-08-31 00:00,2026-09-06 23:00,157,available,200,application/json; charset=utf-8,2026-09-13T18:16:41.145310+00:00,14397,d69a30877cb6f7584020794ec2ac533de10270583dc4c8efa30ed58514e5270a,bodies/2726_2026-08-31_2026-09-06_a1.body,receipts/2726_2026-08-31_2026-09-06_a1.json,new,new_20260913_2726_2026-08-31_2026-09-06_a1,https://api-v3.thaiwater.net/api/v1/thaiwater30/public/waterlevel_graph?station_type=tele_waterlevel&station_id=2726&start_date=2026-08-31&end_date=2026-09-06,th_agency_12,available
2726,discharge_reported,discharge,2026-08-31,2026-09-06,7,168,2026-08-31 00:00,2026-09-06 23:00,157,available,200,application/json; charset=utf-8,2026-09-13T18:16:41.145310+00:00,14397,d69a30877cb6f7584020794ec2ac533de10270583dc4c8efa30ed58514e5270a,bodies/2726_2026-08-31_2026-09-06_a1.body,receipts/2726_2026-08-31_2026-09-06_a1.json,new,new_20260913_2726_2026-08-31_2026-09-06_a1,https://api-v3.thaiwater.net/api/v1/thaiwater30/public/waterlevel_graph?station_type=tele_waterlevel&station_id=2726&start_date=2026-08-31&end_date=2026-09-06,th_agency_12,available
2729,stage_reported,value,2026-08-31,2026-09-06,7,168,2026-08-31 00:00,2026-09-06 23:00,157,available,200,application/json; charset=utf-8,2026-09-13T18:16:42.790164+00:00,15261,6dbe3e4056ba4ddbda79fdd4b27e97d82e368b3bad26c1c714b0de7ca9e75250,bodies/2729_2026-08-31_2026-09-06_a1.body,receipts/2729_2026-08-31_2026-09-06_a1.json,new,new_20260913_2729_2026-08-31_2026-09-06_a1,https://api-v3.thaiwater.net/api/v1/thaiwater30/public/waterlevel_graph?station_type=tele_waterlevel&station_id=2729&start_date=2026-08-31&end_date=2026-09-06,th_agency_12,available
2729,discharge_reported,discharge,2026-08-31,2026-09-06,7,168,2026-08-31 00:00,2026-09-06 23:00,157,available,200,application/json; charset=utf-8,2026-09-13T18:16:42.790164+00:00,15261,6dbe3e4056ba4ddbda79fdd4b27e97d82e368b3bad26c1c714b0de7ca9e75250,bodies/2729_2026-08-31_2026-09-06_a1.body,receipts/2729_2026-08-31_2026-09-06_a1.json,new,new_20260913_2729_2026-08-31_2026-09-06_a1,https://api-v3.thaiwater.net/api/v1/thaiwater30/public/waterlevel_graph?station_type=tele_waterlevel&station_id=2729&start_date=2026-08-31&end_date=2026-09-06,th_agency_12,available
2731,stage_reported,value,2026-06-08,2026-09-06,91,2184,2026-06-08 00:00,2026-09-06 23:00,1778,available,200,application/json; charset=utf-8,2026-09-13T18:16:44.980576+00:00,187469,8f7945811fc973d15c397bb30727220e7042b0437815c5447a507421fc5e35b2,bodies/2731_2026-06-08_2026-09-06_a1.body,receipts/2731_2026-06-08_2026-09-06_a1.json,new,new_20260913_2731_2026-06-08_2026-09-06_a1,https://api-v3.thaiwater.net/api/v1/thaiwater30/public/waterlevel_graph?station_type=tele_waterlevel&station_id=2731&start_date=2026-06-08&end_date=2026-09-06,th_agency_12,available
2731,discharge_reported,discharge,2026-06-08,2026-09-06,91,2184,2026-06-08 00:00,2026-09-06 23:00,0,empty_in_tested_window,200,application/json; charset=utf-8,2026-09-13T18:16:44.980576+00:00,187469,8f7945811fc973d15c397bb30727220e7042b0437815c5447a507421fc5e35b2,bodies/2731_2026-06-08_2026-09-06_a1.body,receipts/2731_2026-06-08_2026-09-06_a1.json,new,new_20260913_2731_2026-06-08_2026-09-06_a1,https://api-v3.thaiwater.net/api/v1/thaiwater30/public/waterlevel_graph?station_type=tele_waterlevel&station_id=2731&start_date=2026-06-08&end_date=2026-09-06,th_agency_12,unknown
2737,stage_reported,value,2026-06-08,2026-09-06,91,2184,2026-06-08 00:00,2026-09-06 23:00,1778,available,200,application/json; charset=utf-8,2026-09-13T18:16:47.102404+00:00,176036,1639b29fc753c14166baeb1f490ac0e3c70b65ce131a54bb2c1bf74e2b8c0e3e,bodies/2737_2026-06-08_2026-09-06_a1.body,receipts/2737_2026-06-08_2026-09-06_a1.json,new,new_20260913_2737_2026-06-08_2026-09-06_a1,https://api-v3.thaiwater.net/api/v1/thaiwater30/public/waterlevel_graph?station_type=tele_waterlevel&station_id=2737&start_date=2026-06-08&end_date=2026-09-06,th_agency_12,available
2737,discharge_reported,discharge,2026-06-08,2026-09-06,91,2184,2026-06-08 00:00,2026-09-06 23:00,0,empty_in_tested_window,200,application/json; charset=utf-8,2026-09-13T18:16:47.102404+00:00,176036,1639b29fc753c14166baeb1f490ac0e3c70b65ce131a54bb2c1bf74e2b8c0e3e,bodies/2737_2026-06-08_2026-09-06_a1.body,receipts/2737_2026-06-08_2026-09-06_a1.json,new,new_20260913_2737_2026-06-08_2026-09-06_a1,https://api-v3.thaiwater.net/api/v1/thaiwater30/public/waterlevel_graph?station_type=tele_waterlevel&station_id=2737&start_date=2026-06-08&end_date=2026-09-06,th_agency_12,unknown
2739,stage_reported,value,2026-08-31,2026-09-06,7,168,2026-08-31 00:00,2026-09-06 23:00,157,available,200,application/json; charset=utf-8,2026-09-13T18:16:48.506525+00:00,14206,d7222fa223125f745007c3e9ef3600d856afb71b62a5dff81f54bdb98963a0b4,bodies/2739_2026-08-31_2026-09-06_a1.body,receipts/2739_2026-08-31_2026-09-06_a1.json,new,new_20260913_2739_2026-08-31_2026-09-06_a1,https://api-v3.thaiwater.net/api/v1/thaiwater30/public/waterlevel_graph?station_type=tele_waterlevel&station_id=2739&start_date=2026-08-31&end_date=2026-09-06,th_agency_12,available
2739,discharge_reported,discharge,2026-08-31,2026-09-06,7,168,2026-08-31 00:00,2026-09-06 23:00,157,available,200,application/json; charset=utf-8,2026-09-13T18:16:48.506525+00:00,14206,d7222fa223125f745007c3e9ef3600d856afb71b62a5dff81f54bdb98963a0b4,bodies/2739_2026-08-31_2026-09-06_a1.body,receipts/2739_2026-08-31_2026-09-06_a1.json,new,new_20260913_2739_2026-08-31_2026-09-06_a1,https://api-v3.thaiwater.net/api/v1/thaiwater30/public/waterlevel_graph?station_type=tele_waterlevel&station_id=2739&start_date=2026-08-31&end_date=2026-09-06,th_agency_12,available
2740,stage_reported,value,2026-08-31,2026-09-06,7,168,2026-08-31 00:00,2026-09-06 23:00,157,available,200,application/json; charset=utf-8,2026-09-13T18:16:50.114768+00:00,14421,497d600fff908aacfdeab9d99661c5e2c3d98ed9e52e22ab5f8953bc12117230,bodies/2740_2026-08-31_2026-09-06_a1.body,receipts/2740_2026-08-31_2026-09-06_a1.json,new,new_20260913_2740_2026-08-31_2026-09-06_a1,https://api-v3.thaiwater.net/api/v1/thaiwater30/public/waterlevel_graph?station_type=tele_waterlevel&station_id=2740&start_date=2026-08-31&end_date=2026-09-06,th_agency_12,available
2740,discharge_reported,discharge,2026-08-31,2026-09-06,7,168,2026-08-31 00:00,2026-09-06 23:00,157,available,200,application/json; charset=utf-8,2026-09-13T18:16:50.114768+00:00,14421,497d600fff908aacfdeab9d99661c5e2c3d98ed9e52e22ab5f8953bc12117230,bodies/2740_2026-08-31_2026-09-06_a1.body,receipts/2740_2026-08-31_2026-09-06_a1.json,new,new_20260913_2740_2026-08-31_2026-09-06_a1,https://api-v3.thaiwater.net/api/v1/thaiwater30/public/waterlevel_graph?station_type=tele_waterlevel&station_id=2740&start_date=2026-08-31&end_date=2026-09-06,th_agency_12,available
2744,stage_reported,value,2026-08-31,2026-09-06,7,168,2026-08-31 00:00,2026-09-06 23:00,161,available,200,application/json; charset=utf-8,2026-09-13T18:16:51.536531+00:00,13240,ee871d1b1b7e844b20e0e6547546fddfae941b2b409e7c2e6632669565290ad7,bodies/2744_2026-08-31_2026-09-06_a1.body,receipts/2744_2026-08-31_2026-09-06_a1.json,new,new_20260913_2744_2026-08-31_2026-09-06_a1,https://api-v3.thaiwater.net/api/v1/thaiwater30/public/waterlevel_graph?station_type=tele_waterlevel&station_id=2744&start_date=2026-08-31&end_date=2026-09-06,th_agency_12,available
2744,discharge_reported,discharge,2026-08-31,2026-09-06,7,168,2026-08-31 00:00,2026-09-06 23:00,161,available,200,application/json; charset=utf-8,2026-09-13T18:16:51.536531+00:00,13240,ee871d1b1b7e844b20e0e6547546fddfae941b2b409e7c2e6632669565290ad7,bodies/2744_2026-08-31_2026-09-06_a1.body,receipts/2744_2026-08-31_2026-09-06_a1.json,new,new_20260913_2744_2026-08-31_2026-09-06_a1,https://api-v3.thaiwater.net/api/v1/thaiwater30/public/waterlevel_graph?station_type=tele_waterlevel&station_id=2744&start_date=2026-08-31&end_date=2026-09-06,th_agency_12,available
2750,stage_reported,value,2026-08-31,2026-09-06,7,168,2026-08-31 00:00,2026-09-06 23:00,157,available,200,application/json; charset=utf-8,2026-09-13T18:16:53.008635+00:00,13646,cb66ecda28b5c5b4c0392a4824e5e351fc7afa6aad37543c570e0ddcdc9af073,bodies/2750_2026-08-31_2026-09-06_a1.body,receipts/2750_2026-08-31_2026-09-06_a1.json,new,new_20260913_2750_2026-08-31_2026-09-06_a1,https://api-v3.thaiwater.net/api/v1/thaiwater30/public/waterlevel_graph?station_type=tele_waterlevel&station_id=2750&start_date=2026-08-31&end_date=2026-09-06,th_agency_12,available
2750,discharge_reported,discharge,2026-08-31,2026-09-06,7,168,2026-08-31 00:00,2026-09-06 23:00,157,available,200,application/json; charset=utf-8,2026-09-13T18:16:53.008635+00:00,13646,cb66ecda28b5c5b4c0392a4824e5e351fc7afa6aad37543c570e0ddcdc9af073,bodies/2750_2026-08-31_2026-09-06_a1.body,receipts/2750_2026-08-31_2026-09-06_a1.json,new,new_20260913_2750_2026-08-31_2026-09-06_a1,https://api-v3.thaiwater.net/api/v1/thaiwater30/public/waterlevel_graph?station_type=tele_waterlevel&station_id=2750&start_date=2026-08-31&end_date=2026-09-06,th_agency_12,available
2752,stage_reported,value,2026-08-31,2026-09-06,7,168,2026-08-31 00:00,2026-09-06 23:00,157,available,200,application/json; charset=utf-8,2026-09-13T18:16:54.620706+00:00,14519,b91b3c1db25e976e4d542b707d8b11fd1b06f3942bcfcc0fa9f1726b7e9e2740,bodies/2752_2026-08-31_2026-09-06_a1.body,receipts/2752_2026-08-31_2026-09-06_a1.json,new,new_20260913_2752_2026-08-31_2026-09-06_a1,https://api-v3.thaiwater.net/api/v1/thaiwater30/public/waterlevel_graph?station_type=tele_waterlevel&station_id=2752&start_date=2026-08-31&end_date=2026-09-06,th_agency_12,available
2752,discharge_reported,discharge,2026-08-31,2026-09-06,7,168,2026-08-31 00:00,2026-09-06 23:00,157,available,200,application/json; charset=utf-8,2026-09-13T18:16:54.620706+00:00,14519,b91b3c1db25e976e4d542b707d8b11fd1b06f3942bcfcc0fa9f1726b7e9e2740,bodies/2752_2026-08-31_2026-09-06_a1.body,receipts/2752_2026-08-31_2026-09-06_a1.json,new,new_20260913_2752_2026-08-31_2026-09-06_a1,https://api-v3.thaiwater.net/api/v1/thaiwater30/public/waterlevel_graph?station_type=tele_waterlevel&station_id=2752&start_date=2026-08-31&end_date=2026-09-06,th_agency_12,available
2755,stage_reported,value,2026-08-31,2026-09-06,7,168,2026-08-31 00:00,2026-09-06 23:00,157,available,200,application/json; charset=utf-8,2026-09-13T18:16:56.113612+00:00,13557,63347230ae080b9d13f62cbb6f0cf0654cabba3b4e9be9e7b6cc87b5bac1e10b,bodies/2755_2026-08-31_2026-09-06_a1.body,receipts/2755_2026-08-31_2026-09-06_a1.json,new,new_20260913_2755_2026-08-31_2026-09-06_a1,https://api-v3.thaiwater.net/api/v1/thaiwater30/public/waterlevel_graph?station_type=tele_waterlevel&station_id=2755&start_date=2026-08-31&end_date=2026-09-06,th_agency_12,available
2755,discharge_reported,discharge,2026-08-31,2026-09-06,7,168,2026-08-31 00:00,2026-09-06 23:00,157,available,200,application/json; charset=utf-8,2026-09-13T18:16:56.113612+00:00,13557,63347230ae080b9d13f62cbb6f0cf0654cabba3b4e9be9e7b6cc87b5bac1e10b,bodies/2755_2026-08-31_2026-09-06_a1.body,receipts/2755_2026-08-31_2026-09-06_a1.json,new,new_20260913_2755_2026-08-31_2026-09-06_a1,https://api-v3.thaiwater.net/api/v1/thaiwater30/public/waterlevel_graph?station_type=tele_waterlevel&station_id=2755&start_date=2026-08-31&end_date=2026-09-06,th_agency_12,available
2760,stage_reported,value,2026-08-31,2026-09-06,7,168,2026-08-31 00:00,2026-09-06 23:00,157,available,200,application/json; charset=utf-8,2026-09-13T18:16:57.523027+00:00,13493,9a3e03c540da446124242c499efb092b958a4493ae3953759f4f48f6b0ee4509,bodies/2760_2026-08-31_2026-09-06_a1.body,receipts/2760_2026-08-31_2026-09-06_a1.json,new,new_20260913_2760_2026-08-31_2026-09-06_a1,https://api-v3.thaiwater.net/api/v1/thaiwater30/public/waterlevel_graph?station_type=tele_waterlevel&station_id=2760&start_date=2026-08-31&end_date=2026-09-06,th_agency_12,available
2760,discharge_reported,discharge,2026-08-31,2026-09-06,7,168,2026-08-31 00:00,2026-09-06 23:00,157,available,200,application/json; charset=utf-8,2026-09-13T18:16:57.523027+00:00,13493,9a3e03c540da446124242c499efb092b958a4493ae3953759f4f48f6b0ee4509,bodies/2760_2026-08-31_2026-09-06_a1.body,receipts/2760_2026-08-31_2026-09-06_a1.json,new,new_20260913_2760_2026-08-31_2026-09-06_a1,https://api-v3.thaiwater.net/api/v1/thaiwater30/public/waterlevel_graph?station_type=tele_waterlevel&station_id=2760&start_date=2026-08-31&end_date=2026-09-06,th_agency_12,available
2763,stage_reported,value,2026-08-31,2026-09-06,7,168,2026-08-31 00:00,2026-09-06 23:00,157,available,200,application/json; charset=utf-8,2026-09-13T18:16:59.205687+00:00,13654,0a11ec09fcb31477a1fa5ba492eef24717a260cf2da012dcb2163f866308dd74,bodies/2763_2026-08-31_2026-09-06_a1.body,receipts/2763_2026-08-31_2026-09-06_a1.json,new,new_20260913_2763_2026-08-31_2026-09-06_a1,https://api-v3.thaiwater.net/api/v1/thaiwater30/public/waterlevel_graph?station_type=tele_waterlevel&station_id=2763&start_date=2026-08-31&end_date=2026-09-06,th_agency_12,available
2763,discharge_reported,discharge,2026-08-31,2026-09-06,7,168,2026-08-31 00:00,2026-09-06 23:00,157,available,200,application/json; charset=utf-8,2026-09-13T18:16:59.205687+00:00,13654,0a11ec09fcb31477a1fa5ba492eef24717a260cf2da012dcb2163f866308dd74,bodies/2763_2026-08-31_2026-09-06_a1.body,receipts/2763_2026-08-31_2026-09-06_a1.json,new,new_20260913_2763_2026-08-31_2026-09-06_a1,https://api-v3.thaiwater.net/api/v1/thaiwater30/public/waterlevel_graph?station_type=tele_waterlevel&station_id=2763&start_date=2026-08-31&end_date=2026-09-06,th_agency_12,available
2764,stage_reported,value,2026-08-31,2026-09-06,7,168,2026-08-31 00:00,2026-09-06 23:00,157,available,200,application/json; charset=utf-8,2026-09-13T18:17:00.921098+00:00,14431,5e1c8c6b1d16588576535fd3855a09d472028ac9396c4d9d87adede7e0fcbdbf,bodies/2764_2026-08-31_2026-09-06_a1.body,receipts/2764_2026-08-31_2026-09-06_a1.json,new,new_20260913_2764_2026-08-31_2026-09-06_a1,https://api-v3.thaiwater.net/api/v1/thaiwater30/public/waterlevel_graph?station_type=tele_waterlevel&station_id=2764&start_date=2026-08-31&end_date=2026-09-06,th_agency_12,available
2764,discharge_reported,discharge,2026-08-31,2026-09-06,7,168,2026-08-31 00:00,2026-09-06 23:00,157,available,200,application/json; charset=utf-8,2026-09-13T18:17:00.921098+00:00,14431,5e1c8c6b1d16588576535fd3855a09d472028ac9396c4d9d87adede7e0fcbdbf,bodies/2764_2026-08-31_2026-09-06_a1.body,receipts/2764_2026-08-31_2026-09-06_a1.json,new,new_20260913_2764_2026-08-31_2026-09-06_a1,https://api-v3.thaiwater.net/api/v1/thaiwater30/public/waterlevel_graph?station_type=tele_waterlevel&station_id=2764&start_date=2026-08-31&end_date=2026-09-06,th_agency_12,available
2770,stage_reported,value,2026-06-08,2026-09-06,91,2184,2026-06-08 00:00,2026-09-06 23:00,1583,available,200,application/json; charset=utf-8,2026-09-13T18:17:03.144791+00:00,175285,04850a8f10010ae50651b1b7bbc2163eeb3b65345eb84a6fbb49ae8a08e1119e,bodies/2770_2026-06-08_2026-09-06_a1.body,receipts/2770_2026-06-08_2026-09-06_a1.json,new,new_20260913_2770_2026-06-08_2026-09-06_a1,https://api-v3.thaiwater.net/api/v1/thaiwater30/public/waterlevel_graph?station_type=tele_waterlevel&station_id=2770&start_date=2026-06-08&end_date=2026-09-06,th_agency_12,available
2770,discharge_reported,discharge,2026-06-08,2026-09-06,91,2184,2026-06-08 00:00,2026-09-06 23:00,0,empty_in_tested_window,200,application/json; charset=utf-8,2026-09-13T18:17:03.144791+00:00,175285,04850a8f10010ae50651b1b7bbc2163eeb3b65345eb84a6fbb49ae8a08e1119e,bodies/2770_2026-06-08_2026-09-06_a1.body,receipts/2770_2026-06-08_2026-09-06_a1.json,new,new_20260913_2770_2026-06-08_2026-09-06_a1,https://api-v3.thaiwater.net/api/v1/thaiwater30/public/waterlevel_graph?station_type=tele_waterlevel&station_id=2770&start_date=2026-06-08&end_date=2026-09-06,th_agency_12,unknown
2773,stage_reported,value,2026-08-31,2026-09-06,7,168,2026-08-31 00:00,2026-09-06 23:00,157,available,200,application/json; charset=utf-8,2026-09-13T18:17:04.650155+00:00,14192,c0249c24283d97ddf562ea7e6bc2384d618616040b74c3c7083988ea2f32505d,bodies/2773_2026-08-31_2026-09-06_a1.body,receipts/2773_2026-08-31_2026-09-06_a1.json,new,new_20260913_2773_2026-08-31_2026-09-06_a1,https://api-v3.thaiwater.net/api/v1/thaiwater30/public/waterlevel_graph?station_type=tele_waterlevel&station_id=2773&start_date=2026-08-31&end_date=2026-09-06,th_agency_12,available
2773,discharge_reported,discharge,2026-08-31,2026-09-06,7,168,2026-08-31 00:00,2026-09-06 23:00,157,available,200,application/json; charset=utf-8,2026-09-13T18:17:04.650155+00:00,14192,c0249c24283d97ddf562ea7e6bc2384d618616040b74c3c7083988ea2f32505d,bodies/2773_2026-08-31_2026-09-06_a1.body,receipts/2773_2026-08-31_2026-09-06_a1.json,new,new_20260913_2773_2026-08-31_2026-09-06_a1,https://api-v3.thaiwater.net/api/v1/thaiwater30/public/waterlevel_graph?station_type=tele_waterlevel&station_id=2773&start_date=2026-08-31&end_date=2026-09-06,th_agency_12,available
2777,stage_reported,value,2026-06-08,2026-09-06,91,2184,2026-06-08 00:00,2026-09-06 23:00,1583,available,200,application/json; charset=utf-8,2026-09-13T18:17:06.731879+00:00,177532,18e5319d4776c313736142d066ad76c3cef475a11e31e755ed1db3eabe04f365,bodies/2777_2026-06-08_2026-09-06_a1.body,receipts/2777_2026-06-08_2026-09-06_a1.json,new,new_20260913_2777_2026-06-08_2026-09-06_a1,https://api-v3.thaiwater.net/api/v1/thaiwater30/public/waterlevel_graph?station_type=tele_waterlevel&station_id=2777&start_date=2026-06-08&end_date=2026-09-06,th_agency_12,available
2777,discharge_reported,discharge,2026-06-08,2026-09-06,91,2184,2026-06-08 00:00,2026-09-06 23:00,0,empty_in_tested_window,200,application/json; charset=utf-8,2026-09-13T18:17:06.731879+00:00,177532,18e5319d4776c313736142d066ad76c3cef475a11e31e755ed1db3eabe04f365,bodies/2777_2026-06-08_2026-09-06_a1.body,receipts/2777_2026-06-08_2026-09-06_a1.json,new,new_20260913_2777_2026-06-08_2026-09-06_a1,https://api-v3.thaiwater.net/api/v1/thaiwater30/public/waterlevel_graph?station_type=tele_waterlevel&station_id=2777&start_date=2026-06-08&end_date=2026-09-06,th_agency_12,unknown
2780,stage_reported,value,2026-08-31,2026-09-06,7,168,2026-08-31 00:00,2026-09-06 23:00,123,available,200,application/json; charset=utf-8,2026-09-13T18:17:08.202587+00:00,13679,08307604ee7a06bb10550ad922a44949cff01130bc855764f1379ef23322830d,bodies/2780_2026-08-31_2026-09-06_a1.body,receipts/2780_2026-08-31_2026-09-06_a1.json,new,new_20260913_2780_2026-08-31_2026-09-06_a1,https://api-v3.thaiwater.net/api/v1/thaiwater30/public/waterlevel_graph?station_type=tele_waterlevel&station_id=2780&start_date=2026-08-31&end_date=2026-09-06,th_agency_12,available
2780,discharge_reported,discharge,2026-08-31,2026-09-06,7,168,2026-08-31 00:00,2026-09-06 23:00,123,available,200,application/json; charset=utf-8,2026-09-13T18:17:08.202587+00:00,13679,08307604ee7a06bb10550ad922a44949cff01130bc855764f1379ef23322830d,bodies/2780_2026-08-31_2026-09-06_a1.body,receipts/2780_2026-08-31_2026-09-06_a1.json,new,new_20260913_2780_2026-08-31_2026-09-06_a1,https://api-v3.thaiwater.net/api/v1/thaiwater30/public/waterlevel_graph?station_type=tele_waterlevel&station_id=2780&start_date=2026-08-31&end_date=2026-09-06,th_agency_12,available
2781,stage_reported,value,2026-06-08,2026-09-06,91,2184,2026-06-08 00:00,2026-09-06 23:00,1583,available,200,application/json; charset=utf-8,2026-09-13T18:17:17.876997+00:00,181927,9f75ec56faeca040dd85e7b7efaef49656c1a2bb0939d54779ac8cff37206d8d,bodies/2781_2026-06-08_2026-09-06_a1.body,receipts/2781_2026-06-08_2026-09-06_a1.json,new,new_20260913_2781_2026-06-08_2026-09-06_a1,https://api-v3.thaiwater.net/api/v1/thaiwater30/public/waterlevel_graph?station_type=tele_waterlevel&station_id=2781&start_date=2026-06-08&end_date=2026-09-06,th_agency_12,available
2781,discharge_reported,discharge,2026-06-08,2026-09-06,91,2184,2026-06-08 00:00,2026-09-06 23:00,0,empty_in_tested_window,200,application/json; charset=utf-8,2026-09-13T18:17:17.876997+00:00,181927,9f75ec56faeca040dd85e7b7efaef49656c1a2bb0939d54779ac8cff37206d8d,bodies/2781_2026-06-08_2026-09-06_a1.body,receipts/2781_2026-06-08_2026-09-06_a1.json,new,new_20260913_2781_2026-06-08_2026-09-06_a1,https://api-v3.thaiwater.net/api/v1/thaiwater30/public/waterlevel_graph?station_type=tele_waterlevel&station_id=2781&start_date=2026-06-08&end_date=2026-09-06,th_agency_12,unknown
2782,stage_reported,value,2026-08-31,2026-09-06,7,168,2026-08-31 00:00,2026-09-06 23:00,160,available,200,application/json; charset=utf-8,2026-09-13T18:17:19.297382+00:00,14611,31c6a349d98b4e49ec1b5db926045e83cea09766033b62d91639751fad0f5fd3,bodies/2782_2026-08-31_2026-09-06_a1.body,receipts/2782_2026-08-31_2026-09-06_a1.json,new,new_20260913_2782_2026-08-31_2026-09-06_a1,https://api-v3.thaiwater.net/api/v1/thaiwater30/public/waterlevel_graph?station_type=tele_waterlevel&station_id=2782&start_date=2026-08-31&end_date=2026-09-06,th_agency_12,available
2782,discharge_reported,discharge,2026-08-31,2026-09-06,7,168,2026-08-31 00:00,2026-09-06 23:00,160,available,200,application/json; charset=utf-8,2026-09-13T18:17:19.297382+00:00,14611,31c6a349d98b4e49ec1b5db926045e83cea09766033b62d91639751fad0f5fd3,bodies/2782_2026-08-31_2026-09-06_a1.body,receipts/2782_2026-08-31_2026-09-06_a1.json,new,new_20260913_2782_2026-08-31_2026-09-06_a1,https://api-v3.thaiwater.net/api/v1/thaiwater30/public/waterlevel_graph?station_type=tele_waterlevel&station_id=2782&start_date=2026-08-31&end_date=2026-09-06,th_agency_12,available
2795,stage_reported,value,2026-08-31,2026-09-06,7,168,2026-08-31 00:00,2026-09-06 23:00,161,available,200,application/json; charset=utf-8,2026-09-13T18:17:20.685428+00:00,13708,1db3d0d30d9c7e28bd81e9d88b1c0cd7fe2b404d2299a24cc950c103190d60f2,bodies/2795_2026-08-31_2026-09-06_a1.body,receipts/2795_2026-08-31_2026-09-06_a1.json,new,new_20260913_2795_2026-08-31_2026-09-06_a1,https://api-v3.thaiwater.net/api/v1/thaiwater30/public/waterlevel_graph?station_type=tele_waterlevel&station_id=2795&start_date=2026-08-31&end_date=2026-09-06,th_agency_12,available
2795,discharge_reported,discharge,2026-08-31,2026-09-06,7,168,2026-08-31 00:00,2026-09-06 23:00,161,available,200,application/json; charset=utf-8,2026-09-13T18:17:20.685428+00:00,13708,1db3d0d30d9c7e28bd81e9d88b1c0cd7fe2b404d2299a24cc950c103190d60f2,bodies/2795_2026-08-31_2026-09-06_a1.body,receipts/2795_2026-08-31_2026-09-06_a1.json,new,new_20260913_2795_2026-08-31_2026-09-06_a1,https://api-v3.thaiwater.net/api/v1/thaiwater30/public/waterlevel_graph?station_type=tele_waterlevel&station_id=2795&start_date=2026-08-31&end_date=2026-09-06,th_agency_12,available
2797,stage_reported,value,2026-08-31,2026-09-06,7,168,2026-08-31 00:00,2026-09-06 23:00,160,available,200,application/json; charset=utf-8,2026-09-13T18:17:22.266761+00:00,14463,ec855191bb95e2fad79e4c10f2e87e2a1dd89c14fbb6d1d302e136738a1ba26e,bodies/2797_2026-08-31_2026-09-06_a1.body,receipts/2797_2026-08-31_2026-09-06_a1.json,new,new_20260913_2797_2026-08-31_2026-09-06_a1,https://api-v3.thaiwater.net/api/v1/thaiwater30/public/waterlevel_graph?station_type=tele_waterlevel&station_id=2797&start_date=2026-08-31&end_date=2026-09-06,th_agency_12,available
2797,discharge_reported,discharge,2026-08-31,2026-09-06,7,168,2026-08-31 00:00,2026-09-06 23:00,160,available,200,application/json; charset=utf-8,2026-09-13T18:17:22.266761+00:00,14463,ec855191bb95e2fad79e4c10f2e87e2a1dd89c14fbb6d1d302e136738a1ba26e,bodies/2797_2026-08-31_2026-09-06_a1.body,receipts/2797_2026-08-31_2026-09-06_a1.json,new,new_20260913_2797_2026-08-31_2026-09-06_a1,https://api-v3.thaiwater.net/api/v1/thaiwater30/public/waterlevel_graph?station_type=tele_waterlevel&station_id=2797&start_date=2026-08-31&end_date=2026-09-06,th_agency_12,available
2799,stage_reported,value,2026-08-31,2026-09-06,7,168,2026-08-31 00:00,2026-09-06 23:00,161,available,200,application/json; charset=utf-8,2026-09-13T18:17:23.856979+00:00,15626,f12d5dfb8606540db63e009f41996a7a7362ffbe1ca6646ffbdd9d5969c00bcc,bodies/2799_2026-08-31_2026-09-06_a1.body,receipts/2799_2026-08-31_2026-09-06_a1.json,new,new_20260913_2799_2026-08-31_2026-09-06_a1,https://api-v3.thaiwater.net/api/v1/thaiwater30/public/waterlevel_graph?station_type=tele_waterlevel&station_id=2799&start_date=2026-08-31&end_date=2026-09-06,th_agency_12,available
2799,discharge_reported,discharge,2026-08-31,2026-09-06,7,168,2026-08-31 00:00,2026-09-06 23:00,161,available,200,application/json; charset=utf-8,2026-09-13T18:17:23.856979+00:00,15626,f12d5dfb8606540db63e009f41996a7a7362ffbe1ca6646ffbdd9d5969c00bcc,bodies/2799_2026-08-31_2026-09-06_a1.body,receipts/2799_2026-08-31_2026-09-06_a1.json,new,new_20260913_2799_2026-08-31_2026-09-06_a1,https://api-v3.thaiwater.net/api/v1/thaiwater30/public/waterlevel_graph?station_type=tele_waterlevel&station_id=2799&start_date=2026-08-31&end_date=2026-09-06,th_agency_12,available
2808,stage_reported,value,2026-08-31,2026-09-06,7,168,2026-08-31 00:00,2026-09-06 23:00,160,available,200,application/json; charset=utf-8,2026-09-13T18:17:25.239875+00:00,13733,95ac01e663c52a54a8960bfff0c37aeb0520b422f9b351fe3722c819b31dea6c,bodies/2808_2026-08-31_2026-09-06_a1.body,receipts/2808_2026-08-31_2026-09-06_a1.json,new,new_20260913_2808_2026-08-31_2026-09-06_a1,https://api-v3.thaiwater.net/api/v1/thaiwater30/public/waterlevel_graph?station_type=tele_waterlevel&station_id=2808&start_date=2026-08-31&end_date=2026-09-06,th_agency_12,available
2808,discharge_reported,discharge,2026-08-31,2026-09-06,7,168,2026-08-31 00:00,2026-09-06 23:00,160,available,200,application/json; charset=utf-8,2026-09-13T18:17:25.239875+00:00,13733,95ac01e663c52a54a8960bfff0c37aeb0520b422f9b351fe3722c819b31dea6c,bodies/2808_2026-08-31_2026-09-06_a1.body,receipts/2808_2026-08-31_2026-09-06_a1.json,new,new_20260913_2808_2026-08-31_2026-09-06_a1,https://api-v3.thaiwater.net/api/v1/thaiwater30/public/waterlevel_graph?station_type=tele_waterlevel&station_id=2808&start_date=2026-08-31&end_date=2026-09-06,th_agency_12,available
2809,stage_reported,value,2026-08-31,2026-09-06,7,168,2026-08-31 00:00,2026-09-06 23:00,160,available,200,application/json; charset=utf-8,2026-09-13T18:17:26.623276+00:00,13688,1654aaa877516973243af17f5826d6c1f745f2f8aef031098ee696f8550fa8de,bodies/2809_2026-08-31_2026-09-06_a1.body,receipts/2809_2026-08-31_2026-09-06_a1.json,new,new_20260913_2809_2026-08-31_2026-09-06_a1,https://api-v3.thaiwater.net/api/v1/thaiwater30/public/waterlevel_graph?station_type=tele_waterlevel&station_id=2809&start_date=2026-08-31&end_date=2026-09-06,th_agency_12,available
2809,discharge_reported,discharge,2026-08-31,2026-09-06,7,168,2026-08-31 00:00,2026-09-06 23:00,160,available,200,application/json; charset=utf-8,2026-09-13T18:17:26.623276+00:00,13688,1654aaa877516973243af17f5826d6c1f745f2f8aef031098ee696f8550fa8de,bodies/2809_2026-08-31_2026-09-06_a1.body,receipts/2809_2026-08-31_2026-09-06_a1.json,new,new_20260913_2809_2026-08-31_2026-09-06_a1,https://api-v3.thaiwater.net/api/v1/thaiwater30/public/waterlevel_graph?station_type=tele_waterlevel&station_id=2809&start_date=2026-08-31&end_date=2026-09-06,th_agency_12,available
2811,stage_reported,value,2026-06-08,2026-09-06,91,2184,2026-06-08 00:00,2026-09-06 23:00,1571,available,200,application/json; charset=utf-8,2026-09-13T18:17:28.737498+00:00,179591,741eeaee4846f9e48220fdbb80662b8fd12dc613aec8ca2d3f7724c16c637976,bodies/2811_2026-06-08_2026-09-06_a1.body,receipts/2811_2026-06-08_2026-09-06_a1.json,new,new_20260913_2811_2026-06-08_2026-09-06_a1,https://api-v3.thaiwater.net/api/v1/thaiwater30/public/waterlevel_graph?station_type=tele_waterlevel&station_id=2811&start_date=2026-06-08&end_date=2026-09-06,th_agency_12,available
2811,discharge_reported,discharge,2026-06-08,2026-09-06,91,2184,2026-06-08 00:00,2026-09-06 23:00,0,empty_in_tested_window,200,application/json; charset=utf-8,2026-09-13T18:17:28.737498+00:00,179591,741eeaee4846f9e48220fdbb80662b8fd12dc613aec8ca2d3f7724c16c637976,bodies/2811_2026-06-08_2026-09-06_a1.body,receipts/2811_2026-06-08_2026-09-06_a1.json,new,new_20260913_2811_2026-06-08_2026-09-06_a1,https://api-v3.thaiwater.net/api/v1/thaiwater30/public/waterlevel_graph?station_type=tele_waterlevel&station_id=2811&start_date=2026-06-08&end_date=2026-09-06,th_agency_12,unknown
2814,stage_reported,value,2026-08-31,2026-09-06,7,168,2026-08-31 00:00,2026-09-06 23:00,157,available,200,application/json; charset=utf-8,2026-09-13T18:17:30.126790+00:00,13943,e2319c77e570495a84562dbccbe942d2f4eaabf0c19cd1fbb76e698201e4e4d1,bodies/2814_2026-08-31_2026-09-06_a1.body,receipts/2814_2026-08-31_2026-09-06_a1.json,new,new_20260913_2814_2026-08-31_2026-09-06_a1,https://api-v3.thaiwater.net/api/v1/thaiwater30/public/waterlevel_graph?station_type=tele_waterlevel&station_id=2814&start_date=2026-08-31&end_date=2026-09-06,th_agency_12,available
2814,discharge_reported,discharge,2026-08-31,2026-09-06,7,168,2026-08-31 00:00,2026-09-06 23:00,157,available,200,application/json; charset=utf-8,2026-09-13T18:17:30.126790+00:00,13943,e2319c77e570495a84562dbccbe942d2f4eaabf0c19cd1fbb76e698201e4e4d1,bodies/2814_2026-08-31_2026-09-06_a1.body,receipts/2814_2026-08-31_2026-09-06_a1.json,new,new_20260913_2814_2026-08-31_2026-09-06_a1,https://api-v3.thaiwater.net/api/v1/thaiwater30/public/waterlevel_graph?station_type=tele_waterlevel&station_id=2814&start_date=2026-08-31&end_date=2026-09-06,th_agency_12,available
2820,stage_reported,value,2026-08-31,2026-09-06,7,168,2026-08-31 00:00,2026-09-06 23:00,157,available,200,application/json; charset=utf-8,2026-09-13T18:17:31.715579+00:00,15291,85a5adccb0e51b83381c9e5bb4ac10d6dee71ecf15a19950b0cb79692b3f4120,bodies/2820_2026-08-31_2026-09-06_a1.body,receipts/2820_2026-08-31_2026-09-06_a1.json,new,new_20260913_2820_2026-08-31_2026-09-06_a1,https://api-v3.thaiwater.net/api/v1/thaiwater30/public/waterlevel_graph?station_type=tele_waterlevel&station_id=2820&start_date=2026-08-31&end_date=2026-09-06,th_agency_12,available
2820,discharge_reported,discharge,2026-08-31,2026-09-06,7,168,2026-08-31 00:00,2026-09-06 23:00,157,available,200,application/json; charset=utf-8,2026-09-13T18:17:31.715579+00:00,15291,85a5adccb0e51b83381c9e5bb4ac10d6dee71ecf15a19950b0cb79692b3f4120,bodies/2820_2026-08-31_2026-09-06_a1.body,receipts/2820_2026-08-31_2026-09-06_a1.json,new,new_20260913_2820_2026-08-31_2026-09-06_a1,https://api-v3.thaiwater.net/api/v1/thaiwater30/public/waterlevel_graph?station_type=tele_waterlevel&station_id=2820&start_date=2026-08-31&end_date=2026-09-06,th_agency_12,available
2821,stage_reported,value,2026-08-31,2026-09-06,7,168,2026-08-31 00:00,2026-09-06 23:00,161,available,200,application/json; charset=utf-8,2026-09-13T18:17:33.106265+00:00,13754,bde071f72dbf4d790ec6185ff965c20c89226b98a93f4be686844029a1cff6a7,bodies/2821_2026-08-31_2026-09-06_a1.body,receipts/2821_2026-08-31_2026-09-06_a1.json,new,new_20260913_2821_2026-08-31_2026-09-06_a1,https://api-v3.thaiwater.net/api/v1/thaiwater30/public/waterlevel_graph?station_type=tele_waterlevel&station_id=2821&start_date=2026-08-31&end_date=2026-09-06,th_agency_12,available
2821,discharge_reported,discharge,2026-08-31,2026-09-06,7,168,2026-08-31 00:00,2026-09-06 23:00,161,available,200,application/json; charset=utf-8,2026-09-13T18:17:33.106265+00:00,13754,bde071f72dbf4d790ec6185ff965c20c89226b98a93f4be686844029a1cff6a7,bodies/2821_2026-08-31_2026-09-06_a1.body,receipts/2821_2026-08-31_2026-09-06_a1.json,new,new_20260913_2821_2026-08-31_2026-09-06_a1,https://api-v3.thaiwater.net/api/v1/thaiwater30/public/waterlevel_graph?station_type=tele_waterlevel&station_id=2821&start_date=2026-08-31&end_date=2026-09-06,th_agency_12,available
2828,stage_reported,value,2026-08-31,2026-09-06,7,168,2026-08-31 00:00,2026-09-06 23:00,160,available,200,application/json; charset=utf-8,2026-09-13T18:17:34.490337+00:00,13720,03c465f4eb2df88b562d95d19ca5aceca0b24a114afdcb212fa29637c3268283,bodies/2828_2026-08-31_2026-09-06_a1.body,receipts/2828_2026-08-31_2026-09-06_a1.json,new,new_20260913_2828_2026-08-31_2026-09-06_a1,https://api-v3.thaiwater.net/api/v1/thaiwater30/public/waterlevel_graph?station_type=tele_waterlevel&station_id=2828&start_date=2026-08-31&end_date=2026-09-06,th_agency_12,available
2828,discharge_reported,discharge,2026-08-31,2026-09-06,7,168,2026-08-31 00:00,2026-09-06 23:00,160,available,200,application/json; charset=utf-8,2026-09-13T18:17:34.490337+00:00,13720,03c465f4eb2df88b562d95d19ca5aceca0b24a114afdcb212fa29637c3268283,bodies/2828_2026-08-31_2026-09-06_a1.body,receipts/2828_2026-08-31_2026-09-06_a1.json,new,new_20260913_2828_2026-08-31_2026-09-06_a1,https://api-v3.thaiwater.net/api/v1/thaiwater30/public/waterlevel_graph?station_type=tele_waterlevel&station_id=2828&start_date=2026-08-31&end_date=2026-09-06,th_agency_12,available
2830,stage_reported,value,2026-06-08,2026-09-06,91,2184,2026-06-08 00:00,2026-09-06 23:00,1583,available,200,application/json; charset=utf-8,2026-09-13T18:17:36.505994+00:00,181033,fc5114bfc86c93d97a5e692c1d575100da01175dd398b3a0af361fbb86ca5c79,bodies/2830_2026-06-08_2026-09-06_a1.body,receipts/2830_2026-06-08_2026-09-06_a1.json,new,new_20260913_2830_2026-06-08_2026-09-06_a1,https://api-v3.thaiwater.net/api/v1/thaiwater30/public/waterlevel_graph?station_type=tele_waterlevel&station_id=2830&start_date=2026-06-08&end_date=2026-09-06,th_agency_12,available
2830,discharge_reported,discharge,2026-06-08,2026-09-06,91,2184,2026-06-08 00:00,2026-09-06 23:00,0,empty_in_tested_window,200,application/json; charset=utf-8,2026-09-13T18:17:36.505994+00:00,181033,fc5114bfc86c93d97a5e692c1d575100da01175dd398b3a0af361fbb86ca5c79,bodies/2830_2026-06-08_2026-09-06_a1.body,receipts/2830_2026-06-08_2026-09-06_a1.json,new,new_20260913_2830_2026-06-08_2026-09-06_a1,https://api-v3.thaiwater.net/api/v1/thaiwater30/public/waterlevel_graph?station_type=tele_waterlevel&station_id=2830&start_date=2026-06-08&end_date=2026-09-06,th_agency_12,unknown
2832,stage_reported,value,2026-08-31,2026-09-06,7,168,2026-08-31 00:00,2026-09-06 23:00,161,available,200,application/json; charset=utf-8,2026-09-13T18:17:37.892412+00:00,13707,a96db82b1834004781633639af7833ae3df7e85a8003e233b16dce216a5c46bf,bodies/2832_2026-08-31_2026-09-06_a1.body,receipts/2832_2026-08-31_2026-09-06_a1.json,new,new_20260913_2832_2026-08-31_2026-09-06_a1,https://api-v3.thaiwater.net/api/v1/thaiwater30/public/waterlevel_graph?station_type=tele_waterlevel&station_id=2832&start_date=2026-08-31&end_date=2026-09-06,th_agency_12,available
2832,discharge_reported,discharge,2026-08-31,2026-09-06,7,168,2026-08-31 00:00,2026-09-06 23:00,161,available,200,application/json; charset=utf-8,2026-09-13T18:17:37.892412+00:00,13707,a96db82b1834004781633639af7833ae3df7e85a8003e233b16dce216a5c46bf,bodies/2832_2026-08-31_2026-09-06_a1.body,receipts/2832_2026-08-31_2026-09-06_a1.json,new,new_20260913_2832_2026-08-31_2026-09-06_a1,https://api-v3.thaiwater.net/api/v1/thaiwater30/public/waterlevel_graph?station_type=tele_waterlevel&station_id=2832&start_date=2026-08-31&end_date=2026-09-06,th_agency_12,available
2836,stage_reported,value,2026-08-31,2026-09-06,7,168,2026-08-31 00:00,2026-09-06 23:00,160,available,200,application/json; charset=utf-8,2026-09-13T18:17:39.470583+00:00,14591,c6a9e6b1b07a35b698f9ca54ad0866bf05dea6fb9911c3a6c72efb5e3860aa9e,bodies/2836_2026-08-31_2026-09-06_a1.body,receipts/2836_2026-08-31_2026-09-06_a1.json,new,new_20260913_2836_2026-08-31_2026-09-06_a1,https://api-v3.thaiwater.net/api/v1/thaiwater30/public/waterlevel_graph?station_type=tele_waterlevel&station_id=2836&start_date=2026-08-31&end_date=2026-09-06,th_agency_12,available
2836,discharge_reported,discharge,2026-08-31,2026-09-06,7,168,2026-08-31 00:00,2026-09-06 23:00,160,available,200,application/json; charset=utf-8,2026-09-13T18:17:39.470583+00:00,14591,c6a9e6b1b07a35b698f9ca54ad0866bf05dea6fb9911c3a6c72efb5e3860aa9e,bodies/2836_2026-08-31_2026-09-06_a1.body,receipts/2836_2026-08-31_2026-09-06_a1.json,new,new_20260913_2836_2026-08-31_2026-09-06_a1,https://api-v3.thaiwater.net/api/v1/thaiwater30/public/waterlevel_graph?station_type=tele_waterlevel&station_id=2836&start_date=2026-08-31&end_date=2026-09-06,th_agency_12,available
2845,stage_reported,value,2026-08-31,2026-09-06,7,168,2026-08-31 00:00,2026-09-06 23:00,160,available,200,application/json; charset=utf-8,2026-09-13T18:17:41.053461+00:00,14943,75eaa12d019dad53eccae12d3f7e1af1aad70dc3aba51cafac538520aa1bb011,bodies/2845_2026-08-31_2026-09-06_a1.body,receipts/2845_2026-08-31_2026-09-06_a1.json,new,new_20260913_2845_2026-08-31_2026-09-06_a1,https://api-v3.thaiwater.net/api/v1/thaiwater30/public/waterlevel_graph?station_type=tele_waterlevel&station_id=2845&start_date=2026-08-31&end_date=2026-09-06,th_agency_12,available
2845,discharge_reported,discharge,2026-08-31,2026-09-06,7,168,2026-08-31 00:00,2026-09-06 23:00,160,available,200,application/json; charset=utf-8,2026-09-13T18:17:41.053461+00:00,14943,75eaa12d019dad53eccae12d3f7e1af1aad70dc3aba51cafac538520aa1bb011,bodies/2845_2026-08-31_2026-09-06_a1.body,receipts/2845_2026-08-31_2026-09-06_a1.json,new,new_20260913_2845_2026-08-31_2026-09-06_a1,https://api-v3.thaiwater.net/api/v1/thaiwater30/public/waterlevel_graph?station_type=tele_waterlevel&station_id=2845&start_date=2026-08-31&end_date=2026-09-06,th_agency_12,available
2847,stage_reported,value,2026-08-31,2026-09-06,7,168,2026-08-31 00:00,2026-09-06 23:00,161,available,200,application/json; charset=utf-8,2026-09-13T18:17:42.653233+00:00,15695,516cbbf53fc92eb14dc9ea5c4bce21fe7fc00f1182904a4cfe2edafef2582a33,bodies/2847_2026-08-31_2026-09-06_a1.body,receipts/2847_2026-08-31_2026-09-06_a1.json,new,new_20260913_2847_2026-08-31_2026-09-06_a1,https://api-v3.thaiwater.net/api/v1/thaiwater30/public/waterlevel_graph?station_type=tele_waterlevel&station_id=2847&start_date=2026-08-31&end_date=2026-09-06,th_agency_12,available
2847,discharge_reported,discharge,2026-08-31,2026-09-06,7,168,2026-08-31 00:00,2026-09-06 23:00,161,available,200,application/json; charset=utf-8,2026-09-13T18:17:42.653233+00:00,15695,516cbbf53fc92eb14dc9ea5c4bce21fe7fc00f1182904a4cfe2edafef2582a33,bodies/2847_2026-08-31_2026-09-06_a1.body,receipts/2847_2026-08-31_2026-09-06_a1.json,new,new_20260913_2847_2026-08-31_2026-09-06_a1,https://api-v3.thaiwater.net/api/v1/thaiwater30/public/waterlevel_graph?station_type=tele_waterlevel&station_id=2847&start_date=2026-08-31&end_date=2026-09-06,th_agency_12,available
2851,stage_reported,value,2026-06-08,2026-09-06,91,2184,2026-06-08 00:00,2026-09-06 23:00,2025,available,200,application/json; charset=utf-8,2026-09-13T18:17:44.762743+00:00,184585,ce011683279c47c698855a8a4d6bc66677dfccb75883e9d5bba6ade06599148c,bodies/2851_2026-06-08_2026-09-06_a1.body,receipts/2851_2026-06-08_2026-09-06_a1.json,new,new_20260913_2851_2026-06-08_2026-09-06_a1,https://api-v3.thaiwater.net/api/v1/thaiwater30/public/waterlevel_graph?station_type=tele_waterlevel&station_id=2851&start_date=2026-06-08&end_date=2026-09-06,th_agency_12,available
2851,discharge_reported,discharge,2026-06-08,2026-09-06,91,2184,2026-06-08 00:00,2026-09-06 23:00,4,available,200,application/json; charset=utf-8,2026-09-13T18:17:44.762743+00:00,184585,ce011683279c47c698855a8a4d6bc66677dfccb75883e9d5bba6ade06599148c,bodies/2851_2026-06-08_2026-09-06_a1.body,receipts/2851_2026-06-08_2026-09-06_a1.json,new,new_20260913_2851_2026-06-08_2026-09-06_a1,https://api-v3.thaiwater.net/api/v1/thaiwater30/public/waterlevel_graph?station_type=tele_waterlevel&station_id=2851&start_date=2026-06-08&end_date=2026-09-06,th_agency_12,available
2852,stage_reported,value,2026-08-31,2026-09-06,7,168,2026-08-31 00:00,2026-09-06 23:00,160,available,200,application/json; charset=utf-8,2026-09-13T18:17:46.148789+00:00,14727,63911f45773f99c16c87d13bdd953417ff3feba6dbcb29aa8156f0ccbe3341b0,bodies/2852_2026-08-31_2026-09-06_a1.body,receipts/2852_2026-08-31_2026-09-06_a1.json,new,new_20260913_2852_2026-08-31_2026-09-06_a1,https://api-v3.thaiwater.net/api/v1/thaiwater30/public/waterlevel_graph?station_type=tele_waterlevel&station_id=2852&start_date=2026-08-31&end_date=2026-09-06,th_agency_12,available
2852,discharge_reported,discharge,2026-08-31,2026-09-06,7,168,2026-08-31 00:00,2026-09-06 23:00,160,available,200,application/json; charset=utf-8,2026-09-13T18:17:46.148789+00:00,14727,63911f45773f99c16c87d13bdd953417ff3feba6dbcb29aa8156f0ccbe3341b0,bodies/2852_2026-08-31_2026-09-06_a1.body,receipts/2852_2026-08-31_2026-09-06_a1.json,new,new_20260913_2852_2026-08-31_2026-09-06_a1,https://api-v3.thaiwater.net/api/v1/thaiwater30/public/waterlevel_graph?station_type=tele_waterlevel&station_id=2852&start_date=2026-08-31&end_date=2026-09-06,th_agency_12,available
2855,stage_reported,value,2026-08-31,2026-09-06,7,168,2026-08-31 00:00,2026-09-06 23:00,159,available,200,application/json; charset=utf-8,2026-09-13T18:17:47.593661+00:00,13575,caf096063f70bf1b976992480a34e874dca825570457d1917a60948c72a62c94,bodies/2855_2026-08-31_2026-09-06_a1.body,receipts/2855_2026-08-31_2026-09-06_a1.json,new,new_20260913_2855_2026-08-31_2026-09-06_a1,https://api-v3.thaiwater.net/api/v1/thaiwater30/public/waterlevel_graph?station_type=tele_waterlevel&station_id=2855&start_date=2026-08-31&end_date=2026-09-06,th_agency_12,available
2855,discharge_reported,discharge,2026-08-31,2026-09-06,7,168,2026-08-31 00:00,2026-09-06 23:00,159,available,200,application/json; charset=utf-8,2026-09-13T18:17:47.593661+00:00,13575,caf096063f70bf1b976992480a34e874dca825570457d1917a60948c72a62c94,bodies/2855_2026-08-31_2026-09-06_a1.body,receipts/2855_2026-08-31_2026-09-06_a1.json,new,new_20260913_2855_2026-08-31_2026-09-06_a1,https://api-v3.thaiwater.net/api/v1/thaiwater30/public/waterlevel_graph?station_type=tele_waterlevel&station_id=2855&start_date=2026-08-31&end_date=2026-09-06,th_agency_12,available
2857,stage_reported,value,2026-08-31,2026-09-06,7,168,2026-08-31 00:00,2026-09-06 23:00,160,available,200,application/json; charset=utf-8,2026-09-13T18:17:49.190615+00:00,14909,0dc4695d6d852a288872baf97af98da20aa08919bc861603a5ae703938e9c5ed,bodies/2857_2026-08-31_2026-09-06_a1.body,receipts/2857_2026-08-31_2026-09-06_a1.json,new,new_20260913_2857_2026-08-31_2026-09-06_a1,https://api-v3.thaiwater.net/api/v1/thaiwater30/public/waterlevel_graph?station_type=tele_waterlevel&station_id=2857&start_date=2026-08-31&end_date=2026-09-06,th_agency_12,available
2857,discharge_reported,discharge,2026-08-31,2026-09-06,7,168,2026-08-31 00:00,2026-09-06 23:00,160,available,200,application/json; charset=utf-8,2026-09-13T18:17:49.190615+00:00,14909,0dc4695d6d852a288872baf97af98da20aa08919bc861603a5ae703938e9c5ed,bodies/2857_2026-08-31_2026-09-06_a1.body,receipts/2857_2026-08-31_2026-09-06_a1.json,new,new_20260913_2857_2026-08-31_2026-09-06_a1,https://api-v3.thaiwater.net/api/v1/thaiwater30/public/waterlevel_graph?station_type=tele_waterlevel&station_id=2857&start_date=2026-08-31&end_date=2026-09-06,th_agency_12,available
2860,stage_reported,value,2026-08-31,2026-09-06,7,168,2026-08-31 00:00,2026-09-06 23:00,161,available,200,application/json; charset=utf-8,2026-09-13T18:17:50.779428+00:00,14298,a2936897d0d3c45081b590ff6cd65062d5d9d9b84ff4f8a691bfaa816004d7f2,bodies/2860_2026-08-31_2026-09-06_a1.body,receipts/2860_2026-08-31_2026-09-06_a1.json,new,new_20260913_2860_2026-08-31_2026-09-06_a1,https://api-v3.thaiwater.net/api/v1/thaiwater30/public/waterlevel_graph?station_type=tele_waterlevel&station_id=2860&start_date=2026-08-31&end_date=2026-09-06,th_agency_12,available
2860,discharge_reported,discharge,2026-08-31,2026-09-06,7,168,2026-08-31 00:00,2026-09-06 23:00,161,available,200,application/json; charset=utf-8,2026-09-13T18:17:50.779428+00:00,14298,a2936897d0d3c45081b590ff6cd65062d5d9d9b84ff4f8a691bfaa816004d7f2,bodies/2860_2026-08-31_2026-09-06_a1.body,receipts/2860_2026-08-31_2026-09-06_a1.json,new,new_20260913_2860_2026-08-31_2026-09-06_a1,https://api-v3.thaiwater.net/api/v1/thaiwater30/public/waterlevel_graph?station_type=tele_waterlevel&station_id=2860&start_date=2026-08-31&end_date=2026-09-06,th_agency_12,available
2863,stage_reported,value,2026-08-31,2026-09-06,7,168,2026-08-31 00:00,2026-09-06 23:00,160,available,200,application/json; charset=utf-8,2026-09-13T18:17:52.360268+00:00,14271,4a915e4fe5b1869e8dc050b778b0278b737953f6611a25a0399d08921b7e3c41,bodies/2863_2026-08-31_2026-09-06_a1.body,receipts/2863_2026-08-31_2026-09-06_a1.json,new,new_20260913_2863_2026-08-31_2026-09-06_a1,https://api-v3.thaiwater.net/api/v1/thaiwater30/public/waterlevel_graph?station_type=tele_waterlevel&station_id=2863&start_date=2026-08-31&end_date=2026-09-06,th_agency_12,available
2863,discharge_reported,discharge,2026-08-31,2026-09-06,7,168,2026-08-31 00:00,2026-09-06 23:00,160,available,200,application/json; charset=utf-8,2026-09-13T18:17:52.360268+00:00,14271,4a915e4fe5b1869e8dc050b778b0278b737953f6611a25a0399d08921b7e3c41,bodies/2863_2026-08-31_2026-09-06_a1.body,receipts/2863_2026-08-31_2026-09-06_a1.json,new,new_20260913_2863_2026-08-31_2026-09-06_a1,https://api-v3.thaiwater.net/api/v1/thaiwater30/public/waterlevel_graph?station_type=tele_waterlevel&station_id=2863&start_date=2026-08-31&end_date=2026-09-06,th_agency_12,available
2867,stage_reported,value,2026-08-31,2026-09-06,7,168,2026-08-31 00:00,2026-09-06 23:00,159,available,200,application/json; charset=utf-8,2026-09-13T18:17:53.936656+00:00,15207,02ec21b476b7a4f1360c2dc82d972abd64b49e61d1580049e003eb2a42debc0c,bodies/2867_2026-08-31_2026-09-06_a1.body,receipts/2867_2026-08-31_2026-09-06_a1.json,new,new_20260913_2867_2026-08-31_2026-09-06_a1,https://api-v3.thaiwater.net/api/v1/thaiwater30/public/waterlevel_graph?station_type=tele_waterlevel&station_id=2867&start_date=2026-08-31&end_date=2026-09-06,th_agency_12,available
2867,discharge_reported,discharge,2026-08-31,2026-09-06,7,168,2026-08-31 00:00,2026-09-06 23:00,159,available,200,application/json; charset=utf-8,2026-09-13T18:17:53.936656+00:00,15207,02ec21b476b7a4f1360c2dc82d972abd64b49e61d1580049e003eb2a42debc0c,bodies/2867_2026-08-31_2026-09-06_a1.body,receipts/2867_2026-08-31_2026-09-06_a1.json,new,new_20260913_2867_2026-08-31_2026-09-06_a1,https://api-v3.thaiwater.net/api/v1/thaiwater30/public/waterlevel_graph?station_type=tele_waterlevel&station_id=2867&start_date=2026-08-31&end_date=2026-09-06,th_agency_12,available
2869,stage_reported,value,2026-08-31,2026-09-06,7,168,2026-08-31 00:00,2026-09-06 23:00,161,available,200,application/json; charset=utf-8,2026-09-13T18:17:55.585899+00:00,14440,507e513f26b0cd660184e9ba3e052db396b14b976f6bf1d1e0b6c9be4ecf0eee,bodies/2869_2026-08-31_2026-09-06_a1.body,receipts/2869_2026-08-31_2026-09-06_a1.json,new,new_20260913_2869_2026-08-31_2026-09-06_a1,https://api-v3.thaiwater.net/api/v1/thaiwater30/public/waterlevel_graph?station_type=tele_waterlevel&station_id=2869&start_date=2026-08-31&end_date=2026-09-06,th_agency_12,available
2869,discharge_reported,discharge,2026-08-31,2026-09-06,7,168,2026-08-31 00:00,2026-09-06 23:00,161,available,200,application/json; charset=utf-8,2026-09-13T18:17:55.585899+00:00,14440,507e513f26b0cd660184e9ba3e052db396b14b976f6bf1d1e0b6c9be4ecf0eee,bodies/2869_2026-08-31_2026-09-06_a1.body,receipts/2869_2026-08-31_2026-09-06_a1.json,new,new_20260913_2869_2026-08-31_2026-09-06_a1,https://api-v3.thaiwater.net/api/v1/thaiwater30/public/waterlevel_graph?station_type=tele_waterlevel&station_id=2869&start_date=2026-08-31&end_date=2026-09-06,th_agency_12,available
2872,stage_reported,value,2026-08-31,2026-09-06,7,168,2026-08-31 00:00,2026-09-06 23:00,160,available,200,application/json; charset=utf-8,2026-09-13T18:17:57.171895+00:00,15246,dff7bda1b87c4cd2161d4d346d50606a06b99d14f7230cbac00ddd87231d6a63,bodies/2872_2026-08-31_2026-09-06_a1.body,receipts/2872_2026-08-31_2026-09-06_a1.json,new,new_20260913_2872_2026-08-31_2026-09-06_a1,https://api-v3.thaiwater.net/api/v1/thaiwater30/public/waterlevel_graph?station_type=tele_waterlevel&station_id=2872&start_date=2026-08-31&end_date=2026-09-06,th_agency_12,available
2872,discharge_reported,discharge,2026-08-31,2026-09-06,7,168,2026-08-31 00:00,2026-09-06 23:00,160,available,200,application/json; charset=utf-8,2026-09-13T18:17:57.171895+00:00,15246,dff7bda1b87c4cd2161d4d346d50606a06b99d14f7230cbac00ddd87231d6a63,bodies/2872_2026-08-31_2026-09-06_a1.body,receipts/2872_2026-08-31_2026-09-06_a1.json,new,new_20260913_2872_2026-08-31_2026-09-06_a1,https://api-v3.thaiwater.net/api/v1/thaiwater30/public/waterlevel_graph?station_type=tele_waterlevel&station_id=2872&start_date=2026-08-31&end_date=2026-09-06,th_agency_12,available
2874,stage_reported,value,2026-08-31,2026-09-06,7,168,2026-08-31 00:00,2026-09-06 23:00,160,available,200,application/json; charset=utf-8,2026-09-13T18:17:58.755337+00:00,14369,85d7b33d42f5800f53ac9b459ce19304e87873cbc7a27fc3c373e62a5eca4c37,bodies/2874_2026-08-31_2026-09-06_a1.body,receipts/2874_2026-08-31_2026-09-06_a1.json,new,new_20260913_2874_2026-08-31_2026-09-06_a1,https://api-v3.thaiwater.net/api/v1/thaiwater30/public/waterlevel_graph?station_type=tele_waterlevel&station_id=2874&start_date=2026-08-31&end_date=2026-09-06,th_agency_12,available
2874,discharge_reported,discharge,2026-08-31,2026-09-06,7,168,2026-08-31 00:00,2026-09-06 23:00,160,available,200,application/json; charset=utf-8,2026-09-13T18:17:58.755337+00:00,14369,85d7b33d42f5800f53ac9b459ce19304e87873cbc7a27fc3c373e62a5eca4c37,bodies/2874_2026-08-31_2026-09-06_a1.body,receipts/2874_2026-08-31_2026-09-06_a1.json,new,new_20260913_2874_2026-08-31_2026-09-06_a1,https://api-v3.thaiwater.net/api/v1/thaiwater30/public/waterlevel_graph?station_type=tele_waterlevel&station_id=2874&start_date=2026-08-31&end_date=2026-09-06,th_agency_12,available
2875,stage_reported,value,2026-08-31,2026-09-06,7,168,2026-08-31 00:00,2026-09-06 23:00,160,available,200,application/json; charset=utf-8,2026-09-13T18:18:00.346270+00:00,14448,a38925d78f9de22ccecd91b2a9f1d093b3b680c35ecb4616ee56894a6696bea2,bodies/2875_2026-08-31_2026-09-06_a1.body,receipts/2875_2026-08-31_2026-09-06_a1.json,new,new_20260913_2875_2026-08-31_2026-09-06_a1,https://api-v3.thaiwater.net/api/v1/thaiwater30/public/waterlevel_graph?station_type=tele_waterlevel&station_id=2875&start_date=2026-08-31&end_date=2026-09-06,th_agency_12,available
2875,discharge_reported,discharge,2026-08-31,2026-09-06,7,168,2026-08-31 00:00,2026-09-06 23:00,160,available,200,application/json; charset=utf-8,2026-09-13T18:18:00.346270+00:00,14448,a38925d78f9de22ccecd91b2a9f1d093b3b680c35ecb4616ee56894a6696bea2,bodies/2875_2026-08-31_2026-09-06_a1.body,receipts/2875_2026-08-31_2026-09-06_a1.json,new,new_20260913_2875_2026-08-31_2026-09-06_a1,https://api-v3.thaiwater.net/api/v1/thaiwater30/public/waterlevel_graph?station_type=tele_waterlevel&station_id=2875&start_date=2026-08-31&end_date=2026-09-06,th_agency_12,available
2881,stage_reported,value,2026-08-31,2026-09-06,7,168,2026-08-31 00:00,2026-09-06 23:00,161,available,200,application/json; charset=utf-8,2026-09-13T18:18:02.014033+00:00,14188,6e2e36d4e7a55b9059d0806b077d43a54bbc6d43626fb687435770ea47ca455d,bodies/2881_2026-08-31_2026-09-06_a1.body,receipts/2881_2026-08-31_2026-09-06_a1.json,new,new_20260913_2881_2026-08-31_2026-09-06_a1,https://api-v3.thaiwater.net/api/v1/thaiwater30/public/waterlevel_graph?station_type=tele_waterlevel&station_id=2881&start_date=2026-08-31&end_date=2026-09-06,th_agency_12,available
2881,discharge_reported,discharge,2026-08-31,2026-09-06,7,168,2026-08-31 00:00,2026-09-06 23:00,161,available,200,application/json; charset=utf-8,2026-09-13T18:18:02.014033+00:00,14188,6e2e36d4e7a55b9059d0806b077d43a54bbc6d43626fb687435770ea47ca455d,bodies/2881_2026-08-31_2026-09-06_a1.body,receipts/2881_2026-08-31_2026-09-06_a1.json,new,new_20260913_2881_2026-08-31_2026-09-06_a1,https://api-v3.thaiwater.net/api/v1/thaiwater30/public/waterlevel_graph?station_type=tele_waterlevel&station_id=2881&start_date=2026-08-31&end_date=2026-09-06,th_agency_12,available
2888,stage_reported,value,2026-08-31,2026-09-06,7,168,2026-08-31 00:00,2026-09-06 23:00,154,available,200,application/json; charset=utf-8,2026-09-13T18:18:03.667263+00:00,14973,e5e9c0df6ea342a922e160db52f6bf736da68aebd4f4502eb638ebe33844ef45,bodies/2888_2026-08-31_2026-09-06_a1.body,receipts/2888_2026-08-31_2026-09-06_a1.json,new,new_20260913_2888_2026-08-31_2026-09-06_a1,https://api-v3.thaiwater.net/api/v1/thaiwater30/public/waterlevel_graph?station_type=tele_waterlevel&station_id=2888&start_date=2026-08-31&end_date=2026-09-06,th_agency_12,available
2888,discharge_reported,discharge,2026-08-31,2026-09-06,7,168,2026-08-31 00:00,2026-09-06 23:00,154,available,200,application/json; charset=utf-8,2026-09-13T18:18:03.667263+00:00,14973,e5e9c0df6ea342a922e160db52f6bf736da68aebd4f4502eb638ebe33844ef45,bodies/2888_2026-08-31_2026-09-06_a1.body,receipts/2888_2026-08-31_2026-09-06_a1.json,new,new_20260913_2888_2026-08-31_2026-09-06_a1,https://api-v3.thaiwater.net/api/v1/thaiwater30/public/waterlevel_graph?station_type=tele_waterlevel&station_id=2888&start_date=2026-08-31&end_date=2026-09-06,th_agency_12,available
2895,stage_reported,value,2026-08-31,2026-09-06,7,168,2026-08-31 00:00,2026-09-06 23:00,161,available,200,application/json; charset=utf-8,2026-09-13T18:18:05.269722+00:00,14517,044fcee64aa03efe77e7304cb1dd09e5c8a630ff3f0bbfc8490e4fb95acfe464,bodies/2895_2026-08-31_2026-09-06_a1.body,receipts/2895_2026-08-31_2026-09-06_a1.json,new,new_20260913_2895_2026-08-31_2026-09-06_a1,https://api-v3.thaiwater.net/api/v1/thaiwater30/public/waterlevel_graph?station_type=tele_waterlevel&station_id=2895&start_date=2026-08-31&end_date=2026-09-06,th_agency_12,available
2895,discharge_reported,discharge,2026-08-31,2026-09-06,7,168,2026-08-31 00:00,2026-09-06 23:00,161,available,200,application/json; charset=utf-8,2026-09-13T18:18:05.269722+00:00,14517,044fcee64aa03efe77e7304cb1dd09e5c8a630ff3f0bbfc8490e4fb95acfe464,bodies/2895_2026-08-31_2026-09-06_a1.body,receipts/2895_2026-08-31_2026-09-06_a1.json,new,new_20260913_2895_2026-08-31_2026-09-06_a1,https://api-v3.thaiwater.net/api/v1/thaiwater30/public/waterlevel_graph?station_type=tele_waterlevel&station_id=2895&start_date=2026-08-31&end_date=2026-09-06,th_agency_12,available
2900,stage_reported,value,2026-08-31,2026-09-06,7,168,2026-08-31 00:00,2026-09-06 23:00,161,available,200,application/json; charset=utf-8,2026-09-13T18:18:06.872245+00:00,15329,1c5a65ecd537eca4d27ca4432367693edd263d768b9ae86d89543bf5dbe6b542,bodies/2900_2026-08-31_2026-09-06_a1.body,receipts/2900_2026-08-31_2026-09-06_a1.json,new,new_20260913_2900_2026-08-31_2026-09-06_a1,https://api-v3.thaiwater.net/api/v1/thaiwater30/public/waterlevel_graph?station_type=tele_waterlevel&station_id=2900&start_date=2026-08-31&end_date=2026-09-06,th_agency_12,available
2900,discharge_reported,discharge,2026-08-31,2026-09-06,7,168,2026-08-31 00:00,2026-09-06 23:00,156,available,200,application/json; charset=utf-8,2026-09-13T18:18:06.872245+00:00,15329,1c5a65ecd537eca4d27ca4432367693edd263d768b9ae86d89543bf5dbe6b542,bodies/2900_2026-08-31_2026-09-06_a1.body,receipts/2900_2026-08-31_2026-09-06_a1.json,new,new_20260913_2900_2026-08-31_2026-09-06_a1,https://api-v3.thaiwater.net/api/v1/thaiwater30/public/waterlevel_graph?station_type=tele_waterlevel&station_id=2900&start_date=2026-08-31&end_date=2026-09-06,th_agency_12,available
2905,stage_reported,value,2026-08-31,2026-09-06,7,168,2026-08-31 00:00,2026-09-06 23:00,7,available,200,application/json; charset=utf-8,2026-09-13T18:18:08.312899+00:00,13415,e0dd99fdd337de49c6d529450f96bdf970a6156e9b8e68b8098e05ac50e3a543,bodies/2905_2026-08-31_2026-09-06_a1.body,receipts/2905_2026-08-31_2026-09-06_a1.json,new,new_20260913_2905_2026-08-31_2026-09-06_a1,https://api-v3.thaiwater.net/api/v1/thaiwater30/public/waterlevel_graph?station_type=tele_waterlevel&station_id=2905&start_date=2026-08-31&end_date=2026-09-06,th_agency_12,available
2905,discharge_reported,discharge,2026-08-31,2026-09-06,7,168,2026-08-31 00:00,2026-09-06 23:00,7,available,200,application/json; charset=utf-8,2026-09-13T18:18:08.312899+00:00,13415,e0dd99fdd337de49c6d529450f96bdf970a6156e9b8e68b8098e05ac50e3a543,bodies/2905_2026-08-31_2026-09-06_a1.body,receipts/2905_2026-08-31_2026-09-06_a1.json,new,new_20260913_2905_2026-08-31_2026-09-06_a1,https://api-v3.thaiwater.net/api/v1/thaiwater30/public/waterlevel_graph?station_type=tele_waterlevel&station_id=2905&start_date=2026-08-31&end_date=2026-09-06,th_agency_12,available
2906,stage_reported,value,2026-06-08,2026-09-06,91,2184,2026-06-08 00:00,2026-09-06 23:00,2026,available,200,application/json; charset=utf-8,2026-09-13T18:18:10.457321+00:00,181057,f3a5dd07e7c6bea0e3826c6b535c1b333fdc01ac33863fd29fed07a959ed3273,bodies/2906_2026-06-08_2026-09-06_a1.body,receipts/2906_2026-06-08_2026-09-06_a1.json,new,new_20260913_2906_2026-06-08_2026-09-06_a1,https://api-v3.thaiwater.net/api/v1/thaiwater30/public/waterlevel_graph?station_type=tele_waterlevel&station_id=2906&start_date=2026-06-08&end_date=2026-09-06,th_agency_12,available
2906,discharge_reported,discharge,2026-06-08,2026-09-06,91,2184,2026-06-08 00:00,2026-09-06 23:00,0,empty_in_tested_window,200,application/json; charset=utf-8,2026-09-13T18:18:10.457321+00:00,181057,f3a5dd07e7c6bea0e3826c6b535c1b333fdc01ac33863fd29fed07a959ed3273,bodies/2906_2026-06-08_2026-09-06_a1.body,receipts/2906_2026-06-08_2026-09-06_a1.json,new,new_20260913_2906_2026-06-08_2026-09-06_a1,https://api-v3.thaiwater.net/api/v1/thaiwater30/public/waterlevel_graph?station_type=tele_waterlevel&station_id=2906&start_date=2026-06-08&end_date=2026-09-06,th_agency_12,unknown
2914,stage_reported,value,2026-08-31,2026-09-06,7,168,2026-08-31 00:00,2026-09-06 23:00,161,available,200,application/json; charset=utf-8,2026-09-13T18:18:11.883701+00:00,14456,d14bc66d6f99f42e2de7980843c07a3be912511e996c390bd1168b79229a6182,bodies/2914_2026-08-31_2026-09-06_a1.body,receipts/2914_2026-08-31_2026-09-06_a1.json,new,new_20260913_2914_2026-08-31_2026-09-06_a1,https://api-v3.thaiwater.net/api/v1/thaiwater30/public/waterlevel_graph?station_type=tele_waterlevel&station_id=2914&start_date=2026-08-31&end_date=2026-09-06,th_agency_12,available
2914,discharge_reported,discharge,2026-08-31,2026-09-06,7,168,2026-08-31 00:00,2026-09-06 23:00,161,available,200,application/json; charset=utf-8,2026-09-13T18:18:11.883701+00:00,14456,d14bc66d6f99f42e2de7980843c07a3be912511e996c390bd1168b79229a6182,bodies/2914_2026-08-31_2026-09-06_a1.body,receipts/2914_2026-08-31_2026-09-06_a1.json,new,new_20260913_2914_2026-08-31_2026-09-06_a1,https://api-v3.thaiwater.net/api/v1/thaiwater30/public/waterlevel_graph?station_type=tele_waterlevel&station_id=2914&start_date=2026-08-31&end_date=2026-09-06,th_agency_12,available
2915,stage_reported,value,2026-08-31,2026-09-06,7,168,2026-08-31 00:00,2026-09-06 23:00,161,available,200,application/json; charset=utf-8,2026-09-13T18:18:13.475314+00:00,14766,2f1450cae0d74972a6f8b3b6f5c4f468734a87c68c435e7c109b3f73c7305f45,bodies/2915_2026-08-31_2026-09-06_a1.body,receipts/2915_2026-08-31_2026-09-06_a1.json,new,new_20260913_2915_2026-08-31_2026-09-06_a1,https://api-v3.thaiwater.net/api/v1/thaiwater30/public/waterlevel_graph?station_type=tele_waterlevel&station_id=2915&start_date=2026-08-31&end_date=2026-09-06,th_agency_12,available
2915,discharge_reported,discharge,2026-08-31,2026-09-06,7,168,2026-08-31 00:00,2026-09-06 23:00,161,available,200,application/json; charset=utf-8,2026-09-13T18:18:13.475314+00:00,14766,2f1450cae0d74972a6f8b3b6f5c4f468734a87c68c435e7c109b3f73c7305f45,bodies/2915_2026-08-31_2026-09-06_a1.body,receipts/2915_2026-08-31_2026-09-06_a1.json,new,new_20260913_2915_2026-08-31_2026-09-06_a1,https://api-v3.thaiwater.net/api/v1/thaiwater30/public/waterlevel_graph?station_type=tele_waterlevel&station_id=2915&start_date=2026-08-31&end_date=2026-09-06,th_agency_12,available
2918,stage_reported,value,2026-08-31,2026-09-06,7,168,2026-08-31 00:00,2026-09-06 23:00,160,available,200,application/json; charset=utf-8,2026-09-13T18:18:14.916546+00:00,13564,93b10e1d820cae61f006e9c290837016cd7d73c12523450434ead29765100873,bodies/2918_2026-08-31_2026-09-06_a1.body,receipts/2918_2026-08-31_2026-09-06_a1.json,new,new_20260913_2918_2026-08-31_2026-09-06_a1,https://api-v3.thaiwater.net/api/v1/thaiwater30/public/waterlevel_graph?station_type=tele_waterlevel&station_id=2918&start_date=2026-08-31&end_date=2026-09-06,th_agency_12,available
2918,discharge_reported,discharge,2026-08-31,2026-09-06,7,168,2026-08-31 00:00,2026-09-06 23:00,160,available,200,application/json; charset=utf-8,2026-09-13T18:18:14.916546+00:00,13564,93b10e1d820cae61f006e9c290837016cd7d73c12523450434ead29765100873,bodies/2918_2026-08-31_2026-09-06_a1.body,receipts/2918_2026-08-31_2026-09-06_a1.json,new,new_20260913_2918_2026-08-31_2026-09-06_a1,https://api-v3.thaiwater.net/api/v1/thaiwater30/public/waterlevel_graph?station_type=tele_waterlevel&station_id=2918&start_date=2026-08-31&end_date=2026-09-06,th_agency_12,available
2920,stage_reported,value,2026-08-31,2026-09-06,7,168,2026-08-31 00:00,2026-09-06 23:00,160,available,200,application/json; charset=utf-8,2026-09-13T18:18:16.500355+00:00,14274,f0f0be695a63650900b9cf2ee0a44d6746a6c8a4e44c2bc8fea7603c6b2f01f3,bodies/2920_2026-08-31_2026-09-06_a1.body,receipts/2920_2026-08-31_2026-09-06_a1.json,new,new_20260913_2920_2026-08-31_2026-09-06_a1,https://api-v3.thaiwater.net/api/v1/thaiwater30/public/waterlevel_graph?station_type=tele_waterlevel&station_id=2920&start_date=2026-08-31&end_date=2026-09-06,th_agency_12,available
2920,discharge_reported,discharge,2026-08-31,2026-09-06,7,168,2026-08-31 00:00,2026-09-06 23:00,160,available,200,application/json; charset=utf-8,2026-09-13T18:18:16.500355+00:00,14274,f0f0be695a63650900b9cf2ee0a44d6746a6c8a4e44c2bc8fea7603c6b2f01f3,bodies/2920_2026-08-31_2026-09-06_a1.body,receipts/2920_2026-08-31_2026-09-06_a1.json,new,new_20260913_2920_2026-08-31_2026-09-06_a1,https://api-v3.thaiwater.net/api/v1/thaiwater30/public/waterlevel_graph?station_type=tele_waterlevel&station_id=2920&start_date=2026-08-31&end_date=2026-09-06,th_agency_12,available
2924,stage_reported,value,2026-08-31,2026-09-06,7,168,2026-08-31 00:00,2026-09-06 23:00,160,available,200,application/json; charset=utf-8,2026-09-13T18:18:18.092912+00:00,14858,787045aa5176d9aa752fa6aff5a4d28e85bbc79c7d8bd870b35027099db80908,bodies/2924_2026-08-31_2026-09-06_a1.body,receipts/2924_2026-08-31_2026-09-06_a1.json,new,new_20260913_2924_2026-08-31_2026-09-06_a1,https://api-v3.thaiwater.net/api/v1/thaiwater30/public/waterlevel_graph?station_type=tele_waterlevel&station_id=2924&start_date=2026-08-31&end_date=2026-09-06,th_agency_12,available
2924,discharge_reported,discharge,2026-08-31,2026-09-06,7,168,2026-08-31 00:00,2026-09-06 23:00,160,available,200,application/json; charset=utf-8,2026-09-13T18:18:18.092912+00:00,14858,787045aa5176d9aa752fa6aff5a4d28e85bbc79c7d8bd870b35027099db80908,bodies/2924_2026-08-31_2026-09-06_a1.body,receipts/2924_2026-08-31_2026-09-06_a1.json,new,new_20260913_2924_2026-08-31_2026-09-06_a1,https://api-v3.thaiwater.net/api/v1/thaiwater30/public/waterlevel_graph?station_type=tele_waterlevel&station_id=2924&start_date=2026-08-31&end_date=2026-09-06,th_agency_12,available
2925,stage_reported,value,2026-08-31,2026-09-06,7,168,2026-08-31 00:00,2026-09-06 23:00,8,available,200,application/json; charset=utf-8,2026-09-13T18:18:19.759441+00:00,13456,4c6d0c31c78eefef5b53f9121c5c5604a04f88d5cefa04fdf5230598baaf26fd,bodies/2925_2026-08-31_2026-09-06_a1.body,receipts/2925_2026-08-31_2026-09-06_a1.json,new,new_20260913_2925_2026-08-31_2026-09-06_a1,https://api-v3.thaiwater.net/api/v1/thaiwater30/public/waterlevel_graph?station_type=tele_waterlevel&station_id=2925&start_date=2026-08-31&end_date=2026-09-06,th_agency_12,available
2925,discharge_reported,discharge,2026-08-31,2026-09-06,7,168,2026-08-31 00:00,2026-09-06 23:00,8,available,200,application/json; charset=utf-8,2026-09-13T18:18:19.759441+00:00,13456,4c6d0c31c78eefef5b53f9121c5c5604a04f88d5cefa04fdf5230598baaf26fd,bodies/2925_2026-08-31_2026-09-06_a1.body,receipts/2925_2026-08-31_2026-09-06_a1.json,new,new_20260913_2925_2026-08-31_2026-09-06_a1,https://api-v3.thaiwater.net/api/v1/thaiwater30/public/waterlevel_graph?station_type=tele_waterlevel&station_id=2925&start_date=2026-08-31&end_date=2026-09-06,th_agency_12,available
2941,stage_reported,value,2026-08-31,2026-09-06,7,168,2026-08-31 00:00,2026-09-06 23:00,161,available,200,application/json; charset=utf-8,2026-09-13T18:18:21.350339+00:00,15302,f54c7862eb2aa56a17e7c9f724a2558d08599e21f77a5f2678a93c06b2bdc48f,bodies/2941_2026-08-31_2026-09-06_a1.body,receipts/2941_2026-08-31_2026-09-06_a1.json,new,new_20260913_2941_2026-08-31_2026-09-06_a1,https://api-v3.thaiwater.net/api/v1/thaiwater30/public/waterlevel_graph?station_type=tele_waterlevel&station_id=2941&start_date=2026-08-31&end_date=2026-09-06,th_agency_12,available
2941,discharge_reported,discharge,2026-08-31,2026-09-06,7,168,2026-08-31 00:00,2026-09-06 23:00,161,available,200,application/json; charset=utf-8,2026-09-13T18:18:21.350339+00:00,15302,f54c7862eb2aa56a17e7c9f724a2558d08599e21f77a5f2678a93c06b2bdc48f,bodies/2941_2026-08-31_2026-09-06_a1.body,receipts/2941_2026-08-31_2026-09-06_a1.json,new,new_20260913_2941_2026-08-31_2026-09-06_a1,https://api-v3.thaiwater.net/api/v1/thaiwater30/public/waterlevel_graph?station_type=tele_waterlevel&station_id=2941&start_date=2026-08-31&end_date=2026-09-06,th_agency_12,available
2948,stage_reported,value,2026-08-31,2026-09-06,7,168,2026-08-31 00:00,2026-09-06 23:00,7,available,200,application/json; charset=utf-8,2026-09-13T18:18:22.738285+00:00,13465,adb6c340289de5490ad502a6d392a898e67ce4cad12e9e9b0959bc70a9fa6df7,bodies/2948_2026-08-31_2026-09-06_a1.body,receipts/2948_2026-08-31_2026-09-06_a1.json,new,new_20260913_2948_2026-08-31_2026-09-06_a1,https://api-v3.thaiwater.net/api/v1/thaiwater30/public/waterlevel_graph?station_type=tele_waterlevel&station_id=2948&start_date=2026-08-31&end_date=2026-09-06,th_agency_12,available
2948,discharge_reported,discharge,2026-08-31,2026-09-06,7,168,2026-08-31 00:00,2026-09-06 23:00,7,available,200,application/json; charset=utf-8,2026-09-13T18:18:22.738285+00:00,13465,adb6c340289de5490ad502a6d392a898e67ce4cad12e9e9b0959bc70a9fa6df7,bodies/2948_2026-08-31_2026-09-06_a1.body,receipts/2948_2026-08-31_2026-09-06_a1.json,new,new_20260913_2948_2026-08-31_2026-09-06_a1,https://api-v3.thaiwater.net/api/v1/thaiwater30/public/waterlevel_graph?station_type=tele_waterlevel&station_id=2948&start_date=2026-08-31&end_date=2026-09-06,th_agency_12,available
2953,stage_reported,value,2026-08-31,2026-09-06,7,168,2026-08-31 00:00,2026-09-06 23:00,161,available,200,application/json; charset=utf-8,2026-09-13T18:18:24.330357+00:00,14387,0b8f920deb13f4212727e0e9c2764989e2dd0f7af8e8dde936850f9d4ac06d1f,bodies/2953_2026-08-31_2026-09-06_a1.body,receipts/2953_2026-08-31_2026-09-06_a1.json,new,new_20260913_2953_2026-08-31_2026-09-06_a1,https://api-v3.thaiwater.net/api/v1/thaiwater30/public/waterlevel_graph?station_type=tele_waterlevel&station_id=2953&start_date=2026-08-31&end_date=2026-09-06,th_agency_12,available
2953,discharge_reported,discharge,2026-08-31,2026-09-06,7,168,2026-08-31 00:00,2026-09-06 23:00,161,available,200,application/json; charset=utf-8,2026-09-13T18:18:24.330357+00:00,14387,0b8f920deb13f4212727e0e9c2764989e2dd0f7af8e8dde936850f9d4ac06d1f,bodies/2953_2026-08-31_2026-09-06_a1.body,receipts/2953_2026-08-31_2026-09-06_a1.json,new,new_20260913_2953_2026-08-31_2026-09-06_a1,https://api-v3.thaiwater.net/api/v1/thaiwater30/public/waterlevel_graph?station_type=tele_waterlevel&station_id=2953&start_date=2026-08-31&end_date=2026-09-06,th_agency_12,available
2957,stage_reported,value,2026-08-31,2026-09-06,7,168,2026-08-31 00:00,2026-09-06 23:00,8,available,200,application/json; charset=utf-8,2026-09-13T18:18:25.906272+00:00,13455,b179f4524ceee13d9babc43ca4c40acddcf158a13b85b2a027afa33b808f02d1,bodies/2957_2026-08-31_2026-09-06_a1.body,receipts/2957_2026-08-31_2026-09-06_a1.json,new,new_20260913_2957_2026-08-31_2026-09-06_a1,https://api-v3.thaiwater.net/api/v1/thaiwater30/public/waterlevel_graph?station_type=tele_waterlevel&station_id=2957&start_date=2026-08-31&end_date=2026-09-06,th_agency_12,available
2957,discharge_reported,discharge,2026-08-31,2026-09-06,7,168,2026-08-31 00:00,2026-09-06 23:00,8,available,200,application/json; charset=utf-8,2026-09-13T18:18:25.906272+00:00,13455,b179f4524ceee13d9babc43ca4c40acddcf158a13b85b2a027afa33b808f02d1,bodies/2957_2026-08-31_2026-09-06_a1.body,receipts/2957_2026-08-31_2026-09-06_a1.json,new,new_20260913_2957_2026-08-31_2026-09-06_a1,https://api-v3.thaiwater.net/api/v1/thaiwater30/public/waterlevel_graph?station_type=tele_waterlevel&station_id=2957&start_date=2026-08-31&end_date=2026-09-06,th_agency_12,available
2963,stage_reported,value,2026-08-31,2026-09-06,7,168,2026-08-31 00:00,2026-09-06 23:00,161,available,200,application/json; charset=utf-8,2026-09-13T18:18:27.534153+00:00,14459,3583d2dcfff4c1486e402558fbde244f33bd48a8f7e95211117a331c2e1924ae,bodies/2963_2026-08-31_2026-09-06_a1.body,receipts/2963_2026-08-31_2026-09-06_a1.json,new,new_20260913_2963_2026-08-31_2026-09-06_a1,https://api-v3.thaiwater.net/api/v1/thaiwater30/public/waterlevel_graph?station_type=tele_waterlevel&station_id=2963&start_date=2026-08-31&end_date=2026-09-06,th_agency_12,available
2963,discharge_reported,discharge,2026-08-31,2026-09-06,7,168,2026-08-31 00:00,2026-09-06 23:00,161,available,200,application/json; charset=utf-8,2026-09-13T18:18:27.534153+00:00,14459,3583d2dcfff4c1486e402558fbde244f33bd48a8f7e95211117a331c2e1924ae,bodies/2963_2026-08-31_2026-09-06_a1.body,receipts/2963_2026-08-31_2026-09-06_a1.json,new,new_20260913_2963_2026-08-31_2026-09-06_a1,https://api-v3.thaiwater.net/api/v1/thaiwater30/public/waterlevel_graph?station_type=tele_waterlevel&station_id=2963&start_date=2026-08-31&end_date=2026-09-06,th_agency_12,available
2964,stage_reported,value,2026-08-31,2026-09-06,7,168,2026-08-31 00:00,2026-09-06 23:00,160,available,200,application/json; charset=utf-8,2026-09-13T18:18:29.175536+00:00,14669,8adac0fca9cee885f494212115533a90ea7be9de592e94dbdf33adf0d906adc9,bodies/2964_2026-08-31_2026-09-06_a1.body,receipts/2964_2026-08-31_2026-09-06_a1.json,new,new_20260913_2964_2026-08-31_2026-09-06_a1,https://api-v3.thaiwater.net/api/v1/thaiwater30/public/waterlevel_graph?station_type=tele_waterlevel&station_id=2964&start_date=2026-08-31&end_date=2026-09-06,th_agency_12,available
2964,discharge_reported,discharge,2026-08-31,2026-09-06,7,168,2026-08-31 00:00,2026-09-06 23:00,160,available,200,application/json; charset=utf-8,2026-09-13T18:18:29.175536+00:00,14669,8adac0fca9cee885f494212115533a90ea7be9de592e94dbdf33adf0d906adc9,bodies/2964_2026-08-31_2026-09-06_a1.body,receipts/2964_2026-08-31_2026-09-06_a1.json,new,new_20260913_2964_2026-08-31_2026-09-06_a1,https://api-v3.thaiwater.net/api/v1/thaiwater30/public/waterlevel_graph?station_type=tele_waterlevel&station_id=2964&start_date=2026-08-31&end_date=2026-09-06,th_agency_12,available
2972,stage_reported,value,2026-06-08,2026-09-06,91,2184,2026-06-08 00:00,2026-09-06 23:00,1997,available,200,application/json; charset=utf-8,2026-09-13T18:18:31.269764+00:00,175376,5a3f0160a13a14156ee5577bfa5dbe33c2ae70f1386bb8cda9b41b3c295d44d5,bodies/2972_2026-06-08_2026-09-06_a1.body,receipts/2972_2026-06-08_2026-09-06_a1.json,new,new_20260913_2972_2026-06-08_2026-09-06_a1,https://api-v3.thaiwater.net/api/v1/thaiwater30/public/waterlevel_graph?station_type=tele_waterlevel&station_id=2972&start_date=2026-06-08&end_date=2026-09-06,th_agency_12,available
2972,discharge_reported,discharge,2026-06-08,2026-09-06,91,2184,2026-06-08 00:00,2026-09-06 23:00,0,empty_in_tested_window,200,application/json; charset=utf-8,2026-09-13T18:18:31.269764+00:00,175376,5a3f0160a13a14156ee5577bfa5dbe33c2ae70f1386bb8cda9b41b3c295d44d5,bodies/2972_2026-06-08_2026-09-06_a1.body,receipts/2972_2026-06-08_2026-09-06_a1.json,new,new_20260913_2972_2026-06-08_2026-09-06_a1,https://api-v3.thaiwater.net/api/v1/thaiwater30/public/waterlevel_graph?station_type=tele_waterlevel&station_id=2972&start_date=2026-06-08&end_date=2026-09-06,th_agency_12,unknown
2975,stage_reported,value,2026-08-31,2026-09-06,7,168,2026-08-31 00:00,2026-09-06 23:00,160,available,200,application/json; charset=utf-8,2026-09-13T18:18:32.668143+00:00,14095,f9ceb3da93de8ba37aa59168db19413709d8b535697e89c332964bf679ddb6f4,bodies/2975_2026-08-31_2026-09-06_a1.body,receipts/2975_2026-08-31_2026-09-06_a1.json,new,new_20260913_2975_2026-08-31_2026-09-06_a1,https://api-v3.thaiwater.net/api/v1/thaiwater30/public/waterlevel_graph?station_type=tele_waterlevel&station_id=2975&start_date=2026-08-31&end_date=2026-09-06,th_agency_12,available
2975,discharge_reported,discharge,2026-08-31,2026-09-06,7,168,2026-08-31 00:00,2026-09-06 23:00,160,available,200,application/json; charset=utf-8,2026-09-13T18:18:32.668143+00:00,14095,f9ceb3da93de8ba37aa59168db19413709d8b535697e89c332964bf679ddb6f4,bodies/2975_2026-08-31_2026-09-06_a1.body,receipts/2975_2026-08-31_2026-09-06_a1.json,new,new_20260913_2975_2026-08-31_2026-09-06_a1,https://api-v3.thaiwater.net/api/v1/thaiwater30/public/waterlevel_graph?station_type=tele_waterlevel&station_id=2975&start_date=2026-08-31&end_date=2026-09-06,th_agency_12,available
2976,stage_reported,value,2026-08-31,2026-09-06,7,168,2026-08-31 00:00,2026-09-06 23:00,160,available,200,application/json; charset=utf-8,2026-09-13T18:18:34.266137+00:00,14870,a663032ff17ab39964b0037d593e2ad82f41bba02c8273c01598212b657c425a,bodies/2976_2026-08-31_2026-09-06_a1.body,receipts/2976_2026-08-31_2026-09-06_a1.json,new,new_20260913_2976_2026-08-31_2026-09-06_a1,https://api-v3.thaiwater.net/api/v1/thaiwater30/public/waterlevel_graph?station_type=tele_waterlevel&station_id=2976&start_date=2026-08-31&end_date=2026-09-06,th_agency_12,available
2976,discharge_reported,discharge,2026-08-31,2026-09-06,7,168,2026-08-31 00:00,2026-09-06 23:00,160,available,200,application/json; charset=utf-8,2026-09-13T18:18:34.266137+00:00,14870,a663032ff17ab39964b0037d593e2ad82f41bba02c8273c01598212b657c425a,bodies/2976_2026-08-31_2026-09-06_a1.body,receipts/2976_2026-08-31_2026-09-06_a1.json,new,new_20260913_2976_2026-08-31_2026-09-06_a1,https://api-v3.thaiwater.net/api/v1/thaiwater30/public/waterlevel_graph?station_type=tele_waterlevel&station_id=2976&start_date=2026-08-31&end_date=2026-09-06,th_agency_12,available
2985,stage_reported,value,2026-08-31,2026-09-06,7,168,2026-08-31 00:00,2026-09-06 23:00,161,available,200,application/json; charset=utf-8,2026-09-13T18:18:35.926645+00:00,15077,7fad5fd34b2ea473dbd1ecfff9636129230d07bd0ec4598daf5294ed63d91d88,bodies/2985_2026-08-31_2026-09-06_a1.body,receipts/2985_2026-08-31_2026-09-06_a1.json,new,new_20260913_2985_2026-08-31_2026-09-06_a1,https://api-v3.thaiwater.net/api/v1/thaiwater30/public/waterlevel_graph?station_type=tele_waterlevel&station_id=2985&start_date=2026-08-31&end_date=2026-09-06,th_agency_12,available
2985,discharge_reported,discharge,2026-08-31,2026-09-06,7,168,2026-08-31 00:00,2026-09-06 23:00,161,available,200,application/json; charset=utf-8,2026-09-13T18:18:35.926645+00:00,15077,7fad5fd34b2ea473dbd1ecfff9636129230d07bd0ec4598daf5294ed63d91d88,bodies/2985_2026-08-31_2026-09-06_a1.body,receipts/2985_2026-08-31_2026-09-06_a1.json,new,new_20260913_2985_2026-08-31_2026-09-06_a1,https://api-v3.thaiwater.net/api/v1/thaiwater30/public/waterlevel_graph?station_type=tele_waterlevel&station_id=2985&start_date=2026-08-31&end_date=2026-09-06,th_agency_12,available
2986,stage_reported,value,2026-08-31,2026-09-06,7,168,2026-08-31 00:00,2026-09-06 23:00,161,available,200,application/json; charset=utf-8,2026-09-13T18:18:37.710795+00:00,15107,53bd377ca5882ce1880db0a2840f2fd55b157f156052cb3dad47d7691a241520,bodies/2986_2026-08-31_2026-09-06_a1.body,receipts/2986_2026-08-31_2026-09-06_a1.json,new,new_20260913_2986_2026-08-31_2026-09-06_a1,https://api-v3.thaiwater.net/api/v1/thaiwater30/public/waterlevel_graph?station_type=tele_waterlevel&station_id=2986&start_date=2026-08-31&end_date=2026-09-06,th_agency_12,available
2986,discharge_reported,discharge,2026-08-31,2026-09-06,7,168,2026-08-31 00:00,2026-09-06 23:00,161,available,200,application/json; charset=utf-8,2026-09-13T18:18:37.710795+00:00,15107,53bd377ca5882ce1880db0a2840f2fd55b157f156052cb3dad47d7691a241520,bodies/2986_2026-08-31_2026-09-06_a1.body,receipts/2986_2026-08-31_2026-09-06_a1.json,new,new_20260913_2986_2026-08-31_2026-09-06_a1,https://api-v3.thaiwater.net/api/v1/thaiwater30/public/waterlevel_graph?station_type=tele_waterlevel&station_id=2986&start_date=2026-08-31&end_date=2026-09-06,th_agency_12,available
2993,stage_reported,value,2026-08-31,2026-09-06,7,168,2026-08-31 00:00,2026-09-06 23:00,161,available,200,application/json; charset=utf-8,2026-09-13T18:18:39.367936+00:00,14402,460bd2f3883655f20b33cac4617b3caee4a6f029c45215797f48a1dc2c7e184a,bodies/2993_2026-08-31_2026-09-06_a1.body,receipts/2993_2026-08-31_2026-09-06_a1.json,new,new_20260913_2993_2026-08-31_2026-09-06_a1,https://api-v3.thaiwater.net/api/v1/thaiwater30/public/waterlevel_graph?station_type=tele_waterlevel&station_id=2993&start_date=2026-08-31&end_date=2026-09-06,th_agency_12,available
2993,discharge_reported,discharge,2026-08-31,2026-09-06,7,168,2026-08-31 00:00,2026-09-06 23:00,161,available,200,application/json; charset=utf-8,2026-09-13T18:18:39.367936+00:00,14402,460bd2f3883655f20b33cac4617b3caee4a6f029c45215797f48a1dc2c7e184a,bodies/2993_2026-08-31_2026-09-06_a1.body,receipts/2993_2026-08-31_2026-09-06_a1.json,new,new_20260913_2993_2026-08-31_2026-09-06_a1,https://api-v3.thaiwater.net/api/v1/thaiwater30/public/waterlevel_graph?station_type=tele_waterlevel&station_id=2993&start_date=2026-08-31&end_date=2026-09-06,th_agency_12,available
3000,stage_reported,value,2026-08-31,2026-09-06,7,168,2026-08-31 00:00,2026-09-06 23:00,160,available,200,application/json; charset=utf-8,2026-09-13T18:18:40.754770+00:00,13546,45689412e9a0653361839bf2d71a3e082e65d6155ef32dacbc718c7369d26df5,bodies/3000_2026-08-31_2026-09-06_a1.body,receipts/3000_2026-08-31_2026-09-06_a1.json,new,new_20260913_3000_2026-08-31_2026-09-06_a1,https://api-v3.thaiwater.net/api/v1/thaiwater30/public/waterlevel_graph?station_type=tele_waterlevel&station_id=3000&start_date=2026-08-31&end_date=2026-09-06,th_agency_12,available
3000,discharge_reported,discharge,2026-08-31,2026-09-06,7,168,2026-08-31 00:00,2026-09-06 23:00,160,available,200,application/json; charset=utf-8,2026-09-13T18:18:40.754770+00:00,13546,45689412e9a0653361839bf2d71a3e082e65d6155ef32dacbc718c7369d26df5,bodies/3000_2026-08-31_2026-09-06_a1.body,receipts/3000_2026-08-31_2026-09-06_a1.json,new,new_20260913_3000_2026-08-31_2026-09-06_a1,https://api-v3.thaiwater.net/api/v1/thaiwater30/public/waterlevel_graph?station_type=tele_waterlevel&station_id=3000&start_date=2026-08-31&end_date=2026-09-06,th_agency_12,available
3002,stage_reported,value,2026-08-31,2026-09-06,7,168,2026-08-31 00:00,2026-09-06 23:00,160,available,200,application/json; charset=utf-8,2026-09-13T18:18:42.403495+00:00,14448,00280f05bfc480a3809dc8b3228b1e654c92600ed34d786d0dcc58801ea1c649,bodies/3002_2026-08-31_2026-09-06_a1.body,receipts/3002_2026-08-31_2026-09-06_a1.json,new,new_20260913_3002_2026-08-31_2026-09-06_a1,https://api-v3.thaiwater.net/api/v1/thaiwater30/public/waterlevel_graph?station_type=tele_waterlevel&station_id=3002&start_date=2026-08-31&end_date=2026-09-06,th_agency_12,available
3002,discharge_reported,discharge,2026-08-31,2026-09-06,7,168,2026-08-31 00:00,2026-09-06 23:00,160,available,200,application/json; charset=utf-8,2026-09-13T18:18:42.403495+00:00,14448,00280f05bfc480a3809dc8b3228b1e654c92600ed34d786d0dcc58801ea1c649,bodies/3002_2026-08-31_2026-09-06_a1.body,receipts/3002_2026-08-31_2026-09-06_a1.json,new,new_20260913_3002_2026-08-31_2026-09-06_a1,https://api-v3.thaiwater.net/api/v1/thaiwater30/public/waterlevel_graph?station_type=tele_waterlevel&station_id=3002&start_date=2026-08-31&end_date=2026-09-06,th_agency_12,available
3003,stage_reported,value,2026-08-31,2026-09-06,7,168,2026-08-31 00:00,2026-09-06 23:00,161,available,200,application/json; charset=utf-8,2026-09-13T18:18:43.993207+00:00,15584,06fdac93ae10599a9b5a3652b8974da36e16280ad98859c6c60bd7330ce5a567,bodies/3003_2026-08-31_2026-09-06_a1.body,receipts/3003_2026-08-31_2026-09-06_a1.json,new,new_20260913_3003_2026-08-31_2026-09-06_a1,https://api-v3.thaiwater.net/api/v1/thaiwater30/public/waterlevel_graph?station_type=tele_waterlevel&station_id=3003&start_date=2026-08-31&end_date=2026-09-06,th_agency_12,available
3003,discharge_reported,discharge,2026-08-31,2026-09-06,7,168,2026-08-31 00:00,2026-09-06 23:00,161,available,200,application/json; charset=utf-8,2026-09-13T18:18:43.993207+00:00,15584,06fdac93ae10599a9b5a3652b8974da36e16280ad98859c6c60bd7330ce5a567,bodies/3003_2026-08-31_2026-09-06_a1.body,receipts/3003_2026-08-31_2026-09-06_a1.json,new,new_20260913_3003_2026-08-31_2026-09-06_a1,https://api-v3.thaiwater.net/api/v1/thaiwater30/public/waterlevel_graph?station_type=tele_waterlevel&station_id=3003&start_date=2026-08-31&end_date=2026-09-06,th_agency_12,available
3014,stage_reported,value,2026-08-31,2026-09-06,7,168,2026-08-31 00:00,2026-09-06 23:00,160,available,200,application/json; charset=utf-8,2026-09-13T18:18:45.590565+00:00,14720,7bc35ee9c9b65403ce1bfaf0862e80cf954569c860cdae6985b8d4930056b7cd,bodies/3014_2026-08-31_2026-09-06_a1.body,receipts/3014_2026-08-31_2026-09-06_a1.json,new,new_20260913_3014_2026-08-31_2026-09-06_a1,https://api-v3.thaiwater.net/api/v1/thaiwater30/public/waterlevel_graph?station_type=tele_waterlevel&station_id=3014&start_date=2026-08-31&end_date=2026-09-06,th_agency_12,available
3014,discharge_reported,discharge,2026-08-31,2026-09-06,7,168,2026-08-31 00:00,2026-09-06 23:00,160,available,200,application/json; charset=utf-8,2026-09-13T18:18:45.590565+00:00,14720,7bc35ee9c9b65403ce1bfaf0862e80cf954569c860cdae6985b8d4930056b7cd,bodies/3014_2026-08-31_2026-09-06_a1.body,receipts/3014_2026-08-31_2026-09-06_a1.json,new,new_20260913_3014_2026-08-31_2026-09-06_a1,https://api-v3.thaiwater.net/api/v1/thaiwater30/public/waterlevel_graph?station_type=tele_waterlevel&station_id=3014&start_date=2026-08-31&end_date=2026-09-06,th_agency_12,available
3017,stage_reported,value,2026-08-31,2026-09-06,7,168,2026-08-31 00:00,2026-09-06 23:00,161,available,200,application/json; charset=utf-8,2026-09-13T18:18:47.265562+00:00,14319,ca5bea60e88e73c20a145ab8337bc3214515e08e7d1916316b3d0c90719b8edd,bodies/3017_2026-08-31_2026-09-06_a1.body,receipts/3017_2026-08-31_2026-09-06_a1.json,new,new_20260913_3017_2026-08-31_2026-09-06_a1,https://api-v3.thaiwater.net/api/v1/thaiwater30/public/waterlevel_graph?station_type=tele_waterlevel&station_id=3017&start_date=2026-08-31&end_date=2026-09-06,th_agency_12,available
3017,discharge_reported,discharge,2026-08-31,2026-09-06,7,168,2026-08-31 00:00,2026-09-06 23:00,161,available,200,application/json; charset=utf-8,2026-09-13T18:18:47.265562+00:00,14319,ca5bea60e88e73c20a145ab8337bc3214515e08e7d1916316b3d0c90719b8edd,bodies/3017_2026-08-31_2026-09-06_a1.body,receipts/3017_2026-08-31_2026-09-06_a1.json,new,new_20260913_3017_2026-08-31_2026-09-06_a1,https://api-v3.thaiwater.net/api/v1/thaiwater30/public/waterlevel_graph?station_type=tele_waterlevel&station_id=3017&start_date=2026-08-31&end_date=2026-09-06,th_agency_12,available
3018,stage_reported,value,2026-08-31,2026-09-06,7,168,2026-08-31 00:00,2026-09-06 23:00,161,available,200,application/json; charset=utf-8,2026-09-13T18:18:48.928314+00:00,14205,be9d0754f6e45e39a658516f74c3217c07c4c50d09ce257bc90af76ff7aef7ac,bodies/3018_2026-08-31_2026-09-06_a1.body,receipts/3018_2026-08-31_2026-09-06_a1.json,new,new_20260913_3018_2026-08-31_2026-09-06_a1,https://api-v3.thaiwater.net/api/v1/thaiwater30/public/waterlevel_graph?station_type=tele_waterlevel&station_id=3018&start_date=2026-08-31&end_date=2026-09-06,th_agency_12,available
3018,discharge_reported,discharge,2026-08-31,2026-09-06,7,168,2026-08-31 00:00,2026-09-06 23:00,161,available,200,application/json; charset=utf-8,2026-09-13T18:18:48.928314+00:00,14205,be9d0754f6e45e39a658516f74c3217c07c4c50d09ce257bc90af76ff7aef7ac,bodies/3018_2026-08-31_2026-09-06_a1.body,receipts/3018_2026-08-31_2026-09-06_a1.json,new,new_20260913_3018_2026-08-31_2026-09-06_a1,https://api-v3.thaiwater.net/api/v1/thaiwater30/public/waterlevel_graph?station_type=tele_waterlevel&station_id=3018&start_date=2026-08-31&end_date=2026-09-06,th_agency_12,available
3025,stage_reported,value,2026-08-31,2026-09-06,7,168,2026-08-31 00:00,2026-09-06 23:00,161,available,200,application/json; charset=utf-8,2026-09-13T18:18:50.519052+00:00,14280,670e7f26f530e7a180e75d54d151973c01b5caf962b405a291e1d0ea9de118a9,bodies/3025_2026-08-31_2026-09-06_a1.body,receipts/3025_2026-08-31_2026-09-06_a1.json,new,new_20260913_3025_2026-08-31_2026-09-06_a1,https://api-v3.thaiwater.net/api/v1/thaiwater30/public/waterlevel_graph?station_type=tele_waterlevel&station_id=3025&start_date=2026-08-31&end_date=2026-09-06,th_agency_12,available
3025,discharge_reported,discharge,2026-08-31,2026-09-06,7,168,2026-08-31 00:00,2026-09-06 23:00,161,available,200,application/json; charset=utf-8,2026-09-13T18:18:50.519052+00:00,14280,670e7f26f530e7a180e75d54d151973c01b5caf962b405a291e1d0ea9de118a9,bodies/3025_2026-08-31_2026-09-06_a1.body,receipts/3025_2026-08-31_2026-09-06_a1.json,new,new_20260913_3025_2026-08-31_2026-09-06_a1,https://api-v3.thaiwater.net/api/v1/thaiwater30/public/waterlevel_graph?station_type=tele_waterlevel&station_id=3025&start_date=2026-08-31&end_date=2026-09-06,th_agency_12,available
3029,stage_reported,value,2026-08-31,2026-09-06,7,168,2026-08-31 00:00,2026-09-06 23:00,161,available,200,application/json; charset=utf-8,2026-09-13T18:18:52.112528+00:00,15156,7c5910aed4ad5098d689e44b7aa0310f81bee5eb987914252345a6311899b738,bodies/3029_2026-08-31_2026-09-06_a1.body,receipts/3029_2026-08-31_2026-09-06_a1.json,new,new_20260913_3029_2026-08-31_2026-09-06_a1,https://api-v3.thaiwater.net/api/v1/thaiwater30/public/waterlevel_graph?station_type=tele_waterlevel&station_id=3029&start_date=2026-08-31&end_date=2026-09-06,th_agency_12,available
3029,discharge_reported,discharge,2026-08-31,2026-09-06,7,168,2026-08-31 00:00,2026-09-06 23:00,161,available,200,application/json; charset=utf-8,2026-09-13T18:18:52.112528+00:00,15156,7c5910aed4ad5098d689e44b7aa0310f81bee5eb987914252345a6311899b738,bodies/3029_2026-08-31_2026-09-06_a1.body,receipts/3029_2026-08-31_2026-09-06_a1.json,new,new_20260913_3029_2026-08-31_2026-09-06_a1,https://api-v3.thaiwater.net/api/v1/thaiwater30/public/waterlevel_graph?station_type=tele_waterlevel&station_id=3029&start_date=2026-08-31&end_date=2026-09-06,th_agency_12,available
3032,stage_reported,value,2026-08-31,2026-09-06,7,168,2026-08-31 00:00,2026-09-06 23:00,160,available,200,application/json; charset=utf-8,2026-09-13T18:18:53.692365+00:00,14267,ad8b05164bfd332a674ffddc5a9548ec62fa20675a2024d52feb0518df109d15,bodies/3032_2026-08-31_2026-09-06_a1.body,receipts/3032_2026-08-31_2026-09-06_a1.json,new,new_20260913_3032_2026-08-31_2026-09-06_a1,https://api-v3.thaiwater.net/api/v1/thaiwater30/public/waterlevel_graph?station_type=tele_waterlevel&station_id=3032&start_date=2026-08-31&end_date=2026-09-06,th_agency_12,available
3032,discharge_reported,discharge,2026-08-31,2026-09-06,7,168,2026-08-31 00:00,2026-09-06 23:00,159,available,200,application/json; charset=utf-8,2026-09-13T18:18:53.692365+00:00,14267,ad8b05164bfd332a674ffddc5a9548ec62fa20675a2024d52feb0518df109d15,bodies/3032_2026-08-31_2026-09-06_a1.body,receipts/3032_2026-08-31_2026-09-06_a1.json,new,new_20260913_3032_2026-08-31_2026-09-06_a1,https://api-v3.thaiwater.net/api/v1/thaiwater30/public/waterlevel_graph?station_type=tele_waterlevel&station_id=3032&start_date=2026-08-31&end_date=2026-09-06,th_agency_12,available
3041,stage_reported,value,2026-08-31,2026-09-06,7,168,2026-08-31 00:00,2026-09-06 23:00,161,available,200,application/json; charset=utf-8,2026-09-13T18:18:55.284772+00:00,14207,be2b7703c4d43416c72206b6da5c49e2b9c7dee9e44f3acc6ff68a337b2da079,bodies/3041_2026-08-31_2026-09-06_a1.body,receipts/3041_2026-08-31_2026-09-06_a1.json,new,new_20260913_3041_2026-08-31_2026-09-06_a1,https://api-v3.thaiwater.net/api/v1/thaiwater30/public/waterlevel_graph?station_type=tele_waterlevel&station_id=3041&start_date=2026-08-31&end_date=2026-09-06,th_agency_12,available
3041,discharge_reported,discharge,2026-08-31,2026-09-06,7,168,2026-08-31 00:00,2026-09-06 23:00,161,available,200,application/json; charset=utf-8,2026-09-13T18:18:55.284772+00:00,14207,be2b7703c4d43416c72206b6da5c49e2b9c7dee9e44f3acc6ff68a337b2da079,bodies/3041_2026-08-31_2026-09-06_a1.body,receipts/3041_2026-08-31_2026-09-06_a1.json,new,new_20260913_3041_2026-08-31_2026-09-06_a1,https://api-v3.thaiwater.net/api/v1/thaiwater30/public/waterlevel_graph?station_type=tele_waterlevel&station_id=3041&start_date=2026-08-31&end_date=2026-09-06,th_agency_12,available
3044,stage_reported,value,2026-08-31,2026-09-06,7,168,2026-08-31 00:00,2026-09-06 23:00,160,available,200,application/json; charset=utf-8,2026-09-13T18:18:56.885460+00:00,14795,525a4255752d4db6a5000a571873273ba72a8f2a45df0a3cf5bd7047bf81b8d5,bodies/3044_2026-08-31_2026-09-06_a1.body,receipts/3044_2026-08-31_2026-09-06_a1.json,new,new_20260913_3044_2026-08-31_2026-09-06_a1,https://api-v3.thaiwater.net/api/v1/thaiwater30/public/waterlevel_graph?station_type=tele_waterlevel&station_id=3044&start_date=2026-08-31&end_date=2026-09-06,th_agency_12,available
3044,discharge_reported,discharge,2026-08-31,2026-09-06,7,168,2026-08-31 00:00,2026-09-06 23:00,160,available,200,application/json; charset=utf-8,2026-09-13T18:18:56.885460+00:00,14795,525a4255752d4db6a5000a571873273ba72a8f2a45df0a3cf5bd7047bf81b8d5,bodies/3044_2026-08-31_2026-09-06_a1.body,receipts/3044_2026-08-31_2026-09-06_a1.json,new,new_20260913_3044_2026-08-31_2026-09-06_a1,https://api-v3.thaiwater.net/api/v1/thaiwater30/public/waterlevel_graph?station_type=tele_waterlevel&station_id=3044&start_date=2026-08-31&end_date=2026-09-06,th_agency_12,available
3047,stage_reported,value,2026-08-31,2026-09-06,7,168,2026-08-31 00:00,2026-09-06 23:00,161,available,200,application/json; charset=utf-8,2026-09-13T18:18:58.472889+00:00,14818,bb92a8b4104082f99b55c976f0fcc6b042b8545b42c89892f2f124f7ae266843,bodies/3047_2026-08-31_2026-09-06_a1.body,receipts/3047_2026-08-31_2026-09-06_a1.json,new,new_20260913_3047_2026-08-31_2026-09-06_a1,https://api-v3.thaiwater.net/api/v1/thaiwater30/public/waterlevel_graph?station_type=tele_waterlevel&station_id=3047&start_date=2026-08-31&end_date=2026-09-06,th_agency_12,available
3047,discharge_reported,discharge,2026-08-31,2026-09-06,7,168,2026-08-31 00:00,2026-09-06 23:00,161,available,200,application/json; charset=utf-8,2026-09-13T18:18:58.472889+00:00,14818,bb92a8b4104082f99b55c976f0fcc6b042b8545b42c89892f2f124f7ae266843,bodies/3047_2026-08-31_2026-09-06_a1.body,receipts/3047_2026-08-31_2026-09-06_a1.json,new,new_20260913_3047_2026-08-31_2026-09-06_a1,https://api-v3.thaiwater.net/api/v1/thaiwater30/public/waterlevel_graph?station_type=tele_waterlevel&station_id=3047&start_date=2026-08-31&end_date=2026-09-06,th_agency_12,available
3049,stage_reported,value,2026-08-31,2026-09-06,7,168,2026-08-31 00:00,2026-09-06 23:00,161,available,200,application/json; charset=utf-8,2026-09-13T18:19:00.059443+00:00,14459,873a26b6cab539a1bd250bd7470f26f52019f27b2897c4c7e5dd37b7a46cf6ed,bodies/3049_2026-08-31_2026-09-06_a1.body,receipts/3049_2026-08-31_2026-09-06_a1.json,new,new_20260913_3049_2026-08-31_2026-09-06_a1,https://api-v3.thaiwater.net/api/v1/thaiwater30/public/waterlevel_graph?station_type=tele_waterlevel&station_id=3049&start_date=2026-08-31&end_date=2026-09-06,th_agency_12,available
3049,discharge_reported,discharge,2026-08-31,2026-09-06,7,168,2026-08-31 00:00,2026-09-06 23:00,161,available,200,application/json; charset=utf-8,2026-09-13T18:19:00.059443+00:00,14459,873a26b6cab539a1bd250bd7470f26f52019f27b2897c4c7e5dd37b7a46cf6ed,bodies/3049_2026-08-31_2026-09-06_a1.body,receipts/3049_2026-08-31_2026-09-06_a1.json,new,new_20260913_3049_2026-08-31_2026-09-06_a1,https://api-v3.thaiwater.net/api/v1/thaiwater30/public/waterlevel_graph?station_type=tele_waterlevel&station_id=3049&start_date=2026-08-31&end_date=2026-09-06,th_agency_12,available
3059,stage_reported,value,2026-08-31,2026-09-06,7,168,2026-08-31 00:00,2026-09-06 23:00,161,available,200,application/json; charset=utf-8,2026-09-13T18:19:01.660078+00:00,15432,78a42313556d27c7384a26eecc1030d68a2702a5119a86d99b0f17f92a421c94,bodies/3059_2026-08-31_2026-09-06_a1.body,receipts/3059_2026-08-31_2026-09-06_a1.json,new,new_20260913_3059_2026-08-31_2026-09-06_a1,https://api-v3.thaiwater.net/api/v1/thaiwater30/public/waterlevel_graph?station_type=tele_waterlevel&station_id=3059&start_date=2026-08-31&end_date=2026-09-06,th_agency_12,available
3059,discharge_reported,discharge,2026-08-31,2026-09-06,7,168,2026-08-31 00:00,2026-09-06 23:00,161,available,200,application/json; charset=utf-8,2026-09-13T18:19:01.660078+00:00,15432,78a42313556d27c7384a26eecc1030d68a2702a5119a86d99b0f17f92a421c94,bodies/3059_2026-08-31_2026-09-06_a1.body,receipts/3059_2026-08-31_2026-09-06_a1.json,new,new_20260913_3059_2026-08-31_2026-09-06_a1,https://api-v3.thaiwater.net/api/v1/thaiwater30/public/waterlevel_graph?station_type=tele_waterlevel&station_id=3059&start_date=2026-08-31&end_date=2026-09-06,th_agency_12,available
3065,stage_reported,value,2026-08-31,2026-09-06,7,168,2026-08-31 00:00,2026-09-06 23:00,161,available,200,application/json; charset=utf-8,2026-09-13T18:19:03.257734+00:00,14278,0388223187c6f0635420cbf954e17d92f4e4ff191741065eedfaf7aae76df02c,bodies/3065_2026-08-31_2026-09-06_a1.body,receipts/3065_2026-08-31_2026-09-06_a1.json,new,new_20260913_3065_2026-08-31_2026-09-06_a1,https://api-v3.thaiwater.net/api/v1/thaiwater30/public/waterlevel_graph?station_type=tele_waterlevel&station_id=3065&start_date=2026-08-31&end_date=2026-09-06,th_agency_12,available
3065,discharge_reported,discharge,2026-08-31,2026-09-06,7,168,2026-08-31 00:00,2026-09-06 23:00,161,available,200,application/json; charset=utf-8,2026-09-13T18:19:03.257734+00:00,14278,0388223187c6f0635420cbf954e17d92f4e4ff191741065eedfaf7aae76df02c,bodies/3065_2026-08-31_2026-09-06_a1.body,receipts/3065_2026-08-31_2026-09-06_a1.json,new,new_20260913_3065_2026-08-31_2026-09-06_a1,https://api-v3.thaiwater.net/api/v1/thaiwater30/public/waterlevel_graph?station_type=tele_waterlevel&station_id=3065&start_date=2026-08-31&end_date=2026-09-06,th_agency_12,available
3076,stage_reported,value,2026-08-31,2026-09-06,7,168,2026-08-31 00:00,2026-09-06 23:00,160,available,200,application/json; charset=utf-8,2026-09-13T18:19:04.848723+00:00,14187,66ee02093958ace8e60b1c9ce39b35235046a13e792a33f14275a9baeceb2630,bodies/3076_2026-08-31_2026-09-06_a1.body,receipts/3076_2026-08-31_2026-09-06_a1.json,new,new_20260913_3076_2026-08-31_2026-09-06_a1,https://api-v3.thaiwater.net/api/v1/thaiwater30/public/waterlevel_graph?station_type=tele_waterlevel&station_id=3076&start_date=2026-08-31&end_date=2026-09-06,th_agency_12,available
3076,discharge_reported,discharge,2026-08-31,2026-09-06,7,168,2026-08-31 00:00,2026-09-06 23:00,160,available,200,application/json; charset=utf-8,2026-09-13T18:19:04.848723+00:00,14187,66ee02093958ace8e60b1c9ce39b35235046a13e792a33f14275a9baeceb2630,bodies/3076_2026-08-31_2026-09-06_a1.body,receipts/3076_2026-08-31_2026-09-06_a1.json,new,new_20260913_3076_2026-08-31_2026-09-06_a1,https://api-v3.thaiwater.net/api/v1/thaiwater30/public/waterlevel_graph?station_type=tele_waterlevel&station_id=3076&start_date=2026-08-31&end_date=2026-09-06,th_agency_12,available
3082,stage_reported,value,2026-08-31,2026-09-06,7,168,2026-08-31 00:00,2026-09-06 23:00,160,available,200,application/json; charset=utf-8,2026-09-13T18:19:06.439604+00:00,15116,7c7376fe30ffaddb08c65374e02291b28c475b1bb9cdd3812889366e64cda16f,bodies/3082_2026-08-31_2026-09-06_a1.body,receipts/3082_2026-08-31_2026-09-06_a1.json,new,new_20260913_3082_2026-08-31_2026-09-06_a1,https://api-v3.thaiwater.net/api/v1/thaiwater30/public/waterlevel_graph?station_type=tele_waterlevel&station_id=3082&start_date=2026-08-31&end_date=2026-09-06,th_agency_12,available
3082,discharge_reported,discharge,2026-08-31,2026-09-06,7,168,2026-08-31 00:00,2026-09-06 23:00,160,available,200,application/json; charset=utf-8,2026-09-13T18:19:06.439604+00:00,15116,7c7376fe30ffaddb08c65374e02291b28c475b1bb9cdd3812889366e64cda16f,bodies/3082_2026-08-31_2026-09-06_a1.body,receipts/3082_2026-08-31_2026-09-06_a1.json,new,new_20260913_3082_2026-08-31_2026-09-06_a1,https://api-v3.thaiwater.net/api/v1/thaiwater30/public/waterlevel_graph?station_type=tele_waterlevel&station_id=3082&start_date=2026-08-31&end_date=2026-09-06,th_agency_12,available
3085,stage_reported,value,2026-08-31,2026-09-06,7,168,2026-08-31 00:00,2026-09-06 23:00,139,available,200,application/json; charset=utf-8,2026-09-13T18:19:07.828629+00:00,13719,157c58becf7ef12970f8f5c2d075a7ccabb2c8e6e098c1ad97c22f4500bccce4,bodies/3085_2026-08-31_2026-09-06_a1.body,receipts/3085_2026-08-31_2026-09-06_a1.json,new,new_20260913_3085_2026-08-31_2026-09-06_a1,https://api-v3.thaiwater.net/api/v1/thaiwater30/public/waterlevel_graph?station_type=tele_waterlevel&station_id=3085&start_date=2026-08-31&end_date=2026-09-06,th_agency_12,available
3085,discharge_reported,discharge,2026-08-31,2026-09-06,7,168,2026-08-31 00:00,2026-09-06 23:00,139,available,200,application/json; charset=utf-8,2026-09-13T18:19:07.828629+00:00,13719,157c58becf7ef12970f8f5c2d075a7ccabb2c8e6e098c1ad97c22f4500bccce4,bodies/3085_2026-08-31_2026-09-06_a1.body,receipts/3085_2026-08-31_2026-09-06_a1.json,new,new_20260913_3085_2026-08-31_2026-09-06_a1,https://api-v3.thaiwater.net/api/v1/thaiwater30/public/waterlevel_graph?station_type=tele_waterlevel&station_id=3085&start_date=2026-08-31&end_date=2026-09-06,th_agency_12,available
3095,stage_reported,value,2026-08-31,2026-09-06,7,168,2026-08-31 00:00,2026-09-06 23:00,161,available,200,application/json; charset=utf-8,2026-09-13T18:19:09.418269+00:00,15155,946647de2291ae77492d06c1e17cbc0d3ec4eeba1613e55063d4d3eadb669b92,bodies/3095_2026-08-31_2026-09-06_a1.body,receipts/3095_2026-08-31_2026-09-06_a1.json,new,new_20260913_3095_2026-08-31_2026-09-06_a1,https://api-v3.thaiwater.net/api/v1/thaiwater30/public/waterlevel_graph?station_type=tele_waterlevel&station_id=3095&start_date=2026-08-31&end_date=2026-09-06,th_agency_12,available
3095,discharge_reported,discharge,2026-08-31,2026-09-06,7,168,2026-08-31 00:00,2026-09-06 23:00,161,available,200,application/json; charset=utf-8,2026-09-13T18:19:09.418269+00:00,15155,946647de2291ae77492d06c1e17cbc0d3ec4eeba1613e55063d4d3eadb669b92,bodies/3095_2026-08-31_2026-09-06_a1.body,receipts/3095_2026-08-31_2026-09-06_a1.json,new,new_20260913_3095_2026-08-31_2026-09-06_a1,https://api-v3.thaiwater.net/api/v1/thaiwater30/public/waterlevel_graph?station_type=tele_waterlevel&station_id=3095&start_date=2026-08-31&end_date=2026-09-06,th_agency_12,available
3102,stage_reported,value,2026-08-31,2026-09-06,7,168,2026-08-31 00:00,2026-09-06 23:00,161,available,200,application/json; charset=utf-8,2026-09-13T18:19:11.018382+00:00,13843,9cee1dd0e607edc9d2057c3b6769df2fd0a123b06a411de44dbb98b0056b725e,bodies/3102_2026-08-31_2026-09-06_a1.body,receipts/3102_2026-08-31_2026-09-06_a1.json,new,new_20260913_3102_2026-08-31_2026-09-06_a1,https://api-v3.thaiwater.net/api/v1/thaiwater30/public/waterlevel_graph?station_type=tele_waterlevel&station_id=3102&start_date=2026-08-31&end_date=2026-09-06,th_agency_12,available
3102,discharge_reported,discharge,2026-08-31,2026-09-06,7,168,2026-08-31 00:00,2026-09-06 23:00,161,available,200,application/json; charset=utf-8,2026-09-13T18:19:11.018382+00:00,13843,9cee1dd0e607edc9d2057c3b6769df2fd0a123b06a411de44dbb98b0056b725e,bodies/3102_2026-08-31_2026-09-06_a1.body,receipts/3102_2026-08-31_2026-09-06_a1.json,new,new_20260913_3102_2026-08-31_2026-09-06_a1,https://api-v3.thaiwater.net/api/v1/thaiwater30/public/waterlevel_graph?station_type=tele_waterlevel&station_id=3102&start_date=2026-08-31&end_date=2026-09-06,th_agency_12,available
3107,stage_reported,value,2026-08-31,2026-09-06,7,168,2026-08-31 00:00,2026-09-06 23:00,161,available,200,application/json; charset=utf-8,2026-09-13T18:19:12.617983+00:00,14297,4c3cfd226a1272b466d17f2fcf9dea57907215ea4646d7455776d2d28d3e96c2,bodies/3107_2026-08-31_2026-09-06_a1.body,receipts/3107_2026-08-31_2026-09-06_a1.json,new,new_20260913_3107_2026-08-31_2026-09-06_a1,https://api-v3.thaiwater.net/api/v1/thaiwater30/public/waterlevel_graph?station_type=tele_waterlevel&station_id=3107&start_date=2026-08-31&end_date=2026-09-06,th_agency_12,available
3107,discharge_reported,discharge,2026-08-31,2026-09-06,7,168,2026-08-31 00:00,2026-09-06 23:00,161,available,200,application/json; charset=utf-8,2026-09-13T18:19:12.617983+00:00,14297,4c3cfd226a1272b466d17f2fcf9dea57907215ea4646d7455776d2d28d3e96c2,bodies/3107_2026-08-31_2026-09-06_a1.body,receipts/3107_2026-08-31_2026-09-06_a1.json,new,new_20260913_3107_2026-08-31_2026-09-06_a1,https://api-v3.thaiwater.net/api/v1/thaiwater30/public/waterlevel_graph?station_type=tele_waterlevel&station_id=3107&start_date=2026-08-31&end_date=2026-09-06,th_agency_12,available
3112,stage_reported,value,2026-08-31,2026-09-06,7,168,2026-08-31 00:00,2026-09-06 23:00,37,available,200,application/json; charset=utf-8,2026-09-13T18:19:14.000621+00:00,13724,d2ed6b789cc43ee8176dbfa3376f6fd9d36dca2c48de6df29e7d50c9cbe30884,bodies/3112_2026-08-31_2026-09-06_a1.body,receipts/3112_2026-08-31_2026-09-06_a1.json,new,new_20260913_3112_2026-08-31_2026-09-06_a1,https://api-v3.thaiwater.net/api/v1/thaiwater30/public/waterlevel_graph?station_type=tele_waterlevel&station_id=3112&start_date=2026-08-31&end_date=2026-09-06,th_agency_12,available
3112,discharge_reported,discharge,2026-08-31,2026-09-06,7,168,2026-08-31 00:00,2026-09-06 23:00,7,available,200,application/json; charset=utf-8,2026-09-13T18:19:14.000621+00:00,13724,d2ed6b789cc43ee8176dbfa3376f6fd9d36dca2c48de6df29e7d50c9cbe30884,bodies/3112_2026-08-31_2026-09-06_a1.body,receipts/3112_2026-08-31_2026-09-06_a1.json,new,new_20260913_3112_2026-08-31_2026-09-06_a1,https://api-v3.thaiwater.net/api/v1/thaiwater30/public/waterlevel_graph?station_type=tele_waterlevel&station_id=3112&start_date=2026-08-31&end_date=2026-09-06,th_agency_12,available
3113,stage_reported,value,2026-08-31,2026-09-06,7,168,2026-08-31 00:00,2026-09-06 23:00,161,available,200,application/json; charset=utf-8,2026-09-13T18:19:15.583155+00:00,14842,0445dde9cbb726decf2068fe15ce4487202dbd30f3cdc53f4665120191d98c5d,bodies/3113_2026-08-31_2026-09-06_a1.body,receipts/3113_2026-08-31_2026-09-06_a1.json,new,new_20260913_3113_2026-08-31_2026-09-06_a1,https://api-v3.thaiwater.net/api/v1/thaiwater30/public/waterlevel_graph?station_type=tele_waterlevel&station_id=3113&start_date=2026-08-31&end_date=2026-09-06,th_agency_12,available
3113,discharge_reported,discharge,2026-08-31,2026-09-06,7,168,2026-08-31 00:00,2026-09-06 23:00,161,available,200,application/json; charset=utf-8,2026-09-13T18:19:15.583155+00:00,14842,0445dde9cbb726decf2068fe15ce4487202dbd30f3cdc53f4665120191d98c5d,bodies/3113_2026-08-31_2026-09-06_a1.body,receipts/3113_2026-08-31_2026-09-06_a1.json,new,new_20260913_3113_2026-08-31_2026-09-06_a1,https://api-v3.thaiwater.net/api/v1/thaiwater30/public/waterlevel_graph?station_type=tele_waterlevel&station_id=3113&start_date=2026-08-31&end_date=2026-09-06,th_agency_12,available
3117,stage_reported,value,2026-08-31,2026-09-06,7,168,2026-08-31 00:00,2026-09-06 23:00,160,available,200,application/json; charset=utf-8,2026-09-13T18:19:17.174387+00:00,15197,172a24f46f9e01d375768da655872c94ea947389116e99c69c91a3d950cdfc6c,bodies/3117_2026-08-31_2026-09-06_a1.body,receipts/3117_2026-08-31_2026-09-06_a1.json,new,new_20260913_3117_2026-08-31_2026-09-06_a1,https://api-v3.thaiwater.net/api/v1/thaiwater30/public/waterlevel_graph?station_type=tele_waterlevel&station_id=3117&start_date=2026-08-31&end_date=2026-09-06,th_agency_12,available
3117,discharge_reported,discharge,2026-08-31,2026-09-06,7,168,2026-08-31 00:00,2026-09-06 23:00,160,available,200,application/json; charset=utf-8,2026-09-13T18:19:17.174387+00:00,15197,172a24f46f9e01d375768da655872c94ea947389116e99c69c91a3d950cdfc6c,bodies/3117_2026-08-31_2026-09-06_a1.body,receipts/3117_2026-08-31_2026-09-06_a1.json,new,new_20260913_3117_2026-08-31_2026-09-06_a1,https://api-v3.thaiwater.net/api/v1/thaiwater30/public/waterlevel_graph?station_type=tele_waterlevel&station_id=3117&start_date=2026-08-31&end_date=2026-09-06,th_agency_12,available
3122,stage_reported,value,2026-08-31,2026-09-06,7,168,2026-08-31 00:00,2026-09-06 23:00,160,available,200,application/json; charset=utf-8,2026-09-13T18:19:18.654153+00:00,13919,aef27666a4ddea890bac54fe62fe9b0d88b209d8ea936c562571b92147dc94dd,bodies/3122_2026-08-31_2026-09-06_a1.body,receipts/3122_2026-08-31_2026-09-06_a1.json,new,new_20260913_3122_2026-08-31_2026-09-06_a1,https://api-v3.thaiwater.net/api/v1/thaiwater30/public/waterlevel_graph?station_type=tele_waterlevel&station_id=3122&start_date=2026-08-31&end_date=2026-09-06,th_agency_12,available
3122,discharge_reported,discharge,2026-08-31,2026-09-06,7,168,2026-08-31 00:00,2026-09-06 23:00,160,available,200,application/json; charset=utf-8,2026-09-13T18:19:18.654153+00:00,13919,aef27666a4ddea890bac54fe62fe9b0d88b209d8ea936c562571b92147dc94dd,bodies/3122_2026-08-31_2026-09-06_a1.body,receipts/3122_2026-08-31_2026-09-06_a1.json,new,new_20260913_3122_2026-08-31_2026-09-06_a1,https://api-v3.thaiwater.net/api/v1/thaiwater30/public/waterlevel_graph?station_type=tele_waterlevel&station_id=3122&start_date=2026-08-31&end_date=2026-09-06,th_agency_12,available
3127,stage_reported,value,2026-08-31,2026-09-06,7,168,2026-08-31 00:00,2026-09-06 23:00,161,available,200,application/json; charset=utf-8,2026-09-13T18:19:20.512177+00:00,15121,9d88cd8c5b3d2e66c527c2d0dbb114ff8c3646d2b5fc275e3cd9f05afdcd6cf6,bodies/3127_2026-08-31_2026-09-06_a1.body,receipts/3127_2026-08-31_2026-09-06_a1.json,new,new_20260913_3127_2026-08-31_2026-09-06_a1,https://api-v3.thaiwater.net/api/v1/thaiwater30/public/waterlevel_graph?station_type=tele_waterlevel&station_id=3127&start_date=2026-08-31&end_date=2026-09-06,th_agency_12,available
3127,discharge_reported,discharge,2026-08-31,2026-09-06,7,168,2026-08-31 00:00,2026-09-06 23:00,161,available,200,application/json; charset=utf-8,2026-09-13T18:19:20.512177+00:00,15121,9d88cd8c5b3d2e66c527c2d0dbb114ff8c3646d2b5fc275e3cd9f05afdcd6cf6,bodies/3127_2026-08-31_2026-09-06_a1.body,receipts/3127_2026-08-31_2026-09-06_a1.json,new,new_20260913_3127_2026-08-31_2026-09-06_a1,https://api-v3.thaiwater.net/api/v1/thaiwater30/public/waterlevel_graph?station_type=tele_waterlevel&station_id=3127&start_date=2026-08-31&end_date=2026-09-06,th_agency_12,available
3134,stage_reported,value,2026-06-08,2026-09-06,91,2184,2026-06-08 00:00,2026-09-06 23:00,2024,available,200,application/json; charset=utf-8,2026-09-13T18:19:22.585427+00:00,186555,20450c69c88e9fbd1f7740dcbcd52d540bf7884e86a4940b8ce279579fc1b55e,bodies/3134_2026-06-08_2026-09-06_a1.body,receipts/3134_2026-06-08_2026-09-06_a1.json,new,new_20260913_3134_2026-06-08_2026-09-06_a1,https://api-v3.thaiwater.net/api/v1/thaiwater30/public/waterlevel_graph?station_type=tele_waterlevel&station_id=3134&start_date=2026-06-08&end_date=2026-09-06,th_agency_12,available
3134,discharge_reported,discharge,2026-06-08,2026-09-06,91,2184,2026-06-08 00:00,2026-09-06 23:00,0,empty_in_tested_window,200,application/json; charset=utf-8,2026-09-13T18:19:22.585427+00:00,186555,20450c69c88e9fbd1f7740dcbcd52d540bf7884e86a4940b8ce279579fc1b55e,bodies/3134_2026-06-08_2026-09-06_a1.body,receipts/3134_2026-06-08_2026-09-06_a1.json,new,new_20260913_3134_2026-06-08_2026-09-06_a1,https://api-v3.thaiwater.net/api/v1/thaiwater30/public/waterlevel_graph?station_type=tele_waterlevel&station_id=3134&start_date=2026-06-08&end_date=2026-09-06,th_agency_12,unknown
3146,stage_reported,value,2026-08-31,2026-09-06,7,168,2026-08-31 00:00,2026-09-06 23:00,161,available,200,application/json; charset=utf-8,2026-09-13T18:19:23.991254+00:00,14202,9d2dceec93236f8459bca4361e04c2e1332a769569ecf8d6c53df0f30ba8a680,bodies/3146_2026-08-31_2026-09-06_a1.body,receipts/3146_2026-08-31_2026-09-06_a1.json,new,new_20260913_3146_2026-08-31_2026-09-06_a1,https://api-v3.thaiwater.net/api/v1/thaiwater30/public/waterlevel_graph?station_type=tele_waterlevel&station_id=3146&start_date=2026-08-31&end_date=2026-09-06,th_agency_12,available
3146,discharge_reported,discharge,2026-08-31,2026-09-06,7,168,2026-08-31 00:00,2026-09-06 23:00,161,available,200,application/json; charset=utf-8,2026-09-13T18:19:23.991254+00:00,14202,9d2dceec93236f8459bca4361e04c2e1332a769569ecf8d6c53df0f30ba8a680,bodies/3146_2026-08-31_2026-09-06_a1.body,receipts/3146_2026-08-31_2026-09-06_a1.json,new,new_20260913_3146_2026-08-31_2026-09-06_a1,https://api-v3.thaiwater.net/api/v1/thaiwater30/public/waterlevel_graph?station_type=tele_waterlevel&station_id=3146&start_date=2026-08-31&end_date=2026-09-06,th_agency_12,available
3149,stage_reported,value,2026-08-31,2026-09-06,7,168,2026-08-31 00:00,2026-09-06 23:00,161,available,200,application/json; charset=utf-8,2026-09-13T18:19:25.591499+00:00,15029,80a1cfa0d9256947f88cbdf7e45c89f518acd0279e402eefa197a4e7f3c6fd38,bodies/3149_2026-08-31_2026-09-06_a1.body,receipts/3149_2026-08-31_2026-09-06_a1.json,new,new_20260913_3149_2026-08-31_2026-09-06_a1,https://api-v3.thaiwater.net/api/v1/thaiwater30/public/waterlevel_graph?station_type=tele_waterlevel&station_id=3149&start_date=2026-08-31&end_date=2026-09-06,th_agency_12,available
3149,discharge_reported,discharge,2026-08-31,2026-09-06,7,168,2026-08-31 00:00,2026-09-06 23:00,161,available,200,application/json; charset=utf-8,2026-09-13T18:19:25.591499+00:00,15029,80a1cfa0d9256947f88cbdf7e45c89f518acd0279e402eefa197a4e7f3c6fd38,bodies/3149_2026-08-31_2026-09-06_a1.body,receipts/3149_2026-08-31_2026-09-06_a1.json,new,new_20260913_3149_2026-08-31_2026-09-06_a1,https://api-v3.thaiwater.net/api/v1/thaiwater30/public/waterlevel_graph?station_type=tele_waterlevel&station_id=3149&start_date=2026-08-31&end_date=2026-09-06,th_agency_12,available
3152,stage_reported,value,2026-08-31,2026-09-06,7,168,2026-08-31 00:00,2026-09-06 23:00,155,available,200,application/json; charset=utf-8,2026-09-13T18:19:27.237113+00:00,14744,fadeaf5654e6bb9db72ce8a1b050aea35b162a7cf02c650465b0dfb2a14c603a,bodies/3152_2026-08-31_2026-09-06_a1.body,receipts/3152_2026-08-31_2026-09-06_a1.json,new,new_20260913_3152_2026-08-31_2026-09-06_a1,https://api-v3.thaiwater.net/api/v1/thaiwater30/public/waterlevel_graph?station_type=tele_waterlevel&station_id=3152&start_date=2026-08-31&end_date=2026-09-06,th_agency_12,available
3152,discharge_reported,discharge,2026-08-31,2026-09-06,7,168,2026-08-31 00:00,2026-09-06 23:00,155,available,200,application/json; charset=utf-8,2026-09-13T18:19:27.237113+00:00,14744,fadeaf5654e6bb9db72ce8a1b050aea35b162a7cf02c650465b0dfb2a14c603a,bodies/3152_2026-08-31_2026-09-06_a1.body,receipts/3152_2026-08-31_2026-09-06_a1.json,new,new_20260913_3152_2026-08-31_2026-09-06_a1,https://api-v3.thaiwater.net/api/v1/thaiwater30/public/waterlevel_graph?station_type=tele_waterlevel&station_id=3152&start_date=2026-08-31&end_date=2026-09-06,th_agency_12,available
3154,stage_reported,value,2026-06-08,2026-09-06,91,2184,2026-06-08 00:00,2026-09-06 23:00,1410,available,200,application/json; charset=utf-8,2026-09-13T18:19:29.326950+00:00,185879,b3616fbbded5d1fbfb0394232d4371d904cc87bc9ee10f7910d60fb15ff8345c,bodies/3154_2026-06-08_2026-09-06_a1.body,receipts/3154_2026-06-08_2026-09-06_a1.json,new,new_20260913_3154_2026-06-08_2026-09-06_a1,https://api-v3.thaiwater.net/api/v1/thaiwater30/public/waterlevel_graph?station_type=tele_waterlevel&station_id=3154&start_date=2026-06-08&end_date=2026-09-06,th_agency_12,available
3154,discharge_reported,discharge,2026-06-08,2026-09-06,91,2184,2026-06-08 00:00,2026-09-06 23:00,0,empty_in_tested_window,200,application/json; charset=utf-8,2026-09-13T18:19:29.326950+00:00,185879,b3616fbbded5d1fbfb0394232d4371d904cc87bc9ee10f7910d60fb15ff8345c,bodies/3154_2026-06-08_2026-09-06_a1.body,receipts/3154_2026-06-08_2026-09-06_a1.json,new,new_20260913_3154_2026-06-08_2026-09-06_a1,https://api-v3.thaiwater.net/api/v1/thaiwater30/public/waterlevel_graph?station_type=tele_waterlevel&station_id=3154&start_date=2026-06-08&end_date=2026-09-06,th_agency_12,unknown
3156,stage_reported,value,2026-08-31,2026-09-06,7,168,2026-08-31 00:00,2026-09-06 23:00,155,available,200,application/json; charset=utf-8,2026-09-13T18:19:30.720074+00:00,15012,3f9cf19cd1b96a6f44eb361a74ef1e9187d58b2abaf14fd11103eb166416a641,bodies/3156_2026-08-31_2026-09-06_a1.body,receipts/3156_2026-08-31_2026-09-06_a1.json,new,new_20260913_3156_2026-08-31_2026-09-06_a1,https://api-v3.thaiwater.net/api/v1/thaiwater30/public/waterlevel_graph?station_type=tele_waterlevel&station_id=3156&start_date=2026-08-31&end_date=2026-09-06,th_agency_12,available
3156,discharge_reported,discharge,2026-08-31,2026-09-06,7,168,2026-08-31 00:00,2026-09-06 23:00,155,available,200,application/json; charset=utf-8,2026-09-13T18:19:30.720074+00:00,15012,3f9cf19cd1b96a6f44eb361a74ef1e9187d58b2abaf14fd11103eb166416a641,bodies/3156_2026-08-31_2026-09-06_a1.body,receipts/3156_2026-08-31_2026-09-06_a1.json,new,new_20260913_3156_2026-08-31_2026-09-06_a1,https://api-v3.thaiwater.net/api/v1/thaiwater30/public/waterlevel_graph?station_type=tele_waterlevel&station_id=3156&start_date=2026-08-31&end_date=2026-09-06,th_agency_12,available
3157,stage_reported,value,2026-08-31,2026-09-06,7,168,2026-08-31 00:00,2026-09-06 23:00,161,available,200,application/json; charset=utf-8,2026-09-13T18:19:32.379981+00:00,14345,c0b537cf7112950b8bf0bfe842b2f6b9d3ded92be018cffdb2f463b59a812787,bodies/3157_2026-08-31_2026-09-06_a1.body,receipts/3157_2026-08-31_2026-09-06_a1.json,new,new_20260913_3157_2026-08-31_2026-09-06_a1,https://api-v3.thaiwater.net/api/v1/thaiwater30/public/waterlevel_graph?station_type=tele_waterlevel&station_id=3157&start_date=2026-08-31&end_date=2026-09-06,th_agency_12,available
3157,discharge_reported,discharge,2026-08-31,2026-09-06,7,168,2026-08-31 00:00,2026-09-06 23:00,161,available,200,application/json; charset=utf-8,2026-09-13T18:19:32.379981+00:00,14345,c0b537cf7112950b8bf0bfe842b2f6b9d3ded92be018cffdb2f463b59a812787,bodies/3157_2026-08-31_2026-09-06_a1.body,receipts/3157_2026-08-31_2026-09-06_a1.json,new,new_20260913_3157_2026-08-31_2026-09-06_a1,https://api-v3.thaiwater.net/api/v1/thaiwater30/public/waterlevel_graph?station_type=tele_waterlevel&station_id=3157&start_date=2026-08-31&end_date=2026-09-06,th_agency_12,available
3163,stage_reported,value,2026-08-31,2026-09-06,7,168,2026-08-31 00:00,2026-09-06 23:00,161,available,200,application/json; charset=utf-8,2026-09-13T18:19:33.967362+00:00,14747,26d61cafdb528e0ea370d964dea4f60d37c6c8dd3287a0dec29d893cb3267131,bodies/3163_2026-08-31_2026-09-06_a1.body,receipts/3163_2026-08-31_2026-09-06_a1.json,new,new_20260913_3163_2026-08-31_2026-09-06_a1,https://api-v3.thaiwater.net/api/v1/thaiwater30/public/waterlevel_graph?station_type=tele_waterlevel&station_id=3163&start_date=2026-08-31&end_date=2026-09-06,th_agency_12,available
3163,discharge_reported,discharge,2026-08-31,2026-09-06,7,168,2026-08-31 00:00,2026-09-06 23:00,161,available,200,application/json; charset=utf-8,2026-09-13T18:19:33.967362+00:00,14747,26d61cafdb528e0ea370d964dea4f60d37c6c8dd3287a0dec29d893cb3267131,bodies/3163_2026-08-31_2026-09-06_a1.body,receipts/3163_2026-08-31_2026-09-06_a1.json,new,new_20260913_3163_2026-08-31_2026-09-06_a1,https://api-v3.thaiwater.net/api/v1/thaiwater30/public/waterlevel_graph?station_type=tele_waterlevel&station_id=3163&start_date=2026-08-31&end_date=2026-09-06,th_agency_12,available
3164,stage_reported,value,2026-06-08,2026-09-06,91,2184,2026-06-08 00:00,2026-09-06 23:00,1522,available,200,application/json; charset=utf-8,2026-09-13T18:19:36.094441+00:00,175506,9e13c661f0db434934399cac25ec7e75064f3cf1cd80a6e36f339ee1f90b315d,bodies/3164_2026-06-08_2026-09-06_a1.body,receipts/3164_2026-06-08_2026-09-06_a1.json,new,new_20260913_3164_2026-06-08_2026-09-06_a1,https://api-v3.thaiwater.net/api/v1/thaiwater30/public/waterlevel_graph?station_type=tele_waterlevel&station_id=3164&start_date=2026-06-08&end_date=2026-09-06,th_agency_12,available
3164,discharge_reported,discharge,2026-06-08,2026-09-06,91,2184,2026-06-08 00:00,2026-09-06 23:00,0,empty_in_tested_window,200,application/json; charset=utf-8,2026-09-13T18:19:36.094441+00:00,175506,9e13c661f0db434934399cac25ec7e75064f3cf1cd80a6e36f339ee1f90b315d,bodies/3164_2026-06-08_2026-09-06_a1.body,receipts/3164_2026-06-08_2026-09-06_a1.json,new,new_20260913_3164_2026-06-08_2026-09-06_a1,https://api-v3.thaiwater.net/api/v1/thaiwater30/public/waterlevel_graph?station_type=tele_waterlevel&station_id=3164&start_date=2026-06-08&end_date=2026-09-06,th_agency_12,unknown
3168,stage_reported,value,2026-08-31,2026-09-06,7,168,2026-08-31 00:00,2026-09-06 23:00,161,available,200,application/json; charset=utf-8,2026-09-13T18:19:37.490765+00:00,15019,e11ec4446feb8a26b11ffbc44a40dba5bd88facc5d150db10a147b2ec40ed788,bodies/3168_2026-08-31_2026-09-06_a1.body,receipts/3168_2026-08-31_2026-09-06_a1.json,new,new_20260913_3168_2026-08-31_2026-09-06_a1,https://api-v3.thaiwater.net/api/v1/thaiwater30/public/waterlevel_graph?station_type=tele_waterlevel&station_id=3168&start_date=2026-08-31&end_date=2026-09-06,th_agency_12,available
3168,discharge_reported,discharge,2026-08-31,2026-09-06,7,168,2026-08-31 00:00,2026-09-06 23:00,161,available,200,application/json; charset=utf-8,2026-09-13T18:19:37.490765+00:00,15019,e11ec4446feb8a26b11ffbc44a40dba5bd88facc5d150db10a147b2ec40ed788,bodies/3168_2026-08-31_2026-09-06_a1.body,receipts/3168_2026-08-31_2026-09-06_a1.json,new,new_20260913_3168_2026-08-31_2026-09-06_a1,https://api-v3.thaiwater.net/api/v1/thaiwater30/public/waterlevel_graph?station_type=tele_waterlevel&station_id=3168&start_date=2026-08-31&end_date=2026-09-06,th_agency_12,available
3171,stage_reported,value,2026-08-31,2026-09-06,7,168,2026-08-31 00:00,2026-09-06 23:00,155,available,200,application/json; charset=utf-8,2026-09-13T18:19:39.097264+00:00,14750,bbde14f90f8c7a555970c6595173fd6487119f73828145f98b2e80cb05738dd1,bodies/3171_2026-08-31_2026-09-06_a1.body,receipts/3171_2026-08-31_2026-09-06_a1.json,new,new_20260913_3171_2026-08-31_2026-09-06_a1,https://api-v3.thaiwater.net/api/v1/thaiwater30/public/waterlevel_graph?station_type=tele_waterlevel&station_id=3171&start_date=2026-08-31&end_date=2026-09-06,th_agency_12,available
3171,discharge_reported,discharge,2026-08-31,2026-09-06,7,168,2026-08-31 00:00,2026-09-06 23:00,155,available,200,application/json; charset=utf-8,2026-09-13T18:19:39.097264+00:00,14750,bbde14f90f8c7a555970c6595173fd6487119f73828145f98b2e80cb05738dd1,bodies/3171_2026-08-31_2026-09-06_a1.body,receipts/3171_2026-08-31_2026-09-06_a1.json,new,new_20260913_3171_2026-08-31_2026-09-06_a1,https://api-v3.thaiwater.net/api/v1/thaiwater30/public/waterlevel_graph?station_type=tele_waterlevel&station_id=3171&start_date=2026-08-31&end_date=2026-09-06,th_agency_12,available
3172,stage_reported,value,2026-08-31,2026-09-06,7,168,2026-08-31 00:00,2026-09-06 23:00,155,available,200,application/json; charset=utf-8,2026-09-13T18:19:40.680953+00:00,13626,f1f9b226cd06796a3a570a1b6f13950687b5ff64d026ef03a29c2c403c9012bc,bodies/3172_2026-08-31_2026-09-06_a1.body,receipts/3172_2026-08-31_2026-09-06_a1.json,new,new_20260913_3172_2026-08-31_2026-09-06_a1,https://api-v3.thaiwater.net/api/v1/thaiwater30/public/waterlevel_graph?station_type=tele_waterlevel&station_id=3172&start_date=2026-08-31&end_date=2026-09-06,th_agency_12,available
3172,discharge_reported,discharge,2026-08-31,2026-09-06,7,168,2026-08-31 00:00,2026-09-06 23:00,155,available,200,application/json; charset=utf-8,2026-09-13T18:19:40.680953+00:00,13626,f1f9b226cd06796a3a570a1b6f13950687b5ff64d026ef03a29c2c403c9012bc,bodies/3172_2026-08-31_2026-09-06_a1.body,receipts/3172_2026-08-31_2026-09-06_a1.json,new,new_20260913_3172_2026-08-31_2026-09-06_a1,https://api-v3.thaiwater.net/api/v1/thaiwater30/public/waterlevel_graph?station_type=tele_waterlevel&station_id=3172&start_date=2026-08-31&end_date=2026-09-06,th_agency_12,available
3174,stage_reported,value,2026-08-31,2026-09-06,7,168,2026-08-31 00:00,2026-09-06 23:00,161,available,200,application/json; charset=utf-8,2026-09-13T18:19:42.279139+00:00,14309,85a7e2d3933ea967583b7dfecf32d59c9e5c54c4ff7f90c3c5e07ba251e1419f,bodies/3174_2026-08-31_2026-09-06_a1.body,receipts/3174_2026-08-31_2026-09-06_a1.json,new,new_20260913_3174_2026-08-31_2026-09-06_a1,https://api-v3.thaiwater.net/api/v1/thaiwater30/public/waterlevel_graph?station_type=tele_waterlevel&station_id=3174&start_date=2026-08-31&end_date=2026-09-06,th_agency_12,available
3174,discharge_reported,discharge,2026-08-31,2026-09-06,7,168,2026-08-31 00:00,2026-09-06 23:00,161,available,200,application/json; charset=utf-8,2026-09-13T18:19:42.279139+00:00,14309,85a7e2d3933ea967583b7dfecf32d59c9e5c54c4ff7f90c3c5e07ba251e1419f,bodies/3174_2026-08-31_2026-09-06_a1.body,receipts/3174_2026-08-31_2026-09-06_a1.json,new,new_20260913_3174_2026-08-31_2026-09-06_a1,https://api-v3.thaiwater.net/api/v1/thaiwater30/public/waterlevel_graph?station_type=tele_waterlevel&station_id=3174&start_date=2026-08-31&end_date=2026-09-06,th_agency_12,available
3186,stage_reported,value,2026-08-31,2026-09-06,7,168,2026-08-31 00:00,2026-09-06 23:00,161,available,200,application/json; charset=utf-8,2026-09-13T18:19:43.959707+00:00,15037,d050ca3d9df126577172abb8cfa3c6a17f238a5d03edf30d36d91cae03d73509,bodies/3186_2026-08-31_2026-09-06_a1.body,receipts/3186_2026-08-31_2026-09-06_a1.json,new,new_20260913_3186_2026-08-31_2026-09-06_a1,https://api-v3.thaiwater.net/api/v1/thaiwater30/public/waterlevel_graph?station_type=tele_waterlevel&station_id=3186&start_date=2026-08-31&end_date=2026-09-06,th_agency_12,available
3186,discharge_reported,discharge,2026-08-31,2026-09-06,7,168,2026-08-31 00:00,2026-09-06 23:00,161,available,200,application/json; charset=utf-8,2026-09-13T18:19:43.959707+00:00,15037,d050ca3d9df126577172abb8cfa3c6a17f238a5d03edf30d36d91cae03d73509,bodies/3186_2026-08-31_2026-09-06_a1.body,receipts/3186_2026-08-31_2026-09-06_a1.json,new,new_20260913_3186_2026-08-31_2026-09-06_a1,https://api-v3.thaiwater.net/api/v1/thaiwater30/public/waterlevel_graph?station_type=tele_waterlevel&station_id=3186&start_date=2026-08-31&end_date=2026-09-06,th_agency_12,available
3205,stage_reported,value,2026-08-31,2026-09-06,7,168,2026-08-31 00:00,2026-09-06 23:00,161,available,200,application/json; charset=utf-8,2026-09-13T18:19:45.368386+00:00,13959,88815c8294e29c879fee40d2d654b4e64ad345ced085e55f64925faa0b4ae0ca,bodies/3205_2026-08-31_2026-09-06_a1.body,receipts/3205_2026-08-31_2026-09-06_a1.json,new,new_20260913_3205_2026-08-31_2026-09-06_a1,https://api-v3.thaiwater.net/api/v1/thaiwater30/public/waterlevel_graph?station_type=tele_waterlevel&station_id=3205&start_date=2026-08-31&end_date=2026-09-06,th_agency_12,available
3205,discharge_reported,discharge,2026-08-31,2026-09-06,7,168,2026-08-31 00:00,2026-09-06 23:00,161,available,200,application/json; charset=utf-8,2026-09-13T18:19:45.368386+00:00,13959,88815c8294e29c879fee40d2d654b4e64ad345ced085e55f64925faa0b4ae0ca,bodies/3205_2026-08-31_2026-09-06_a1.body,receipts/3205_2026-08-31_2026-09-06_a1.json,new,new_20260913_3205_2026-08-31_2026-09-06_a1,https://api-v3.thaiwater.net/api/v1/thaiwater30/public/waterlevel_graph?station_type=tele_waterlevel&station_id=3205&start_date=2026-08-31&end_date=2026-09-06,th_agency_12,available
3212,stage_reported,value,2026-08-31,2026-09-06,7,168,2026-08-31 00:00,2026-09-06 23:00,160,available,200,application/json; charset=utf-8,2026-09-13T18:19:47.026336+00:00,14819,0399230d4aa99e00ba829e51ed8a37a9f7de299d4e2b353281c47c60e8555301,bodies/3212_2026-08-31_2026-09-06_a1.body,receipts/3212_2026-08-31_2026-09-06_a1.json,new,new_20260913_3212_2026-08-31_2026-09-06_a1,https://api-v3.thaiwater.net/api/v1/thaiwater30/public/waterlevel_graph?station_type=tele_waterlevel&station_id=3212&start_date=2026-08-31&end_date=2026-09-06,th_agency_12,available
3212,discharge_reported,discharge,2026-08-31,2026-09-06,7,168,2026-08-31 00:00,2026-09-06 23:00,160,available,200,application/json; charset=utf-8,2026-09-13T18:19:47.026336+00:00,14819,0399230d4aa99e00ba829e51ed8a37a9f7de299d4e2b353281c47c60e8555301,bodies/3212_2026-08-31_2026-09-06_a1.body,receipts/3212_2026-08-31_2026-09-06_a1.json,new,new_20260913_3212_2026-08-31_2026-09-06_a1,https://api-v3.thaiwater.net/api/v1/thaiwater30/public/waterlevel_graph?station_type=tele_waterlevel&station_id=3212&start_date=2026-08-31&end_date=2026-09-06,th_agency_12,available
3213,stage_reported,value,2026-08-31,2026-09-06,7,168,2026-08-31 00:00,2026-09-06 23:00,7,available,200,application/json; charset=utf-8,2026-09-13T18:19:48.418929+00:00,13481,a3a1c6221aa50b59ac28bfcc7015fae831271b42634bef17f1e065861d75ce7f,bodies/3213_2026-08-31_2026-09-06_a1.body,receipts/3213_2026-08-31_2026-09-06_a1.json,new,new_20260913_3213_2026-08-31_2026-09-06_a1,https://api-v3.thaiwater.net/api/v1/thaiwater30/public/waterlevel_graph?station_type=tele_waterlevel&station_id=3213&start_date=2026-08-31&end_date=2026-09-06,th_agency_12,available
3213,discharge_reported,discharge,2026-08-31,2026-09-06,7,168,2026-08-31 00:00,2026-09-06 23:00,7,available,200,application/json; charset=utf-8,2026-09-13T18:19:48.418929+00:00,13481,a3a1c6221aa50b59ac28bfcc7015fae831271b42634bef17f1e065861d75ce7f,bodies/3213_2026-08-31_2026-09-06_a1.body,receipts/3213_2026-08-31_2026-09-06_a1.json,new,new_20260913_3213_2026-08-31_2026-09-06_a1,https://api-v3.thaiwater.net/api/v1/thaiwater30/public/waterlevel_graph?station_type=tele_waterlevel&station_id=3213&start_date=2026-08-31&end_date=2026-09-06,th_agency_12,available
3215,stage_reported,value,2026-08-31,2026-09-06,7,168,2026-08-31 00:00,2026-09-06 23:00,161,available,200,application/json; charset=utf-8,2026-09-13T18:19:49.802207+00:00,13697,c0f8f5f393da977d3ad7163a0a07b88e4dbc7495a85dad1b8ee00f1118c42293,bodies/3215_2026-08-31_2026-09-06_a1.body,receipts/3215_2026-08-31_2026-09-06_a1.json,new,new_20260913_3215_2026-08-31_2026-09-06_a1,https://api-v3.thaiwater.net/api/v1/thaiwater30/public/waterlevel_graph?station_type=tele_waterlevel&station_id=3215&start_date=2026-08-31&end_date=2026-09-06,th_agency_12,available
3215,discharge_reported,discharge,2026-08-31,2026-09-06,7,168,2026-08-31 00:00,2026-09-06 23:00,161,available,200,application/json; charset=utf-8,2026-09-13T18:19:49.802207+00:00,13697,c0f8f5f393da977d3ad7163a0a07b88e4dbc7495a85dad1b8ee00f1118c42293,bodies/3215_2026-08-31_2026-09-06_a1.body,receipts/3215_2026-08-31_2026-09-06_a1.json,new,new_20260913_3215_2026-08-31_2026-09-06_a1,https://api-v3.thaiwater.net/api/v1/thaiwater30/public/waterlevel_graph?station_type=tele_waterlevel&station_id=3215&start_date=2026-08-31&end_date=2026-09-06,th_agency_12,available
3217,stage_reported,value,2026-08-31,2026-09-06,7,168,2026-08-31 00:00,2026-09-06 23:00,160,available,200,application/json; charset=utf-8,2026-09-13T18:19:51.395773+00:00,14489,788aa9f48e03caf1535341c0ee17a4bd2fbbad5552af2a6c09ecfd63d5203d4c,bodies/3217_2026-08-31_2026-09-06_a1.body,receipts/3217_2026-08-31_2026-09-06_a1.json,new,new_20260913_3217_2026-08-31_2026-09-06_a1,https://api-v3.thaiwater.net/api/v1/thaiwater30/public/waterlevel_graph?station_type=tele_waterlevel&station_id=3217&start_date=2026-08-31&end_date=2026-09-06,th_agency_12,available
3217,discharge_reported,discharge,2026-08-31,2026-09-06,7,168,2026-08-31 00:00,2026-09-06 23:00,160,available,200,application/json; charset=utf-8,2026-09-13T18:19:51.395773+00:00,14489,788aa9f48e03caf1535341c0ee17a4bd2fbbad5552af2a6c09ecfd63d5203d4c,bodies/3217_2026-08-31_2026-09-06_a1.body,receipts/3217_2026-08-31_2026-09-06_a1.json,new,new_20260913_3217_2026-08-31_2026-09-06_a1,https://api-v3.thaiwater.net/api/v1/thaiwater30/public/waterlevel_graph?station_type=tele_waterlevel&station_id=3217&start_date=2026-08-31&end_date=2026-09-06,th_agency_12,available
3219,stage_reported,value,2026-08-31,2026-09-06,7,168,2026-08-31 00:00,2026-09-06 23:00,161,available,200,application/json; charset=utf-8,2026-09-13T18:19:53.057484+00:00,15193,5a98f31b7acbf6bbfcbfed35d1ec92c0b9eac577c4af654345ea98fd0362d271,bodies/3219_2026-08-31_2026-09-06_a1.body,receipts/3219_2026-08-31_2026-09-06_a1.json,new,new_20260913_3219_2026-08-31_2026-09-06_a1,https://api-v3.thaiwater.net/api/v1/thaiwater30/public/waterlevel_graph?station_type=tele_waterlevel&station_id=3219&start_date=2026-08-31&end_date=2026-09-06,th_agency_12,available
3219,discharge_reported,discharge,2026-08-31,2026-09-06,7,168,2026-08-31 00:00,2026-09-06 23:00,161,available,200,application/json; charset=utf-8,2026-09-13T18:19:53.057484+00:00,15193,5a98f31b7acbf6bbfcbfed35d1ec92c0b9eac577c4af654345ea98fd0362d271,bodies/3219_2026-08-31_2026-09-06_a1.body,receipts/3219_2026-08-31_2026-09-06_a1.json,new,new_20260913_3219_2026-08-31_2026-09-06_a1,https://api-v3.thaiwater.net/api/v1/thaiwater30/public/waterlevel_graph?station_type=tele_waterlevel&station_id=3219&start_date=2026-08-31&end_date=2026-09-06,th_agency_12,available
3220,stage_reported,value,2026-08-31,2026-09-06,7,168,2026-08-31 00:00,2026-09-06 23:00,161,available,200,application/json; charset=utf-8,2026-09-13T18:19:54.651001+00:00,15264,ad9d0144238465585e378ff248bd96475aeaaf5e579930ab4c380fca901c438e,bodies/3220_2026-08-31_2026-09-06_a1.body,receipts/3220_2026-08-31_2026-09-06_a1.json,new,new_20260913_3220_2026-08-31_2026-09-06_a1,https://api-v3.thaiwater.net/api/v1/thaiwater30/public/waterlevel_graph?station_type=tele_waterlevel&station_id=3220&start_date=2026-08-31&end_date=2026-09-06,th_agency_12,available
3220,discharge_reported,discharge,2026-08-31,2026-09-06,7,168,2026-08-31 00:00,2026-09-06 23:00,161,available,200,application/json; charset=utf-8,2026-09-13T18:19:54.651001+00:00,15264,ad9d0144238465585e378ff248bd96475aeaaf5e579930ab4c380fca901c438e,bodies/3220_2026-08-31_2026-09-06_a1.body,receipts/3220_2026-08-31_2026-09-06_a1.json,new,new_20260913_3220_2026-08-31_2026-09-06_a1,https://api-v3.thaiwater.net/api/v1/thaiwater30/public/waterlevel_graph?station_type=tele_waterlevel&station_id=3220&start_date=2026-08-31&end_date=2026-09-06,th_agency_12,available
3221,stage_reported,value,2026-08-31,2026-09-06,7,168,2026-08-31 00:00,2026-09-06 23:00,161,available,200,application/json; charset=utf-8,2026-09-13T18:19:56.321362+00:00,15369,023306eddad34921fb7a0bf536e33e683f03a52859b4f163b6d8c862065e4869,bodies/3221_2026-08-31_2026-09-06_a1.body,receipts/3221_2026-08-31_2026-09-06_a1.json,new,new_20260913_3221_2026-08-31_2026-09-06_a1,https://api-v3.thaiwater.net/api/v1/thaiwater30/public/waterlevel_graph?station_type=tele_waterlevel&station_id=3221&start_date=2026-08-31&end_date=2026-09-06,th_agency_12,available
3221,discharge_reported,discharge,2026-08-31,2026-09-06,7,168,2026-08-31 00:00,2026-09-06 23:00,161,available,200,application/json; charset=utf-8,2026-09-13T18:19:56.321362+00:00,15369,023306eddad34921fb7a0bf536e33e683f03a52859b4f163b6d8c862065e4869,bodies/3221_2026-08-31_2026-09-06_a1.body,receipts/3221_2026-08-31_2026-09-06_a1.json,new,new_20260913_3221_2026-08-31_2026-09-06_a1,https://api-v3.thaiwater.net/api/v1/thaiwater30/public/waterlevel_graph?station_type=tele_waterlevel&station_id=3221&start_date=2026-08-31&end_date=2026-09-06,th_agency_12,available
3222,stage_reported,value,2026-08-31,2026-09-06,7,168,2026-08-31 00:00,2026-09-06 23:00,161,available,200,application/json; charset=utf-8,2026-09-13T18:20:07.453656+00:00,14709,fbcbc9903ce55c5eee81e812ce3c8a1ff55d22045396f6ae1b89b1f1b1751c40,bodies/3222_2026-08-31_2026-09-06_a1.body,receipts/3222_2026-08-31_2026-09-06_a1.json,new,new_20260913_3222_2026-08-31_2026-09-06_a1,https://api-v3.thaiwater.net/api/v1/thaiwater30/public/waterlevel_graph?station_type=tele_waterlevel&station_id=3222&start_date=2026-08-31&end_date=2026-09-06,th_agency_12,available
3222,discharge_reported,discharge,2026-08-31,2026-09-06,7,168,2026-08-31 00:00,2026-09-06 23:00,161,available,200,application/json; charset=utf-8,2026-09-13T18:20:07.453656+00:00,14709,fbcbc9903ce55c5eee81e812ce3c8a1ff55d22045396f6ae1b89b1f1b1751c40,bodies/3222_2026-08-31_2026-09-06_a1.body,receipts/3222_2026-08-31_2026-09-06_a1.json,new,new_20260913_3222_2026-08-31_2026-09-06_a1,https://api-v3.thaiwater.net/api/v1/thaiwater30/public/waterlevel_graph?station_type=tele_waterlevel&station_id=3222&start_date=2026-08-31&end_date=2026-09-06,th_agency_12,available
3223,stage_reported,value,2026-08-31,2026-09-06,7,168,2026-08-31 00:00,2026-09-06 23:00,155,available,200,application/json; charset=utf-8,2026-09-13T18:20:09.451107+00:00,14186,cf9756131842d96e346f544f6fed8f3963b8c8a9b867d6a8e7011eca1276420e,bodies/3223_2026-08-31_2026-09-06_a1.body,receipts/3223_2026-08-31_2026-09-06_a1.json,new,new_20260913_3223_2026-08-31_2026-09-06_a1,https://api-v3.thaiwater.net/api/v1/thaiwater30/public/waterlevel_graph?station_type=tele_waterlevel&station_id=3223&start_date=2026-08-31&end_date=2026-09-06,th_agency_12,available
3223,discharge_reported,discharge,2026-08-31,2026-09-06,7,168,2026-08-31 00:00,2026-09-06 23:00,155,available,200,application/json; charset=utf-8,2026-09-13T18:20:09.451107+00:00,14186,cf9756131842d96e346f544f6fed8f3963b8c8a9b867d6a8e7011eca1276420e,bodies/3223_2026-08-31_2026-09-06_a1.body,receipts/3223_2026-08-31_2026-09-06_a1.json,new,new_20260913_3223_2026-08-31_2026-09-06_a1,https://api-v3.thaiwater.net/api/v1/thaiwater30/public/waterlevel_graph?station_type=tele_waterlevel&station_id=3223&start_date=2026-08-31&end_date=2026-09-06,th_agency_12,available
3224,stage_reported,value,2026-08-31,2026-09-06,7,168,2026-08-31 00:00,2026-09-06 23:00,161,available,200,application/json; charset=utf-8,2026-09-13T18:20:12.642316+00:00,13726,ce8dd0ef52f4db09ccf2fb4397d8ef616e19b0c4148fceabc00dd2d7ba545676,bodies/3224_2026-08-31_2026-09-06_a1.body,receipts/3224_2026-08-31_2026-09-06_a1.json,new,new_20260913_3224_2026-08-31_2026-09-06_a1,https://api-v3.thaiwater.net/api/v1/thaiwater30/public/waterlevel_graph?station_type=tele_waterlevel&station_id=3224&start_date=2026-08-31&end_date=2026-09-06,th_agency_12,available
3224,discharge_reported,discharge,2026-08-31,2026-09-06,7,168,2026-08-31 00:00,2026-09-06 23:00,161,available,200,application/json; charset=utf-8,2026-09-13T18:20:12.642316+00:00,13726,ce8dd0ef52f4db09ccf2fb4397d8ef616e19b0c4148fceabc00dd2d7ba545676,bodies/3224_2026-08-31_2026-09-06_a1.body,receipts/3224_2026-08-31_2026-09-06_a1.json,new,new_20260913_3224_2026-08-31_2026-09-06_a1,https://api-v3.thaiwater.net/api/v1/thaiwater30/public/waterlevel_graph?station_type=tele_waterlevel&station_id=3224&start_date=2026-08-31&end_date=2026-09-06,th_agency_12,available
3226,stage_reported,value,2026-08-31,2026-09-06,7,168,2026-08-31 00:00,2026-09-06 23:00,161,available,200,application/json; charset=utf-8,2026-09-13T18:20:16.941162+00:00,14193,ab43f8a1f9e15b6ed90c389fc23ec875b3286e1ffeea54433288a96bedf6cda8,bodies/3226_2026-08-31_2026-09-06_a1.body,receipts/3226_2026-08-31_2026-09-06_a1.json,new,new_20260913_3226_2026-08-31_2026-09-06_a1,https://api-v3.thaiwater.net/api/v1/thaiwater30/public/waterlevel_graph?station_type=tele_waterlevel&station_id=3226&start_date=2026-08-31&end_date=2026-09-06,th_agency_12,available
3226,discharge_reported,discharge,2026-08-31,2026-09-06,7,168,2026-08-31 00:00,2026-09-06 23:00,161,available,200,application/json; charset=utf-8,2026-09-13T18:20:16.941162+00:00,14193,ab43f8a1f9e15b6ed90c389fc23ec875b3286e1ffeea54433288a96bedf6cda8,bodies/3226_2026-08-31_2026-09-06_a1.body,receipts/3226_2026-08-31_2026-09-06_a1.json,new,new_20260913_3226_2026-08-31_2026-09-06_a1,https://api-v3.thaiwater.net/api/v1/thaiwater30/public/waterlevel_graph?station_type=tele_waterlevel&station_id=3226&start_date=2026-08-31&end_date=2026-09-06,th_agency_12,available
3233,stage_reported,value,2026-08-31,2026-09-06,7,168,2026-08-31 00:00,2026-09-06 23:00,149,available,200,application/json; charset=utf-8,2026-09-13T18:20:23.071134+00:00,14438,ba5a9890f63daf191c0460378334a57f4fbc45dc86509b21935d26ddd8fde872,bodies/3233_2026-08-31_2026-09-06_a1.body,receipts/3233_2026-08-31_2026-09-06_a1.json,new,new_20260913_3233_2026-08-31_2026-09-06_a1,https://api-v3.thaiwater.net/api/v1/thaiwater30/public/waterlevel_graph?station_type=tele_waterlevel&station_id=3233&start_date=2026-08-31&end_date=2026-09-06,th_agency_12,available
3233,discharge_reported,discharge,2026-08-31,2026-09-06,7,168,2026-08-31 00:00,2026-09-06 23:00,149,available,200,application/json; charset=utf-8,2026-09-13T18:20:23.071134+00:00,14438,ba5a9890f63daf191c0460378334a57f4fbc45dc86509b21935d26ddd8fde872,bodies/3233_2026-08-31_2026-09-06_a1.body,receipts/3233_2026-08-31_2026-09-06_a1.json,new,new_20260913_3233_2026-08-31_2026-09-06_a1,https://api-v3.thaiwater.net/api/v1/thaiwater30/public/waterlevel_graph?station_type=tele_waterlevel&station_id=3233&start_date=2026-08-31&end_date=2026-09-06,th_agency_12,available
3237,stage_reported,value,2026-08-31,2026-09-06,7,168,2026-08-31 00:00,2026-09-06 23:00,155,available,200,application/json; charset=utf-8,2026-09-13T18:20:24.850617+00:00,14447,fec671ad71f7e17462ae224b6e6ef6aedcc8fa8df6fe74ab9063cc0e9026d3ca,bodies/3237_2026-08-31_2026-09-06_a1.body,receipts/3237_2026-08-31_2026-09-06_a1.json,new,new_20260913_3237_2026-08-31_2026-09-06_a1,https://api-v3.thaiwater.net/api/v1/thaiwater30/public/waterlevel_graph?station_type=tele_waterlevel&station_id=3237&start_date=2026-08-31&end_date=2026-09-06,th_agency_12,available
3237,discharge_reported,discharge,2026-08-31,2026-09-06,7,168,2026-08-31 00:00,2026-09-06 23:00,155,available,200,application/json; charset=utf-8,2026-09-13T18:20:24.850617+00:00,14447,fec671ad71f7e17462ae224b6e6ef6aedcc8fa8df6fe74ab9063cc0e9026d3ca,bodies/3237_2026-08-31_2026-09-06_a1.body,receipts/3237_2026-08-31_2026-09-06_a1.json,new,new_20260913_3237_2026-08-31_2026-09-06_a1,https://api-v3.thaiwater.net/api/v1/thaiwater30/public/waterlevel_graph?station_type=tele_waterlevel&station_id=3237&start_date=2026-08-31&end_date=2026-09-06,th_agency_12,available
3240,stage_reported,value,2026-08-31,2026-09-06,7,168,2026-08-31 00:00,2026-09-06 23:00,161,available,200,application/json; charset=utf-8,2026-09-13T18:20:26.557079+00:00,14768,65c8029190696906bfa87add02c0a0a0540ca72460905dece22050f72ecafd2c,bodies/3240_2026-08-31_2026-09-06_a1.body,receipts/3240_2026-08-31_2026-09-06_a1.json,new,new_20260913_3240_2026-08-31_2026-09-06_a1,https://api-v3.thaiwater.net/api/v1/thaiwater30/public/waterlevel_graph?station_type=tele_waterlevel&station_id=3240&start_date=2026-08-31&end_date=2026-09-06,th_agency_12,available
3240,discharge_reported,discharge,2026-08-31,2026-09-06,7,168,2026-08-31 00:00,2026-09-06 23:00,161,available,200,application/json; charset=utf-8,2026-09-13T18:20:26.557079+00:00,14768,65c8029190696906bfa87add02c0a0a0540ca72460905dece22050f72ecafd2c,bodies/3240_2026-08-31_2026-09-06_a1.body,receipts/3240_2026-08-31_2026-09-06_a1.json,new,new_20260913_3240_2026-08-31_2026-09-06_a1,https://api-v3.thaiwater.net/api/v1/thaiwater30/public/waterlevel_graph?station_type=tele_waterlevel&station_id=3240&start_date=2026-08-31&end_date=2026-09-06,th_agency_12,available
3243,stage_reported,value,2026-08-31,2026-09-06,7,168,2026-08-31 00:00,2026-09-06 23:00,161,available,200,application/json; charset=utf-8,2026-09-13T18:20:28.306193+00:00,14289,f32b04b46f8d296da20b5ddd728e8a0de6e83d6b0216dbeb931fcec988b638f3,bodies/3243_2026-08-31_2026-09-06_a1.body,receipts/3243_2026-08-31_2026-09-06_a1.json,new,new_20260913_3243_2026-08-31_2026-09-06_a1,https://api-v3.thaiwater.net/api/v1/thaiwater30/public/waterlevel_graph?station_type=tele_waterlevel&station_id=3243&start_date=2026-08-31&end_date=2026-09-06,th_agency_12,available
3243,discharge_reported,discharge,2026-08-31,2026-09-06,7,168,2026-08-31 00:00,2026-09-06 23:00,161,available,200,application/json; charset=utf-8,2026-09-13T18:20:28.306193+00:00,14289,f32b04b46f8d296da20b5ddd728e8a0de6e83d6b0216dbeb931fcec988b638f3,bodies/3243_2026-08-31_2026-09-06_a1.body,receipts/3243_2026-08-31_2026-09-06_a1.json,new,new_20260913_3243_2026-08-31_2026-09-06_a1,https://api-v3.thaiwater.net/api/v1/thaiwater30/public/waterlevel_graph?station_type=tele_waterlevel&station_id=3243&start_date=2026-08-31&end_date=2026-09-06,th_agency_12,available
3244,stage_reported,value,2026-08-31,2026-09-06,7,168,2026-08-31 00:00,2026-09-06 23:00,155,available,200,application/json; charset=utf-8,2026-09-13T18:20:30.033012+00:00,14744,88e16a3c8c45e6fd46b9901666d201820b4b4d36a876d558df5d4d2123d71313,bodies/3244_2026-08-31_2026-09-06_a1.body,receipts/3244_2026-08-31_2026-09-06_a1.json,new,new_20260913_3244_2026-08-31_2026-09-06_a1,https://api-v3.thaiwater.net/api/v1/thaiwater30/public/waterlevel_graph?station_type=tele_waterlevel&station_id=3244&start_date=2026-08-31&end_date=2026-09-06,th_agency_12,available
3244,discharge_reported,discharge,2026-08-31,2026-09-06,7,168,2026-08-31 00:00,2026-09-06 23:00,155,available,200,application/json; charset=utf-8,2026-09-13T18:20:30.033012+00:00,14744,88e16a3c8c45e6fd46b9901666d201820b4b4d36a876d558df5d4d2123d71313,bodies/3244_2026-08-31_2026-09-06_a1.body,receipts/3244_2026-08-31_2026-09-06_a1.json,new,new_20260913_3244_2026-08-31_2026-09-06_a1,https://api-v3.thaiwater.net/api/v1/thaiwater30/public/waterlevel_graph?station_type=tele_waterlevel&station_id=3244&start_date=2026-08-31&end_date=2026-09-06,th_agency_12,available
3245,stage_reported,value,2026-08-31,2026-09-06,7,168,2026-08-31 00:00,2026-09-06 23:00,161,available,200,application/json; charset=utf-8,2026-09-13T18:20:31.791818+00:00,14861,d9ef855a28afe6d7f0815d8c0efac65038a86a55d1306a337f11cbf7dfbfcfae,bodies/3245_2026-08-31_2026-09-06_a1.body,receipts/3245_2026-08-31_2026-09-06_a1.json,new,new_20260913_3245_2026-08-31_2026-09-06_a1,https://api-v3.thaiwater.net/api/v1/thaiwater30/public/waterlevel_graph?station_type=tele_waterlevel&station_id=3245&start_date=2026-08-31&end_date=2026-09-06,th_agency_12,available
3245,discharge_reported,discharge,2026-08-31,2026-09-06,7,168,2026-08-31 00:00,2026-09-06 23:00,161,available,200,application/json; charset=utf-8,2026-09-13T18:20:31.791818+00:00,14861,d9ef855a28afe6d7f0815d8c0efac65038a86a55d1306a337f11cbf7dfbfcfae,bodies/3245_2026-08-31_2026-09-06_a1.body,receipts/3245_2026-08-31_2026-09-06_a1.json,new,new_20260913_3245_2026-08-31_2026-09-06_a1,https://api-v3.thaiwater.net/api/v1/thaiwater30/public/waterlevel_graph?station_type=tele_waterlevel&station_id=3245&start_date=2026-08-31&end_date=2026-09-06,th_agency_12,available
3246,stage_reported,value,2026-08-31,2026-09-06,7,168,2026-08-31 00:00,2026-09-06 23:00,161,available,200,application/json; charset=utf-8,2026-09-13T18:20:33.427739+00:00,15320,475924b4045ba9783994bef4f94c45a25ec002af6fa4bdee8617878bcdc824de,bodies/3246_2026-08-31_2026-09-06_a1.body,receipts/3246_2026-08-31_2026-09-06_a1.json,new,new_20260913_3246_2026-08-31_2026-09-06_a1,https://api-v3.thaiwater.net/api/v1/thaiwater30/public/waterlevel_graph?station_type=tele_waterlevel&station_id=3246&start_date=2026-08-31&end_date=2026-09-06,th_agency_12,available
3246,discharge_reported,discharge,2026-08-31,2026-09-06,7,168,2026-08-31 00:00,2026-09-06 23:00,161,available,200,application/json; charset=utf-8,2026-09-13T18:20:33.427739+00:00,15320,475924b4045ba9783994bef4f94c45a25ec002af6fa4bdee8617878bcdc824de,bodies/3246_2026-08-31_2026-09-06_a1.body,receipts/3246_2026-08-31_2026-09-06_a1.json,new,new_20260913_3246_2026-08-31_2026-09-06_a1,https://api-v3.thaiwater.net/api/v1/thaiwater30/public/waterlevel_graph?station_type=tele_waterlevel&station_id=3246&start_date=2026-08-31&end_date=2026-09-06,th_agency_12,available
3247,stage_reported,value,2026-08-31,2026-09-06,7,168,2026-08-31 00:00,2026-09-06 23:00,161,available,200,application/json; charset=utf-8,2026-09-13T18:20:35.171081+00:00,15571,32ceb0f10e26066fb57a03cbf852321343c262655225ec324618c1de57f5a972,bodies/3247_2026-08-31_2026-09-06_a1.body,receipts/3247_2026-08-31_2026-09-06_a1.json,new,new_20260913_3247_2026-08-31_2026-09-06_a1,https://api-v3.thaiwater.net/api/v1/thaiwater30/public/waterlevel_graph?station_type=tele_waterlevel&station_id=3247&start_date=2026-08-31&end_date=2026-09-06,th_agency_12,available
3247,discharge_reported,discharge,2026-08-31,2026-09-06,7,168,2026-08-31 00:00,2026-09-06 23:00,161,available,200,application/json; charset=utf-8,2026-09-13T18:20:35.171081+00:00,15571,32ceb0f10e26066fb57a03cbf852321343c262655225ec324618c1de57f5a972,bodies/3247_2026-08-31_2026-09-06_a1.body,receipts/3247_2026-08-31_2026-09-06_a1.json,new,new_20260913_3247_2026-08-31_2026-09-06_a1,https://api-v3.thaiwater.net/api/v1/thaiwater30/public/waterlevel_graph?station_type=tele_waterlevel&station_id=3247&start_date=2026-08-31&end_date=2026-09-06,th_agency_12,available
3251,stage_reported,value,2026-08-31,2026-09-06,7,168,2026-08-31 00:00,2026-09-06 23:00,161,available,200,application/json; charset=utf-8,2026-09-13T18:20:36.846703+00:00,13611,e4d2de4640e1a6fa436b2e764530b721ef61a9217380f05568dd779c3f4e24dd,bodies/3251_2026-08-31_2026-09-06_a1.body,receipts/3251_2026-08-31_2026-09-06_a1.json,new,new_20260913_3251_2026-08-31_2026-09-06_a1,https://api-v3.thaiwater.net/api/v1/thaiwater30/public/waterlevel_graph?station_type=tele_waterlevel&station_id=3251&start_date=2026-08-31&end_date=2026-09-06,th_agency_12,available
3251,discharge_reported,discharge,2026-08-31,2026-09-06,7,168,2026-08-31 00:00,2026-09-06 23:00,161,available,200,application/json; charset=utf-8,2026-09-13T18:20:36.846703+00:00,13611,e4d2de4640e1a6fa436b2e764530b721ef61a9217380f05568dd779c3f4e24dd,bodies/3251_2026-08-31_2026-09-06_a1.body,receipts/3251_2026-08-31_2026-09-06_a1.json,new,new_20260913_3251_2026-08-31_2026-09-06_a1,https://api-v3.thaiwater.net/api/v1/thaiwater30/public/waterlevel_graph?station_type=tele_waterlevel&station_id=3251&start_date=2026-08-31&end_date=2026-09-06,th_agency_12,available
3253,stage_reported,value,2026-08-31,2026-09-06,7,168,2026-08-31 00:00,2026-09-06 23:00,161,available,200,application/json; charset=utf-8,2026-09-13T18:20:38.598667+00:00,15019,20a1f37a9b71ff19cdf075a5d16935ff4f82928dfc6e0a89118892f30a8678a7,bodies/3253_2026-08-31_2026-09-06_a1.body,receipts/3253_2026-08-31_2026-09-06_a1.json,new,new_20260913_3253_2026-08-31_2026-09-06_a1,https://api-v3.thaiwater.net/api/v1/thaiwater30/public/waterlevel_graph?station_type=tele_waterlevel&station_id=3253&start_date=2026-08-31&end_date=2026-09-06,th_agency_12,available
3253,discharge_reported,discharge,2026-08-31,2026-09-06,7,168,2026-08-31 00:00,2026-09-06 23:00,161,available,200,application/json; charset=utf-8,2026-09-13T18:20:38.598667+00:00,15019,20a1f37a9b71ff19cdf075a5d16935ff4f82928dfc6e0a89118892f30a8678a7,bodies/3253_2026-08-31_2026-09-06_a1.body,receipts/3253_2026-08-31_2026-09-06_a1.json,new,new_20260913_3253_2026-08-31_2026-09-06_a1,https://api-v3.thaiwater.net/api/v1/thaiwater30/public/waterlevel_graph?station_type=tele_waterlevel&station_id=3253&start_date=2026-08-31&end_date=2026-09-06,th_agency_12,available
3267,stage_reported,value,2026-08-31,2026-09-06,7,168,2026-08-31 00:00,2026-09-06 23:00,161,available,200,application/json; charset=utf-8,2026-09-13T18:20:40.387880+00:00,15148,bbcecd29eba350743ebd7793cdf4d0da2796081bdd912238b4fa6ee9c0b5dff2,bodies/3267_2026-08-31_2026-09-06_a1.body,receipts/3267_2026-08-31_2026-09-06_a1.json,new,new_20260913_3267_2026-08-31_2026-09-06_a1,https://api-v3.thaiwater.net/api/v1/thaiwater30/public/waterlevel_graph?station_type=tele_waterlevel&station_id=3267&start_date=2026-08-31&end_date=2026-09-06,th_agency_12,available
3267,discharge_reported,discharge,2026-08-31,2026-09-06,7,168,2026-08-31 00:00,2026-09-06 23:00,161,available,200,application/json; charset=utf-8,2026-09-13T18:20:40.387880+00:00,15148,bbcecd29eba350743ebd7793cdf4d0da2796081bdd912238b4fa6ee9c0b5dff2,bodies/3267_2026-08-31_2026-09-06_a1.body,receipts/3267_2026-08-31_2026-09-06_a1.json,new,new_20260913_3267_2026-08-31_2026-09-06_a1,https://api-v3.thaiwater.net/api/v1/thaiwater30/public/waterlevel_graph?station_type=tele_waterlevel&station_id=3267&start_date=2026-08-31&end_date=2026-09-06,th_agency_12,available
3269,stage_reported,value,2026-08-31,2026-09-06,7,168,2026-08-31 00:00,2026-09-06 23:00,7,available,200,application/json; charset=utf-8,2026-09-13T18:20:41.794674+00:00,13461,cdf27a8aa8ad748e8f68635972b0e85b7ed2495341fb1bcde4c5f085df921b11,bodies/3269_2026-08-31_2026-09-06_a1.body,receipts/3269_2026-08-31_2026-09-06_a1.json,new,new_20260913_3269_2026-08-31_2026-09-06_a1,https://api-v3.thaiwater.net/api/v1/thaiwater30/public/waterlevel_graph?station_type=tele_waterlevel&station_id=3269&start_date=2026-08-31&end_date=2026-09-06,th_agency_12,available
3269,discharge_reported,discharge,2026-08-31,2026-09-06,7,168,2026-08-31 00:00,2026-09-06 23:00,7,available,200,application/json; charset=utf-8,2026-09-13T18:20:41.794674+00:00,13461,cdf27a8aa8ad748e8f68635972b0e85b7ed2495341fb1bcde4c5f085df921b11,bodies/3269_2026-08-31_2026-09-06_a1.body,receipts/3269_2026-08-31_2026-09-06_a1.json,new,new_20260913_3269_2026-08-31_2026-09-06_a1,https://api-v3.thaiwater.net/api/v1/thaiwater30/public/waterlevel_graph?station_type=tele_waterlevel&station_id=3269&start_date=2026-08-31&end_date=2026-09-06,th_agency_12,available
3271,stage_reported,value,2026-08-31,2026-09-06,7,168,2026-08-31 00:00,2026-09-06 23:00,160,available,200,application/json; charset=utf-8,2026-09-13T18:20:43.417981+00:00,14823,9c7bcc1bfeb08fd738cbc31404a110740138694627ee6c0375468fc516404a09,bodies/3271_2026-08-31_2026-09-06_a1.body,receipts/3271_2026-08-31_2026-09-06_a1.json,new,new_20260913_3271_2026-08-31_2026-09-06_a1,https://api-v3.thaiwater.net/api/v1/thaiwater30/public/waterlevel_graph?station_type=tele_waterlevel&station_id=3271&start_date=2026-08-31&end_date=2026-09-06,th_agency_12,available
3271,discharge_reported,discharge,2026-08-31,2026-09-06,7,168,2026-08-31 00:00,2026-09-06 23:00,160,available,200,application/json; charset=utf-8,2026-09-13T18:20:43.417981+00:00,14823,9c7bcc1bfeb08fd738cbc31404a110740138694627ee6c0375468fc516404a09,bodies/3271_2026-08-31_2026-09-06_a1.body,receipts/3271_2026-08-31_2026-09-06_a1.json,new,new_20260913_3271_2026-08-31_2026-09-06_a1,https://api-v3.thaiwater.net/api/v1/thaiwater30/public/waterlevel_graph?station_type=tele_waterlevel&station_id=3271&start_date=2026-08-31&end_date=2026-09-06,th_agency_12,available
3281,stage_reported,value,2026-08-31,2026-09-06,7,168,2026-08-31 00:00,2026-09-06 23:00,152,available,200,application/json; charset=utf-8,2026-09-13T18:20:45.041002+00:00,14786,0c3dfa92aa05e88dd8f699d4a38e217bf378880de5199bbd267e989f56fcc004,bodies/3281_2026-08-31_2026-09-06_a1.body,receipts/3281_2026-08-31_2026-09-06_a1.json,new,new_20260913_3281_2026-08-31_2026-09-06_a1,https://api-v3.thaiwater.net/api/v1/thaiwater30/public/waterlevel_graph?station_type=tele_waterlevel&station_id=3281&start_date=2026-08-31&end_date=2026-09-06,th_agency_12,available
3281,discharge_reported,discharge,2026-08-31,2026-09-06,7,168,2026-08-31 00:00,2026-09-06 23:00,152,available,200,application/json; charset=utf-8,2026-09-13T18:20:45.041002+00:00,14786,0c3dfa92aa05e88dd8f699d4a38e217bf378880de5199bbd267e989f56fcc004,bodies/3281_2026-08-31_2026-09-06_a1.body,receipts/3281_2026-08-31_2026-09-06_a1.json,new,new_20260913_3281_2026-08-31_2026-09-06_a1,https://api-v3.thaiwater.net/api/v1/thaiwater30/public/waterlevel_graph?station_type=tele_waterlevel&station_id=3281&start_date=2026-08-31&end_date=2026-09-06,th_agency_12,available
3283,stage_reported,value,2026-08-31,2026-09-06,7,168,2026-08-31 00:00,2026-09-06 23:00,161,available,200,application/json; charset=utf-8,2026-09-13T18:20:46.667313+00:00,14421,f4daa2e4280959af3604fa7c5d6b5415b5273c934c92c170119ccab4d9c9d1df,bodies/3283_2026-08-31_2026-09-06_a1.body,receipts/3283_2026-08-31_2026-09-06_a1.json,new,new_20260913_3283_2026-08-31_2026-09-06_a1,https://api-v3.thaiwater.net/api/v1/thaiwater30/public/waterlevel_graph?station_type=tele_waterlevel&station_id=3283&start_date=2026-08-31&end_date=2026-09-06,th_agency_12,available
3283,discharge_reported,discharge,2026-08-31,2026-09-06,7,168,2026-08-31 00:00,2026-09-06 23:00,161,available,200,application/json; charset=utf-8,2026-09-13T18:20:46.667313+00:00,14421,f4daa2e4280959af3604fa7c5d6b5415b5273c934c92c170119ccab4d9c9d1df,bodies/3283_2026-08-31_2026-09-06_a1.body,receipts/3283_2026-08-31_2026-09-06_a1.json,new,new_20260913_3283_2026-08-31_2026-09-06_a1,https://api-v3.thaiwater.net/api/v1/thaiwater30/public/waterlevel_graph?station_type=tele_waterlevel&station_id=3283&start_date=2026-08-31&end_date=2026-09-06,th_agency_12,available
3285,stage_reported,value,2026-08-31,2026-09-06,7,168,2026-08-31 00:00,2026-09-06 23:00,7,available,200,application/json; charset=utf-8,2026-09-13T18:20:48.378138+00:00,13456,45a6d7cbb4bd8f882d854b6027d5a2415980ccc8ef473d6b335c969a625881bc,bodies/3285_2026-08-31_2026-09-06_a1.body,receipts/3285_2026-08-31_2026-09-06_a1.json,new,new_20260913_3285_2026-08-31_2026-09-06_a1,https://api-v3.thaiwater.net/api/v1/thaiwater30/public/waterlevel_graph?station_type=tele_waterlevel&station_id=3285&start_date=2026-08-31&end_date=2026-09-06,th_agency_12,available
3285,discharge_reported,discharge,2026-08-31,2026-09-06,7,168,2026-08-31 00:00,2026-09-06 23:00,7,available,200,application/json; charset=utf-8,2026-09-13T18:20:48.378138+00:00,13456,45a6d7cbb4bd8f882d854b6027d5a2415980ccc8ef473d6b335c969a625881bc,bodies/3285_2026-08-31_2026-09-06_a1.body,receipts/3285_2026-08-31_2026-09-06_a1.json,new,new_20260913_3285_2026-08-31_2026-09-06_a1,https://api-v3.thaiwater.net/api/v1/thaiwater30/public/waterlevel_graph?station_type=tele_waterlevel&station_id=3285&start_date=2026-08-31&end_date=2026-09-06,th_agency_12,available
3286,stage_reported,value,2026-08-31,2026-09-06,7,168,2026-08-31 00:00,2026-09-06 23:00,161,available,200,application/json; charset=utf-8,2026-09-13T18:20:50.125810+00:00,15174,1ecb4c9a56ec3cd55d7e186b464257593d6347962021592898e5eb7b2b887640,bodies/3286_2026-08-31_2026-09-06_a1.body,receipts/3286_2026-08-31_2026-09-06_a1.json,new,new_20260913_3286_2026-08-31_2026-09-06_a1,https://api-v3.thaiwater.net/api/v1/thaiwater30/public/waterlevel_graph?station_type=tele_waterlevel&station_id=3286&start_date=2026-08-31&end_date=2026-09-06,th_agency_12,available
3286,discharge_reported,discharge,2026-08-31,2026-09-06,7,168,2026-08-31 00:00,2026-09-06 23:00,161,available,200,application/json; charset=utf-8,2026-09-13T18:20:50.125810+00:00,15174,1ecb4c9a56ec3cd55d7e186b464257593d6347962021592898e5eb7b2b887640,bodies/3286_2026-08-31_2026-09-06_a1.body,receipts/3286_2026-08-31_2026-09-06_a1.json,new,new_20260913_3286_2026-08-31_2026-09-06_a1,https://api-v3.thaiwater.net/api/v1/thaiwater30/public/waterlevel_graph?station_type=tele_waterlevel&station_id=3286&start_date=2026-08-31&end_date=2026-09-06,th_agency_12,available
3288,stage_reported,value,2026-08-31,2026-09-06,7,168,2026-08-31 00:00,2026-09-06 23:00,155,available,200,application/json; charset=utf-8,2026-09-13T18:20:51.723442+00:00,14437,e8279c86a11da05e8cfc82fe14330e0400dbbeb5aeef338c2920803c68288fa2,bodies/3288_2026-08-31_2026-09-06_a1.body,receipts/3288_2026-08-31_2026-09-06_a1.json,new,new_20260913_3288_2026-08-31_2026-09-06_a1,https://api-v3.thaiwater.net/api/v1/thaiwater30/public/waterlevel_graph?station_type=tele_waterlevel&station_id=3288&start_date=2026-08-31&end_date=2026-09-06,th_agency_12,available
3288,discharge_reported,discharge,2026-08-31,2026-09-06,7,168,2026-08-31 00:00,2026-09-06 23:00,155,available,200,application/json; charset=utf-8,2026-09-13T18:20:51.723442+00:00,14437,e8279c86a11da05e8cfc82fe14330e0400dbbeb5aeef338c2920803c68288fa2,bodies/3288_2026-08-31_2026-09-06_a1.body,receipts/3288_2026-08-31_2026-09-06_a1.json,new,new_20260913_3288_2026-08-31_2026-09-06_a1,https://api-v3.thaiwater.net/api/v1/thaiwater30/public/waterlevel_graph?station_type=tele_waterlevel&station_id=3288&start_date=2026-08-31&end_date=2026-09-06,th_agency_12,available
3292,stage_reported,value,2026-08-31,2026-09-06,7,168,2026-08-31 00:00,2026-09-06 23:00,161,available,200,application/json; charset=utf-8,2026-09-13T18:20:53.413867+00:00,14769,358a9099a832a9e81accccae60fb5f189fb51ec7134e35b3e7f1044758a2f3fb,bodies/3292_2026-08-31_2026-09-06_a1.body,receipts/3292_2026-08-31_2026-09-06_a1.json,new,new_20260913_3292_2026-08-31_2026-09-06_a1,https://api-v3.thaiwater.net/api/v1/thaiwater30/public/waterlevel_graph?station_type=tele_waterlevel&station_id=3292&start_date=2026-08-31&end_date=2026-09-06,th_agency_12,available
3292,discharge_reported,discharge,2026-08-31,2026-09-06,7,168,2026-08-31 00:00,2026-09-06 23:00,161,available,200,application/json; charset=utf-8,2026-09-13T18:20:53.413867+00:00,14769,358a9099a832a9e81accccae60fb5f189fb51ec7134e35b3e7f1044758a2f3fb,bodies/3292_2026-08-31_2026-09-06_a1.body,receipts/3292_2026-08-31_2026-09-06_a1.json,new,new_20260913_3292_2026-08-31_2026-09-06_a1,https://api-v3.thaiwater.net/api/v1/thaiwater30/public/waterlevel_graph?station_type=tele_waterlevel&station_id=3292&start_date=2026-08-31&end_date=2026-09-06,th_agency_12,available
3294,stage_reported,value,2026-08-31,2026-09-06,7,168,2026-08-31 00:00,2026-09-06 23:00,20,available,200,application/json; charset=utf-8,2026-09-13T18:20:54.935063+00:00,13664,5c024b024813f8f4262d9811003b11427a01c77540a4d07292fe90a5dccd5b59,bodies/3294_2026-08-31_2026-09-06_a1.body,receipts/3294_2026-08-31_2026-09-06_a1.json,new,new_20260913_3294_2026-08-31_2026-09-06_a1,https://api-v3.thaiwater.net/api/v1/thaiwater30/public/waterlevel_graph?station_type=tele_waterlevel&station_id=3294&start_date=2026-08-31&end_date=2026-09-06,th_agency_12,available
3294,discharge_reported,discharge,2026-08-31,2026-09-06,7,168,2026-08-31 00:00,2026-09-06 23:00,20,available,200,application/json; charset=utf-8,2026-09-13T18:20:54.935063+00:00,13664,5c024b024813f8f4262d9811003b11427a01c77540a4d07292fe90a5dccd5b59,bodies/3294_2026-08-31_2026-09-06_a1.body,receipts/3294_2026-08-31_2026-09-06_a1.json,new,new_20260913_3294_2026-08-31_2026-09-06_a1,https://api-v3.thaiwater.net/api/v1/thaiwater30/public/waterlevel_graph?station_type=tele_waterlevel&station_id=3294&start_date=2026-08-31&end_date=2026-09-06,th_agency_12,available
3295,stage_reported,value,2026-08-31,2026-09-06,7,168,2026-08-31 00:00,2026-09-06 23:00,161,available,200,application/json; charset=utf-8,2026-09-13T18:20:56.561427+00:00,15642,93f19aa7b2d616c7a6fba9a47b53ec0a87c05f03f979733f8a7e0c064aa1878c,bodies/3295_2026-08-31_2026-09-06_a1.body,receipts/3295_2026-08-31_2026-09-06_a1.json,new,new_20260913_3295_2026-08-31_2026-09-06_a1,https://api-v3.thaiwater.net/api/v1/thaiwater30/public/waterlevel_graph?station_type=tele_waterlevel&station_id=3295&start_date=2026-08-31&end_date=2026-09-06,th_agency_12,available
3295,discharge_reported,discharge,2026-08-31,2026-09-06,7,168,2026-08-31 00:00,2026-09-06 23:00,161,available,200,application/json; charset=utf-8,2026-09-13T18:20:56.561427+00:00,15642,93f19aa7b2d616c7a6fba9a47b53ec0a87c05f03f979733f8a7e0c064aa1878c,bodies/3295_2026-08-31_2026-09-06_a1.body,receipts/3295_2026-08-31_2026-09-06_a1.json,new,new_20260913_3295_2026-08-31_2026-09-06_a1,https://api-v3.thaiwater.net/api/v1/thaiwater30/public/waterlevel_graph?station_type=tele_waterlevel&station_id=3295&start_date=2026-08-31&end_date=2026-09-06,th_agency_12,available
3296,stage_reported,value,2026-08-31,2026-09-06,7,168,2026-08-31 00:00,2026-09-06 23:00,7,available,200,application/json; charset=utf-8,2026-09-13T18:20:57.973452+00:00,13456,c34df4281ca7db6c36f216c75a842626825abcac1f7b38aac3560e42709529c8,bodies/3296_2026-08-31_2026-09-06_a1.body,receipts/3296_2026-08-31_2026-09-06_a1.json,new,new_20260913_3296_2026-08-31_2026-09-06_a1,https://api-v3.thaiwater.net/api/v1/thaiwater30/public/waterlevel_graph?station_type=tele_waterlevel&station_id=3296&start_date=2026-08-31&end_date=2026-09-06,th_agency_12,available
3296,discharge_reported,discharge,2026-08-31,2026-09-06,7,168,2026-08-31 00:00,2026-09-06 23:00,7,available,200,application/json; charset=utf-8,2026-09-13T18:20:57.973452+00:00,13456,c34df4281ca7db6c36f216c75a842626825abcac1f7b38aac3560e42709529c8,bodies/3296_2026-08-31_2026-09-06_a1.body,receipts/3296_2026-08-31_2026-09-06_a1.json,new,new_20260913_3296_2026-08-31_2026-09-06_a1,https://api-v3.thaiwater.net/api/v1/thaiwater30/public/waterlevel_graph?station_type=tele_waterlevel&station_id=3296&start_date=2026-08-31&end_date=2026-09-06,th_agency_12,available
3298,stage_reported,value,2026-08-31,2026-09-06,7,168,2026-08-31 00:00,2026-09-06 23:00,7,available,200,application/json; charset=utf-8,2026-09-13T18:20:59.494034+00:00,13494,1de9f8c70964548a603a5fd1046bbdec723b0e08348c4f8899445b2c4608f983,bodies/3298_2026-08-31_2026-09-06_a1.body,receipts/3298_2026-08-31_2026-09-06_a1.json,new,new_20260913_3298_2026-08-31_2026-09-06_a1,https://api-v3.thaiwater.net/api/v1/thaiwater30/public/waterlevel_graph?station_type=tele_waterlevel&station_id=3298&start_date=2026-08-31&end_date=2026-09-06,th_agency_12,available
3298,discharge_reported,discharge,2026-08-31,2026-09-06,7,168,2026-08-31 00:00,2026-09-06 23:00,7,available,200,application/json; charset=utf-8,2026-09-13T18:20:59.494034+00:00,13494,1de9f8c70964548a603a5fd1046bbdec723b0e08348c4f8899445b2c4608f983,bodies/3298_2026-08-31_2026-09-06_a1.body,receipts/3298_2026-08-31_2026-09-06_a1.json,new,new_20260913_3298_2026-08-31_2026-09-06_a1,https://api-v3.thaiwater.net/api/v1/thaiwater30/public/waterlevel_graph?station_type=tele_waterlevel&station_id=3298&start_date=2026-08-31&end_date=2026-09-06,th_agency_12,available
3299,stage_reported,value,2026-08-31,2026-09-06,7,168,2026-08-31 00:00,2026-09-06 23:00,7,available,200,application/json; charset=utf-8,2026-09-13T18:21:01.888873+00:00,13478,fa12738a52f345ae210a90a6466e11bc818d2dba8ee39fd9e5d2073ebc968e5c,bodies/3299_2026-08-31_2026-09-06_a1.body,receipts/3299_2026-08-31_2026-09-06_a1.json,new,new_20260913_3299_2026-08-31_2026-09-06_a1,https://api-v3.thaiwater.net/api/v1/thaiwater30/public/waterlevel_graph?station_type=tele_waterlevel&station_id=3299&start_date=2026-08-31&end_date=2026-09-06,th_agency_12,available
3299,discharge_reported,discharge,2026-08-31,2026-09-06,7,168,2026-08-31 00:00,2026-09-06 23:00,7,available,200,application/json; charset=utf-8,2026-09-13T18:21:01.888873+00:00,13478,fa12738a52f345ae210a90a6466e11bc818d2dba8ee39fd9e5d2073ebc968e5c,bodies/3299_2026-08-31_2026-09-06_a1.body,receipts/3299_2026-08-31_2026-09-06_a1.json,new,new_20260913_3299_2026-08-31_2026-09-06_a1,https://api-v3.thaiwater.net/api/v1/thaiwater30/public/waterlevel_graph?station_type=tele_waterlevel&station_id=3299&start_date=2026-08-31&end_date=2026-09-06,th_agency_12,available
3303,stage_reported,value,2026-08-31,2026-09-06,7,168,2026-08-31 00:00,2026-09-06 23:00,159,available,200,application/json; charset=utf-8,2026-09-13T18:21:03.710041+00:00,14409,7b6b5e0441d8978db63807f22bdcc63431113325337521097f43bcbaa18a3139,bodies/3303_2026-08-31_2026-09-06_a1.body,receipts/3303_2026-08-31_2026-09-06_a1.json,new,new_20260913_3303_2026-08-31_2026-09-06_a1,https://api-v3.thaiwater.net/api/v1/thaiwater30/public/waterlevel_graph?station_type=tele_waterlevel&station_id=3303&start_date=2026-08-31&end_date=2026-09-06,th_agency_12,available
3303,discharge_reported,discharge,2026-08-31,2026-09-06,7,168,2026-08-31 00:00,2026-09-06 23:00,159,available,200,application/json; charset=utf-8,2026-09-13T18:21:03.710041+00:00,14409,7b6b5e0441d8978db63807f22bdcc63431113325337521097f43bcbaa18a3139,bodies/3303_2026-08-31_2026-09-06_a1.body,receipts/3303_2026-08-31_2026-09-06_a1.json,new,new_20260913_3303_2026-08-31_2026-09-06_a1,https://api-v3.thaiwater.net/api/v1/thaiwater30/public/waterlevel_graph?station_type=tele_waterlevel&station_id=3303&start_date=2026-08-31&end_date=2026-09-06,th_agency_12,available
3304,stage_reported,value,2026-08-31,2026-09-06,7,168,2026-08-31 00:00,2026-09-06 23:00,159,available,200,application/json; charset=utf-8,2026-09-13T18:21:05.464291+00:00,14796,58bfe170c529f7d8f821611e341eb6e9a9c76368ee39c25d08652cd68826e8c2,bodies/3304_2026-08-31_2026-09-06_a1.body,receipts/3304_2026-08-31_2026-09-06_a1.json,new,new_20260913_3304_2026-08-31_2026-09-06_a1,https://api-v3.thaiwater.net/api/v1/thaiwater30/public/waterlevel_graph?station_type=tele_waterlevel&station_id=3304&start_date=2026-08-31&end_date=2026-09-06,th_agency_12,available
3304,discharge_reported,discharge,2026-08-31,2026-09-06,7,168,2026-08-31 00:00,2026-09-06 23:00,159,available,200,application/json; charset=utf-8,2026-09-13T18:21:05.464291+00:00,14796,58bfe170c529f7d8f821611e341eb6e9a9c76368ee39c25d08652cd68826e8c2,bodies/3304_2026-08-31_2026-09-06_a1.body,receipts/3304_2026-08-31_2026-09-06_a1.json,new,new_20260913_3304_2026-08-31_2026-09-06_a1,https://api-v3.thaiwater.net/api/v1/thaiwater30/public/waterlevel_graph?station_type=tele_waterlevel&station_id=3304&start_date=2026-08-31&end_date=2026-09-06,th_agency_12,available
3441,stage_reported,value,2026-08-31,2026-09-06,7,168,2026-08-31 00:00,2026-09-06 23:00,168,available,200,application/json; charset=utf-8,2026-09-13T18:21:07.426460+00:00,14425,5b2cc3043f56436b4821a7a283d1af49ab656a0ad7ce58833f5a1c192456163c,bodies/3441_2026-08-31_2026-09-06_a1.body,receipts/3441_2026-08-31_2026-09-06_a1.json,new,new_20260913_3441_2026-08-31_2026-09-06_a1,https://api-v3.thaiwater.net/api/v1/thaiwater30/public/waterlevel_graph?station_type=tele_waterlevel&station_id=3441&start_date=2026-08-31&end_date=2026-09-06,th_agency_8,available
3441,discharge_reported,discharge,2026-08-31,2026-09-06,7,168,2026-08-31 00:00,2026-09-06 23:00,168,available,200,application/json; charset=utf-8,2026-09-13T18:21:07.426460+00:00,14425,5b2cc3043f56436b4821a7a283d1af49ab656a0ad7ce58833f5a1c192456163c,bodies/3441_2026-08-31_2026-09-06_a1.body,receipts/3441_2026-08-31_2026-09-06_a1.json,new,new_20260913_3441_2026-08-31_2026-09-06_a1,https://api-v3.thaiwater.net/api/v1/thaiwater30/public/waterlevel_graph?station_type=tele_waterlevel&station_id=3441&start_date=2026-08-31&end_date=2026-09-06,th_agency_8,available
3459,stage_reported,value,2026-08-31,2026-09-06,7,168,2026-08-31 00:00,2026-09-06 23:00,85,available,200,application/json; charset=utf-8,2026-09-13T18:21:09.068119+00:00,13405,8d60dd000f9b5a8b699c40b7eea045c89294d77e64c74624b2fefac3f510e390,bodies/3459_2026-08-31_2026-09-06_a1.body,receipts/3459_2026-08-31_2026-09-06_a1.json,new,new_20260913_3459_2026-08-31_2026-09-06_a1,https://api-v3.thaiwater.net/api/v1/thaiwater30/public/waterlevel_graph?station_type=tele_waterlevel&station_id=3459&start_date=2026-08-31&end_date=2026-09-06,th_agency_8,available
3459,discharge_reported,discharge,2026-08-31,2026-09-06,7,168,2026-08-31 00:00,2026-09-06 23:00,85,available,200,application/json; charset=utf-8,2026-09-13T18:21:09.068119+00:00,13405,8d60dd000f9b5a8b699c40b7eea045c89294d77e64c74624b2fefac3f510e390,bodies/3459_2026-08-31_2026-09-06_a1.body,receipts/3459_2026-08-31_2026-09-06_a1.json,new,new_20260913_3459_2026-08-31_2026-09-06_a1,https://api-v3.thaiwater.net/api/v1/thaiwater30/public/waterlevel_graph?station_type=tele_waterlevel&station_id=3459&start_date=2026-08-31&end_date=2026-09-06,th_agency_8,available
3476,stage_reported,value,2026-06-08,2026-09-06,91,2184,2026-06-08 00:00,2026-09-06 23:00,1963,available,200,application/json; charset=utf-8,2026-09-13T18:21:12.191946+00:00,176411,4efc54d5902edff3fc16dce2c63ce1182818a8ea1de68987cfc3290d64d2a459,bodies/3476_2026-06-08_2026-09-06_a1.body,receipts/3476_2026-06-08_2026-09-06_a1.json,new,new_20260913_3476_2026-06-08_2026-09-06_a1,https://api-v3.thaiwater.net/api/v1/thaiwater30/public/waterlevel_graph?station_type=tele_waterlevel&station_id=3476&start_date=2026-06-08&end_date=2026-09-06,th_agency_8,available
3476,discharge_reported,discharge,2026-06-08,2026-09-06,91,2184,2026-06-08 00:00,2026-09-06 23:00,0,empty_in_tested_window,200,application/json; charset=utf-8,2026-09-13T18:21:12.191946+00:00,176411,4efc54d5902edff3fc16dce2c63ce1182818a8ea1de68987cfc3290d64d2a459,bodies/3476_2026-06-08_2026-09-06_a1.body,receipts/3476_2026-06-08_2026-09-06_a1.json,new,new_20260913_3476_2026-06-08_2026-09-06_a1,https://api-v3.thaiwater.net/api/v1/thaiwater30/public/waterlevel_graph?station_type=tele_waterlevel&station_id=3476&start_date=2026-06-08&end_date=2026-09-06,th_agency_8,unknown
3509,stage_reported,value,2026-08-31,2026-09-06,7,168,2026-08-31 00:00,2026-09-06 23:00,160,available,200,application/json; charset=utf-8,2026-09-13T18:21:13.831237+00:00,13394,ce459ad14d10bcc15c520080bc3d0c9a19af1694722967698bdca86e10d078df,bodies/3509_2026-08-31_2026-09-06_a1.body,receipts/3509_2026-08-31_2026-09-06_a1.json,new,new_20260913_3509_2026-08-31_2026-09-06_a1,https://api-v3.thaiwater.net/api/v1/thaiwater30/public/waterlevel_graph?station_type=tele_waterlevel&station_id=3509&start_date=2026-08-31&end_date=2026-09-06,th_agency_8,available
3509,discharge_reported,discharge,2026-08-31,2026-09-06,7,168,2026-08-31 00:00,2026-09-06 23:00,160,available,200,application/json; charset=utf-8,2026-09-13T18:21:13.831237+00:00,13394,ce459ad14d10bcc15c520080bc3d0c9a19af1694722967698bdca86e10d078df,bodies/3509_2026-08-31_2026-09-06_a1.body,receipts/3509_2026-08-31_2026-09-06_a1.json,new,new_20260913_3509_2026-08-31_2026-09-06_a1,https://api-v3.thaiwater.net/api/v1/thaiwater30/public/waterlevel_graph?station_type=tele_waterlevel&station_id=3509&start_date=2026-08-31&end_date=2026-09-06,th_agency_8,available
3510,stage_reported,value,2026-08-31,2026-09-06,7,168,2026-08-31 00:00,2026-09-06 23:00,168,available,200,application/json; charset=utf-8,2026-09-13T18:21:15.517674+00:00,13771,b93591d3e1ed24eb649f417a5a58e552eb9eb015e2df71a6670ae6a67db9e57d,bodies/3510_2026-08-31_2026-09-06_a1.body,receipts/3510_2026-08-31_2026-09-06_a1.json,new,new_20260913_3510_2026-08-31_2026-09-06_a1,https://api-v3.thaiwater.net/api/v1/thaiwater30/public/waterlevel_graph?station_type=tele_waterlevel&station_id=3510&start_date=2026-08-31&end_date=2026-09-06,th_agency_8,available
3510,discharge_reported,discharge,2026-08-31,2026-09-06,7,168,2026-08-31 00:00,2026-09-06 23:00,168,available,200,application/json; charset=utf-8,2026-09-13T18:21:15.517674+00:00,13771,b93591d3e1ed24eb649f417a5a58e552eb9eb015e2df71a6670ae6a67db9e57d,bodies/3510_2026-08-31_2026-09-06_a1.body,receipts/3510_2026-08-31_2026-09-06_a1.json,new,new_20260913_3510_2026-08-31_2026-09-06_a1,https://api-v3.thaiwater.net/api/v1/thaiwater30/public/waterlevel_graph?station_type=tele_waterlevel&station_id=3510&start_date=2026-08-31&end_date=2026-09-06,th_agency_8,available
3519,stage_reported,value,2026-08-31,2026-09-06,7,168,2026-08-31 00:00,2026-09-06 23:00,168,available,200,application/json; charset=utf-8,2026-09-13T18:21:17.154537+00:00,14083,13a65c164f2e7288c98ba795e5c6c4bd8cca1ce12def123ced6161ad00e65e72,bodies/3519_2026-08-31_2026-09-06_a1.body,receipts/3519_2026-08-31_2026-09-06_a1.json,new,new_20260913_3519_2026-08-31_2026-09-06_a1,https://api-v3.thaiwater.net/api/v1/thaiwater30/public/waterlevel_graph?station_type=tele_waterlevel&station_id=3519&start_date=2026-08-31&end_date=2026-09-06,th_agency_8,available
3519,discharge_reported,discharge,2026-08-31,2026-09-06,7,168,2026-08-31 00:00,2026-09-06 23:00,168,available,200,application/json; charset=utf-8,2026-09-13T18:21:17.154537+00:00,14083,13a65c164f2e7288c98ba795e5c6c4bd8cca1ce12def123ced6161ad00e65e72,bodies/3519_2026-08-31_2026-09-06_a1.body,receipts/3519_2026-08-31_2026-09-06_a1.json,new,new_20260913_3519_2026-08-31_2026-09-06_a1,https://api-v3.thaiwater.net/api/v1/thaiwater30/public/waterlevel_graph?station_type=tele_waterlevel&station_id=3519&start_date=2026-08-31&end_date=2026-09-06,th_agency_8,available
3523,stage_reported,value,2026-06-08,2026-09-06,91,2184,2026-06-08 00:00,2026-09-06 23:00,2184,available,200,application/json; charset=utf-8,2026-09-13T18:21:20.491028+00:00,178982,72a3ce4a628cf9a4b6e8fef6ae4fb95e740e4a4edcf42e0529d6cb4a7db0544d,bodies/3523_2026-06-08_2026-09-06_a1.body,receipts/3523_2026-06-08_2026-09-06_a1.json,new,new_20260913_3523_2026-06-08_2026-09-06_a1,https://api-v3.thaiwater.net/api/v1/thaiwater30/public/waterlevel_graph?station_type=tele_waterlevel&station_id=3523&start_date=2026-06-08&end_date=2026-09-06,th_agency_8,available
3523,discharge_reported,discharge,2026-06-08,2026-09-06,91,2184,2026-06-08 00:00,2026-09-06 23:00,0,empty_in_tested_window,200,application/json; charset=utf-8,2026-09-13T18:21:20.491028+00:00,178982,72a3ce4a628cf9a4b6e8fef6ae4fb95e740e4a4edcf42e0529d6cb4a7db0544d,bodies/3523_2026-06-08_2026-09-06_a1.body,receipts/3523_2026-06-08_2026-09-06_a1.json,new,new_20260913_3523_2026-06-08_2026-09-06_a1,https://api-v3.thaiwater.net/api/v1/thaiwater30/public/waterlevel_graph?station_type=tele_waterlevel&station_id=3523&start_date=2026-06-08&end_date=2026-09-06,th_agency_8,unknown
3524,stage_reported,value,2026-08-31,2026-09-06,7,168,2026-08-31 00:00,2026-09-06 23:00,168,available,200,application/json; charset=utf-8,2026-09-13T18:21:22.071603+00:00,14511,a0a3dc74e5e9162070d36cf4bdf19ce7bfe2ff373301d3d59c838d7a5fede265,bodies/3524_2026-08-31_2026-09-06_a1.body,receipts/3524_2026-08-31_2026-09-06_a1.json,new,new_20260913_3524_2026-08-31_2026-09-06_a1,https://api-v3.thaiwater.net/api/v1/thaiwater30/public/waterlevel_graph?station_type=tele_waterlevel&station_id=3524&start_date=2026-08-31&end_date=2026-09-06,th_agency_8,available
3524,discharge_reported,discharge,2026-08-31,2026-09-06,7,168,2026-08-31 00:00,2026-09-06 23:00,168,available,200,application/json; charset=utf-8,2026-09-13T18:21:22.071603+00:00,14511,a0a3dc74e5e9162070d36cf4bdf19ce7bfe2ff373301d3d59c838d7a5fede265,bodies/3524_2026-08-31_2026-09-06_a1.body,receipts/3524_2026-08-31_2026-09-06_a1.json,new,new_20260913_3524_2026-08-31_2026-09-06_a1,https://api-v3.thaiwater.net/api/v1/thaiwater30/public/waterlevel_graph?station_type=tele_waterlevel&station_id=3524&start_date=2026-08-31&end_date=2026-09-06,th_agency_8,available
3525,stage_reported,value,2026-08-31,2026-09-06,7,168,2026-08-31 00:00,2026-09-06 23:00,168,available,200,application/json; charset=utf-8,2026-09-13T18:21:23.808530+00:00,14644,0aff44c4cbf289d44419f145c808b27e8ac293507317ffd00bb6a1491f583b92,bodies/3525_2026-08-31_2026-09-06_a1.body,receipts/3525_2026-08-31_2026-09-06_a1.json,new,new_20260913_3525_2026-08-31_2026-09-06_a1,https://api-v3.thaiwater.net/api/v1/thaiwater30/public/waterlevel_graph?station_type=tele_waterlevel&station_id=3525&start_date=2026-08-31&end_date=2026-09-06,th_agency_8,available
3525,discharge_reported,discharge,2026-08-31,2026-09-06,7,168,2026-08-31 00:00,2026-09-06 23:00,168,available,200,application/json; charset=utf-8,2026-09-13T18:21:23.808530+00:00,14644,0aff44c4cbf289d44419f145c808b27e8ac293507317ffd00bb6a1491f583b92,bodies/3525_2026-08-31_2026-09-06_a1.body,receipts/3525_2026-08-31_2026-09-06_a1.json,new,new_20260913_3525_2026-08-31_2026-09-06_a1,https://api-v3.thaiwater.net/api/v1/thaiwater30/public/waterlevel_graph?station_type=tele_waterlevel&station_id=3525&start_date=2026-08-31&end_date=2026-09-06,th_agency_8,available
3526,stage_reported,value,2026-06-08,2026-09-06,91,2184,2026-06-08 00:00,2026-09-06 23:00,2184,available,200,application/json; charset=utf-8,2026-09-13T18:21:25.961486+00:00,177040,cff7fb90aa08ce82934bfbbdef293f427f938f6ec73ccdbadb7d46ee472dc18c,bodies/3526_2026-06-08_2026-09-06_a1.body,receipts/3526_2026-06-08_2026-09-06_a1.json,new,new_20260913_3526_2026-06-08_2026-09-06_a1,https://api-v3.thaiwater.net/api/v1/thaiwater30/public/waterlevel_graph?station_type=tele_waterlevel&station_id=3526&start_date=2026-06-08&end_date=2026-09-06,th_agency_8,available
3526,discharge_reported,discharge,2026-06-08,2026-09-06,91,2184,2026-06-08 00:00,2026-09-06 23:00,0,empty_in_tested_window,200,application/json; charset=utf-8,2026-09-13T18:21:25.961486+00:00,177040,cff7fb90aa08ce82934bfbbdef293f427f938f6ec73ccdbadb7d46ee472dc18c,bodies/3526_2026-06-08_2026-09-06_a1.body,receipts/3526_2026-06-08_2026-09-06_a1.json,new,new_20260913_3526_2026-06-08_2026-09-06_a1,https://api-v3.thaiwater.net/api/v1/thaiwater30/public/waterlevel_graph?station_type=tele_waterlevel&station_id=3526&start_date=2026-06-08&end_date=2026-09-06,th_agency_8,unknown
3529,stage_reported,value,2026-06-08,2026-09-06,91,2184,2026-06-08 00:00,2026-09-06 23:00,2184,available,200,application/json; charset=utf-8,2026-09-13T18:21:28.898801+00:00,177026,ffc7383c3b76aa31ca9991004f9a282cf79a15f09d1c3269289ae4befd3ca19e,bodies/3529_2026-06-08_2026-09-06_a1.body,receipts/3529_2026-06-08_2026-09-06_a1.json,new,new_20260913_3529_2026-06-08_2026-09-06_a1,https://api-v3.thaiwater.net/api/v1/thaiwater30/public/waterlevel_graph?station_type=tele_waterlevel&station_id=3529&start_date=2026-06-08&end_date=2026-09-06,th_agency_8,available
3529,discharge_reported,discharge,2026-06-08,2026-09-06,91,2184,2026-06-08 00:00,2026-09-06 23:00,0,empty_in_tested_window,200,application/json; charset=utf-8,2026-09-13T18:21:28.898801+00:00,177026,ffc7383c3b76aa31ca9991004f9a282cf79a15f09d1c3269289ae4befd3ca19e,bodies/3529_2026-06-08_2026-09-06_a1.body,receipts/3529_2026-06-08_2026-09-06_a1.json,new,new_20260913_3529_2026-06-08_2026-09-06_a1,https://api-v3.thaiwater.net/api/v1/thaiwater30/public/waterlevel_graph?station_type=tele_waterlevel&station_id=3529&start_date=2026-06-08&end_date=2026-09-06,th_agency_8,unknown
3531,stage_reported,value,2026-06-08,2026-09-06,91,2184,2026-06-08 00:00,2026-09-06 23:00,2184,available,200,application/json; charset=utf-8,2026-09-13T18:21:31.664874+00:00,176957,5658dc919732945b203ca03db0785a11e805300e2de02996f9aeaccd214abf0c,bodies/3531_2026-06-08_2026-09-06_a1.body,receipts/3531_2026-06-08_2026-09-06_a1.json,new,new_20260913_3531_2026-06-08_2026-09-06_a1,https://api-v3.thaiwater.net/api/v1/thaiwater30/public/waterlevel_graph?station_type=tele_waterlevel&station_id=3531&start_date=2026-06-08&end_date=2026-09-06,th_agency_8,available
3531,discharge_reported,discharge,2026-06-08,2026-09-06,91,2184,2026-06-08 00:00,2026-09-06 23:00,0,empty_in_tested_window,200,application/json; charset=utf-8,2026-09-13T18:21:31.664874+00:00,176957,5658dc919732945b203ca03db0785a11e805300e2de02996f9aeaccd214abf0c,bodies/3531_2026-06-08_2026-09-06_a1.body,receipts/3531_2026-06-08_2026-09-06_a1.json,new,new_20260913_3531_2026-06-08_2026-09-06_a1,https://api-v3.thaiwater.net/api/v1/thaiwater30/public/waterlevel_graph?station_type=tele_waterlevel&station_id=3531&start_date=2026-06-08&end_date=2026-09-06,th_agency_8,unknown
3533,stage_reported,value,2026-06-08,2026-09-06,91,2184,2026-06-08 00:00,2026-09-06 23:00,2184,available,200,application/json; charset=utf-8,2026-09-13T18:21:34.006754+00:00,176858,10438bdcb33d99462da8151f263f310c24501e0bfe5ae0383ea7faea5ff1ebbc,bodies/3533_2026-06-08_2026-09-06_a1.body,receipts/3533_2026-06-08_2026-09-06_a1.json,new,new_20260913_3533_2026-06-08_2026-09-06_a1,https://api-v3.thaiwater.net/api/v1/thaiwater30/public/waterlevel_graph?station_type=tele_waterlevel&station_id=3533&start_date=2026-06-08&end_date=2026-09-06,th_agency_8,available
3533,discharge_reported,discharge,2026-06-08,2026-09-06,91,2184,2026-06-08 00:00,2026-09-06 23:00,0,empty_in_tested_window,200,application/json; charset=utf-8,2026-09-13T18:21:34.006754+00:00,176858,10438bdcb33d99462da8151f263f310c24501e0bfe5ae0383ea7faea5ff1ebbc,bodies/3533_2026-06-08_2026-09-06_a1.body,receipts/3533_2026-06-08_2026-09-06_a1.json,new,new_20260913_3533_2026-06-08_2026-09-06_a1,https://api-v3.thaiwater.net/api/v1/thaiwater30/public/waterlevel_graph?station_type=tele_waterlevel&station_id=3533&start_date=2026-06-08&end_date=2026-09-06,th_agency_8,unknown
3542,stage_reported,value,2026-06-08,2026-09-06,91,2184,2026-06-08 00:00,2026-09-06 23:00,1250,available,200,application/json; charset=utf-8,2026-09-13T18:21:36.198557+00:00,175195,2e905ebaa4ec7fee00402de4a6c7abd389c0787123208071f1d9fec88f48b98d,bodies/3542_2026-06-08_2026-09-06_a1.body,receipts/3542_2026-06-08_2026-09-06_a1.json,new,new_20260913_3542_2026-06-08_2026-09-06_a1,https://api-v3.thaiwater.net/api/v1/thaiwater30/public/waterlevel_graph?station_type=tele_waterlevel&station_id=3542&start_date=2026-06-08&end_date=2026-09-06,th_agency_8,available
3542,discharge_reported,discharge,2026-06-08,2026-09-06,91,2184,2026-06-08 00:00,2026-09-06 23:00,0,empty_in_tested_window,200,application/json; charset=utf-8,2026-09-13T18:21:36.198557+00:00,175195,2e905ebaa4ec7fee00402de4a6c7abd389c0787123208071f1d9fec88f48b98d,bodies/3542_2026-06-08_2026-09-06_a1.body,receipts/3542_2026-06-08_2026-09-06_a1.json,new,new_20260913_3542_2026-06-08_2026-09-06_a1,https://api-v3.thaiwater.net/api/v1/thaiwater30/public/waterlevel_graph?station_type=tele_waterlevel&station_id=3542&start_date=2026-06-08&end_date=2026-09-06,th_agency_8,unknown
3543,stage_reported,value,2026-06-08,2026-09-06,91,2184,2026-06-08 00:00,2026-09-06 23:00,2184,available,200,application/json; charset=utf-8,2026-09-13T18:21:38.401604+00:00,176894,9ba5f18cbe6a2b4e851a039753050ec71c0bedaf6042026b7fb9e1b54f174c17,bodies/3543_2026-06-08_2026-09-06_a1.body,receipts/3543_2026-06-08_2026-09-06_a1.json,new,new_20260913_3543_2026-06-08_2026-09-06_a1,https://api-v3.thaiwater.net/api/v1/thaiwater30/public/waterlevel_graph?station_type=tele_waterlevel&station_id=3543&start_date=2026-06-08&end_date=2026-09-06,th_agency_8,available
3543,discharge_reported,discharge,2026-06-08,2026-09-06,91,2184,2026-06-08 00:00,2026-09-06 23:00,0,empty_in_tested_window,200,application/json; charset=utf-8,2026-09-13T18:21:38.401604+00:00,176894,9ba5f18cbe6a2b4e851a039753050ec71c0bedaf6042026b7fb9e1b54f174c17,bodies/3543_2026-06-08_2026-09-06_a1.body,receipts/3543_2026-06-08_2026-09-06_a1.json,new,new_20260913_3543_2026-06-08_2026-09-06_a1,https://api-v3.thaiwater.net/api/v1/thaiwater30/public/waterlevel_graph?station_type=tele_waterlevel&station_id=3543&start_date=2026-06-08&end_date=2026-09-06,th_agency_8,unknown
3544,stage_reported,value,2026-06-08,2026-09-06,91,2184,2026-06-08 00:00,2026-09-06 23:00,2184,available,200,application/json; charset=utf-8,2026-09-13T18:21:40.471583+00:00,176673,273cb209e1c965a62ad1eed372283da85e8aa2a9f793614d75e9fa11f3f941b3,bodies/3544_2026-06-08_2026-09-06_a1.body,receipts/3544_2026-06-08_2026-09-06_a1.json,new,new_20260913_3544_2026-06-08_2026-09-06_a1,https://api-v3.thaiwater.net/api/v1/thaiwater30/public/waterlevel_graph?station_type=tele_waterlevel&station_id=3544&start_date=2026-06-08&end_date=2026-09-06,th_agency_8,available
3544,discharge_reported,discharge,2026-06-08,2026-09-06,91,2184,2026-06-08 00:00,2026-09-06 23:00,0,empty_in_tested_window,200,application/json; charset=utf-8,2026-09-13T18:21:40.471583+00:00,176673,273cb209e1c965a62ad1eed372283da85e8aa2a9f793614d75e9fa11f3f941b3,bodies/3544_2026-06-08_2026-09-06_a1.body,receipts/3544_2026-06-08_2026-09-06_a1.json,new,new_20260913_3544_2026-06-08_2026-09-06_a1,https://api-v3.thaiwater.net/api/v1/thaiwater30/public/waterlevel_graph?station_type=tele_waterlevel&station_id=3544&start_date=2026-06-08&end_date=2026-09-06,th_agency_8,unknown
12349,stage_reported,value,2026-06-08,2026-09-06,91,13104,2026-06-08 00:00,2026-09-06 23:50,13018,available,200,application/json; charset=utf-8,2026-09-13T18:21:44.424542+00:00,1046899,bbc16b8eedfb720fa9b2f95a4c495c0bc9b3732c1d3ed6a2e185ae98857c0f59,bodies/12349_2026-06-08_2026-09-06_a1.body,receipts/12349_2026-06-08_2026-09-06_a1.json,new,new_20260913_12349_2026-06-08_2026-09-06_a1,https://api-v3.thaiwater.net/api/v1/thaiwater30/public/waterlevel_graph?station_type=tele_waterlevel&station_id=12349&start_date=2026-06-08&end_date=2026-09-06,th_agency_9,available
12349,discharge_reported,discharge,2026-06-08,2026-09-06,91,13104,2026-06-08 00:00,2026-09-06 23:50,0,empty_in_tested_window,200,application/json; charset=utf-8,2026-09-13T18:21:44.424542+00:00,1046899,bbc16b8eedfb720fa9b2f95a4c495c0bc9b3732c1d3ed6a2e185ae98857c0f59,bodies/12349_2026-06-08_2026-09-06_a1.body,receipts/12349_2026-06-08_2026-09-06_a1.json,new,new_20260913_12349_2026-06-08_2026-09-06_a1,https://api-v3.thaiwater.net/api/v1/thaiwater30/public/waterlevel_graph?station_type=tele_waterlevel&station_id=12349&start_date=2026-06-08&end_date=2026-09-06,th_agency_9,unknown
12350,stage_reported,value,2026-06-08,2026-09-06,91,13104,2026-06-08 00:00,2026-09-06 23:50,13052,available,200,application/json; charset=utf-8,2026-09-13T18:21:48.296213+00:00,1047001,d0d68a56be58247962b47743ca5050f1ba7ec74c963a695274d5bba44c253bc1,bodies/12350_2026-06-08_2026-09-06_a1.body,receipts/12350_2026-06-08_2026-09-06_a1.json,new,new_20260913_12350_2026-06-08_2026-09-06_a1,https://api-v3.thaiwater.net/api/v1/thaiwater30/public/waterlevel_graph?station_type=tele_waterlevel&station_id=12350&start_date=2026-06-08&end_date=2026-09-06,th_agency_9,available
12350,discharge_reported,discharge,2026-06-08,2026-09-06,91,13104,2026-06-08 00:00,2026-09-06 23:50,0,empty_in_tested_window,200,application/json; charset=utf-8,2026-09-13T18:21:48.296213+00:00,1047001,d0d68a56be58247962b47743ca5050f1ba7ec74c963a695274d5bba44c253bc1,bodies/12350_2026-06-08_2026-09-06_a1.body,receipts/12350_2026-06-08_2026-09-06_a1.json,new,new_20260913_12350_2026-06-08_2026-09-06_a1,https://api-v3.thaiwater.net/api/v1/thaiwater30/public/waterlevel_graph?station_type=tele_waterlevel&station_id=12350&start_date=2026-06-08&end_date=2026-09-06,th_agency_9,unknown
12474,stage_reported,value,2026-06-08,2026-09-06,91,13104,2026-06-08 00:00,2026-09-06 23:50,13047,available,200,application/json; charset=utf-8,2026-09-13T18:21:50.888971+00:00,1034052,5a730c26564ce15cf880f366e124434a5ce73e405c2fbbec54bc1e6a59384097,bodies/12474_2026-06-08_2026-09-06_a1.body,receipts/12474_2026-06-08_2026-09-06_a1.json,new,new_20260913_12474_2026-06-08_2026-09-06_a1,https://api-v3.thaiwater.net/api/v1/thaiwater30/public/waterlevel_graph?station_type=tele_waterlevel&station_id=12474&start_date=2026-06-08&end_date=2026-09-06,th_agency_9,available
12474,discharge_reported,discharge,2026-06-08,2026-09-06,91,13104,2026-06-08 00:00,2026-09-06 23:50,0,empty_in_tested_window,200,application/json; charset=utf-8,2026-09-13T18:21:50.888971+00:00,1034052,5a730c26564ce15cf880f366e124434a5ce73e405c2fbbec54bc1e6a59384097,bodies/12474_2026-06-08_2026-09-06_a1.body,receipts/12474_2026-06-08_2026-09-06_a1.json,new,new_20260913_12474_2026-06-08_2026-09-06_a1,https://api-v3.thaiwater.net/api/v1/thaiwater30/public/waterlevel_graph?station_type=tele_waterlevel&station_id=12474&start_date=2026-06-08&end_date=2026-09-06,th_agency_9,unknown
12475,stage_reported,value,2026-06-08,2026-09-06,91,13104,2026-06-08 00:00,2026-09-06 23:50,5365,available,200,application/json; charset=utf-8,2026-09-13T18:21:53.479052+00:00,1034739,d05e527da8f4ed5a76c396e788c7acc28211645c7e62fa9a703697b8230c2b1d,bodies/12475_2026-06-08_2026-09-06_a1.body,receipts/12475_2026-06-08_2026-09-06_a1.json,new,new_20260913_12475_2026-06-08_2026-09-06_a1,https://api-v3.thaiwater.net/api/v1/thaiwater30/public/waterlevel_graph?station_type=tele_waterlevel&station_id=12475&start_date=2026-06-08&end_date=2026-09-06,th_agency_9,available
12475,discharge_reported,discharge,2026-06-08,2026-09-06,91,13104,2026-06-08 00:00,2026-09-06 23:50,0,empty_in_tested_window,200,application/json; charset=utf-8,2026-09-13T18:21:53.479052+00:00,1034739,d05e527da8f4ed5a76c396e788c7acc28211645c7e62fa9a703697b8230c2b1d,bodies/12475_2026-06-08_2026-09-06_a1.body,receipts/12475_2026-06-08_2026-09-06_a1.json,new,new_20260913_12475_2026-06-08_2026-09-06_a1,https://api-v3.thaiwater.net/api/v1/thaiwater30/public/waterlevel_graph?station_type=tele_waterlevel&station_id=12475&start_date=2026-06-08&end_date=2026-09-06,th_agency_9,unknown
12476,stage_reported,value,2026-06-08,2026-09-06,91,13104,2026-06-08 00:00,2026-09-06 23:50,13066,available,200,application/json; charset=utf-8,2026-09-13T18:21:57.321465+00:00,1060031,0321155f1814d0a1f0e6ce232bf15af871941478bf3fcef013ac675ef731e2e2,bodies/12476_2026-06-08_2026-09-06_a1.body,receipts/12476_2026-06-08_2026-09-06_a1.json,new,new_20260913_12476_2026-06-08_2026-09-06_a1,https://api-v3.thaiwater.net/api/v1/thaiwater30/public/waterlevel_graph?station_type=tele_waterlevel&station_id=12476&start_date=2026-06-08&end_date=2026-09-06,th_agency_9,available
12476,discharge_reported,discharge,2026-06-08,2026-09-06,91,13104,2026-06-08 00:00,2026-09-06 23:50,0,empty_in_tested_window,200,application/json; charset=utf-8,2026-09-13T18:21:57.321465+00:00,1060031,0321155f1814d0a1f0e6ce232bf15af871941478bf3fcef013ac675ef731e2e2,bodies/12476_2026-06-08_2026-09-06_a1.body,receipts/12476_2026-06-08_2026-09-06_a1.json,new,new_20260913_12476_2026-06-08_2026-09-06_a1,https://api-v3.thaiwater.net/api/v1/thaiwater30/public/waterlevel_graph?station_type=tele_waterlevel&station_id=12476&start_date=2026-06-08&end_date=2026-09-06,th_agency_9,unknown
12477,stage_reported,value,2026-06-08,2026-09-06,91,13104,2026-06-08 00:00,2026-09-06 23:50,13034,available,200,application/json; charset=utf-8,2026-09-13T18:22:01.608097+00:00,1059739,fa2abc8d0dad4a970a91b32537934958845f60981920e3454d3c66e00e7d6278,bodies/12477_2026-06-08_2026-09-06_a1.body,receipts/12477_2026-06-08_2026-09-06_a1.json,new,new_20260913_12477_2026-06-08_2026-09-06_a1,https://api-v3.thaiwater.net/api/v1/thaiwater30/public/waterlevel_graph?station_type=tele_waterlevel&station_id=12477&start_date=2026-06-08&end_date=2026-09-06,th_agency_9,available
12477,discharge_reported,discharge,2026-06-08,2026-09-06,91,13104,2026-06-08 00:00,2026-09-06 23:50,0,empty_in_tested_window,200,application/json; charset=utf-8,2026-09-13T18:22:01.608097+00:00,1059739,fa2abc8d0dad4a970a91b32537934958845f60981920e3454d3c66e00e7d6278,bodies/12477_2026-06-08_2026-09-06_a1.body,receipts/12477_2026-06-08_2026-09-06_a1.json,new,new_20260913_12477_2026-06-08_2026-09-06_a1,https://api-v3.thaiwater.net/api/v1/thaiwater30/public/waterlevel_graph?station_type=tele_waterlevel&station_id=12477&start_date=2026-06-08&end_date=2026-09-06,th_agency_9,unknown
12478,stage_reported,value,2026-06-08,2026-09-06,91,13104,2026-06-08 00:00,2026-09-06 23:50,13055,available,200,application/json; charset=utf-8,2026-09-13T18:22:06.658401+00:00,1059900,d29efe9a823cf4de47406846039c08ec539ae46b71a2324ca0f79d8ff3e67d6b,bodies/12478_2026-06-08_2026-09-06_a1.body,receipts/12478_2026-06-08_2026-09-06_a1.json,new,new_20260913_12478_2026-06-08_2026-09-06_a1,https://api-v3.thaiwater.net/api/v1/thaiwater30/public/waterlevel_graph?station_type=tele_waterlevel&station_id=12478&start_date=2026-06-08&end_date=2026-09-06,th_agency_9,available
12478,discharge_reported,discharge,2026-06-08,2026-09-06,91,13104,2026-06-08 00:00,2026-09-06 23:50,0,empty_in_tested_window,200,application/json; charset=utf-8,2026-09-13T18:22:06.658401+00:00,1059900,d29efe9a823cf4de47406846039c08ec539ae46b71a2324ca0f79d8ff3e67d6b,bodies/12478_2026-06-08_2026-09-06_a1.body,receipts/12478_2026-06-08_2026-09-06_a1.json,new,new_20260913_12478_2026-06-08_2026-09-06_a1,https://api-v3.thaiwater.net/api/v1/thaiwater30/public/waterlevel_graph?station_type=tele_waterlevel&station_id=12478&start_date=2026-06-08&end_date=2026-09-06,th_agency_9,unknown
12479,stage_reported,value,2026-06-08,2026-09-06,91,13104,2026-06-08 00:00,2026-09-06 23:50,10601,available,200,application/json; charset=utf-8,2026-09-13T18:22:10.311391+00:00,1055452,a2d81087ea5705f0791260066c3e18b1db298a7ebf5361593de38bcbd15082c3,bodies/12479_2026-06-08_2026-09-06_a1.body,receipts/12479_2026-06-08_2026-09-06_a1.json,new,new_20260913_12479_2026-06-08_2026-09-06_a1,https://api-v3.thaiwater.net/api/v1/thaiwater30/public/waterlevel_graph?station_type=tele_waterlevel&station_id=12479&start_date=2026-06-08&end_date=2026-09-06,th_agency_9,available
12479,discharge_reported,discharge,2026-06-08,2026-09-06,91,13104,2026-06-08 00:00,2026-09-06 23:50,0,empty_in_tested_window,200,application/json; charset=utf-8,2026-09-13T18:22:10.311391+00:00,1055452,a2d81087ea5705f0791260066c3e18b1db298a7ebf5361593de38bcbd15082c3,bodies/12479_2026-06-08_2026-09-06_a1.body,receipts/12479_2026-06-08_2026-09-06_a1.json,new,new_20260913_12479_2026-06-08_2026-09-06_a1,https://api-v3.thaiwater.net/api/v1/thaiwater30/public/waterlevel_graph?station_type=tele_waterlevel&station_id=12479&start_date=2026-06-08&end_date=2026-09-06,th_agency_9,unknown
12480,stage_reported,value,2026-06-08,2026-09-06,91,13104,2026-06-08 00:00,2026-09-06 23:50,11818,available,200,application/json; charset=utf-8,2026-09-13T18:22:13.414356+00:00,1045329,f280bfdab832dad684239310da1a1d3b53f0b644314fb4393761a29d8c68c205,bodies/12480_2026-06-08_2026-09-06_a1.body,receipts/12480_2026-06-08_2026-09-06_a1.json,new,new_20260913_12480_2026-06-08_2026-09-06_a1,https://api-v3.thaiwater.net/api/v1/thaiwater30/public/waterlevel_graph?station_type=tele_waterlevel&station_id=12480&start_date=2026-06-08&end_date=2026-09-06,th_agency_9,available
12480,discharge_reported,discharge,2026-06-08,2026-09-06,91,13104,2026-06-08 00:00,2026-09-06 23:50,0,empty_in_tested_window,200,application/json; charset=utf-8,2026-09-13T18:22:13.414356+00:00,1045329,f280bfdab832dad684239310da1a1d3b53f0b644314fb4393761a29d8c68c205,bodies/12480_2026-06-08_2026-09-06_a1.body,receipts/12480_2026-06-08_2026-09-06_a1.json,new,new_20260913_12480_2026-06-08_2026-09-06_a1,https://api-v3.thaiwater.net/api/v1/thaiwater30/public/waterlevel_graph?station_type=tele_waterlevel&station_id=12480&start_date=2026-06-08&end_date=2026-09-06,th_agency_9,unknown
12481,stage_reported,value,2026-06-08,2026-09-06,91,13104,2026-06-08 00:00,2026-09-06 23:50,13051,available,200,application/json; charset=utf-8,2026-09-13T18:22:16.680778+00:00,1037133,d3d524ec74299fb5af9efee757936f9ae934c6005d1e98698adaf3691aa4cebf,bodies/12481_2026-06-08_2026-09-06_a1.body,receipts/12481_2026-06-08_2026-09-06_a1.json,new,new_20260913_12481_2026-06-08_2026-09-06_a1,https://api-v3.thaiwater.net/api/v1/thaiwater30/public/waterlevel_graph?station_type=tele_waterlevel&station_id=12481&start_date=2026-06-08&end_date=2026-09-06,th_agency_9,available
12481,discharge_reported,discharge,2026-06-08,2026-09-06,91,13104,2026-06-08 00:00,2026-09-06 23:50,0,empty_in_tested_window,200,application/json; charset=utf-8,2026-09-13T18:22:16.680778+00:00,1037133,d3d524ec74299fb5af9efee757936f9ae934c6005d1e98698adaf3691aa4cebf,bodies/12481_2026-06-08_2026-09-06_a1.body,receipts/12481_2026-06-08_2026-09-06_a1.json,new,new_20260913_12481_2026-06-08_2026-09-06_a1,https://api-v3.thaiwater.net/api/v1/thaiwater30/public/waterlevel_graph?station_type=tele_waterlevel&station_id=12481&start_date=2026-06-08&end_date=2026-09-06,th_agency_9,unknown
12483,stage_reported,value,2026-06-08,2026-09-06,91,13104,2026-06-08 00:00,2026-09-06 23:50,8404,available,200,application/json; charset=utf-8,2026-09-13T18:22:19.424876+00:00,1043525,97095e903d6065581593c21145b8d382a047e68d7ed1b7b0b6d0d4833db686b8,bodies/12483_2026-06-08_2026-09-06_a1.body,receipts/12483_2026-06-08_2026-09-06_a1.json,new,new_20260913_12483_2026-06-08_2026-09-06_a1,https://api-v3.thaiwater.net/api/v1/thaiwater30/public/waterlevel_graph?station_type=tele_waterlevel&station_id=12483&start_date=2026-06-08&end_date=2026-09-06,th_agency_9,available
12483,discharge_reported,discharge,2026-06-08,2026-09-06,91,13104,2026-06-08 00:00,2026-09-06 23:50,0,empty_in_tested_window,200,application/json; charset=utf-8,2026-09-13T18:22:19.424876+00:00,1043525,97095e903d6065581593c21145b8d382a047e68d7ed1b7b0b6d0d4833db686b8,bodies/12483_2026-06-08_2026-09-06_a1.body,receipts/12483_2026-06-08_2026-09-06_a1.json,new,new_20260913_12483_2026-06-08_2026-09-06_a1,https://api-v3.thaiwater.net/api/v1/thaiwater30/public/waterlevel_graph?station_type=tele_waterlevel&station_id=12483&start_date=2026-06-08&end_date=2026-09-06,th_agency_9,unknown
12484,stage_reported,value,2026-06-08,2026-09-06,91,13104,2026-06-08 00:00,2026-09-06 23:50,12836,available,200,application/json; charset=utf-8,2026-09-13T18:22:21.897182+00:00,1035474,f855da9e50abd286ce43c4234d4df97f68b9d117ed5a67d8652f1e6a9d1d7a5b,bodies/12484_2026-06-08_2026-09-06_a1.body,receipts/12484_2026-06-08_2026-09-06_a1.json,new,new_20260913_12484_2026-06-08_2026-09-06_a1,https://api-v3.thaiwater.net/api/v1/thaiwater30/public/waterlevel_graph?station_type=tele_waterlevel&station_id=12484&start_date=2026-06-08&end_date=2026-09-06,th_agency_9,available
12484,discharge_reported,discharge,2026-06-08,2026-09-06,91,13104,2026-06-08 00:00,2026-09-06 23:50,0,empty_in_tested_window,200,application/json; charset=utf-8,2026-09-13T18:22:21.897182+00:00,1035474,f855da9e50abd286ce43c4234d4df97f68b9d117ed5a67d8652f1e6a9d1d7a5b,bodies/12484_2026-06-08_2026-09-06_a1.body,receipts/12484_2026-06-08_2026-09-06_a1.json,new,new_20260913_12484_2026-06-08_2026-09-06_a1,https://api-v3.thaiwater.net/api/v1/thaiwater30/public/waterlevel_graph?station_type=tele_waterlevel&station_id=12484&start_date=2026-06-08&end_date=2026-09-06,th_agency_9,unknown
12485,stage_reported,value,2026-06-08,2026-09-06,91,13104,2026-06-08 00:00,2026-09-06 23:50,9429,available,200,application/json; charset=utf-8,2026-09-13T18:22:24.431691+00:00,1043745,a2ad68b158975de4cc48c1a4ede6ae1e4b096504b71d870e71c439df36ff0cac,bodies/12485_2026-06-08_2026-09-06_a1.body,receipts/12485_2026-06-08_2026-09-06_a1.json,new,new_20260913_12485_2026-06-08_2026-09-06_a1,https://api-v3.thaiwater.net/api/v1/thaiwater30/public/waterlevel_graph?station_type=tele_waterlevel&station_id=12485&start_date=2026-06-08&end_date=2026-09-06,th_agency_9,available
12485,discharge_reported,discharge,2026-06-08,2026-09-06,91,13104,2026-06-08 00:00,2026-09-06 23:50,0,empty_in_tested_window,200,application/json; charset=utf-8,2026-09-13T18:22:24.431691+00:00,1043745,a2ad68b158975de4cc48c1a4ede6ae1e4b096504b71d870e71c439df36ff0cac,bodies/12485_2026-06-08_2026-09-06_a1.body,receipts/12485_2026-06-08_2026-09-06_a1.json,new,new_20260913_12485_2026-06-08_2026-09-06_a1,https://api-v3.thaiwater.net/api/v1/thaiwater30/public/waterlevel_graph?station_type=tele_waterlevel&station_id=12485&start_date=2026-06-08&end_date=2026-09-06,th_agency_9,unknown
13892,stage_reported,value,2026-06-08,2026-09-06,91,13104,2026-06-08 00:00,2026-09-06 23:50,4157,available,200,application/json; charset=utf-8,2026-09-13T18:22:26.496970+00:00,1041711,4beabc8931bc4d357919c9b1932ead6dd434ae69a91a20f2ac7622ec66cf89ac,bodies/13892_2026-06-08_2026-09-06_a1.body,receipts/13892_2026-06-08_2026-09-06_a1.json,new,new_20260913_13892_2026-06-08_2026-09-06_a1,https://api-v3.thaiwater.net/api/v1/thaiwater30/public/waterlevel_graph?station_type=tele_waterlevel&station_id=13892&start_date=2026-06-08&end_date=2026-09-06,th_agency_9,available
13892,discharge_reported,discharge,2026-06-08,2026-09-06,91,13104,2026-06-08 00:00,2026-09-06 23:50,0,empty_in_tested_window,200,application/json; charset=utf-8,2026-09-13T18:22:26.496970+00:00,1041711,4beabc8931bc4d357919c9b1932ead6dd434ae69a91a20f2ac7622ec66cf89ac,bodies/13892_2026-06-08_2026-09-06_a1.body,receipts/13892_2026-06-08_2026-09-06_a1.json,new,new_20260913_13892_2026-06-08_2026-09-06_a1,https://api-v3.thaiwater.net/api/v1/thaiwater30/public/waterlevel_graph?station_type=tele_waterlevel&station_id=13892&start_date=2026-06-08&end_date=2026-09-06,th_agency_9,unknown
13906,stage_reported,value,2026-06-08,2026-09-06,91,13104,2026-06-08 00:00,2026-09-06 23:50,12931,available,200,application/json; charset=utf-8,2026-09-13T18:22:28.612713+00:00,1046506,730d0c9c5d9c62cdfe96a59768022bf84857569ed7926747469be09fef2b0460,bodies/13906_2026-06-08_2026-09-06_a1.body,receipts/13906_2026-06-08_2026-09-06_a1.json,new,new_20260913_13906_2026-06-08_2026-09-06_a1,https://api-v3.thaiwater.net/api/v1/thaiwater30/public/waterlevel_graph?station_type=tele_waterlevel&station_id=13906&start_date=2026-06-08&end_date=2026-09-06,th_agency_9,available
13906,discharge_reported,discharge,2026-06-08,2026-09-06,91,13104,2026-06-08 00:00,2026-09-06 23:50,0,empty_in_tested_window,200,application/json; charset=utf-8,2026-09-13T18:22:28.612713+00:00,1046506,730d0c9c5d9c62cdfe96a59768022bf84857569ed7926747469be09fef2b0460,bodies/13906_2026-06-08_2026-09-06_a1.body,receipts/13906_2026-06-08_2026-09-06_a1.json,new,new_20260913_13906_2026-06-08_2026-09-06_a1,https://api-v3.thaiwater.net/api/v1/thaiwater30/public/waterlevel_graph?station_type=tele_waterlevel&station_id=13906&start_date=2026-06-08&end_date=2026-09-06,th_agency_9,unknown
385579,stage_reported,value,2026-06-08,2026-09-06,91,13104,2026-06-08 00:00,2026-09-06 23:50,13068,available,200,application/json; charset=utf-8,2026-09-13T18:22:31.364125+00:00,1073140,b7c9ec441e1714bc494cfea32b032597f184983b90f8cbf81a9ba991b2d2f7e3,bodies/385579_2026-06-08_2026-09-06_a1.body,receipts/385579_2026-06-08_2026-09-06_a1.json,new,new_20260913_385579_2026-06-08_2026-09-06_a1,https://api-v3.thaiwater.net/api/v1/thaiwater30/public/waterlevel_graph?station_type=tele_waterlevel&station_id=385579&start_date=2026-06-08&end_date=2026-09-06,th_agency_9,available
385579,discharge_reported,discharge,2026-06-08,2026-09-06,91,13104,2026-06-08 00:00,2026-09-06 23:50,0,empty_in_tested_window,200,application/json; charset=utf-8,2026-09-13T18:22:31.364125+00:00,1073140,b7c9ec441e1714bc494cfea32b032597f184983b90f8cbf81a9ba991b2d2f7e3,bodies/385579_2026-06-08_2026-09-06_a1.body,receipts/385579_2026-06-08_2026-09-06_a1.json,new,new_20260913_385579_2026-06-08_2026-09-06_a1,https://api-v3.thaiwater.net/api/v1/thaiwater30/public/waterlevel_graph?station_type=tele_waterlevel&station_id=385579&start_date=2026-06-08&end_date=2026-09-06,th_agency_9,unknown
385582,stage_reported,value,2026-06-08,2026-09-06,91,13104,2026-06-08 00:00,2026-09-06 23:50,4443,available,200,application/json; charset=utf-8,2026-09-13T18:22:33.889096+00:00,1043615,3bb8bb3b738e86fa69acdd316f5f74dc9bdcba64a6392066adc35873fe94673e,bodies/385582_2026-06-08_2026-09-06_a1.body,receipts/385582_2026-06-08_2026-09-06_a1.json,new,new_20260913_385582_2026-06-08_2026-09-06_a1,https://api-v3.thaiwater.net/api/v1/thaiwater30/public/waterlevel_graph?station_type=tele_waterlevel&station_id=385582&start_date=2026-06-08&end_date=2026-09-06,th_agency_9,available
385582,discharge_reported,discharge,2026-06-08,2026-09-06,91,13104,2026-06-08 00:00,2026-09-06 23:50,0,empty_in_tested_window,200,application/json; charset=utf-8,2026-09-13T18:22:33.889096+00:00,1043615,3bb8bb3b738e86fa69acdd316f5f74dc9bdcba64a6392066adc35873fe94673e,bodies/385582_2026-06-08_2026-09-06_a1.body,receipts/385582_2026-06-08_2026-09-06_a1.json,new,new_20260913_385582_2026-06-08_2026-09-06_a1,https://api-v3.thaiwater.net/api/v1/thaiwater30/public/waterlevel_graph?station_type=tele_waterlevel&station_id=385582&start_date=2026-06-08&end_date=2026-09-06,th_agency_9,unknown
385586,stage_reported,value,2026-06-08,2026-09-06,91,13104,2026-06-08 00:00,2026-09-06 23:50,13060,available,200,application/json; charset=utf-8,2026-09-13T18:22:36.392050+00:00,1034619,056f1a936fd704194a258e3d04508c6f7dc4067b51bcaa4d17eb50e01c8bac23,bodies/385586_2026-06-08_2026-09-06_a1.body,receipts/385586_2026-06-08_2026-09-06_a1.json,new,new_20260913_385586_2026-06-08_2026-09-06_a1,https://api-v3.thaiwater.net/api/v1/thaiwater30/public/waterlevel_graph?station_type=tele_waterlevel&station_id=385586&start_date=2026-06-08&end_date=2026-09-06,th_agency_9,available
385586,discharge_reported,discharge,2026-06-08,2026-09-06,91,13104,2026-06-08 00:00,2026-09-06 23:50,0,empty_in_tested_window,200,application/json; charset=utf-8,2026-09-13T18:22:36.392050+00:00,1034619,056f1a936fd704194a258e3d04508c6f7dc4067b51bcaa4d17eb50e01c8bac23,bodies/385586_2026-06-08_2026-09-06_a1.body,receipts/385586_2026-06-08_2026-09-06_a1.json,new,new_20260913_385586_2026-06-08_2026-09-06_a1,https://api-v3.thaiwater.net/api/v1/thaiwater30/public/waterlevel_graph?station_type=tele_waterlevel&station_id=385586&start_date=2026-06-08&end_date=2026-09-06,th_agency_9,unknown
471583,stage_reported,value,2026-06-08,2026-09-06,91,13104,2026-06-08 00:00,2026-09-06 23:50,13041,available,200,application/json; charset=utf-8,2026-09-13T18:22:39.542568+00:00,1033914,f1ca835a7ce10f119f99facf51c83e3d3b28b476e15e4c598f8dce41300465bd,bodies/471583_2026-06-08_2026-09-06_a1.body,receipts/471583_2026-06-08_2026-09-06_a1.json,new,new_20260913_471583_2026-06-08_2026-09-06_a1,https://api-v3.thaiwater.net/api/v1/thaiwater30/public/waterlevel_graph?station_type=tele_waterlevel&station_id=471583&start_date=2026-06-08&end_date=2026-09-06,th_agency_9,available
471583,discharge_reported,discharge,2026-06-08,2026-09-06,91,13104,2026-06-08 00:00,2026-09-06 23:50,0,empty_in_tested_window,200,application/json; charset=utf-8,2026-09-13T18:22:39.542568+00:00,1033914,f1ca835a7ce10f119f99facf51c83e3d3b28b476e15e4c598f8dce41300465bd,bodies/471583_2026-06-08_2026-09-06_a1.body,receipts/471583_2026-06-08_2026-09-06_a1.json,new,new_20260913_471583_2026-06-08_2026-09-06_a1,https://api-v3.thaiwater.net/api/v1/thaiwater30/public/waterlevel_graph?station_type=tele_waterlevel&station_id=471583&start_date=2026-06-08&end_date=2026-09-06,th_agency_9,unknown
479230,stage_reported,value,2026-06-08,2026-09-06,91,13104,2026-06-08 00:00,2026-09-06 23:50,13065,available,200,application/json; charset=utf-8,2026-09-13T18:22:42.079865+00:00,1073107,046ec146c35ddfbff40fffd886d218c4328775f71b142d997fefb83d6001f22a,bodies/479230_2026-06-08_2026-09-06_a1.body,receipts/479230_2026-06-08_2026-09-06_a1.json,new,new_20260913_479230_2026-06-08_2026-09-06_a1,https://api-v3.thaiwater.net/api/v1/thaiwater30/public/waterlevel_graph?station_type=tele_waterlevel&station_id=479230&start_date=2026-06-08&end_date=2026-09-06,th_agency_9,available
479230,discharge_reported,discharge,2026-06-08,2026-09-06,91,13104,2026-06-08 00:00,2026-09-06 23:50,0,empty_in_tested_window,200,application/json; charset=utf-8,2026-09-13T18:22:42.079865+00:00,1073107,046ec146c35ddfbff40fffd886d218c4328775f71b142d997fefb83d6001f22a,bodies/479230_2026-06-08_2026-09-06_a1.body,receipts/479230_2026-06-08_2026-09-06_a1.json,new,new_20260913_479230_2026-06-08_2026-09-06_a1,https://api-v3.thaiwater.net/api/v1/thaiwater30/public/waterlevel_graph?station_type=tele_waterlevel&station_id=479230&start_date=2026-06-08&end_date=2026-09-06,th_agency_9,unknown
479231,stage_reported,value,2026-06-08,2026-09-06,91,13104,2026-06-08 00:00,2026-09-06 23:50,13061,available,200,application/json; charset=utf-8,2026-09-13T18:22:44.609235+00:00,1073049,e9ee21728127677255d4e7df359eeb280534244201774c9f2941e06160b45466,bodies/479231_2026-06-08_2026-09-06_a1.body,receipts/479231_2026-06-08_2026-09-06_a1.json,new,new_20260913_479231_2026-06-08_2026-09-06_a1,https://api-v3.thaiwater.net/api/v1/thaiwater30/public/waterlevel_graph?station_type=tele_waterlevel&station_id=479231&start_date=2026-06-08&end_date=2026-09-06,th_agency_9,available
479231,discharge_reported,discharge,2026-06-08,2026-09-06,91,13104,2026-06-08 00:00,2026-09-06 23:50,0,empty_in_tested_window,200,application/json; charset=utf-8,2026-09-13T18:22:44.609235+00:00,1073049,e9ee21728127677255d4e7df359eeb280534244201774c9f2941e06160b45466,bodies/479231_2026-06-08_2026-09-06_a1.body,receipts/479231_2026-06-08_2026-09-06_a1.json,new,new_20260913_479231_2026-06-08_2026-09-06_a1,https://api-v3.thaiwater.net/api/v1/thaiwater30/public/waterlevel_graph?station_type=tele_waterlevel&station_id=479231&start_date=2026-06-08&end_date=2026-09-06,th_agency_9,unknown
479232,stage_reported,value,2026-06-08,2026-09-06,91,13104,2026-06-08 00:00,2026-09-06 23:50,13070,available,200,application/json; charset=utf-8,2026-09-13T18:22:46.932696+00:00,1073089,3f6ea8c65f0952d36899c6fef67ec6e9b7e5a00b89e70999c01fd0c26c81c2bf,bodies/479232_2026-06-08_2026-09-06_a1.body,receipts/479232_2026-06-08_2026-09-06_a1.json,new,new_20260913_479232_2026-06-08_2026-09-06_a1,https://api-v3.thaiwater.net/api/v1/thaiwater30/public/waterlevel_graph?station_type=tele_waterlevel&station_id=479232&start_date=2026-06-08&end_date=2026-09-06,th_agency_9,available
479232,discharge_reported,discharge,2026-06-08,2026-09-06,91,13104,2026-06-08 00:00,2026-09-06 23:50,0,empty_in_tested_window,200,application/json; charset=utf-8,2026-09-13T18:22:46.932696+00:00,1073089,3f6ea8c65f0952d36899c6fef67ec6e9b7e5a00b89e70999c01fd0c26c81c2bf,bodies/479232_2026-06-08_2026-09-06_a1.body,receipts/479232_2026-06-08_2026-09-06_a1.json,new,new_20260913_479232_2026-06-08_2026-09-06_a1,https://api-v3.thaiwater.net/api/v1/thaiwater30/public/waterlevel_graph?station_type=tele_waterlevel&station_id=479232&start_date=2026-06-08&end_date=2026-09-06,th_agency_9,unknown
479233,stage_reported,value,2026-06-08,2026-09-06,91,13104,2026-06-08 00:00,2026-09-06 23:50,13037,available,200,application/json; charset=utf-8,2026-09-13T18:22:49.176139+00:00,1059756,e9957743c66a1e03534016cfcc63abb07cbbe44eb34cbacbfa2c32e8b41963af,bodies/479233_2026-06-08_2026-09-06_a1.body,receipts/479233_2026-06-08_2026-09-06_a1.json,new,new_20260913_479233_2026-06-08_2026-09-06_a1,https://api-v3.thaiwater.net/api/v1/thaiwater30/public/waterlevel_graph?station_type=tele_waterlevel&station_id=479233&start_date=2026-06-08&end_date=2026-09-06,th_agency_9,available
479233,discharge_reported,discharge,2026-06-08,2026-09-06,91,13104,2026-06-08 00:00,2026-09-06 23:50,0,empty_in_tested_window,200,application/json; charset=utf-8,2026-09-13T18:22:49.176139+00:00,1059756,e9957743c66a1e03534016cfcc63abb07cbbe44eb34cbacbfa2c32e8b41963af,bodies/479233_2026-06-08_2026-09-06_a1.body,receipts/479233_2026-06-08_2026-09-06_a1.json,new,new_20260913_479233_2026-06-08_2026-09-06_a1,https://api-v3.thaiwater.net/api/v1/thaiwater30/public/waterlevel_graph?station_type=tele_waterlevel&station_id=479233&start_date=2026-06-08&end_date=2026-09-06,th_agency_9,unknown
479234,stage_reported,value,2026-06-08,2026-09-06,91,13104,2026-06-08 00:00,2026-09-06 23:50,13060,available,200,application/json; charset=utf-8,2026-09-13T18:22:51.540213+00:00,1059658,c0946a321dde43cd4b9376d8d5f407905512c243ead9c3a838d5f37d6d44c647,bodies/479234_2026-06-08_2026-09-06_a1.body,receipts/479234_2026-06-08_2026-09-06_a1.json,new,new_20260913_479234_2026-06-08_2026-09-06_a1,https://api-v3.thaiwater.net/api/v1/thaiwater30/public/waterlevel_graph?station_type=tele_waterlevel&station_id=479234&start_date=2026-06-08&end_date=2026-09-06,th_agency_9,available
479234,discharge_reported,discharge,2026-06-08,2026-09-06,91,13104,2026-06-08 00:00,2026-09-06 23:50,0,empty_in_tested_window,200,application/json; charset=utf-8,2026-09-13T18:22:51.540213+00:00,1059658,c0946a321dde43cd4b9376d8d5f407905512c243ead9c3a838d5f37d6d44c647,bodies/479234_2026-06-08_2026-09-06_a1.body,receipts/479234_2026-06-08_2026-09-06_a1.json,new,new_20260913_479234_2026-06-08_2026-09-06_a1,https://api-v3.thaiwater.net/api/v1/thaiwater30/public/waterlevel_graph?station_type=tele_waterlevel&station_id=479234&start_date=2026-06-08&end_date=2026-09-06,th_agency_9,unknown
479235,stage_reported,value,2026-06-08,2026-09-06,91,13104,2026-06-08 00:00,2026-09-06 23:50,13034,available,200,application/json; charset=utf-8,2026-09-13T18:22:53.772019+00:00,1059895,ea2e12fc51b3ba451e029dbdafdc6932b35bf4c57d68f8c8635956bcc1ba4bae,bodies/479235_2026-06-08_2026-09-06_a1.body,receipts/479235_2026-06-08_2026-09-06_a1.json,new,new_20260913_479235_2026-06-08_2026-09-06_a1,https://api-v3.thaiwater.net/api/v1/thaiwater30/public/waterlevel_graph?station_type=tele_waterlevel&station_id=479235&start_date=2026-06-08&end_date=2026-09-06,th_agency_9,available
479235,discharge_reported,discharge,2026-06-08,2026-09-06,91,13104,2026-06-08 00:00,2026-09-06 23:50,0,empty_in_tested_window,200,application/json; charset=utf-8,2026-09-13T18:22:53.772019+00:00,1059895,ea2e12fc51b3ba451e029dbdafdc6932b35bf4c57d68f8c8635956bcc1ba4bae,bodies/479235_2026-06-08_2026-09-06_a1.body,receipts/479235_2026-06-08_2026-09-06_a1.json,new,new_20260913_479235_2026-06-08_2026-09-06_a1,https://api-v3.thaiwater.net/api/v1/thaiwater30/public/waterlevel_graph?station_type=tele_waterlevel&station_id=479235&start_date=2026-06-08&end_date=2026-09-06,th_agency_9,unknown
479236,stage_reported,value,2026-06-08,2026-09-06,91,13104,2026-06-08 00:00,2026-09-06 23:50,12796,available,200,application/json; charset=utf-8,2026-09-13T18:22:55.838186+00:00,1059206,5f8ecc75096f71d09437b82297263fd6701d4bdd04e91d08be50e1c70c38dbae,bodies/479236_2026-06-08_2026-09-06_a1.body,receipts/479236_2026-06-08_2026-09-06_a1.json,new,new_20260913_479236_2026-06-08_2026-09-06_a1,https://api-v3.thaiwater.net/api/v1/thaiwater30/public/waterlevel_graph?station_type=tele_waterlevel&station_id=479236&start_date=2026-06-08&end_date=2026-09-06,th_agency_9,available
479236,discharge_reported,discharge,2026-06-08,2026-09-06,91,13104,2026-06-08 00:00,2026-09-06 23:50,0,empty_in_tested_window,200,application/json; charset=utf-8,2026-09-13T18:22:55.838186+00:00,1059206,5f8ecc75096f71d09437b82297263fd6701d4bdd04e91d08be50e1c70c38dbae,bodies/479236_2026-06-08_2026-09-06_a1.body,receipts/479236_2026-06-08_2026-09-06_a1.json,new,new_20260913_479236_2026-06-08_2026-09-06_a1,https://api-v3.thaiwater.net/api/v1/thaiwater30/public/waterlevel_graph?station_type=tele_waterlevel&station_id=479236&start_date=2026-06-08&end_date=2026-09-06,th_agency_9,unknown
479237,stage_reported,value,2026-06-08,2026-09-06,91,13104,2026-06-08 00:00,2026-09-06 23:50,2403,available,200,application/json; charset=utf-8,2026-09-13T18:22:57.838109+00:00,1039931,cdf447c4bc1adb8cd2bde33487618974cad9a8ecef73275ab34aca2c30eff1ed,bodies/479237_2026-06-08_2026-09-06_a1.body,receipts/479237_2026-06-08_2026-09-06_a1.json,new,new_20260913_479237_2026-06-08_2026-09-06_a1,https://api-v3.thaiwater.net/api/v1/thaiwater30/public/waterlevel_graph?station_type=tele_waterlevel&station_id=479237&start_date=2026-06-08&end_date=2026-09-06,th_agency_9,available
479237,discharge_reported,discharge,2026-06-08,2026-09-06,91,13104,2026-06-08 00:00,2026-09-06 23:50,0,empty_in_tested_window,200,application/json; charset=utf-8,2026-09-13T18:22:57.838109+00:00,1039931,cdf447c4bc1adb8cd2bde33487618974cad9a8ecef73275ab34aca2c30eff1ed,bodies/479237_2026-06-08_2026-09-06_a1.body,receipts/479237_2026-06-08_2026-09-06_a1.json,new,new_20260913_479237_2026-06-08_2026-09-06_a1,https://api-v3.thaiwater.net/api/v1/thaiwater30/public/waterlevel_graph?station_type=tele_waterlevel&station_id=479237&start_date=2026-06-08&end_date=2026-09-06,th_agency_9,unknown
479238,stage_reported,value,2026-06-08,2026-09-06,91,13104,2026-06-08 00:00,2026-09-06 23:50,13004,available,200,application/json; charset=utf-8,2026-09-13T18:22:59.887836+00:00,1059642,787e52c5e8875724932bc6071d9870fc8c20f182fbbe3e98ec378698e3f9e80e,bodies/479238_2026-06-08_2026-09-06_a1.body,receipts/479238_2026-06-08_2026-09-06_a1.json,new,new_20260913_479238_2026-06-08_2026-09-06_a1,https://api-v3.thaiwater.net/api/v1/thaiwater30/public/waterlevel_graph?station_type=tele_waterlevel&station_id=479238&start_date=2026-06-08&end_date=2026-09-06,th_agency_9,available
479238,discharge_reported,discharge,2026-06-08,2026-09-06,91,13104,2026-06-08 00:00,2026-09-06 23:50,0,empty_in_tested_window,200,application/json; charset=utf-8,2026-09-13T18:22:59.887836+00:00,1059642,787e52c5e8875724932bc6071d9870fc8c20f182fbbe3e98ec378698e3f9e80e,bodies/479238_2026-06-08_2026-09-06_a1.body,receipts/479238_2026-06-08_2026-09-06_a1.json,new,new_20260913_479238_2026-06-08_2026-09-06_a1,https://api-v3.thaiwater.net/api/v1/thaiwater30/public/waterlevel_graph?station_type=tele_waterlevel&station_id=479238&start_date=2026-06-08&end_date=2026-09-06,th_agency_9,unknown
479240,stage_reported,value,2026-06-08,2026-09-06,91,13104,2026-06-08 00:00,2026-09-06 23:50,8539,available,200,application/json; charset=utf-8,2026-09-13T18:23:01.913315+00:00,1051253,07ccde74f7cf0222aa012dbd5497d81a2e09d6e2e46a161217e8a7c692ae1712,bodies/479240_2026-06-08_2026-09-06_a1.body,receipts/479240_2026-06-08_2026-09-06_a1.json,new,new_20260913_479240_2026-06-08_2026-09-06_a1,https://api-v3.thaiwater.net/api/v1/thaiwater30/public/waterlevel_graph?station_type=tele_waterlevel&station_id=479240&start_date=2026-06-08&end_date=2026-09-06,th_agency_9,available
479240,discharge_reported,discharge,2026-06-08,2026-09-06,91,13104,2026-06-08 00:00,2026-09-06 23:50,0,empty_in_tested_window,200,application/json; charset=utf-8,2026-09-13T18:23:01.913315+00:00,1051253,07ccde74f7cf0222aa012dbd5497d81a2e09d6e2e46a161217e8a7c692ae1712,bodies/479240_2026-06-08_2026-09-06_a1.body,receipts/479240_2026-06-08_2026-09-06_a1.json,new,new_20260913_479240_2026-06-08_2026-09-06_a1,https://api-v3.thaiwater.net/api/v1/thaiwater30/public/waterlevel_graph?station_type=tele_waterlevel&station_id=479240&start_date=2026-06-08&end_date=2026-09-06,th_agency_9,unknown
479241,stage_reported,value,2026-06-08,2026-09-06,91,13104,2026-06-08 00:00,2026-09-06 23:50,13058,available,200,application/json; charset=utf-8,2026-09-13T18:23:03.960625+00:00,1059387,59cf155f29cadb506b99e68fe7c7541c58c11aa5163d8c66602e6a49f5700622,bodies/479241_2026-06-08_2026-09-06_a1.body,receipts/479241_2026-06-08_2026-09-06_a1.json,new,new_20260913_479241_2026-06-08_2026-09-06_a1,https://api-v3.thaiwater.net/api/v1/thaiwater30/public/waterlevel_graph?station_type=tele_waterlevel&station_id=479241&start_date=2026-06-08&end_date=2026-09-06,th_agency_9,available
479241,discharge_reported,discharge,2026-06-08,2026-09-06,91,13104,2026-06-08 00:00,2026-09-06 23:50,0,empty_in_tested_window,200,application/json; charset=utf-8,2026-09-13T18:23:03.960625+00:00,1059387,59cf155f29cadb506b99e68fe7c7541c58c11aa5163d8c66602e6a49f5700622,bodies/479241_2026-06-08_2026-09-06_a1.body,receipts/479241_2026-06-08_2026-09-06_a1.json,new,new_20260913_479241_2026-06-08_2026-09-06_a1,https://api-v3.thaiwater.net/api/v1/thaiwater30/public/waterlevel_graph?station_type=tele_waterlevel&station_id=479241&start_date=2026-06-08&end_date=2026-09-06,th_agency_9,unknown
504679,stage_reported,value,2026-08-31,2026-09-06,7,168,2026-08-31 00:00,2026-09-06 23:00,161,available,200,application/json; charset=utf-8,2026-09-13T18:23:05.345377+00:00,14971,f5ac160d6ef33960adad4962558e4247f5de801d5de03b3318af597976e43b46,bodies/504679_2026-08-31_2026-09-06_a1.body,receipts/504679_2026-08-31_2026-09-06_a1.json,new,new_20260913_504679_2026-08-31_2026-09-06_a1,https://api-v3.thaiwater.net/api/v1/thaiwater30/public/waterlevel_graph?station_type=tele_waterlevel&station_id=504679&start_date=2026-08-31&end_date=2026-09-06,th_agency_12,available
504679,discharge_reported,discharge,2026-08-31,2026-09-06,7,168,2026-08-31 00:00,2026-09-06 23:00,161,available,200,application/json; charset=utf-8,2026-09-13T18:23:05.345377+00:00,14971,f5ac160d6ef33960adad4962558e4247f5de801d5de03b3318af597976e43b46,bodies/504679_2026-08-31_2026-09-06_a1.body,receipts/504679_2026-08-31_2026-09-06_a1.json,new,new_20260913_504679_2026-08-31_2026-09-06_a1,https://api-v3.thaiwater.net/api/v1/thaiwater30/public/waterlevel_graph?station_type=tele_waterlevel&station_id=504679&start_date=2026-08-31&end_date=2026-09-06,th_agency_12,available
504708,stage_reported,value,2026-08-31,2026-09-06,7,168,2026-08-31 00:00,2026-09-06 23:00,161,available,200,application/json; charset=utf-8,2026-09-13T18:23:06.908371+00:00,15095,edba9a040c3ea7d9630947699a9b76e9790ebc32925adc9c533a9715a8afcec6,bodies/504708_2026-08-31_2026-09-06_a1.body,receipts/504708_2026-08-31_2026-09-06_a1.json,new,new_20260913_504708_2026-08-31_2026-09-06_a1,https://api-v3.thaiwater.net/api/v1/thaiwater30/public/waterlevel_graph?station_type=tele_waterlevel&station_id=504708&start_date=2026-08-31&end_date=2026-09-06,th_agency_12,available
504708,discharge_reported,discharge,2026-08-31,2026-09-06,7,168,2026-08-31 00:00,2026-09-06 23:00,161,available,200,application/json; charset=utf-8,2026-09-13T18:23:06.908371+00:00,15095,edba9a040c3ea7d9630947699a9b76e9790ebc32925adc9c533a9715a8afcec6,bodies/504708_2026-08-31_2026-09-06_a1.body,receipts/504708_2026-08-31_2026-09-06_a1.json,new,new_20260913_504708_2026-08-31_2026-09-06_a1,https://api-v3.thaiwater.net/api/v1/thaiwater30/public/waterlevel_graph?station_type=tele_waterlevel&station_id=504708&start_date=2026-08-31&end_date=2026-09-06,th_agency_12,available
504897,stage_reported,value,2026-08-31,2026-09-06,7,168,2026-08-31 00:00,2026-09-06 23:00,161,available,200,application/json; charset=utf-8,2026-09-13T18:23:08.463463+00:00,15653,e8a53c607f5484724cbb27517e5cbebe453819634694173454db810f7b5beaf6,bodies/504897_2026-08-31_2026-09-06_a1.body,receipts/504897_2026-08-31_2026-09-06_a1.json,new,new_20260913_504897_2026-08-31_2026-09-06_a1,https://api-v3.thaiwater.net/api/v1/thaiwater30/public/waterlevel_graph?station_type=tele_waterlevel&station_id=504897&start_date=2026-08-31&end_date=2026-09-06,th_agency_12,available
504897,discharge_reported,discharge,2026-08-31,2026-09-06,7,168,2026-08-31 00:00,2026-09-06 23:00,161,available,200,application/json; charset=utf-8,2026-09-13T18:23:08.463463+00:00,15653,e8a53c607f5484724cbb27517e5cbebe453819634694173454db810f7b5beaf6,bodies/504897_2026-08-31_2026-09-06_a1.body,receipts/504897_2026-08-31_2026-09-06_a1.json,new,new_20260913_504897_2026-08-31_2026-09-06_a1,https://api-v3.thaiwater.net/api/v1/thaiwater30/public/waterlevel_graph?station_type=tele_waterlevel&station_id=504897&start_date=2026-08-31&end_date=2026-09-06,th_agency_12,available
504940,stage_reported,value,2026-08-31,2026-09-06,7,168,2026-08-31 00:00,2026-09-06 23:00,63,available,200,application/json; charset=utf-8,2026-09-13T18:23:09.829051+00:00,13745,dc9877bad496f5dcd38f28c9535da24eae1e378eb53633879ec41a03dfccfc9e,bodies/504940_2026-08-31_2026-09-06_a1.body,receipts/504940_2026-08-31_2026-09-06_a1.json,new,new_20260913_504940_2026-08-31_2026-09-06_a1,https://api-v3.thaiwater.net/api/v1/thaiwater30/public/waterlevel_graph?station_type=tele_waterlevel&station_id=504940&start_date=2026-08-31&end_date=2026-09-06,th_agency_12,available
504940,discharge_reported,discharge,2026-08-31,2026-09-06,7,168,2026-08-31 00:00,2026-09-06 23:00,63,available,200,application/json; charset=utf-8,2026-09-13T18:23:09.829051+00:00,13745,dc9877bad496f5dcd38f28c9535da24eae1e378eb53633879ec41a03dfccfc9e,bodies/504940_2026-08-31_2026-09-06_a1.body,receipts/504940_2026-08-31_2026-09-06_a1.json,new,new_20260913_504940_2026-08-31_2026-09-06_a1,https://api-v3.thaiwater.net/api/v1/thaiwater30/public/waterlevel_graph?station_type=tele_waterlevel&station_id=504940&start_date=2026-08-31&end_date=2026-09-06,th_agency_12,available
504945,stage_reported,value,2026-08-31,2026-09-06,7,168,2026-08-31 00:00,2026-09-06 23:00,157,available,200,application/json; charset=utf-8,2026-09-13T18:23:11.382035+00:00,14468,d27fd0d6c79114f09e7278520c87ade7a2095a8cdc72e41c041dafc1a4042079,bodies/504945_2026-08-31_2026-09-06_a1.body,receipts/504945_2026-08-31_2026-09-06_a1.json,new,new_20260913_504945_2026-08-31_2026-09-06_a1,https://api-v3.thaiwater.net/api/v1/thaiwater30/public/waterlevel_graph?station_type=tele_waterlevel&station_id=504945&start_date=2026-08-31&end_date=2026-09-06,th_agency_12,available
504945,discharge_reported,discharge,2026-08-31,2026-09-06,7,168,2026-08-31 00:00,2026-09-06 23:00,157,available,200,application/json; charset=utf-8,2026-09-13T18:23:11.382035+00:00,14468,d27fd0d6c79114f09e7278520c87ade7a2095a8cdc72e41c041dafc1a4042079,bodies/504945_2026-08-31_2026-09-06_a1.body,receipts/504945_2026-08-31_2026-09-06_a1.json,new,new_20260913_504945_2026-08-31_2026-09-06_a1,https://api-v3.thaiwater.net/api/v1/thaiwater30/public/waterlevel_graph?station_type=tele_waterlevel&station_id=504945&start_date=2026-08-31&end_date=2026-09-06,th_agency_12,available
504962,stage_reported,value,2026-08-31,2026-09-06,7,168,2026-08-31 00:00,2026-09-06 23:00,157,available,200,application/json; charset=utf-8,2026-09-13T18:23:12.942003+00:00,14565,315d9a38a5cc5f2d8f19ad6e5474281e77f0bbc679495b9103697d72298963c5,bodies/504962_2026-08-31_2026-09-06_a1.body,receipts/504962_2026-08-31_2026-09-06_a1.json,new,new_20260913_504962_2026-08-31_2026-09-06_a1,https://api-v3.thaiwater.net/api/v1/thaiwater30/public/waterlevel_graph?station_type=tele_waterlevel&station_id=504962&start_date=2026-08-31&end_date=2026-09-06,th_agency_12,available
504962,discharge_reported,discharge,2026-08-31,2026-09-06,7,168,2026-08-31 00:00,2026-09-06 23:00,157,available,200,application/json; charset=utf-8,2026-09-13T18:23:12.942003+00:00,14565,315d9a38a5cc5f2d8f19ad6e5474281e77f0bbc679495b9103697d72298963c5,bodies/504962_2026-08-31_2026-09-06_a1.body,receipts/504962_2026-08-31_2026-09-06_a1.json,new,new_20260913_504962_2026-08-31_2026-09-06_a1,https://api-v3.thaiwater.net/api/v1/thaiwater30/public/waterlevel_graph?station_type=tele_waterlevel&station_id=504962&start_date=2026-08-31&end_date=2026-09-06,th_agency_12,available
504982,stage_reported,value,2026-08-31,2026-09-06,7,168,2026-08-31 00:00,2026-09-06 23:00,161,available,200,application/json; charset=utf-8,2026-09-13T18:23:14.503564+00:00,13883,ddc85abb29951885d3fbcdbe899199ae9569ad292780f3a9be0b1387d0b8dc6f,bodies/504982_2026-08-31_2026-09-06_a1.body,receipts/504982_2026-08-31_2026-09-06_a1.json,new,new_20260913_504982_2026-08-31_2026-09-06_a1,https://api-v3.thaiwater.net/api/v1/thaiwater30/public/waterlevel_graph?station_type=tele_waterlevel&station_id=504982&start_date=2026-08-31&end_date=2026-09-06,th_agency_12,available
504982,discharge_reported,discharge,2026-08-31,2026-09-06,7,168,2026-08-31 00:00,2026-09-06 23:00,161,available,200,application/json; charset=utf-8,2026-09-13T18:23:14.503564+00:00,13883,ddc85abb29951885d3fbcdbe899199ae9569ad292780f3a9be0b1387d0b8dc6f,bodies/504982_2026-08-31_2026-09-06_a1.body,receipts/504982_2026-08-31_2026-09-06_a1.json,new,new_20260913_504982_2026-08-31_2026-09-06_a1,https://api-v3.thaiwater.net/api/v1/thaiwater30/public/waterlevel_graph?station_type=tele_waterlevel&station_id=504982&start_date=2026-08-31&end_date=2026-09-06,th_agency_12,available
504990,stage_reported,value,2026-06-08,2026-09-06,91,2184,2026-06-08 00:00,2026-09-06 23:00,2091,available,200,application/json; charset=utf-8,2026-09-13T18:23:16.654054+00:00,172494,342cb2fca0d511cf63dc0c387274f4f42a19c025f74a02067f64381dc7b14372,bodies/504990_2026-06-08_2026-09-06_a1.body,receipts/504990_2026-06-08_2026-09-06_a1.json,new,new_20260913_504990_2026-06-08_2026-09-06_a1,https://api-v3.thaiwater.net/api/v1/thaiwater30/public/waterlevel_graph?station_type=tele_waterlevel&station_id=504990&start_date=2026-06-08&end_date=2026-09-06,th_agency_12,available
504990,discharge_reported,discharge,2026-06-08,2026-09-06,91,2184,2026-06-08 00:00,2026-09-06 23:00,0,empty_in_tested_window,200,application/json; charset=utf-8,2026-09-13T18:23:16.654054+00:00,172494,342cb2fca0d511cf63dc0c387274f4f42a19c025f74a02067f64381dc7b14372,bodies/504990_2026-06-08_2026-09-06_a1.body,receipts/504990_2026-06-08_2026-09-06_a1.json,new,new_20260913_504990_2026-06-08_2026-09-06_a1,https://api-v3.thaiwater.net/api/v1/thaiwater30/public/waterlevel_graph?station_type=tele_waterlevel&station_id=504990&start_date=2026-06-08&end_date=2026-09-06,th_agency_12,unknown
504994,stage_reported,value,2026-08-31,2026-09-06,7,168,2026-08-31 00:00,2026-09-06 23:00,161,available,200,application/json; charset=utf-8,2026-09-13T18:23:18.023934+00:00,14257,cb80c33a401545d4864dd5d4b7889fd9b85a3b5ac98d7184aad48042bae398c3,bodies/504994_2026-08-31_2026-09-06_a1.body,receipts/504994_2026-08-31_2026-09-06_a1.json,new,new_20260913_504994_2026-08-31_2026-09-06_a1,https://api-v3.thaiwater.net/api/v1/thaiwater30/public/waterlevel_graph?station_type=tele_waterlevel&station_id=504994&start_date=2026-08-31&end_date=2026-09-06,th_agency_12,available
504994,discharge_reported,discharge,2026-08-31,2026-09-06,7,168,2026-08-31 00:00,2026-09-06 23:00,161,available,200,application/json; charset=utf-8,2026-09-13T18:23:18.023934+00:00,14257,cb80c33a401545d4864dd5d4b7889fd9b85a3b5ac98d7184aad48042bae398c3,bodies/504994_2026-08-31_2026-09-06_a1.body,receipts/504994_2026-08-31_2026-09-06_a1.json,new,new_20260913_504994_2026-08-31_2026-09-06_a1,https://api-v3.thaiwater.net/api/v1/thaiwater30/public/waterlevel_graph?station_type=tele_waterlevel&station_id=504994&start_date=2026-08-31&end_date=2026-09-06,th_agency_12,available
504997,stage_reported,value,2026-08-31,2026-09-06,7,168,2026-08-31 00:00,2026-09-06 23:00,161,available,200,application/json; charset=utf-8,2026-09-13T18:23:19.396738+00:00,13458,4fbb0a9df0b1b3db3e100883cbbe4e32d693f9423aa69fcab097c4c9f374d775,bodies/504997_2026-08-31_2026-09-06_a1.body,receipts/504997_2026-08-31_2026-09-06_a1.json,new,new_20260913_504997_2026-08-31_2026-09-06_a1,https://api-v3.thaiwater.net/api/v1/thaiwater30/public/waterlevel_graph?station_type=tele_waterlevel&station_id=504997&start_date=2026-08-31&end_date=2026-09-06,th_agency_12,available
504997,discharge_reported,discharge,2026-08-31,2026-09-06,7,168,2026-08-31 00:00,2026-09-06 23:00,161,available,200,application/json; charset=utf-8,2026-09-13T18:23:19.396738+00:00,13458,4fbb0a9df0b1b3db3e100883cbbe4e32d693f9423aa69fcab097c4c9f374d775,bodies/504997_2026-08-31_2026-09-06_a1.body,receipts/504997_2026-08-31_2026-09-06_a1.json,new,new_20260913_504997_2026-08-31_2026-09-06_a1,https://api-v3.thaiwater.net/api/v1/thaiwater30/public/waterlevel_graph?station_type=tele_waterlevel&station_id=504997&start_date=2026-08-31&end_date=2026-09-06,th_agency_12,available
504999,stage_reported,value,2026-08-31,2026-09-06,7,168,2026-08-31 00:00,2026-09-06 23:00,161,available,200,application/json; charset=utf-8,2026-09-13T18:23:20.768705+00:00,14140,ea1ef27b6f138f5e01399249bf485d4ba0bde5e13f4a998fa087dba08215d2bd,bodies/504999_2026-08-31_2026-09-06_a1.body,receipts/504999_2026-08-31_2026-09-06_a1.json,new,new_20260913_504999_2026-08-31_2026-09-06_a1,https://api-v3.thaiwater.net/api/v1/thaiwater30/public/waterlevel_graph?station_type=tele_waterlevel&station_id=504999&start_date=2026-08-31&end_date=2026-09-06,th_agency_12,available
504999,discharge_reported,discharge,2026-08-31,2026-09-06,7,168,2026-08-31 00:00,2026-09-06 23:00,161,available,200,application/json; charset=utf-8,2026-09-13T18:23:20.768705+00:00,14140,ea1ef27b6f138f5e01399249bf485d4ba0bde5e13f4a998fa087dba08215d2bd,bodies/504999_2026-08-31_2026-09-06_a1.body,receipts/504999_2026-08-31_2026-09-06_a1.json,new,new_20260913_504999_2026-08-31_2026-09-06_a1,https://api-v3.thaiwater.net/api/v1/thaiwater30/public/waterlevel_graph?station_type=tele_waterlevel&station_id=504999&start_date=2026-08-31&end_date=2026-09-06,th_agency_12,available
505003,stage_reported,value,2026-06-08,2026-09-06,91,2184,2026-06-08 00:00,2026-09-06 23:00,2091,available,200,application/json; charset=utf-8,2026-09-13T18:23:22.757418+00:00,177722,c531eef7181a937d6a76659ed0be85b3c3b324747245215781d25ea96d557351,bodies/505003_2026-06-08_2026-09-06_a1.body,receipts/505003_2026-06-08_2026-09-06_a1.json,new,new_20260913_505003_2026-06-08_2026-09-06_a1,https://api-v3.thaiwater.net/api/v1/thaiwater30/public/waterlevel_graph?station_type=tele_waterlevel&station_id=505003&start_date=2026-06-08&end_date=2026-09-06,th_agency_12,available
505003,discharge_reported,discharge,2026-06-08,2026-09-06,91,2184,2026-06-08 00:00,2026-09-06 23:00,0,empty_in_tested_window,200,application/json; charset=utf-8,2026-09-13T18:23:22.757418+00:00,177722,c531eef7181a937d6a76659ed0be85b3c3b324747245215781d25ea96d557351,bodies/505003_2026-06-08_2026-09-06_a1.body,receipts/505003_2026-06-08_2026-09-06_a1.json,new,new_20260913_505003_2026-06-08_2026-09-06_a1,https://api-v3.thaiwater.net/api/v1/thaiwater30/public/waterlevel_graph?station_type=tele_waterlevel&station_id=505003&start_date=2026-06-08&end_date=2026-09-06,th_agency_12,unknown
505011,stage_reported,value,2026-08-31,2026-09-06,7,168,2026-08-31 00:00,2026-09-06 23:00,161,available,200,application/json; charset=utf-8,2026-09-13T18:23:24.137994+00:00,13582,558fc104db607b080e88f529a7addf6124cf6afe0883ed0f7df1193dc21d6550,bodies/505011_2026-08-31_2026-09-06_a1.body,receipts/505011_2026-08-31_2026-09-06_a1.json,new,new_20260913_505011_2026-08-31_2026-09-06_a1,https://api-v3.thaiwater.net/api/v1/thaiwater30/public/waterlevel_graph?station_type=tele_waterlevel&station_id=505011&start_date=2026-08-31&end_date=2026-09-06,th_agency_12,available
505011,discharge_reported,discharge,2026-08-31,2026-09-06,7,168,2026-08-31 00:00,2026-09-06 23:00,161,available,200,application/json; charset=utf-8,2026-09-13T18:23:24.137994+00:00,13582,558fc104db607b080e88f529a7addf6124cf6afe0883ed0f7df1193dc21d6550,bodies/505011_2026-08-31_2026-09-06_a1.body,receipts/505011_2026-08-31_2026-09-06_a1.json,new,new_20260913_505011_2026-08-31_2026-09-06_a1,https://api-v3.thaiwater.net/api/v1/thaiwater30/public/waterlevel_graph?station_type=tele_waterlevel&station_id=505011&start_date=2026-08-31&end_date=2026-09-06,th_agency_12,available
505018,stage_reported,value,2026-08-31,2026-09-06,7,168,2026-08-31 00:00,2026-09-06 23:00,152,available,200,application/json; charset=utf-8,2026-09-13T18:23:25.764446+00:00,14447,6f455cd8535344ac695cab6b32ec243304895b4a2690d72caad4bf446558313f,bodies/505018_2026-08-31_2026-09-06_a1.body,receipts/505018_2026-08-31_2026-09-06_a1.json,new,new_20260913_505018_2026-08-31_2026-09-06_a1,https://api-v3.thaiwater.net/api/v1/thaiwater30/public/waterlevel_graph?station_type=tele_waterlevel&station_id=505018&start_date=2026-08-31&end_date=2026-09-06,th_agency_12,available
505018,discharge_reported,discharge,2026-08-31,2026-09-06,7,168,2026-08-31 00:00,2026-09-06 23:00,152,available,200,application/json; charset=utf-8,2026-09-13T18:23:25.764446+00:00,14447,6f455cd8535344ac695cab6b32ec243304895b4a2690d72caad4bf446558313f,bodies/505018_2026-08-31_2026-09-06_a1.body,receipts/505018_2026-08-31_2026-09-06_a1.json,new,new_20260913_505018_2026-08-31_2026-09-06_a1,https://api-v3.thaiwater.net/api/v1/thaiwater30/public/waterlevel_graph?station_type=tele_waterlevel&station_id=505018&start_date=2026-08-31&end_date=2026-09-06,th_agency_12,available
505025,stage_reported,value,2026-06-08,2026-09-06,91,2184,2026-06-08 00:00,2026-09-06 23:00,1987,available,200,application/json; charset=utf-8,2026-09-13T18:23:27.813824+00:00,181100,6f4586d62bf8348017cda5c59d653cc0ae91b6fb1f974dc325ce0c3eaffb7a3a,bodies/505025_2026-06-08_2026-09-06_a1.body,receipts/505025_2026-06-08_2026-09-06_a1.json,new,new_20260913_505025_2026-06-08_2026-09-06_a1,https://api-v3.thaiwater.net/api/v1/thaiwater30/public/waterlevel_graph?station_type=tele_waterlevel&station_id=505025&start_date=2026-06-08&end_date=2026-09-06,th_agency_12,available
505025,discharge_reported,discharge,2026-06-08,2026-09-06,91,2184,2026-06-08 00:00,2026-09-06 23:00,0,empty_in_tested_window,200,application/json; charset=utf-8,2026-09-13T18:23:27.813824+00:00,181100,6f4586d62bf8348017cda5c59d653cc0ae91b6fb1f974dc325ce0c3eaffb7a3a,bodies/505025_2026-06-08_2026-09-06_a1.body,receipts/505025_2026-06-08_2026-09-06_a1.json,new,new_20260913_505025_2026-06-08_2026-09-06_a1,https://api-v3.thaiwater.net/api/v1/thaiwater30/public/waterlevel_graph?station_type=tele_waterlevel&station_id=505025&start_date=2026-06-08&end_date=2026-09-06,th_agency_12,unknown
505027,stage_reported,value,2026-08-31,2026-09-06,7,168,2026-08-31 00:00,2026-09-06 23:00,152,available,200,application/json; charset=utf-8,2026-09-13T18:23:29.187472+00:00,14688,4e60bfaa6d128c82b9df33e3ba06d09f243675372f2d1e57de231c1109ac8f91,bodies/505027_2026-08-31_2026-09-06_a1.body,receipts/505027_2026-08-31_2026-09-06_a1.json,new,new_20260913_505027_2026-08-31_2026-09-06_a1,https://api-v3.thaiwater.net/api/v1/thaiwater30/public/waterlevel_graph?station_type=tele_waterlevel&station_id=505027&start_date=2026-08-31&end_date=2026-09-06,th_agency_12,available
505027,discharge_reported,discharge,2026-08-31,2026-09-06,7,168,2026-08-31 00:00,2026-09-06 23:00,152,available,200,application/json; charset=utf-8,2026-09-13T18:23:29.187472+00:00,14688,4e60bfaa6d128c82b9df33e3ba06d09f243675372f2d1e57de231c1109ac8f91,bodies/505027_2026-08-31_2026-09-06_a1.body,receipts/505027_2026-08-31_2026-09-06_a1.json,new,new_20260913_505027_2026-08-31_2026-09-06_a1,https://api-v3.thaiwater.net/api/v1/thaiwater30/public/waterlevel_graph?station_type=tele_waterlevel&station_id=505027&start_date=2026-08-31&end_date=2026-09-06,th_agency_12,available
505029,stage_reported,value,2026-08-31,2026-09-06,7,168,2026-08-31 00:00,2026-09-06 23:00,152,available,200,application/json; charset=utf-8,2026-09-13T18:23:30.886289+00:00,14205,950d631f28a7cfdf1223d449bd2ed833c2d5d713757fb2b8216bfe57050a1c8c,bodies/505029_2026-08-31_2026-09-06_a1.body,receipts/505029_2026-08-31_2026-09-06_a1.json,new,new_20260913_505029_2026-08-31_2026-09-06_a1,https://api-v3.thaiwater.net/api/v1/thaiwater30/public/waterlevel_graph?station_type=tele_waterlevel&station_id=505029&start_date=2026-08-31&end_date=2026-09-06,th_agency_12,available
505029,discharge_reported,discharge,2026-08-31,2026-09-06,7,168,2026-08-31 00:00,2026-09-06 23:00,152,available,200,application/json; charset=utf-8,2026-09-13T18:23:30.886289+00:00,14205,950d631f28a7cfdf1223d449bd2ed833c2d5d713757fb2b8216bfe57050a1c8c,bodies/505029_2026-08-31_2026-09-06_a1.body,receipts/505029_2026-08-31_2026-09-06_a1.json,new,new_20260913_505029_2026-08-31_2026-09-06_a1,https://api-v3.thaiwater.net/api/v1/thaiwater30/public/waterlevel_graph?station_type=tele_waterlevel&station_id=505029&start_date=2026-08-31&end_date=2026-09-06,th_agency_12,available
505030,stage_reported,value,2026-06-08,2026-09-06,91,2184,2026-06-08 00:00,2026-09-06 23:00,1987,available,200,application/json; charset=utf-8,2026-09-13T18:23:32.901898+00:00,172453,83e51a2cd2991b06056f65be9c69e32213eb524a2651f58ae5177e4ffe056fc6,bodies/505030_2026-06-08_2026-09-06_a1.body,receipts/505030_2026-06-08_2026-09-06_a1.json,new,new_20260913_505030_2026-06-08_2026-09-06_a1,https://api-v3.thaiwater.net/api/v1/thaiwater30/public/waterlevel_graph?station_type=tele_waterlevel&station_id=505030&start_date=2026-06-08&end_date=2026-09-06,th_agency_12,available
505030,discharge_reported,discharge,2026-06-08,2026-09-06,91,2184,2026-06-08 00:00,2026-09-06 23:00,0,empty_in_tested_window,200,application/json; charset=utf-8,2026-09-13T18:23:32.901898+00:00,172453,83e51a2cd2991b06056f65be9c69e32213eb524a2651f58ae5177e4ffe056fc6,bodies/505030_2026-06-08_2026-09-06_a1.body,receipts/505030_2026-06-08_2026-09-06_a1.json,new,new_20260913_505030_2026-06-08_2026-09-06_a1,https://api-v3.thaiwater.net/api/v1/thaiwater30/public/waterlevel_graph?station_type=tele_waterlevel&station_id=505030&start_date=2026-06-08&end_date=2026-09-06,th_agency_12,unknown
505037,stage_reported,value,2026-06-08,2026-09-06,91,2184,2026-06-08 00:00,2026-09-06 23:00,1973,available,200,application/json; charset=utf-8,2026-09-13T18:23:34.965743+00:00,172544,5ef5c8ca612248e0e9e180d6343fb04be7f505b2d02627ac9709b59b404440cc,bodies/505037_2026-06-08_2026-09-06_a1.body,receipts/505037_2026-06-08_2026-09-06_a1.json,new,new_20260913_505037_2026-06-08_2026-09-06_a1,https://api-v3.thaiwater.net/api/v1/thaiwater30/public/waterlevel_graph?station_type=tele_waterlevel&station_id=505037&start_date=2026-06-08&end_date=2026-09-06,th_agency_12,available
505037,discharge_reported,discharge,2026-06-08,2026-09-06,91,2184,2026-06-08 00:00,2026-09-06 23:00,0,empty_in_tested_window,200,application/json; charset=utf-8,2026-09-13T18:23:34.965743+00:00,172544,5ef5c8ca612248e0e9e180d6343fb04be7f505b2d02627ac9709b59b404440cc,bodies/505037_2026-06-08_2026-09-06_a1.body,receipts/505037_2026-06-08_2026-09-06_a1.json,new,new_20260913_505037_2026-06-08_2026-09-06_a1,https://api-v3.thaiwater.net/api/v1/thaiwater30/public/waterlevel_graph?station_type=tele_waterlevel&station_id=505037&start_date=2026-06-08&end_date=2026-09-06,th_agency_12,unknown
505038,stage_reported,value,2026-06-08,2026-09-06,91,2184,2026-06-08 00:00,2026-09-06 23:00,1974,available,200,application/json; charset=utf-8,2026-09-13T18:23:36.956452+00:00,188545,5b6563004833bd0a8cc57035027fa45428a82617f6ccf6b2876fc39eb81a74e6,bodies/505038_2026-06-08_2026-09-06_a1.body,receipts/505038_2026-06-08_2026-09-06_a1.json,new,new_20260913_505038_2026-06-08_2026-09-06_a1,https://api-v3.thaiwater.net/api/v1/thaiwater30/public/waterlevel_graph?station_type=tele_waterlevel&station_id=505038&start_date=2026-06-08&end_date=2026-09-06,th_agency_12,available
505038,discharge_reported,discharge,2026-06-08,2026-09-06,91,2184,2026-06-08 00:00,2026-09-06 23:00,0,empty_in_tested_window,200,application/json; charset=utf-8,2026-09-13T18:23:36.956452+00:00,188545,5b6563004833bd0a8cc57035027fa45428a82617f6ccf6b2876fc39eb81a74e6,bodies/505038_2026-06-08_2026-09-06_a1.body,receipts/505038_2026-06-08_2026-09-06_a1.json,new,new_20260913_505038_2026-06-08_2026-09-06_a1,https://api-v3.thaiwater.net/api/v1/thaiwater30/public/waterlevel_graph?station_type=tele_waterlevel&station_id=505038&start_date=2026-06-08&end_date=2026-09-06,th_agency_12,unknown
505039,stage_reported,value,2026-06-08,2026-09-06,91,2184,2026-06-08 00:00,2026-09-06 23:00,1540,available,200,application/json; charset=utf-8,2026-09-13T18:23:38.969696+00:00,188821,5e6fa6033818a19632fefdffa89c3628984a6c9b9e2753168e649a08eba6075d,bodies/505039_2026-06-08_2026-09-06_a1.body,receipts/505039_2026-06-08_2026-09-06_a1.json,new,new_20260913_505039_2026-06-08_2026-09-06_a1,https://api-v3.thaiwater.net/api/v1/thaiwater30/public/waterlevel_graph?station_type=tele_waterlevel&station_id=505039&start_date=2026-06-08&end_date=2026-09-06,th_agency_12,available
505039,discharge_reported,discharge,2026-06-08,2026-09-06,91,2184,2026-06-08 00:00,2026-09-06 23:00,0,empty_in_tested_window,200,application/json; charset=utf-8,2026-09-13T18:23:38.969696+00:00,188821,5e6fa6033818a19632fefdffa89c3628984a6c9b9e2753168e649a08eba6075d,bodies/505039_2026-06-08_2026-09-06_a1.body,receipts/505039_2026-06-08_2026-09-06_a1.json,new,new_20260913_505039_2026-06-08_2026-09-06_a1,https://api-v3.thaiwater.net/api/v1/thaiwater30/public/waterlevel_graph?station_type=tele_waterlevel&station_id=505039&start_date=2026-06-08&end_date=2026-09-06,th_agency_12,unknown
505041,stage_reported,value,2026-06-08,2026-09-06,91,2184,2026-06-08 00:00,2026-09-06 23:00,1987,available,200,application/json; charset=utf-8,2026-09-13T18:23:40.926744+00:00,199817,cb2d170f3e5ca79fdcba1ed2ae160125822720fb7d4cca3266132a088941edda,bodies/505041_2026-06-08_2026-09-06_a1.body,receipts/505041_2026-06-08_2026-09-06_a1.json,new,new_20260913_505041_2026-06-08_2026-09-06_a1,https://api-v3.thaiwater.net/api/v1/thaiwater30/public/waterlevel_graph?station_type=tele_waterlevel&station_id=505041&start_date=2026-06-08&end_date=2026-09-06,th_agency_12,available
505041,discharge_reported,discharge,2026-06-08,2026-09-06,91,2184,2026-06-08 00:00,2026-09-06 23:00,0,empty_in_tested_window,200,application/json; charset=utf-8,2026-09-13T18:23:40.926744+00:00,199817,cb2d170f3e5ca79fdcba1ed2ae160125822720fb7d4cca3266132a088941edda,bodies/505041_2026-06-08_2026-09-06_a1.body,receipts/505041_2026-06-08_2026-09-06_a1.json,new,new_20260913_505041_2026-06-08_2026-09-06_a1,https://api-v3.thaiwater.net/api/v1/thaiwater30/public/waterlevel_graph?station_type=tele_waterlevel&station_id=505041&start_date=2026-06-08&end_date=2026-09-06,th_agency_12,unknown
505050,stage_reported,value,2026-08-31,2026-09-06,7,168,2026-08-31 00:00,2026-09-06 23:00,148,available,200,application/json; charset=utf-8,2026-09-13T18:23:42.365313+00:00,13745,45308eb85a03a28d2248593700ea00e5055ee75111cca83f468ce267840c4408,bodies/505050_2026-08-31_2026-09-06_a1.body,receipts/505050_2026-08-31_2026-09-06_a1.json,new,new_20260913_505050_2026-08-31_2026-09-06_a1,https://api-v3.thaiwater.net/api/v1/thaiwater30/public/waterlevel_graph?station_type=tele_waterlevel&station_id=505050&start_date=2026-08-31&end_date=2026-09-06,th_agency_12,available
505050,discharge_reported,discharge,2026-08-31,2026-09-06,7,168,2026-08-31 00:00,2026-09-06 23:00,148,available,200,application/json; charset=utf-8,2026-09-13T18:23:42.365313+00:00,13745,45308eb85a03a28d2248593700ea00e5055ee75111cca83f468ce267840c4408,bodies/505050_2026-08-31_2026-09-06_a1.body,receipts/505050_2026-08-31_2026-09-06_a1.json,new,new_20260913_505050_2026-08-31_2026-09-06_a1,https://api-v3.thaiwater.net/api/v1/thaiwater30/public/waterlevel_graph?station_type=tele_waterlevel&station_id=505050&start_date=2026-08-31&end_date=2026-09-06,th_agency_12,available
505052,stage_reported,value,2026-06-08,2026-09-06,91,2184,2026-06-08 00:00,2026-09-06 23:00,1975,available,200,application/json; charset=utf-8,2026-09-13T18:23:44.427335+00:00,172440,9be87cf513ce8b678e879f43b9f8bbe3501dcf3518843e589592b20494ff9553,bodies/505052_2026-06-08_2026-09-06_a1.body,receipts/505052_2026-06-08_2026-09-06_a1.json,new,new_20260913_505052_2026-06-08_2026-09-06_a1,https://api-v3.thaiwater.net/api/v1/thaiwater30/public/waterlevel_graph?station_type=tele_waterlevel&station_id=505052&start_date=2026-06-08&end_date=2026-09-06,th_agency_12,available
505052,discharge_reported,discharge,2026-06-08,2026-09-06,91,2184,2026-06-08 00:00,2026-09-06 23:00,0,empty_in_tested_window,200,application/json; charset=utf-8,2026-09-13T18:23:44.427335+00:00,172440,9be87cf513ce8b678e879f43b9f8bbe3501dcf3518843e589592b20494ff9553,bodies/505052_2026-06-08_2026-09-06_a1.body,receipts/505052_2026-06-08_2026-09-06_a1.json,new,new_20260913_505052_2026-06-08_2026-09-06_a1,https://api-v3.thaiwater.net/api/v1/thaiwater30/public/waterlevel_graph?station_type=tele_waterlevel&station_id=505052&start_date=2026-06-08&end_date=2026-09-06,th_agency_12,unknown
505056,stage_reported,value,2026-06-08,2026-09-06,91,2184,2026-06-08 00:00,2026-09-06 23:00,1975,available,200,application/json; charset=utf-8,2026-09-13T18:23:53.718778+00:00,172796,27bfc128b3d68b86d767dfd4e851d893479c416896bd77de13ae642c93734af7,bodies/505056_2026-06-08_2026-09-06_a1.body,receipts/505056_2026-06-08_2026-09-06_a1.json,new,new_20260913_505056_2026-06-08_2026-09-06_a1,https://api-v3.thaiwater.net/api/v1/thaiwater30/public/waterlevel_graph?station_type=tele_waterlevel&station_id=505056&start_date=2026-06-08&end_date=2026-09-06,th_agency_12,available
505056,discharge_reported,discharge,2026-06-08,2026-09-06,91,2184,2026-06-08 00:00,2026-09-06 23:00,0,empty_in_tested_window,200,application/json; charset=utf-8,2026-09-13T18:23:53.718778+00:00,172796,27bfc128b3d68b86d767dfd4e851d893479c416896bd77de13ae642c93734af7,bodies/505056_2026-06-08_2026-09-06_a1.body,receipts/505056_2026-06-08_2026-09-06_a1.json,new,new_20260913_505056_2026-06-08_2026-09-06_a1,https://api-v3.thaiwater.net/api/v1/thaiwater30/public/waterlevel_graph?station_type=tele_waterlevel&station_id=505056&start_date=2026-06-08&end_date=2026-09-06,th_agency_12,unknown
505069,stage_reported,value,2026-08-31,2026-09-06,7,168,2026-08-31 00:00,2026-09-06 23:00,148,available,200,application/json; charset=utf-8,2026-09-13T18:23:55.096194+00:00,13751,ce330a9c5bd31eefe76a2d80e9045998900a38c5efe8de20f5de7f94dc5888f8,bodies/505069_2026-08-31_2026-09-06_a1.body,receipts/505069_2026-08-31_2026-09-06_a1.json,new,new_20260913_505069_2026-08-31_2026-09-06_a1,https://api-v3.thaiwater.net/api/v1/thaiwater30/public/waterlevel_graph?station_type=tele_waterlevel&station_id=505069&start_date=2026-08-31&end_date=2026-09-06,th_agency_12,available
505069,discharge_reported,discharge,2026-08-31,2026-09-06,7,168,2026-08-31 00:00,2026-09-06 23:00,148,available,200,application/json; charset=utf-8,2026-09-13T18:23:55.096194+00:00,13751,ce330a9c5bd31eefe76a2d80e9045998900a38c5efe8de20f5de7f94dc5888f8,bodies/505069_2026-08-31_2026-09-06_a1.body,receipts/505069_2026-08-31_2026-09-06_a1.json,new,new_20260913_505069_2026-08-31_2026-09-06_a1,https://api-v3.thaiwater.net/api/v1/thaiwater30/public/waterlevel_graph?station_type=tele_waterlevel&station_id=505069&start_date=2026-08-31&end_date=2026-09-06,th_agency_12,available
505072,stage_reported,value,2026-06-08,2026-09-06,91,2184,2026-06-08 00:00,2026-09-06 23:00,1975,available,200,application/json; charset=utf-8,2026-09-13T18:23:57.118462+00:00,173539,08660fc8b7fc59b722e1ccf13434242df7706156fa4a0fd2a4624d80a5c9b679,bodies/505072_2026-06-08_2026-09-06_a1.body,receipts/505072_2026-06-08_2026-09-06_a1.json,new,new_20260913_505072_2026-06-08_2026-09-06_a1,https://api-v3.thaiwater.net/api/v1/thaiwater30/public/waterlevel_graph?station_type=tele_waterlevel&station_id=505072&start_date=2026-06-08&end_date=2026-09-06,th_agency_12,available
505072,discharge_reported,discharge,2026-06-08,2026-09-06,91,2184,2026-06-08 00:00,2026-09-06 23:00,0,empty_in_tested_window,200,application/json; charset=utf-8,2026-09-13T18:23:57.118462+00:00,173539,08660fc8b7fc59b722e1ccf13434242df7706156fa4a0fd2a4624d80a5c9b679,bodies/505072_2026-06-08_2026-09-06_a1.body,receipts/505072_2026-06-08_2026-09-06_a1.json,new,new_20260913_505072_2026-06-08_2026-09-06_a1,https://api-v3.thaiwater.net/api/v1/thaiwater30/public/waterlevel_graph?station_type=tele_waterlevel&station_id=505072&start_date=2026-06-08&end_date=2026-09-06,th_agency_12,unknown
508035,stage_reported,value,2026-08-31,2026-09-06,7,168,2026-08-31 00:00,2026-09-06 23:00,160,available,200,application/json; charset=utf-8,2026-09-13T18:23:58.509848+00:00,13679,76e12a4b48b800ddcf4ad9fe52335b529661a79c6abb1dd87ee25342c6ff3ca3,bodies/508035_2026-08-31_2026-09-06_a1.body,receipts/508035_2026-08-31_2026-09-06_a1.json,new,new_20260913_508035_2026-08-31_2026-09-06_a1,https://api-v3.thaiwater.net/api/v1/thaiwater30/public/waterlevel_graph?station_type=tele_waterlevel&station_id=508035&start_date=2026-08-31&end_date=2026-09-06,th_agency_12,available
508035,discharge_reported,discharge,2026-08-31,2026-09-06,7,168,2026-08-31 00:00,2026-09-06 23:00,160,available,200,application/json; charset=utf-8,2026-09-13T18:23:58.509848+00:00,13679,76e12a4b48b800ddcf4ad9fe52335b529661a79c6abb1dd87ee25342c6ff3ca3,bodies/508035_2026-08-31_2026-09-06_a1.body,receipts/508035_2026-08-31_2026-09-06_a1.json,new,new_20260913_508035_2026-08-31_2026-09-06_a1,https://api-v3.thaiwater.net/api/v1/thaiwater30/public/waterlevel_graph?station_type=tele_waterlevel&station_id=508035&start_date=2026-08-31&end_date=2026-09-06,th_agency_12,available
516210,stage_reported,value,2026-06-08,2026-09-06,91,13104,2026-06-08 00:00,2026-09-06 23:50,10179,available,200,application/json; charset=utf-8,2026-09-13T18:24:02.729139+00:00,1054739,9bdb6fe99cd0ffd1529aa80d96d628cc61c8c8cc95be07ad910da1aa80ce9ab8,bodies/516210_2026-06-08_2026-09-06_a1.body,receipts/516210_2026-06-08_2026-09-06_a1.json,new,new_20260913_516210_2026-06-08_2026-09-06_a1,https://api-v3.thaiwater.net/api/v1/thaiwater30/public/waterlevel_graph?station_type=tele_waterlevel&station_id=516210&start_date=2026-06-08&end_date=2026-09-06,th_agency_91,available
516210,discharge_reported,discharge,2026-06-08,2026-09-06,91,13104,2026-06-08 00:00,2026-09-06 23:50,0,empty_in_tested_window,200,application/json; charset=utf-8,2026-09-13T18:24:02.729139+00:00,1054739,9bdb6fe99cd0ffd1529aa80d96d628cc61c8c8cc95be07ad910da1aa80ce9ab8,bodies/516210_2026-06-08_2026-09-06_a1.body,receipts/516210_2026-06-08_2026-09-06_a1.json,new,new_20260913_516210_2026-06-08_2026-09-06_a1,https://api-v3.thaiwater.net/api/v1/thaiwater30/public/waterlevel_graph?station_type=tele_waterlevel&station_id=516210&start_date=2026-06-08&end_date=2026-09-06,th_agency_91,unknown
516213,stage_reported,value,2026-06-08,2026-09-06,91,13104,2026-06-08 00:00,2026-09-06 23:50,12918,available,200,application/json; charset=utf-8,2026-09-13T18:24:05.387695+00:00,1059393,4d62a4db80c4d56963f39296e9ddc4b0f0eaac52f1e368fc84f97fbc511e8afe,bodies/516213_2026-06-08_2026-09-06_a1.body,receipts/516213_2026-06-08_2026-09-06_a1.json,new,new_20260913_516213_2026-06-08_2026-09-06_a1,https://api-v3.thaiwater.net/api/v1/thaiwater30/public/waterlevel_graph?station_type=tele_waterlevel&station_id=516213&start_date=2026-06-08&end_date=2026-09-06,th_agency_91,available
516213,discharge_reported,discharge,2026-06-08,2026-09-06,91,13104,2026-06-08 00:00,2026-09-06 23:50,0,empty_in_tested_window,200,application/json; charset=utf-8,2026-09-13T18:24:05.387695+00:00,1059393,4d62a4db80c4d56963f39296e9ddc4b0f0eaac52f1e368fc84f97fbc511e8afe,bodies/516213_2026-06-08_2026-09-06_a1.body,receipts/516213_2026-06-08_2026-09-06_a1.json,new,new_20260913_516213_2026-06-08_2026-09-06_a1,https://api-v3.thaiwater.net/api/v1/thaiwater30/public/waterlevel_graph?station_type=tele_waterlevel&station_id=516213&start_date=2026-06-08&end_date=2026-09-06,th_agency_91,unknown
516216,stage_reported,value,2026-06-08,2026-09-06,91,13104,2026-06-08 00:00,2026-09-06 23:50,12907,available,200,application/json; charset=utf-8,2026-09-13T18:24:07.873641+00:00,1059461,a0a451a55bf673d20ad2d404e46917422b1231d3d17b316af12e5af2b944602d,bodies/516216_2026-06-08_2026-09-06_a1.body,receipts/516216_2026-06-08_2026-09-06_a1.json,new,new_20260913_516216_2026-06-08_2026-09-06_a1,https://api-v3.thaiwater.net/api/v1/thaiwater30/public/waterlevel_graph?station_type=tele_waterlevel&station_id=516216&start_date=2026-06-08&end_date=2026-09-06,th_agency_91,available
516216,discharge_reported,discharge,2026-06-08,2026-09-06,91,13104,2026-06-08 00:00,2026-09-06 23:50,0,empty_in_tested_window,200,application/json; charset=utf-8,2026-09-13T18:24:07.873641+00:00,1059461,a0a451a55bf673d20ad2d404e46917422b1231d3d17b316af12e5af2b944602d,bodies/516216_2026-06-08_2026-09-06_a1.body,receipts/516216_2026-06-08_2026-09-06_a1.json,new,new_20260913_516216_2026-06-08_2026-09-06_a1,https://api-v3.thaiwater.net/api/v1/thaiwater30/public/waterlevel_graph?station_type=tele_waterlevel&station_id=516216&start_date=2026-06-08&end_date=2026-09-06,th_agency_91,unknown
516218,stage_reported,value,2026-06-08,2026-09-06,91,13104,2026-06-08 00:00,2026-09-06 23:50,12764,available,200,application/json; charset=utf-8,2026-09-13T18:24:10.316474+00:00,1059000,b1550efee9c29091a74ee7c8eb7fa40c69354024475a2f255945759719c289f1,bodies/516218_2026-06-08_2026-09-06_a1.body,receipts/516218_2026-06-08_2026-09-06_a1.json,new,new_20260913_516218_2026-06-08_2026-09-06_a1,https://api-v3.thaiwater.net/api/v1/thaiwater30/public/waterlevel_graph?station_type=tele_waterlevel&station_id=516218&start_date=2026-06-08&end_date=2026-09-06,th_agency_91,available
516218,discharge_reported,discharge,2026-06-08,2026-09-06,91,13104,2026-06-08 00:00,2026-09-06 23:50,0,empty_in_tested_window,200,application/json; charset=utf-8,2026-09-13T18:24:10.316474+00:00,1059000,b1550efee9c29091a74ee7c8eb7fa40c69354024475a2f255945759719c289f1,bodies/516218_2026-06-08_2026-09-06_a1.body,receipts/516218_2026-06-08_2026-09-06_a1.json,new,new_20260913_516218_2026-06-08_2026-09-06_a1,https://api-v3.thaiwater.net/api/v1/thaiwater30/public/waterlevel_graph?station_type=tele_waterlevel&station_id=516218&start_date=2026-06-08&end_date=2026-09-06,th_agency_91,unknown
527828,stage_reported,value,2026-08-31,2026-09-06,7,168,2026-08-31 00:00,2026-09-06 23:00,161,available,200,application/json; charset=utf-8,2026-09-13T18:24:11.708530+00:00,14444,57099e946f177b88b415df345f6aaf5252dfea9eafed42bf383e04b6b176fc65,bodies/527828_2026-08-31_2026-09-06_a1.body,receipts/527828_2026-08-31_2026-09-06_a1.json,new,new_20260913_527828_2026-08-31_2026-09-06_a1,https://api-v3.thaiwater.net/api/v1/thaiwater30/public/waterlevel_graph?station_type=tele_waterlevel&station_id=527828&start_date=2026-08-31&end_date=2026-09-06,th_agency_12,available
527828,discharge_reported,discharge,2026-08-31,2026-09-06,7,168,2026-08-31 00:00,2026-09-06 23:00,161,available,200,application/json; charset=utf-8,2026-09-13T18:24:11.708530+00:00,14444,57099e946f177b88b415df345f6aaf5252dfea9eafed42bf383e04b6b176fc65,bodies/527828_2026-08-31_2026-09-06_a1.body,receipts/527828_2026-08-31_2026-09-06_a1.json,new,new_20260913_527828_2026-08-31_2026-09-06_a1,https://api-v3.thaiwater.net/api/v1/thaiwater30/public/waterlevel_graph?station_type=tele_waterlevel&station_id=527828&start_date=2026-08-31&end_date=2026-09-06,th_agency_12,available
528052,stage_reported,value,2026-06-08,2026-09-06,91,2184,2026-06-08 00:00,2026-09-06 23:00,1830,available,200,application/json; charset=utf-8,2026-09-13T18:24:14.354908+00:00,193199,9490fad8a73a6b0a6406be373c657d0b4d38c4d22f6633febb72ccb07c6160d5,bodies/528052_2026-06-08_2026-09-06_a1.body,receipts/528052_2026-06-08_2026-09-06_a1.json,new,new_20260913_528052_2026-06-08_2026-09-06_a1,https://api-v3.thaiwater.net/api/v1/thaiwater30/public/waterlevel_graph?station_type=tele_waterlevel&station_id=528052&start_date=2026-06-08&end_date=2026-09-06,th_agency_12,available
528052,discharge_reported,discharge,2026-06-08,2026-09-06,91,2184,2026-06-08 00:00,2026-09-06 23:00,0,empty_in_tested_window,200,application/json; charset=utf-8,2026-09-13T18:24:14.354908+00:00,193199,9490fad8a73a6b0a6406be373c657d0b4d38c4d22f6633febb72ccb07c6160d5,bodies/528052_2026-06-08_2026-09-06_a1.body,receipts/528052_2026-06-08_2026-09-06_a1.json,new,new_20260913_528052_2026-06-08_2026-09-06_a1,https://api-v3.thaiwater.net/api/v1/thaiwater30/public/waterlevel_graph?station_type=tele_waterlevel&station_id=528052&start_date=2026-06-08&end_date=2026-09-06,th_agency_12,unknown
529399,stage_reported,value,2026-06-08,2026-09-06,91,13104,2026-06-08 00:00,2026-09-06 23:50,12900,available,200,application/json; charset=utf-8,2026-09-13T18:24:17.429545+00:00,1059403,5c08f2e007814ad14e08d3c1d43f7e73619eb3a3149826a773080ebc32fcbc7c,bodies/529399_2026-06-08_2026-09-06_a1.body,receipts/529399_2026-06-08_2026-09-06_a1.json,new,new_20260913_529399_2026-06-08_2026-09-06_a1,https://api-v3.thaiwater.net/api/v1/thaiwater30/public/waterlevel_graph?station_type=tele_waterlevel&station_id=529399&start_date=2026-06-08&end_date=2026-09-06,th_agency_91,available
529399,discharge_reported,discharge,2026-06-08,2026-09-06,91,13104,2026-06-08 00:00,2026-09-06 23:50,0,empty_in_tested_window,200,application/json; charset=utf-8,2026-09-13T18:24:17.429545+00:00,1059403,5c08f2e007814ad14e08d3c1d43f7e73619eb3a3149826a773080ebc32fcbc7c,bodies/529399_2026-06-08_2026-09-06_a1.body,receipts/529399_2026-06-08_2026-09-06_a1.json,new,new_20260913_529399_2026-06-08_2026-09-06_a1,https://api-v3.thaiwater.net/api/v1/thaiwater30/public/waterlevel_graph?station_type=tele_waterlevel&station_id=529399&start_date=2026-06-08&end_date=2026-09-06,th_agency_91,unknown
558654,stage_reported,value,2026-06-08,2026-09-06,91,2184,2026-06-08 00:00,2026-09-06 23:00,2184,available,200,application/json; charset=utf-8,2026-09-13T18:24:19.407303+00:00,178454,dc57c7b692377014da31b8c32bc0e7712a406807dd3ab9a7fb233707b7193199,bodies/558654_2026-06-08_2026-09-06_a1.body,receipts/558654_2026-06-08_2026-09-06_a1.json,new,new_20260913_558654_2026-06-08_2026-09-06_a1,https://api-v3.thaiwater.net/api/v1/thaiwater30/public/waterlevel_graph?station_type=tele_waterlevel&station_id=558654&start_date=2026-06-08&end_date=2026-09-06,th_agency_8,available
558654,discharge_reported,discharge,2026-06-08,2026-09-06,91,2184,2026-06-08 00:00,2026-09-06 23:00,0,empty_in_tested_window,200,application/json; charset=utf-8,2026-09-13T18:24:19.407303+00:00,178454,dc57c7b692377014da31b8c32bc0e7712a406807dd3ab9a7fb233707b7193199,bodies/558654_2026-06-08_2026-09-06_a1.body,receipts/558654_2026-06-08_2026-09-06_a1.json,new,new_20260913_558654_2026-06-08_2026-09-06_a1,https://api-v3.thaiwater.net/api/v1/thaiwater30/public/waterlevel_graph?station_type=tele_waterlevel&station_id=558654&start_date=2026-06-08&end_date=2026-09-06,th_agency_8,unknown
558658,stage_reported,value,2026-06-08,2026-09-06,91,2184,2026-06-08 00:00,2026-09-06 23:00,2184,available,200,application/json; charset=utf-8,2026-09-13T18:24:21.493428+00:00,178855,0f15e1fc894845909b00fa1ddea4abda5fb408fee57f518f7b9130a312249465,bodies/558658_2026-06-08_2026-09-06_a1.body,receipts/558658_2026-06-08_2026-09-06_a1.json,new,new_20260913_558658_2026-06-08_2026-09-06_a1,https://api-v3.thaiwater.net/api/v1/thaiwater30/public/waterlevel_graph?station_type=tele_waterlevel&station_id=558658&start_date=2026-06-08&end_date=2026-09-06,th_agency_8,available
558658,discharge_reported,discharge,2026-06-08,2026-09-06,91,2184,2026-06-08 00:00,2026-09-06 23:00,0,empty_in_tested_window,200,application/json; charset=utf-8,2026-09-13T18:24:21.493428+00:00,178855,0f15e1fc894845909b00fa1ddea4abda5fb408fee57f518f7b9130a312249465,bodies/558658_2026-06-08_2026-09-06_a1.body,receipts/558658_2026-06-08_2026-09-06_a1.json,new,new_20260913_558658_2026-06-08_2026-09-06_a1,https://api-v3.thaiwater.net/api/v1/thaiwater30/public/waterlevel_graph?station_type=tele_waterlevel&station_id=558658&start_date=2026-06-08&end_date=2026-09-06,th_agency_8,unknown
558661,stage_reported,value,2026-06-08,2026-09-06,91,2184,2026-06-08 00:00,2026-09-06 23:00,2180,available,200,application/json; charset=utf-8,2026-09-13T18:24:23.533563+00:00,178590,414a26001a8c7d2523931f354b013798059fd8495acfad4fc6b21aa7ab6f40a5,bodies/558661_2026-06-08_2026-09-06_a1.body,receipts/558661_2026-06-08_2026-09-06_a1.json,new,new_20260913_558661_2026-06-08_2026-09-06_a1,https://api-v3.thaiwater.net/api/v1/thaiwater30/public/waterlevel_graph?station_type=tele_waterlevel&station_id=558661&start_date=2026-06-08&end_date=2026-09-06,th_agency_8,available
558661,discharge_reported,discharge,2026-06-08,2026-09-06,91,2184,2026-06-08 00:00,2026-09-06 23:00,0,empty_in_tested_window,200,application/json; charset=utf-8,2026-09-13T18:24:23.533563+00:00,178590,414a26001a8c7d2523931f354b013798059fd8495acfad4fc6b21aa7ab6f40a5,bodies/558661_2026-06-08_2026-09-06_a1.body,receipts/558661_2026-06-08_2026-09-06_a1.json,new,new_20260913_558661_2026-06-08_2026-09-06_a1,https://api-v3.thaiwater.net/api/v1/thaiwater30/public/waterlevel_graph?station_type=tele_waterlevel&station_id=558661&start_date=2026-06-08&end_date=2026-09-06,th_agency_8,unknown
562796,stage_reported,value,2026-08-31,2026-09-06,7,168,2026-08-31 00:00,2026-09-06 23:00,168,available,200,application/json; charset=utf-8,2026-09-13T18:24:24.991538+00:00,14245,7e14e7094a5b15321b00c95b30e04c925b0fd880ae04d1fef759f027f7b58460,bodies/562796_2026-08-31_2026-09-06_a1.body,receipts/562796_2026-08-31_2026-09-06_a1.json,new,new_20260913_562796_2026-08-31_2026-09-06_a1,https://api-v3.thaiwater.net/api/v1/thaiwater30/public/waterlevel_graph?station_type=tele_waterlevel&station_id=562796&start_date=2026-08-31&end_date=2026-09-06,th_agency_8,available
562796,discharge_reported,discharge,2026-08-31,2026-09-06,7,168,2026-08-31 00:00,2026-09-06 23:00,168,available,200,application/json; charset=utf-8,2026-09-13T18:24:24.991538+00:00,14245,7e14e7094a5b15321b00c95b30e04c925b0fd880ae04d1fef759f027f7b58460,bodies/562796_2026-08-31_2026-09-06_a1.body,receipts/562796_2026-08-31_2026-09-06_a1.json,new,new_20260913_562796_2026-08-31_2026-09-06_a1,https://api-v3.thaiwater.net/api/v1/thaiwater30/public/waterlevel_graph?station_type=tele_waterlevel&station_id=562796&start_date=2026-08-31&end_date=2026-09-06,th_agency_8,available
562799,stage_reported,value,2026-08-31,2026-09-06,7,168,2026-08-31 00:00,2026-09-06 23:00,168,available,200,application/json; charset=utf-8,2026-09-13T18:24:26.392232+00:00,13536,cc7fc2c4fbbe8970209466607a3c55d9c7625163987dc3a48d8541f9e2499f28,bodies/562799_2026-08-31_2026-09-06_a1.body,receipts/562799_2026-08-31_2026-09-06_a1.json,new,new_20260913_562799_2026-08-31_2026-09-06_a1,https://api-v3.thaiwater.net/api/v1/thaiwater30/public/waterlevel_graph?station_type=tele_waterlevel&station_id=562799&start_date=2026-08-31&end_date=2026-09-06,th_agency_8,available
562799,discharge_reported,discharge,2026-08-31,2026-09-06,7,168,2026-08-31 00:00,2026-09-06 23:00,168,available,200,application/json; charset=utf-8,2026-09-13T18:24:26.392232+00:00,13536,cc7fc2c4fbbe8970209466607a3c55d9c7625163987dc3a48d8541f9e2499f28,bodies/562799_2026-08-31_2026-09-06_a1.body,receipts/562799_2026-08-31_2026-09-06_a1.json,new,new_20260913_562799_2026-08-31_2026-09-06_a1,https://api-v3.thaiwater.net/api/v1/thaiwater30/public/waterlevel_graph?station_type=tele_waterlevel&station_id=562799&start_date=2026-08-31&end_date=2026-09-06,th_agency_8,available
562800,stage_reported,value,2026-06-08,2026-09-06,91,2184,2026-06-08 00:00,2026-09-06 23:00,2184,available,200,application/json; charset=utf-8,2026-09-13T18:24:28.480124+00:00,176788,07ea635d48489ef6337b9b7903e4972b5f09ef4ae69e7683d0ea55e4b3f62ec7,bodies/562800_2026-06-08_2026-09-06_a1.body,receipts/562800_2026-06-08_2026-09-06_a1.json,new,new_20260913_562800_2026-06-08_2026-09-06_a1,https://api-v3.thaiwater.net/api/v1/thaiwater30/public/waterlevel_graph?station_type=tele_waterlevel&station_id=562800&start_date=2026-06-08&end_date=2026-09-06,th_agency_8,available
562800,discharge_reported,discharge,2026-06-08,2026-09-06,91,2184,2026-06-08 00:00,2026-09-06 23:00,0,empty_in_tested_window,200,application/json; charset=utf-8,2026-09-13T18:24:28.480124+00:00,176788,07ea635d48489ef6337b9b7903e4972b5f09ef4ae69e7683d0ea55e4b3f62ec7,bodies/562800_2026-06-08_2026-09-06_a1.body,receipts/562800_2026-06-08_2026-09-06_a1.json,new,new_20260913_562800_2026-06-08_2026-09-06_a1,https://api-v3.thaiwater.net/api/v1/thaiwater30/public/waterlevel_graph?station_type=tele_waterlevel&station_id=562800&start_date=2026-06-08&end_date=2026-09-06,th_agency_8,unknown
562802,stage_reported,value,2026-06-08,2026-09-06,91,2184,2026-06-08 00:00,2026-09-06 23:00,2184,available,200,application/json; charset=utf-8,2026-09-13T18:24:30.505630+00:00,176805,705e3b965a2e380dfab72669e93547a906723fb99064bf67ed4451b153970941,bodies/562802_2026-06-08_2026-09-06_a1.body,receipts/562802_2026-06-08_2026-09-06_a1.json,new,new_20260913_562802_2026-06-08_2026-09-06_a1,https://api-v3.thaiwater.net/api/v1/thaiwater30/public/waterlevel_graph?station_type=tele_waterlevel&station_id=562802&start_date=2026-06-08&end_date=2026-09-06,th_agency_8,available
562802,discharge_reported,discharge,2026-06-08,2026-09-06,91,2184,2026-06-08 00:00,2026-09-06 23:00,0,empty_in_tested_window,200,application/json; charset=utf-8,2026-09-13T18:24:30.505630+00:00,176805,705e3b965a2e380dfab72669e93547a906723fb99064bf67ed4451b153970941,bodies/562802_2026-06-08_2026-09-06_a1.body,receipts/562802_2026-06-08_2026-09-06_a1.json,new,new_20260913_562802_2026-06-08_2026-09-06_a1,https://api-v3.thaiwater.net/api/v1/thaiwater30/public/waterlevel_graph?station_type=tele_waterlevel&station_id=562802&start_date=2026-06-08&end_date=2026-09-06,th_agency_8,unknown
562803,stage_reported,value,2026-06-08,2026-09-06,91,2184,2026-06-08 00:00,2026-09-06 23:00,2184,available,200,application/json; charset=utf-8,2026-09-13T18:24:32.605694+00:00,175946,8a84841b3bf9ef94a5d63264d8b33b505f0433553ef95e72d30795a0f998daf1,bodies/562803_2026-06-08_2026-09-06_a1.body,receipts/562803_2026-06-08_2026-09-06_a1.json,new,new_20260913_562803_2026-06-08_2026-09-06_a1,https://api-v3.thaiwater.net/api/v1/thaiwater30/public/waterlevel_graph?station_type=tele_waterlevel&station_id=562803&start_date=2026-06-08&end_date=2026-09-06,th_agency_8,available
562803,discharge_reported,discharge,2026-06-08,2026-09-06,91,2184,2026-06-08 00:00,2026-09-06 23:00,0,empty_in_tested_window,200,application/json; charset=utf-8,2026-09-13T18:24:32.605694+00:00,175946,8a84841b3bf9ef94a5d63264d8b33b505f0433553ef95e72d30795a0f998daf1,bodies/562803_2026-06-08_2026-09-06_a1.body,receipts/562803_2026-06-08_2026-09-06_a1.json,new,new_20260913_562803_2026-06-08_2026-09-06_a1,https://api-v3.thaiwater.net/api/v1/thaiwater30/public/waterlevel_graph?station_type=tele_waterlevel&station_id=562803&start_date=2026-06-08&end_date=2026-09-06,th_agency_8,unknown
562804,stage_reported,value,2026-06-08,2026-09-06,91,2184,2026-06-08 00:00,2026-09-06 23:00,2184,available,200,application/json; charset=utf-8,2026-09-13T18:24:34.690114+00:00,178942,a83b753e44f96a717b9b1fb954bda3ff71472c0b055b8e3597c938d8af636a77,bodies/562804_2026-06-08_2026-09-06_a1.body,receipts/562804_2026-06-08_2026-09-06_a1.json,new,new_20260913_562804_2026-06-08_2026-09-06_a1,https://api-v3.thaiwater.net/api/v1/thaiwater30/public/waterlevel_graph?station_type=tele_waterlevel&station_id=562804&start_date=2026-06-08&end_date=2026-09-06,th_agency_8,available
562804,discharge_reported,discharge,2026-06-08,2026-09-06,91,2184,2026-06-08 00:00,2026-09-06 23:00,0,empty_in_tested_window,200,application/json; charset=utf-8,2026-09-13T18:24:34.690114+00:00,178942,a83b753e44f96a717b9b1fb954bda3ff71472c0b055b8e3597c938d8af636a77,bodies/562804_2026-06-08_2026-09-06_a1.body,receipts/562804_2026-06-08_2026-09-06_a1.json,new,new_20260913_562804_2026-06-08_2026-09-06_a1,https://api-v3.thaiwater.net/api/v1/thaiwater30/public/waterlevel_graph?station_type=tele_waterlevel&station_id=562804&start_date=2026-06-08&end_date=2026-09-06,th_agency_8,unknown
562808,stage_reported,value,2026-06-08,2026-09-06,91,2184,2026-06-08 00:00,2026-09-06 23:00,2184,available,200,application/json; charset=utf-8,2026-09-13T18:24:36.694204+00:00,178976,b72ec2237bf0706bd9253f028149097346cdf662edb82dc4e71e76ddf9688860,bodies/562808_2026-06-08_2026-09-06_a1.body,receipts/562808_2026-06-08_2026-09-06_a1.json,new,new_20260913_562808_2026-06-08_2026-09-06_a1,https://api-v3.thaiwater.net/api/v1/thaiwater30/public/waterlevel_graph?station_type=tele_waterlevel&station_id=562808&start_date=2026-06-08&end_date=2026-09-06,th_agency_8,available
562808,discharge_reported,discharge,2026-06-08,2026-09-06,91,2184,2026-06-08 00:00,2026-09-06 23:00,0,empty_in_tested_window,200,application/json; charset=utf-8,2026-09-13T18:24:36.694204+00:00,178976,b72ec2237bf0706bd9253f028149097346cdf662edb82dc4e71e76ddf9688860,bodies/562808_2026-06-08_2026-09-06_a1.body,receipts/562808_2026-06-08_2026-09-06_a1.json,new,new_20260913_562808_2026-06-08_2026-09-06_a1,https://api-v3.thaiwater.net/api/v1/thaiwater30/public/waterlevel_graph?station_type=tele_waterlevel&station_id=562808&start_date=2026-06-08&end_date=2026-09-06,th_agency_8,unknown
575565,stage_reported,value,2026-06-08,2026-09-06,91,13104,2026-06-08 00:00,2026-09-06 23:50,5063,available,200,application/json; charset=utf-8,2026-09-13T18:24:40.243652+00:00,1034811,b2bc59774384cf61023bc9325433cebc8df50e116c7ea11a3abee43b3c3a94b8,bodies/575565_2026-06-08_2026-09-06_a1.body,receipts/575565_2026-06-08_2026-09-06_a1.json,new,new_20260913_575565_2026-06-08_2026-09-06_a1,https://api-v3.thaiwater.net/api/v1/thaiwater30/public/waterlevel_graph?station_type=tele_waterlevel&station_id=575565&start_date=2026-06-08&end_date=2026-09-06,th_agency_9,available
575565,discharge_reported,discharge,2026-06-08,2026-09-06,91,13104,2026-06-08 00:00,2026-09-06 23:50,0,empty_in_tested_window,200,application/json; charset=utf-8,2026-09-13T18:24:40.243652+00:00,1034811,b2bc59774384cf61023bc9325433cebc8df50e116c7ea11a3abee43b3c3a94b8,bodies/575565_2026-06-08_2026-09-06_a1.body,receipts/575565_2026-06-08_2026-09-06_a1.json,new,new_20260913_575565_2026-06-08_2026-09-06_a1,https://api-v3.thaiwater.net/api/v1/thaiwater30/public/waterlevel_graph?station_type=tele_waterlevel&station_id=575565&start_date=2026-06-08&end_date=2026-09-06,th_agency_9,unknown
575566,stage_reported,value,2026-06-08,2026-09-06,91,13104,2026-06-08 00:00,2026-09-06 23:50,12608,available,200,application/json; charset=utf-8,2026-09-13T18:24:42.871940+00:00,1037139,854281ab1aa8d58a7813ae33364f8c9c2e56ccfde02747e67e75698d8b8daff0,bodies/575566_2026-06-08_2026-09-06_a1.body,receipts/575566_2026-06-08_2026-09-06_a1.json,new,new_20260913_575566_2026-06-08_2026-09-06_a1,https://api-v3.thaiwater.net/api/v1/thaiwater30/public/waterlevel_graph?station_type=tele_waterlevel&station_id=575566&start_date=2026-06-08&end_date=2026-09-06,th_agency_9,available
575566,discharge_reported,discharge,2026-06-08,2026-09-06,91,13104,2026-06-08 00:00,2026-09-06 23:50,0,empty_in_tested_window,200,application/json; charset=utf-8,2026-09-13T18:24:42.871940+00:00,1037139,854281ab1aa8d58a7813ae33364f8c9c2e56ccfde02747e67e75698d8b8daff0,bodies/575566_2026-06-08_2026-09-06_a1.body,receipts/575566_2026-06-08_2026-09-06_a1.json,new,new_20260913_575566_2026-06-08_2026-09-06_a1,https://api-v3.thaiwater.net/api/v1/thaiwater30/public/waterlevel_graph?station_type=tele_waterlevel&station_id=575566&start_date=2026-06-08&end_date=2026-09-06,th_agency_9,unknown
575567,stage_reported,value,2026-06-08,2026-09-06,91,13104,2026-06-08 00:00,2026-09-06 23:50,11819,available,200,application/json; charset=utf-8,2026-09-13T18:24:45.098726+00:00,1036992,284e41dacde7026a3a6caa04f985b860b53928dc04e698cf74370192380884cd,bodies/575567_2026-06-08_2026-09-06_a1.body,receipts/575567_2026-06-08_2026-09-06_a1.json,new,new_20260913_575567_2026-06-08_2026-09-06_a1,https://api-v3.thaiwater.net/api/v1/thaiwater30/public/waterlevel_graph?station_type=tele_waterlevel&station_id=575567&start_date=2026-06-08&end_date=2026-09-06,th_agency_9,available
575567,discharge_reported,discharge,2026-06-08,2026-09-06,91,13104,2026-06-08 00:00,2026-09-06 23:50,0,empty_in_tested_window,200,application/json; charset=utf-8,2026-09-13T18:24:45.098726+00:00,1036992,284e41dacde7026a3a6caa04f985b860b53928dc04e698cf74370192380884cd,bodies/575567_2026-06-08_2026-09-06_a1.body,receipts/575567_2026-06-08_2026-09-06_a1.json,new,new_20260913_575567_2026-06-08_2026-09-06_a1,https://api-v3.thaiwater.net/api/v1/thaiwater30/public/waterlevel_graph?station_type=tele_waterlevel&station_id=575567&start_date=2026-06-08&end_date=2026-09-06,th_agency_9,unknown
575568,stage_reported,value,2026-06-08,2026-09-06,91,13104,2026-06-08 00:00,2026-09-06 23:50,11463,available,200,application/json; charset=utf-8,2026-09-13T18:24:48.397674+00:00,1037762,9c0475058f186df9f4a3332a555e945c3dbcd12fcee6a675b9203127f40cafe3,bodies/575568_2026-06-08_2026-09-06_a1.body,receipts/575568_2026-06-08_2026-09-06_a1.json,new,new_20260913_575568_2026-06-08_2026-09-06_a1,https://api-v3.thaiwater.net/api/v1/thaiwater30/public/waterlevel_graph?station_type=tele_waterlevel&station_id=575568&start_date=2026-06-08&end_date=2026-09-06,th_agency_9,available
575568,discharge_reported,discharge,2026-06-08,2026-09-06,91,13104,2026-06-08 00:00,2026-09-06 23:50,0,empty_in_tested_window,200,application/json; charset=utf-8,2026-09-13T18:24:48.397674+00:00,1037762,9c0475058f186df9f4a3332a555e945c3dbcd12fcee6a675b9203127f40cafe3,bodies/575568_2026-06-08_2026-09-06_a1.body,receipts/575568_2026-06-08_2026-09-06_a1.json,new,new_20260913_575568_2026-06-08_2026-09-06_a1,https://api-v3.thaiwater.net/api/v1/thaiwater30/public/waterlevel_graph?station_type=tele_waterlevel&station_id=575568&start_date=2026-06-08&end_date=2026-09-06,th_agency_9,unknown
575569,stage_reported,value,2026-06-08,2026-09-06,91,13104,2026-06-08 00:00,2026-09-06 23:50,9969,available,200,application/json; charset=utf-8,2026-09-13T18:24:52.512912+00:00,1034220,5cdcc502b74d806d4d0106c29fbf504550bc586fe86af8a157c0877d1448f253,bodies/575569_2026-06-08_2026-09-06_a1.body,receipts/575569_2026-06-08_2026-09-06_a1.json,new,new_20260913_575569_2026-06-08_2026-09-06_a1,https://api-v3.thaiwater.net/api/v1/thaiwater30/public/waterlevel_graph?station_type=tele_waterlevel&station_id=575569&start_date=2026-06-08&end_date=2026-09-06,th_agency_9,available
575569,discharge_reported,discharge,2026-06-08,2026-09-06,91,13104,2026-06-08 00:00,2026-09-06 23:50,0,empty_in_tested_window,200,application/json; charset=utf-8,2026-09-13T18:24:52.512912+00:00,1034220,5cdcc502b74d806d4d0106c29fbf504550bc586fe86af8a157c0877d1448f253,bodies/575569_2026-06-08_2026-09-06_a1.body,receipts/575569_2026-06-08_2026-09-06_a1.json,new,new_20260913_575569_2026-06-08_2026-09-06_a1,https://api-v3.thaiwater.net/api/v1/thaiwater30/public/waterlevel_graph?station_type=tele_waterlevel&station_id=575569&start_date=2026-06-08&end_date=2026-09-06,th_agency_9,unknown
595071,stage_reported,value,2026-06-08,2026-09-06,91,13104,2026-06-08 00:00,2026-09-06 23:50,13041,available,200,application/json; charset=utf-8,2026-09-13T18:25:16.676985+00:00,1059505,a2455dc7576db89443da7b7a1f30a9fe46975cce1b41eeb131ded94fab40ca34,bodies/595071_2026-06-08_2026-09-06_a1.body,receipts/595071_2026-06-08_2026-09-06_a1.json,new,new_20260913_595071_2026-06-08_2026-09-06_a1,https://api-v3.thaiwater.net/api/v1/thaiwater30/public/waterlevel_graph?station_type=tele_waterlevel&station_id=595071&start_date=2026-06-08&end_date=2026-09-06,th_agency_91,available
595071,discharge_reported,discharge,2026-06-08,2026-09-06,91,13104,2026-06-08 00:00,2026-09-06 23:50,0,empty_in_tested_window,200,application/json; charset=utf-8,2026-09-13T18:25:16.676985+00:00,1059505,a2455dc7576db89443da7b7a1f30a9fe46975cce1b41eeb131ded94fab40ca34,bodies/595071_2026-06-08_2026-09-06_a1.body,receipts/595071_2026-06-08_2026-09-06_a1.json,new,new_20260913_595071_2026-06-08_2026-09-06_a1,https://api-v3.thaiwater.net/api/v1/thaiwater30/public/waterlevel_graph?station_type=tele_waterlevel&station_id=595071&start_date=2026-06-08&end_date=2026-09-06,th_agency_91,unknown
595072,stage_reported,value,2026-06-08,2026-09-06,91,13104,2026-06-08 00:00,2026-09-06 23:50,10511,available,200,application/json; charset=utf-8,2026-09-13T18:25:31.212040+00:00,1055634,f35509279d2adcbf51f7628971ad298f0b10da24a7426f88fdd596d4d6e8b575,bodies/595072_2026-06-08_2026-09-06_a1.body,receipts/595072_2026-06-08_2026-09-06_a1.json,new,new_20260913_595072_2026-06-08_2026-09-06_a1,https://api-v3.thaiwater.net/api/v1/thaiwater30/public/waterlevel_graph?station_type=tele_waterlevel&station_id=595072&start_date=2026-06-08&end_date=2026-09-06,th_agency_91,available
595072,discharge_reported,discharge,2026-06-08,2026-09-06,91,13104,2026-06-08 00:00,2026-09-06 23:50,0,empty_in_tested_window,200,application/json; charset=utf-8,2026-09-13T18:25:31.212040+00:00,1055634,f35509279d2adcbf51f7628971ad298f0b10da24a7426f88fdd596d4d6e8b575,bodies/595072_2026-06-08_2026-09-06_a1.body,receipts/595072_2026-06-08_2026-09-06_a1.json,new,new_20260913_595072_2026-06-08_2026-09-06_a1,https://api-v3.thaiwater.net/api/v1/thaiwater30/public/waterlevel_graph?station_type=tele_waterlevel&station_id=595072&start_date=2026-06-08&end_date=2026-09-06,th_agency_91,unknown
632505,stage_reported,value,2026-08-31,2026-09-06,7,168,2026-08-31 00:00,2026-09-06 23:00,161,available,200,application/json; charset=utf-8,2026-09-13T18:25:33.259426+00:00,15319,f070475bdaf142652139adfcb284ca2ba2a65a1ae9fea44599bbcd63ac1c28b7,bodies/632505_2026-08-31_2026-09-06_a1.body,receipts/632505_2026-08-31_2026-09-06_a1.json,new,new_20260913_632505_2026-08-31_2026-09-06_a1,https://api-v3.thaiwater.net/api/v1/thaiwater30/public/waterlevel_graph?station_type=tele_waterlevel&station_id=632505&start_date=2026-08-31&end_date=2026-09-06,th_agency_12,available
632505,discharge_reported,discharge,2026-08-31,2026-09-06,7,168,2026-08-31 00:00,2026-09-06 23:00,161,available,200,application/json; charset=utf-8,2026-09-13T18:25:33.259426+00:00,15319,f070475bdaf142652139adfcb284ca2ba2a65a1ae9fea44599bbcd63ac1c28b7,bodies/632505_2026-08-31_2026-09-06_a1.body,receipts/632505_2026-08-31_2026-09-06_a1.json,new,new_20260913_632505_2026-08-31_2026-09-06_a1,https://api-v3.thaiwater.net/api/v1/thaiwater30/public/waterlevel_graph?station_type=tele_waterlevel&station_id=632505&start_date=2026-08-31&end_date=2026-09-06,th_agency_12,available
632511,stage_reported,value,2026-08-31,2026-09-06,7,168,2026-08-31 00:00,2026-09-06 23:00,161,available,200,application/json; charset=utf-8,2026-09-13T18:25:36.848692+00:00,14699,627163a1e6ec929e47808b61ad484575ad17ede3b6f9bfd4f782356acc13d1fb,bodies/632511_2026-08-31_2026-09-06_a1.body,receipts/632511_2026-08-31_2026-09-06_a1.json,new,new_20260913_632511_2026-08-31_2026-09-06_a1,https://api-v3.thaiwater.net/api/v1/thaiwater30/public/waterlevel_graph?station_type=tele_waterlevel&station_id=632511&start_date=2026-08-31&end_date=2026-09-06,th_agency_12,available
632511,discharge_reported,discharge,2026-08-31,2026-09-06,7,168,2026-08-31 00:00,2026-09-06 23:00,161,available,200,application/json; charset=utf-8,2026-09-13T18:25:36.848692+00:00,14699,627163a1e6ec929e47808b61ad484575ad17ede3b6f9bfd4f782356acc13d1fb,bodies/632511_2026-08-31_2026-09-06_a1.body,receipts/632511_2026-08-31_2026-09-06_a1.json,new,new_20260913_632511_2026-08-31_2026-09-06_a1,https://api-v3.thaiwater.net/api/v1/thaiwater30/public/waterlevel_graph?station_type=tele_waterlevel&station_id=632511&start_date=2026-08-31&end_date=2026-09-06,th_agency_12,available
638734,stage_reported,value,2026-06-08,2026-09-06,91,13104,2026-06-08 00:00,2026-09-06 23:50,12767,available,200,application/json; charset=utf-8,2026-09-13T18:25:58.427463+00:00,1046856,81d101c7ca40d357c23f4e1915ef347a99d88760f6f0d542a677da38f087805b,bodies/638734_2026-06-08_2026-09-06_a1.body,receipts/638734_2026-06-08_2026-09-06_a1.json,new,new_20260913_638734_2026-06-08_2026-09-06_a1,https://api-v3.thaiwater.net/api/v1/thaiwater30/public/waterlevel_graph?station_type=tele_waterlevel&station_id=638734&start_date=2026-06-08&end_date=2026-09-06,th_agency_91,available
638734,discharge_reported,discharge,2026-06-08,2026-09-06,91,13104,2026-06-08 00:00,2026-09-06 23:50,0,empty_in_tested_window,200,application/json; charset=utf-8,2026-09-13T18:25:58.427463+00:00,1046856,81d101c7ca40d357c23f4e1915ef347a99d88760f6f0d542a677da38f087805b,bodies/638734_2026-06-08_2026-09-06_a1.body,receipts/638734_2026-06-08_2026-09-06_a1.json,new,new_20260913_638734_2026-06-08_2026-09-06_a1,https://api-v3.thaiwater.net/api/v1/thaiwater30/public/waterlevel_graph?station_type=tele_waterlevel&station_id=638734&start_date=2026-06-08&end_date=2026-09-06,th_agency_91,unknown
642740,stage_reported,value,2026-06-08,2026-09-06,91,13104,2026-06-08 00:00,2026-09-06 23:50,13033,available,200,application/json; charset=utf-8,2026-09-13T18:26:10.012144+00:00,1059458,b191c39a13d0322facfb8de4d3852a893ddf668637729ff488999ca8dfd17bf6,bodies/642740_2026-06-08_2026-09-06_a1.body,receipts/642740_2026-06-08_2026-09-06_a1.json,new,new_20260913_642740_2026-06-08_2026-09-06_a1,https://api-v3.thaiwater.net/api/v1/thaiwater30/public/waterlevel_graph?station_type=tele_waterlevel&station_id=642740&start_date=2026-06-08&end_date=2026-09-06,th_agency_91,available
642740,discharge_reported,discharge,2026-06-08,2026-09-06,91,13104,2026-06-08 00:00,2026-09-06 23:50,0,empty_in_tested_window,200,application/json; charset=utf-8,2026-09-13T18:26:10.012144+00:00,1059458,b191c39a13d0322facfb8de4d3852a893ddf668637729ff488999ca8dfd17bf6,bodies/642740_2026-06-08_2026-09-06_a1.body,receipts/642740_2026-06-08_2026-09-06_a1.json,new,new_20260913_642740_2026-06-08_2026-09-06_a1,https://api-v3.thaiwater.net/api/v1/thaiwater30/public/waterlevel_graph?station_type=tele_waterlevel&station_id=642740&start_date=2026-06-08&end_date=2026-09-06,th_agency_91,unknown
642750,stage_reported,value,2026-06-08,2026-09-06,91,13104,2026-06-08 00:00,2026-09-06 23:50,13020,available,200,application/json; charset=utf-8,2026-09-13T18:26:17.005226+00:00,1059888,d13cc79308f1000b8ab759f13169e6a0d19b6f4a6558769667aff8e1c538aeb2,bodies/642750_2026-06-08_2026-09-06_a1.body,receipts/642750_2026-06-08_2026-09-06_a1.json,new,new_20260913_642750_2026-06-08_2026-09-06_a1,https://api-v3.thaiwater.net/api/v1/thaiwater30/public/waterlevel_graph?station_type=tele_waterlevel&station_id=642750&start_date=2026-06-08&end_date=2026-09-06,th_agency_91,available
642750,discharge_reported,discharge,2026-06-08,2026-09-06,91,13104,2026-06-08 00:00,2026-09-06 23:50,0,empty_in_tested_window,200,application/json; charset=utf-8,2026-09-13T18:26:17.005226+00:00,1059888,d13cc79308f1000b8ab759f13169e6a0d19b6f4a6558769667aff8e1c538aeb2,bodies/642750_2026-06-08_2026-09-06_a1.body,receipts/642750_2026-06-08_2026-09-06_a1.json,new,new_20260913_642750_2026-06-08_2026-09-06_a1,https://api-v3.thaiwater.net/api/v1/thaiwater30/public/waterlevel_graph?station_type=tele_waterlevel&station_id=642750&start_date=2026-06-08&end_date=2026-09-06,th_agency_91,unknown
642753,stage_reported,value,2026-06-08,2026-09-06,91,13104,2026-06-08 00:00,2026-09-06 23:50,13016,available,200,application/json; charset=utf-8,2026-09-13T18:26:22.838441+00:00,1060340,064ea736060ac4c417666b82598390ae358cbb5e74beadd0f28bfd751c24d7d2,bodies/642753_2026-06-08_2026-09-06_a1.body,receipts/642753_2026-06-08_2026-09-06_a1.json,new,new_20260913_642753_2026-06-08_2026-09-06_a1,https://api-v3.thaiwater.net/api/v1/thaiwater30/public/waterlevel_graph?station_type=tele_waterlevel&station_id=642753&start_date=2026-06-08&end_date=2026-09-06,th_agency_91,available
642753,discharge_reported,discharge,2026-06-08,2026-09-06,91,13104,2026-06-08 00:00,2026-09-06 23:50,0,empty_in_tested_window,200,application/json; charset=utf-8,2026-09-13T18:26:22.838441+00:00,1060340,064ea736060ac4c417666b82598390ae358cbb5e74beadd0f28bfd751c24d7d2,bodies/642753_2026-06-08_2026-09-06_a1.body,receipts/642753_2026-06-08_2026-09-06_a1.json,new,new_20260913_642753_2026-06-08_2026-09-06_a1,https://api-v3.thaiwater.net/api/v1/thaiwater30/public/waterlevel_graph?station_type=tele_waterlevel&station_id=642753&start_date=2026-06-08&end_date=2026-09-06,th_agency_91,unknown
648042,stage_reported,value,2026-06-08,2026-09-06,91,13104,2026-06-08 00:00,2026-09-06 23:50,13062,available,200,application/json; charset=utf-8,2026-09-13T18:26:25.713949+00:00,1060029,e00f5179bbd9605e61a4dcf479265a8dde32d4db4f5cfcebb93a150f007a0865,bodies/648042_2026-06-08_2026-09-06_a1.body,receipts/648042_2026-06-08_2026-09-06_a1.json,new,new_20260913_648042_2026-06-08_2026-09-06_a1,https://api-v3.thaiwater.net/api/v1/thaiwater30/public/waterlevel_graph?station_type=tele_waterlevel&station_id=648042&start_date=2026-06-08&end_date=2026-09-06,th_agency_91,available
648042,discharge_reported,discharge,2026-06-08,2026-09-06,91,13104,2026-06-08 00:00,2026-09-06 23:50,0,empty_in_tested_window,200,application/json; charset=utf-8,2026-09-13T18:26:25.713949+00:00,1060029,e00f5179bbd9605e61a4dcf479265a8dde32d4db4f5cfcebb93a150f007a0865,bodies/648042_2026-06-08_2026-09-06_a1.body,receipts/648042_2026-06-08_2026-09-06_a1.json,new,new_20260913_648042_2026-06-08_2026-09-06_a1,https://api-v3.thaiwater.net/api/v1/thaiwater30/public/waterlevel_graph?station_type=tele_waterlevel&station_id=648042&start_date=2026-06-08&end_date=2026-09-06,th_agency_91,unknown
670714,stage_reported,value,2026-06-08,2026-09-06,91,13104,2026-06-08 00:00,2026-09-06 23:50,13021,available,200,application/json; charset=utf-8,2026-09-13T18:26:29.974858+00:00,1060173,00d672f572fb83c15d115a785eba54cd8095474be299b42a1fb714489dcdae1c,bodies/670714_2026-06-08_2026-09-06_a1.body,receipts/670714_2026-06-08_2026-09-06_a1.json,new,new_20260913_670714_2026-06-08_2026-09-06_a1,https://api-v3.thaiwater.net/api/v1/thaiwater30/public/waterlevel_graph?station_type=tele_waterlevel&station_id=670714&start_date=2026-06-08&end_date=2026-09-06,th_agency_91,available
670714,discharge_reported,discharge,2026-06-08,2026-09-06,91,13104,2026-06-08 00:00,2026-09-06 23:50,0,empty_in_tested_window,200,application/json; charset=utf-8,2026-09-13T18:26:29.974858+00:00,1060173,00d672f572fb83c15d115a785eba54cd8095474be299b42a1fb714489dcdae1c,bodies/670714_2026-06-08_2026-09-06_a1.body,receipts/670714_2026-06-08_2026-09-06_a1.json,new,new_20260913_670714_2026-06-08_2026-09-06_a1,https://api-v3.thaiwater.net/api/v1/thaiwater30/public/waterlevel_graph?station_type=tele_waterlevel&station_id=670714&start_date=2026-06-08&end_date=2026-09-06,th_agency_91,unknown
670715,stage_reported,value,2026-06-08,2026-09-06,91,13104,2026-06-08 00:00,2026-09-06 23:50,13029,available,200,application/json; charset=utf-8,2026-09-13T18:26:32.692326+00:00,1059999,5c756965edf35174e3f2561792251d164156f8844b3c818fdab8d05a92614813,bodies/670715_2026-06-08_2026-09-06_a1.body,receipts/670715_2026-06-08_2026-09-06_a1.json,new,new_20260913_670715_2026-06-08_2026-09-06_a1,https://api-v3.thaiwater.net/api/v1/thaiwater30/public/waterlevel_graph?station_type=tele_waterlevel&station_id=670715&start_date=2026-06-08&end_date=2026-09-06,th_agency_91,available
670715,discharge_reported,discharge,2026-06-08,2026-09-06,91,13104,2026-06-08 00:00,2026-09-06 23:50,0,empty_in_tested_window,200,application/json; charset=utf-8,2026-09-13T18:26:32.692326+00:00,1059999,5c756965edf35174e3f2561792251d164156f8844b3c818fdab8d05a92614813,bodies/670715_2026-06-08_2026-09-06_a1.body,receipts/670715_2026-06-08_2026-09-06_a1.json,new,new_20260913_670715_2026-06-08_2026-09-06_a1,https://api-v3.thaiwater.net/api/v1/thaiwater30/public/waterlevel_graph?station_type=tele_waterlevel&station_id=670715&start_date=2026-06-08&end_date=2026-09-06,th_agency_91,unknown
685637,stage_reported,value,2026-06-08,2026-09-06,91,13104,2026-06-08 00:00,2026-09-06 23:50,13023,available,200,application/json; charset=utf-8,2026-09-13T18:26:35.100267+00:00,1059957,42bc1fd3adf7b3ae9a52f398ad6cd26004b61d95151634f7dd9e2931af94843f,bodies/685637_2026-06-08_2026-09-06_a1.body,receipts/685637_2026-06-08_2026-09-06_a1.json,new,new_20260913_685637_2026-06-08_2026-09-06_a1,https://api-v3.thaiwater.net/api/v1/thaiwater30/public/waterlevel_graph?station_type=tele_waterlevel&station_id=685637&start_date=2026-06-08&end_date=2026-09-06,th_agency_91,available
685637,discharge_reported,discharge,2026-06-08,2026-09-06,91,13104,2026-06-08 00:00,2026-09-06 23:50,0,empty_in_tested_window,200,application/json; charset=utf-8,2026-09-13T18:26:35.100267+00:00,1059957,42bc1fd3adf7b3ae9a52f398ad6cd26004b61d95151634f7dd9e2931af94843f,bodies/685637_2026-06-08_2026-09-06_a1.body,receipts/685637_2026-06-08_2026-09-06_a1.json,new,new_20260913_685637_2026-06-08_2026-09-06_a1,https://api-v3.thaiwater.net/api/v1/thaiwater30/public/waterlevel_graph?station_type=tele_waterlevel&station_id=685637&start_date=2026-06-08&end_date=2026-09-06,th_agency_91,unknown
685638,stage_reported,value,2026-06-08,2026-09-06,91,13104,2026-06-08 00:00,2026-09-06 23:50,8486,available,200,application/json; charset=utf-8,2026-09-13T18:26:37.388479+00:00,1051273,b488c88e8b015ebc5c5085df80a155525adbe86d717dece5f8f764a42d50704c,bodies/685638_2026-06-08_2026-09-06_a1.body,receipts/685638_2026-06-08_2026-09-06_a1.json,new,new_20260913_685638_2026-06-08_2026-09-06_a1,https://api-v3.thaiwater.net/api/v1/thaiwater30/public/waterlevel_graph?station_type=tele_waterlevel&station_id=685638&start_date=2026-06-08&end_date=2026-09-06,th_agency_91,available
685638,discharge_reported,discharge,2026-06-08,2026-09-06,91,13104,2026-06-08 00:00,2026-09-06 23:50,0,empty_in_tested_window,200,application/json; charset=utf-8,2026-09-13T18:26:37.388479+00:00,1051273,b488c88e8b015ebc5c5085df80a155525adbe86d717dece5f8f764a42d50704c,bodies/685638_2026-06-08_2026-09-06_a1.body,receipts/685638_2026-06-08_2026-09-06_a1.json,new,new_20260913_685638_2026-06-08_2026-09-06_a1,https://api-v3.thaiwater.net/api/v1/thaiwater30/public/waterlevel_graph?station_type=tele_waterlevel&station_id=685638&start_date=2026-06-08&end_date=2026-09-06,th_agency_91,unknown
685643,stage_reported,value,2026-06-08,2026-09-06,91,13104,2026-06-08 00:00,2026-09-06 23:50,12802,available,200,application/json; charset=utf-8,2026-09-13T18:26:39.710255+00:00,1059628,2e8aefa0fc9b3865590417ed6a40cda0e3993f2e0edcb39da6cd8f75a1dffb15,bodies/685643_2026-06-08_2026-09-06_a1.body,receipts/685643_2026-06-08_2026-09-06_a1.json,new,new_20260913_685643_2026-06-08_2026-09-06_a1,https://api-v3.thaiwater.net/api/v1/thaiwater30/public/waterlevel_graph?station_type=tele_waterlevel&station_id=685643&start_date=2026-06-08&end_date=2026-09-06,th_agency_91,available
685643,discharge_reported,discharge,2026-06-08,2026-09-06,91,13104,2026-06-08 00:00,2026-09-06 23:50,0,empty_in_tested_window,200,application/json; charset=utf-8,2026-09-13T18:26:39.710255+00:00,1059628,2e8aefa0fc9b3865590417ed6a40cda0e3993f2e0edcb39da6cd8f75a1dffb15,bodies/685643_2026-06-08_2026-09-06_a1.body,receipts/685643_2026-06-08_2026-09-06_a1.json,new,new_20260913_685643_2026-06-08_2026-09-06_a1,https://api-v3.thaiwater.net/api/v1/thaiwater30/public/waterlevel_graph?station_type=tele_waterlevel&station_id=685643&start_date=2026-06-08&end_date=2026-09-06,th_agency_91,unknown
685650,stage_reported,value,2026-06-08,2026-09-06,91,13104,2026-06-08 00:00,2026-09-06 23:50,11628,available,200,application/json; charset=utf-8,2026-09-13T18:26:42.026244+00:00,1057227,c280a3554cf246ced5625dc8907b294c427dadcb472578d05919a02ea90371bf,bodies/685650_2026-06-08_2026-09-06_a1.body,receipts/685650_2026-06-08_2026-09-06_a1.json,new,new_20260913_685650_2026-06-08_2026-09-06_a1,https://api-v3.thaiwater.net/api/v1/thaiwater30/public/waterlevel_graph?station_type=tele_waterlevel&station_id=685650&start_date=2026-06-08&end_date=2026-09-06,th_agency_91,available
685650,discharge_reported,discharge,2026-06-08,2026-09-06,91,13104,2026-06-08 00:00,2026-09-06 23:50,0,empty_in_tested_window,200,application/json; charset=utf-8,2026-09-13T18:26:42.026244+00:00,1057227,c280a3554cf246ced5625dc8907b294c427dadcb472578d05919a02ea90371bf,bodies/685650_2026-06-08_2026-09-06_a1.body,receipts/685650_2026-06-08_2026-09-06_a1.json,new,new_20260913_685650_2026-06-08_2026-09-06_a1,https://api-v3.thaiwater.net/api/v1/thaiwater30/public/waterlevel_graph?station_type=tele_waterlevel&station_id=685650&start_date=2026-06-08&end_date=2026-09-06,th_agency_91,unknown
685653,stage_reported,value,2026-06-08,2026-09-06,91,13104,2026-06-08 00:00,2026-09-06 23:50,12970,available,200,application/json; charset=utf-8,2026-09-13T18:26:44.405966+00:00,1059600,6ad59f46e3a2cf9ab4c5725f57a1e5e6722ce8bede745cd9c5c7a51a1f6a0567,bodies/685653_2026-06-08_2026-09-06_a1.body,receipts/685653_2026-06-08_2026-09-06_a1.json,new,new_20260913_685653_2026-06-08_2026-09-06_a1,https://api-v3.thaiwater.net/api/v1/thaiwater30/public/waterlevel_graph?station_type=tele_waterlevel&station_id=685653&start_date=2026-06-08&end_date=2026-09-06,th_agency_91,available
685653,discharge_reported,discharge,2026-06-08,2026-09-06,91,13104,2026-06-08 00:00,2026-09-06 23:50,0,empty_in_tested_window,200,application/json; charset=utf-8,2026-09-13T18:26:44.405966+00:00,1059600,6ad59f46e3a2cf9ab4c5725f57a1e5e6722ce8bede745cd9c5c7a51a1f6a0567,bodies/685653_2026-06-08_2026-09-06_a1.body,receipts/685653_2026-06-08_2026-09-06_a1.json,new,new_20260913_685653_2026-06-08_2026-09-06_a1,https://api-v3.thaiwater.net/api/v1/thaiwater30/public/waterlevel_graph?station_type=tele_waterlevel&station_id=685653&start_date=2026-06-08&end_date=2026-09-06,th_agency_91,unknown
685658,stage_reported,value,2026-06-08,2026-09-06,91,13104,2026-06-08 00:00,2026-09-06 23:50,12628,available,200,application/json; charset=utf-8,2026-09-13T18:26:46.713824+00:00,1058785,d0902ea11ab9b3cc505931b2e651b2e78286e75c6d56fbf02b9ce08a5a36c3a7,bodies/685658_2026-06-08_2026-09-06_a1.body,receipts/685658_2026-06-08_2026-09-06_a1.json,new,new_20260913_685658_2026-06-08_2026-09-06_a1,https://api-v3.thaiwater.net/api/v1/thaiwater30/public/waterlevel_graph?station_type=tele_waterlevel&station_id=685658&start_date=2026-06-08&end_date=2026-09-06,th_agency_91,available
685658,discharge_reported,discharge,2026-06-08,2026-09-06,91,13104,2026-06-08 00:00,2026-09-06 23:50,0,empty_in_tested_window,200,application/json; charset=utf-8,2026-09-13T18:26:46.713824+00:00,1058785,d0902ea11ab9b3cc505931b2e651b2e78286e75c6d56fbf02b9ce08a5a36c3a7,bodies/685658_2026-06-08_2026-09-06_a1.body,receipts/685658_2026-06-08_2026-09-06_a1.json,new,new_20260913_685658_2026-06-08_2026-09-06_a1,https://api-v3.thaiwater.net/api/v1/thaiwater30/public/waterlevel_graph?station_type=tele_waterlevel&station_id=685658&start_date=2026-06-08&end_date=2026-09-06,th_agency_91,unknown
685678,stage_reported,value,2026-06-08,2026-09-06,91,13104,2026-06-08 00:00,2026-09-06 23:50,4129,available,200,application/json; charset=utf-8,2026-09-13T18:26:49.319491+00:00,1047739,a64b5e42dd76f9c4ab477c24d376e0d9911f87061cf191cba89e3c86da432dd8,bodies/685678_2026-06-08_2026-09-06_a1.body,receipts/685678_2026-06-08_2026-09-06_a1.json,new,new_20260913_685678_2026-06-08_2026-09-06_a1,https://api-v3.thaiwater.net/api/v1/thaiwater30/public/waterlevel_graph?station_type=tele_waterlevel&station_id=685678&start_date=2026-06-08&end_date=2026-09-06,th_agency_91,available
685678,discharge_reported,discharge,2026-06-08,2026-09-06,91,13104,2026-06-08 00:00,2026-09-06 23:50,0,empty_in_tested_window,200,application/json; charset=utf-8,2026-09-13T18:26:49.319491+00:00,1047739,a64b5e42dd76f9c4ab477c24d376e0d9911f87061cf191cba89e3c86da432dd8,bodies/685678_2026-06-08_2026-09-06_a1.body,receipts/685678_2026-06-08_2026-09-06_a1.json,new,new_20260913_685678_2026-06-08_2026-09-06_a1,https://api-v3.thaiwater.net/api/v1/thaiwater30/public/waterlevel_graph?station_type=tele_waterlevel&station_id=685678&start_date=2026-06-08&end_date=2026-09-06,th_agency_91,unknown
700551,stage_reported,value,2026-06-08,2026-09-06,91,2184,2026-06-08 00:00,2026-09-06 23:00,2163,available,200,application/json; charset=utf-8,2026-09-13T18:26:51.038578+00:00,183243,88ed7df6c0e98bd821867849342a29ce17e1b1a25221897f211564da017729dc,bodies/700551_2026-06-08_2026-09-06_a1.body,receipts/700551_2026-06-08_2026-09-06_a1.json,new,new_20260913_700551_2026-06-08_2026-09-06_a1,https://api-v3.thaiwater.net/api/v1/thaiwater30/public/waterlevel_graph?station_type=tele_waterlevel&station_id=700551&start_date=2026-06-08&end_date=2026-09-06,th_agency_8,available
700551,discharge_reported,discharge,2026-06-08,2026-09-06,91,2184,2026-06-08 00:00,2026-09-06 23:00,0,empty_in_tested_window,200,application/json; charset=utf-8,2026-09-13T18:26:51.038578+00:00,183243,88ed7df6c0e98bd821867849342a29ce17e1b1a25221897f211564da017729dc,bodies/700551_2026-06-08_2026-09-06_a1.body,receipts/700551_2026-06-08_2026-09-06_a1.json,new,new_20260913_700551_2026-06-08_2026-09-06_a1,https://api-v3.thaiwater.net/api/v1/thaiwater30/public/waterlevel_graph?station_type=tele_waterlevel&station_id=700551&start_date=2026-06-08&end_date=2026-09-06,th_agency_8,unknown
700552,stage_reported,value,2026-08-31,2026-09-06,7,168,2026-08-31 00:00,2026-09-06 23:00,168,available,200,application/json; charset=utf-8,2026-09-13T18:26:52.438058+00:00,13858,56134904b5faf0121220be69b7d389a2b801cb63aafb59528fe00d9917ccb8f1,bodies/700552_2026-08-31_2026-09-06_a1.body,receipts/700552_2026-08-31_2026-09-06_a1.json,new,new_20260913_700552_2026-08-31_2026-09-06_a1,https://api-v3.thaiwater.net/api/v1/thaiwater30/public/waterlevel_graph?station_type=tele_waterlevel&station_id=700552&start_date=2026-08-31&end_date=2026-09-06,th_agency_8,available
700552,discharge_reported,discharge,2026-08-31,2026-09-06,7,168,2026-08-31 00:00,2026-09-06 23:00,168,available,200,application/json; charset=utf-8,2026-09-13T18:26:52.438058+00:00,13858,56134904b5faf0121220be69b7d389a2b801cb63aafb59528fe00d9917ccb8f1,bodies/700552_2026-08-31_2026-09-06_a1.body,receipts/700552_2026-08-31_2026-09-06_a1.json,new,new_20260913_700552_2026-08-31_2026-09-06_a1,https://api-v3.thaiwater.net/api/v1/thaiwater30/public/waterlevel_graph?station_type=tele_waterlevel&station_id=700552&start_date=2026-08-31&end_date=2026-09-06,th_agency_8,available
700553,stage_reported,value,2026-06-08,2026-09-06,91,2184,2026-06-08 00:00,2026-09-06 23:00,2161,available,200,application/json; charset=utf-8,2026-09-13T18:26:54.465703+00:00,176758,dd8deb7457b1a65382f368a62ae392f8be69e6cc349d2c0203e90374a7d800df,bodies/700553_2026-06-08_2026-09-06_a1.body,receipts/700553_2026-06-08_2026-09-06_a1.json,new,new_20260913_700553_2026-06-08_2026-09-06_a1,https://api-v3.thaiwater.net/api/v1/thaiwater30/public/waterlevel_graph?station_type=tele_waterlevel&station_id=700553&start_date=2026-06-08&end_date=2026-09-06,th_agency_8,available
700553,discharge_reported,discharge,2026-06-08,2026-09-06,91,2184,2026-06-08 00:00,2026-09-06 23:00,0,empty_in_tested_window,200,application/json; charset=utf-8,2026-09-13T18:26:54.465703+00:00,176758,dd8deb7457b1a65382f368a62ae392f8be69e6cc349d2c0203e90374a7d800df,bodies/700553_2026-06-08_2026-09-06_a1.body,receipts/700553_2026-06-08_2026-09-06_a1.json,new,new_20260913_700553_2026-06-08_2026-09-06_a1,https://api-v3.thaiwater.net/api/v1/thaiwater30/public/waterlevel_graph?station_type=tele_waterlevel&station_id=700553&start_date=2026-06-08&end_date=2026-09-06,th_agency_8,unknown
700555,stage_reported,value,2026-08-31,2026-09-06,7,168,2026-08-31 00:00,2026-09-06 23:00,161,available,200,application/json; charset=utf-8,2026-09-13T18:26:55.850260+00:00,13389,5331ed57b80b003aa5767631536e5a150202b44356158cce9b7418e72a3623d8,bodies/700555_2026-08-31_2026-09-06_a1.body,receipts/700555_2026-08-31_2026-09-06_a1.json,new,new_20260913_700555_2026-08-31_2026-09-06_a1,https://api-v3.thaiwater.net/api/v1/thaiwater30/public/waterlevel_graph?station_type=tele_waterlevel&station_id=700555&start_date=2026-08-31&end_date=2026-09-06,th_agency_8,available
700555,discharge_reported,discharge,2026-08-31,2026-09-06,7,168,2026-08-31 00:00,2026-09-06 23:00,161,available,200,application/json; charset=utf-8,2026-09-13T18:26:55.850260+00:00,13389,5331ed57b80b003aa5767631536e5a150202b44356158cce9b7418e72a3623d8,bodies/700555_2026-08-31_2026-09-06_a1.body,receipts/700555_2026-08-31_2026-09-06_a1.json,new,new_20260913_700555_2026-08-31_2026-09-06_a1,https://api-v3.thaiwater.net/api/v1/thaiwater30/public/waterlevel_graph?station_type=tele_waterlevel&station_id=700555&start_date=2026-08-31&end_date=2026-09-06,th_agency_8,available
700556,stage_reported,value,2026-08-31,2026-09-06,7,168,2026-08-31 00:00,2026-09-06 23:00,168,available,200,application/json; charset=utf-8,2026-09-13T18:26:57.245556+00:00,13874,bc7a44aebbdc1cd93f83d05fbc6202442718ec1a0e45962cd4c28bfc9b00f017,bodies/700556_2026-08-31_2026-09-06_a1.body,receipts/700556_2026-08-31_2026-09-06_a1.json,new,new_20260913_700556_2026-08-31_2026-09-06_a1,https://api-v3.thaiwater.net/api/v1/thaiwater30/public/waterlevel_graph?station_type=tele_waterlevel&station_id=700556&start_date=2026-08-31&end_date=2026-09-06,th_agency_8,available
700556,discharge_reported,discharge,2026-08-31,2026-09-06,7,168,2026-08-31 00:00,2026-09-06 23:00,168,available,200,application/json; charset=utf-8,2026-09-13T18:26:57.245556+00:00,13874,bc7a44aebbdc1cd93f83d05fbc6202442718ec1a0e45962cd4c28bfc9b00f017,bodies/700556_2026-08-31_2026-09-06_a1.body,receipts/700556_2026-08-31_2026-09-06_a1.json,new,new_20260913_700556_2026-08-31_2026-09-06_a1,https://api-v3.thaiwater.net/api/v1/thaiwater30/public/waterlevel_graph?station_type=tele_waterlevel&station_id=700556&start_date=2026-08-31&end_date=2026-09-06,th_agency_8,available
700559,stage_reported,value,2026-06-08,2026-09-06,91,2184,2026-06-08 00:00,2026-09-06 23:00,2161,available,200,application/json; charset=utf-8,2026-09-13T18:26:59.270284+00:00,179064,e1ceaee74a80b3c97441ddbeaf113264c4126d53da8d6ff59878aa6ed8b98d8a,bodies/700559_2026-06-08_2026-09-06_a1.body,receipts/700559_2026-06-08_2026-09-06_a1.json,new,new_20260913_700559_2026-06-08_2026-09-06_a1,https://api-v3.thaiwater.net/api/v1/thaiwater30/public/waterlevel_graph?station_type=tele_waterlevel&station_id=700559&start_date=2026-06-08&end_date=2026-09-06,th_agency_8,available
700559,discharge_reported,discharge,2026-06-08,2026-09-06,91,2184,2026-06-08 00:00,2026-09-06 23:00,0,empty_in_tested_window,200,application/json; charset=utf-8,2026-09-13T18:26:59.270284+00:00,179064,e1ceaee74a80b3c97441ddbeaf113264c4126d53da8d6ff59878aa6ed8b98d8a,bodies/700559_2026-06-08_2026-09-06_a1.body,receipts/700559_2026-06-08_2026-09-06_a1.json,new,new_20260913_700559_2026-06-08_2026-09-06_a1,https://api-v3.thaiwater.net/api/v1/thaiwater30/public/waterlevel_graph?station_type=tele_waterlevel&station_id=700559&start_date=2026-06-08&end_date=2026-09-06,th_agency_8,unknown
700584,stage_reported,value,2026-08-31,2026-09-06,7,168,2026-08-31 00:00,2026-09-06 23:00,168,available,200,application/json; charset=utf-8,2026-09-13T18:27:00.729487+00:00,14111,9f60a852dcff4b26fa49647c8db4ad77805f5f0d1874649912e2ddf10f4abbb3,bodies/700584_2026-08-31_2026-09-06_a1.body,receipts/700584_2026-08-31_2026-09-06_a1.json,new,new_20260913_700584_2026-08-31_2026-09-06_a1,https://api-v3.thaiwater.net/api/v1/thaiwater30/public/waterlevel_graph?station_type=tele_waterlevel&station_id=700584&start_date=2026-08-31&end_date=2026-09-06,th_agency_8,available
700584,discharge_reported,discharge,2026-08-31,2026-09-06,7,168,2026-08-31 00:00,2026-09-06 23:00,168,available,200,application/json; charset=utf-8,2026-09-13T18:27:00.729487+00:00,14111,9f60a852dcff4b26fa49647c8db4ad77805f5f0d1874649912e2ddf10f4abbb3,bodies/700584_2026-08-31_2026-09-06_a1.body,receipts/700584_2026-08-31_2026-09-06_a1.json,new,new_20260913_700584_2026-08-31_2026-09-06_a1,https://api-v3.thaiwater.net/api/v1/thaiwater30/public/waterlevel_graph?station_type=tele_waterlevel&station_id=700584&start_date=2026-08-31&end_date=2026-09-06,th_agency_8,available
700585,stage_reported,value,2026-08-31,2026-09-06,7,168,2026-08-31 00:00,2026-09-06 23:00,168,available,200,application/json; charset=utf-8,2026-09-13T18:27:02.383091+00:00,14833,588a60944787f1eda07e1b186dc706a14b92511019a08834c2539e2ede31e1f8,bodies/700585_2026-08-31_2026-09-06_a1.body,receipts/700585_2026-08-31_2026-09-06_a1.json,new,new_20260913_700585_2026-08-31_2026-09-06_a1,https://api-v3.thaiwater.net/api/v1/thaiwater30/public/waterlevel_graph?station_type=tele_waterlevel&station_id=700585&start_date=2026-08-31&end_date=2026-09-06,th_agency_8,available
700585,discharge_reported,discharge,2026-08-31,2026-09-06,7,168,2026-08-31 00:00,2026-09-06 23:00,168,available,200,application/json; charset=utf-8,2026-09-13T18:27:02.383091+00:00,14833,588a60944787f1eda07e1b186dc706a14b92511019a08834c2539e2ede31e1f8,bodies/700585_2026-08-31_2026-09-06_a1.body,receipts/700585_2026-08-31_2026-09-06_a1.json,new,new_20260913_700585_2026-08-31_2026-09-06_a1,https://api-v3.thaiwater.net/api/v1/thaiwater30/public/waterlevel_graph?station_type=tele_waterlevel&station_id=700585&start_date=2026-08-31&end_date=2026-09-06,th_agency_8,available
700586,stage_reported,value,2026-08-31,2026-09-06,7,168,2026-08-31 00:00,2026-09-06 23:00,168,available,200,application/json; charset=utf-8,2026-09-13T18:27:04.071223+00:00,14602,24fbdf2216c7e423d5b9eb0510cc94ce8a553ad900b332c8d260429bafee2d40,bodies/700586_2026-08-31_2026-09-06_a1.body,receipts/700586_2026-08-31_2026-09-06_a1.json,new,new_20260913_700586_2026-08-31_2026-09-06_a1,https://api-v3.thaiwater.net/api/v1/thaiwater30/public/waterlevel_graph?station_type=tele_waterlevel&station_id=700586&start_date=2026-08-31&end_date=2026-09-06,th_agency_8,available
700586,discharge_reported,discharge,2026-08-31,2026-09-06,7,168,2026-08-31 00:00,2026-09-06 23:00,168,available,200,application/json; charset=utf-8,2026-09-13T18:27:04.071223+00:00,14602,24fbdf2216c7e423d5b9eb0510cc94ce8a553ad900b332c8d260429bafee2d40,bodies/700586_2026-08-31_2026-09-06_a1.body,receipts/700586_2026-08-31_2026-09-06_a1.json,new,new_20260913_700586_2026-08-31_2026-09-06_a1,https://api-v3.thaiwater.net/api/v1/thaiwater30/public/waterlevel_graph?station_type=tele_waterlevel&station_id=700586&start_date=2026-08-31&end_date=2026-09-06,th_agency_8,available
700587,stage_reported,value,2026-08-31,2026-09-06,7,168,2026-08-31 00:00,2026-09-06 23:00,168,available,200,application/json; charset=utf-8,2026-09-13T18:27:05.717690+00:00,15213,ee6b417221ace2b45ef1fe42cca8d574f07c1db2ef1123995a742170d6b52fe1,bodies/700587_2026-08-31_2026-09-06_a1.body,receipts/700587_2026-08-31_2026-09-06_a1.json,new,new_20260913_700587_2026-08-31_2026-09-06_a1,https://api-v3.thaiwater.net/api/v1/thaiwater30/public/waterlevel_graph?station_type=tele_waterlevel&station_id=700587&start_date=2026-08-31&end_date=2026-09-06,th_agency_8,available
700587,discharge_reported,discharge,2026-08-31,2026-09-06,7,168,2026-08-31 00:00,2026-09-06 23:00,168,available,200,application/json; charset=utf-8,2026-09-13T18:27:05.717690+00:00,15213,ee6b417221ace2b45ef1fe42cca8d574f07c1db2ef1123995a742170d6b52fe1,bodies/700587_2026-08-31_2026-09-06_a1.body,receipts/700587_2026-08-31_2026-09-06_a1.json,new,new_20260913_700587_2026-08-31_2026-09-06_a1,https://api-v3.thaiwater.net/api/v1/thaiwater30/public/waterlevel_graph?station_type=tele_waterlevel&station_id=700587&start_date=2026-08-31&end_date=2026-09-06,th_agency_8,available
700588,stage_reported,value,2026-08-31,2026-09-06,7,168,2026-08-31 00:00,2026-09-06 23:00,168,available,200,application/json; charset=utf-8,2026-09-13T18:27:07.369819+00:00,14773,7e71841e6768d5f969f381505af8c4ee4d9ab01365c7e0cadb77f3ea52687a54,bodies/700588_2026-08-31_2026-09-06_a1.body,receipts/700588_2026-08-31_2026-09-06_a1.json,new,new_20260913_700588_2026-08-31_2026-09-06_a1,https://api-v3.thaiwater.net/api/v1/thaiwater30/public/waterlevel_graph?station_type=tele_waterlevel&station_id=700588&start_date=2026-08-31&end_date=2026-09-06,th_agency_8,available
700588,discharge_reported,discharge,2026-08-31,2026-09-06,7,168,2026-08-31 00:00,2026-09-06 23:00,168,available,200,application/json; charset=utf-8,2026-09-13T18:27:07.369819+00:00,14773,7e71841e6768d5f969f381505af8c4ee4d9ab01365c7e0cadb77f3ea52687a54,bodies/700588_2026-08-31_2026-09-06_a1.body,receipts/700588_2026-08-31_2026-09-06_a1.json,new,new_20260913_700588_2026-08-31_2026-09-06_a1,https://api-v3.thaiwater.net/api/v1/thaiwater30/public/waterlevel_graph?station_type=tele_waterlevel&station_id=700588&start_date=2026-08-31&end_date=2026-09-06,th_agency_8,available
700589,stage_reported,value,2026-08-31,2026-09-06,7,168,2026-08-31 00:00,2026-09-06 23:00,162,available,200,application/json; charset=utf-8,2026-09-13T18:27:08.946554+00:00,15158,679c246d428dc4912e30697ffd39fb0f58a0d3c35f7772bf69bf9407c9ac6738,bodies/700589_2026-08-31_2026-09-06_a1.body,receipts/700589_2026-08-31_2026-09-06_a1.json,new,new_20260913_700589_2026-08-31_2026-09-06_a1,https://api-v3.thaiwater.net/api/v1/thaiwater30/public/waterlevel_graph?station_type=tele_waterlevel&station_id=700589&start_date=2026-08-31&end_date=2026-09-06,th_agency_8,available
700589,discharge_reported,discharge,2026-08-31,2026-09-06,7,168,2026-08-31 00:00,2026-09-06 23:00,162,available,200,application/json; charset=utf-8,2026-09-13T18:27:08.946554+00:00,15158,679c246d428dc4912e30697ffd39fb0f58a0d3c35f7772bf69bf9407c9ac6738,bodies/700589_2026-08-31_2026-09-06_a1.body,receipts/700589_2026-08-31_2026-09-06_a1.json,new,new_20260913_700589_2026-08-31_2026-09-06_a1,https://api-v3.thaiwater.net/api/v1/thaiwater30/public/waterlevel_graph?station_type=tele_waterlevel&station_id=700589&start_date=2026-08-31&end_date=2026-09-06,th_agency_8,available
700591,stage_reported,value,2026-08-31,2026-09-06,7,168,2026-08-31 00:00,2026-09-06 23:00,168,available,200,application/json; charset=utf-8,2026-09-13T18:27:10.604476+00:00,14891,de2c0ee4794cfcca84ba94a303d1da34ec692a4d078e93b2afe440302ad4bbfe,bodies/700591_2026-08-31_2026-09-06_a1.body,receipts/700591_2026-08-31_2026-09-06_a1.json,new,new_20260913_700591_2026-08-31_2026-09-06_a1,https://api-v3.thaiwater.net/api/v1/thaiwater30/public/waterlevel_graph?station_type=tele_waterlevel&station_id=700591&start_date=2026-08-31&end_date=2026-09-06,th_agency_8,available
700591,discharge_reported,discharge,2026-08-31,2026-09-06,7,168,2026-08-31 00:00,2026-09-06 23:00,168,available,200,application/json; charset=utf-8,2026-09-13T18:27:10.604476+00:00,14891,de2c0ee4794cfcca84ba94a303d1da34ec692a4d078e93b2afe440302ad4bbfe,bodies/700591_2026-08-31_2026-09-06_a1.body,receipts/700591_2026-08-31_2026-09-06_a1.json,new,new_20260913_700591_2026-08-31_2026-09-06_a1,https://api-v3.thaiwater.net/api/v1/thaiwater30/public/waterlevel_graph?station_type=tele_waterlevel&station_id=700591&start_date=2026-08-31&end_date=2026-09-06,th_agency_8,available
700592,stage_reported,value,2026-06-08,2026-09-06,91,2184,2026-06-08 00:00,2026-09-06 23:00,710,available,200,application/json; charset=utf-8,2026-09-13T18:27:12.616707+00:00,178928,239143b7bf08525957596090467d4feb7bab8fdd9ca99bdbab670c8a06b51437,bodies/700592_2026-06-08_2026-09-06_a1.body,receipts/700592_2026-06-08_2026-09-06_a1.json,new,new_20260913_700592_2026-06-08_2026-09-06_a1,https://api-v3.thaiwater.net/api/v1/thaiwater30/public/waterlevel_graph?station_type=tele_waterlevel&station_id=700592&start_date=2026-06-08&end_date=2026-09-06,th_agency_8,available
700592,discharge_reported,discharge,2026-06-08,2026-09-06,91,2184,2026-06-08 00:00,2026-09-06 23:00,710,available,200,application/json; charset=utf-8,2026-09-13T18:27:12.616707+00:00,178928,239143b7bf08525957596090467d4feb7bab8fdd9ca99bdbab670c8a06b51437,bodies/700592_2026-06-08_2026-09-06_a1.body,receipts/700592_2026-06-08_2026-09-06_a1.json,new,new_20260913_700592_2026-06-08_2026-09-06_a1,https://api-v3.thaiwater.net/api/v1/thaiwater30/public/waterlevel_graph?station_type=tele_waterlevel&station_id=700592&start_date=2026-06-08&end_date=2026-09-06,th_agency_8,available
709863,stage_reported,value,2026-08-31,2026-09-06,7,168,2026-08-31 00:00,2026-09-06 23:00,168,available,200,application/json; charset=utf-8,2026-09-13T18:27:14.008072+00:00,13846,3a44f3da2a28acf4b469fdc230ff632d62447ec6eb1fa433b51be45ef2058810,bodies/709863_2026-08-31_2026-09-06_a1.body,receipts/709863_2026-08-31_2026-09-06_a1.json,new,new_20260913_709863_2026-08-31_2026-09-06_a1,https://api-v3.thaiwater.net/api/v1/thaiwater30/public/waterlevel_graph?station_type=tele_waterlevel&station_id=709863&start_date=2026-08-31&end_date=2026-09-06,th_agency_8,available
709863,discharge_reported,discharge,2026-08-31,2026-09-06,7,168,2026-08-31 00:00,2026-09-06 23:00,168,available,200,application/json; charset=utf-8,2026-09-13T18:27:14.008072+00:00,13846,3a44f3da2a28acf4b469fdc230ff632d62447ec6eb1fa433b51be45ef2058810,bodies/709863_2026-08-31_2026-09-06_a1.body,receipts/709863_2026-08-31_2026-09-06_a1.json,new,new_20260913_709863_2026-08-31_2026-09-06_a1,https://api-v3.thaiwater.net/api/v1/thaiwater30/public/waterlevel_graph?station_type=tele_waterlevel&station_id=709863&start_date=2026-08-31&end_date=2026-09-06,th_agency_8,available
726653,stage_reported,value,2026-08-31,2026-09-06,7,168,2026-08-31 00:00,2026-09-06 23:00,148,available,200,application/json; charset=utf-8,2026-09-13T18:27:15.403439+00:00,13049,d7aef1d44ba2ecb8274cbbc92767a84eb77259a3d067740327739364274de7d4,bodies/726653_2026-08-31_2026-09-06_a1.body,receipts/726653_2026-08-31_2026-09-06_a1.json,new,new_20260913_726653_2026-08-31_2026-09-06_a1,https://api-v3.thaiwater.net/api/v1/thaiwater30/public/waterlevel_graph?station_type=tele_waterlevel&station_id=726653&start_date=2026-08-31&end_date=2026-09-06,th_agency_12,available
726653,discharge_reported,discharge,2026-08-31,2026-09-06,7,168,2026-08-31 00:00,2026-09-06 23:00,148,available,200,application/json; charset=utf-8,2026-09-13T18:27:15.403439+00:00,13049,d7aef1d44ba2ecb8274cbbc92767a84eb77259a3d067740327739364274de7d4,bodies/726653_2026-08-31_2026-09-06_a1.body,receipts/726653_2026-08-31_2026-09-06_a1.json,new,new_20260913_726653_2026-08-31_2026-09-06_a1,https://api-v3.thaiwater.net/api/v1/thaiwater30/public/waterlevel_graph?station_type=tele_waterlevel&station_id=726653&start_date=2026-08-31&end_date=2026-09-06,th_agency_12,available
726656,stage_reported,value,2026-08-31,2026-09-06,7,168,2026-08-31 00:00,2026-09-06 23:00,148,available,200,application/json; charset=utf-8,2026-09-13T18:27:16.798765+00:00,14029,0d7cb5626463b4e22df61acb34514d209aacae489920aecd1307f9d00b02afaa,bodies/726656_2026-08-31_2026-09-06_a1.body,receipts/726656_2026-08-31_2026-09-06_a1.json,new,new_20260913_726656_2026-08-31_2026-09-06_a1,https://api-v3.thaiwater.net/api/v1/thaiwater30/public/waterlevel_graph?station_type=tele_waterlevel&station_id=726656&start_date=2026-08-31&end_date=2026-09-06,th_agency_12,available
726656,discharge_reported,discharge,2026-08-31,2026-09-06,7,168,2026-08-31 00:00,2026-09-06 23:00,148,available,200,application/json; charset=utf-8,2026-09-13T18:27:16.798765+00:00,14029,0d7cb5626463b4e22df61acb34514d209aacae489920aecd1307f9d00b02afaa,bodies/726656_2026-08-31_2026-09-06_a1.body,receipts/726656_2026-08-31_2026-09-06_a1.json,new,new_20260913_726656_2026-08-31_2026-09-06_a1,https://api-v3.thaiwater.net/api/v1/thaiwater30/public/waterlevel_graph?station_type=tele_waterlevel&station_id=726656&start_date=2026-08-31&end_date=2026-09-06,th_agency_12,available
726667,stage_reported,value,2026-08-31,2026-09-06,7,168,2026-08-31 00:00,2026-09-06 23:00,7,available,200,application/json; charset=utf-8,2026-09-13T18:27:18.181070+00:00,13401,df3a973c795354b3f25971ee8d39004bf173d5a9a3c023ad1eea4c213b28e286,bodies/726667_2026-08-31_2026-09-06_a1.body,receipts/726667_2026-08-31_2026-09-06_a1.json,new,new_20260913_726667_2026-08-31_2026-09-06_a1,https://api-v3.thaiwater.net/api/v1/thaiwater30/public/waterlevel_graph?station_type=tele_waterlevel&station_id=726667&start_date=2026-08-31&end_date=2026-09-06,th_agency_12,available
726667,discharge_reported,discharge,2026-08-31,2026-09-06,7,168,2026-08-31 00:00,2026-09-06 23:00,7,available,200,application/json; charset=utf-8,2026-09-13T18:27:18.181070+00:00,13401,df3a973c795354b3f25971ee8d39004bf173d5a9a3c023ad1eea4c213b28e286,bodies/726667_2026-08-31_2026-09-06_a1.body,receipts/726667_2026-08-31_2026-09-06_a1.json,new,new_20260913_726667_2026-08-31_2026-09-06_a1,https://api-v3.thaiwater.net/api/v1/thaiwater30/public/waterlevel_graph?station_type=tele_waterlevel&station_id=726667&start_date=2026-08-31&end_date=2026-09-06,th_agency_12,available
726673,stage_reported,value,2026-08-31,2026-09-06,7,168,2026-08-31 00:00,2026-09-06 23:00,148,available,200,application/json; charset=utf-8,2026-09-13T18:27:19.828862+00:00,13800,4649cfa53bfb880965d56b689fae13a2fb9a1ecad46bd2a4a9137cd152eddac9,bodies/726673_2026-08-31_2026-09-06_a1.body,receipts/726673_2026-08-31_2026-09-06_a1.json,new,new_20260913_726673_2026-08-31_2026-09-06_a1,https://api-v3.thaiwater.net/api/v1/thaiwater30/public/waterlevel_graph?station_type=tele_waterlevel&station_id=726673&start_date=2026-08-31&end_date=2026-09-06,th_agency_12,available
726673,discharge_reported,discharge,2026-08-31,2026-09-06,7,168,2026-08-31 00:00,2026-09-06 23:00,148,available,200,application/json; charset=utf-8,2026-09-13T18:27:19.828862+00:00,13800,4649cfa53bfb880965d56b689fae13a2fb9a1ecad46bd2a4a9137cd152eddac9,bodies/726673_2026-08-31_2026-09-06_a1.body,receipts/726673_2026-08-31_2026-09-06_a1.json,new,new_20260913_726673_2026-08-31_2026-09-06_a1,https://api-v3.thaiwater.net/api/v1/thaiwater30/public/waterlevel_graph?station_type=tele_waterlevel&station_id=726673&start_date=2026-08-31&end_date=2026-09-06,th_agency_12,available
726680,stage_reported,value,2026-08-31,2026-09-06,7,168,2026-08-31 00:00,2026-09-06 23:00,148,available,200,application/json; charset=utf-8,2026-09-13T18:27:21.219707+00:00,13778,20814bf3acc50d3f4066a75739c78af684f0b2204248eca7c611d61716070db5,bodies/726680_2026-08-31_2026-09-06_a1.body,receipts/726680_2026-08-31_2026-09-06_a1.json,new,new_20260913_726680_2026-08-31_2026-09-06_a1,https://api-v3.thaiwater.net/api/v1/thaiwater30/public/waterlevel_graph?station_type=tele_waterlevel&station_id=726680&start_date=2026-08-31&end_date=2026-09-06,th_agency_12,available
726680,discharge_reported,discharge,2026-08-31,2026-09-06,7,168,2026-08-31 00:00,2026-09-06 23:00,148,available,200,application/json; charset=utf-8,2026-09-13T18:27:21.219707+00:00,13778,20814bf3acc50d3f4066a75739c78af684f0b2204248eca7c611d61716070db5,bodies/726680_2026-08-31_2026-09-06_a1.body,receipts/726680_2026-08-31_2026-09-06_a1.json,new,new_20260913_726680_2026-08-31_2026-09-06_a1,https://api-v3.thaiwater.net/api/v1/thaiwater30/public/waterlevel_graph?station_type=tele_waterlevel&station_id=726680&start_date=2026-08-31&end_date=2026-09-06,th_agency_12,available
726684,stage_reported,value,2026-06-08,2026-09-06,91,2184,2026-06-08 00:00,2026-09-06 23:00,1957,available,200,application/json; charset=utf-8,2026-09-13T18:27:23.332247+00:00,172846,0c6067505d16cb4071f35a20d63b3822e3a7aeeefcb106a31b38330d4774a093,bodies/726684_2026-06-08_2026-09-06_a1.body,receipts/726684_2026-06-08_2026-09-06_a1.json,new,new_20260913_726684_2026-06-08_2026-09-06_a1,https://api-v3.thaiwater.net/api/v1/thaiwater30/public/waterlevel_graph?station_type=tele_waterlevel&station_id=726684&start_date=2026-06-08&end_date=2026-09-06,th_agency_12,available
726684,discharge_reported,discharge,2026-06-08,2026-09-06,91,2184,2026-06-08 00:00,2026-09-06 23:00,0,empty_in_tested_window,200,application/json; charset=utf-8,2026-09-13T18:27:23.332247+00:00,172846,0c6067505d16cb4071f35a20d63b3822e3a7aeeefcb106a31b38330d4774a093,bodies/726684_2026-06-08_2026-09-06_a1.body,receipts/726684_2026-06-08_2026-09-06_a1.json,new,new_20260913_726684_2026-06-08_2026-09-06_a1,https://api-v3.thaiwater.net/api/v1/thaiwater30/public/waterlevel_graph?station_type=tele_waterlevel&station_id=726684&start_date=2026-06-08&end_date=2026-09-06,th_agency_12,unknown
726686,stage_reported,value,2026-08-31,2026-09-06,7,168,2026-08-31 00:00,2026-09-06 23:00,148,available,200,application/json; charset=utf-8,2026-09-13T18:27:24.707792+00:00,13578,5cc629d871033b967432a293f58f58d8ebc46c8cab2abe74168ebbb45cac79be,bodies/726686_2026-08-31_2026-09-06_a1.body,receipts/726686_2026-08-31_2026-09-06_a1.json,new,new_20260913_726686_2026-08-31_2026-09-06_a1,https://api-v3.thaiwater.net/api/v1/thaiwater30/public/waterlevel_graph?station_type=tele_waterlevel&station_id=726686&start_date=2026-08-31&end_date=2026-09-06,th_agency_12,available
726686,discharge_reported,discharge,2026-08-31,2026-09-06,7,168,2026-08-31 00:00,2026-09-06 23:00,148,available,200,application/json; charset=utf-8,2026-09-13T18:27:24.707792+00:00,13578,5cc629d871033b967432a293f58f58d8ebc46c8cab2abe74168ebbb45cac79be,bodies/726686_2026-08-31_2026-09-06_a1.body,receipts/726686_2026-08-31_2026-09-06_a1.json,new,new_20260913_726686_2026-08-31_2026-09-06_a1,https://api-v3.thaiwater.net/api/v1/thaiwater30/public/waterlevel_graph?station_type=tele_waterlevel&station_id=726686&start_date=2026-08-31&end_date=2026-09-06,th_agency_12,available
740532,stage_reported,value,2026-06-08,2026-09-06,91,13104,2026-06-08 00:00,2026-09-06 23:50,13044,available,200,application/json; charset=utf-8,2026-09-13T18:27:28.386714+00:00,1059745,cb31696c61bb2c1485a8d13a681959a33a01cda3ffe3a1e2def96f7f08192591,bodies/740532_2026-06-08_2026-09-06_a1.body,receipts/740532_2026-06-08_2026-09-06_a1.json,new,new_20260913_740532_2026-06-08_2026-09-06_a1,https://api-v3.thaiwater.net/api/v1/thaiwater30/public/waterlevel_graph?station_type=tele_waterlevel&station_id=740532&start_date=2026-06-08&end_date=2026-09-06,th_agency_9,available
740532,discharge_reported,discharge,2026-06-08,2026-09-06,91,13104,2026-06-08 00:00,2026-09-06 23:50,0,empty_in_tested_window,200,application/json; charset=utf-8,2026-09-13T18:27:28.386714+00:00,1059745,cb31696c61bb2c1485a8d13a681959a33a01cda3ffe3a1e2def96f7f08192591,bodies/740532_2026-06-08_2026-09-06_a1.body,receipts/740532_2026-06-08_2026-09-06_a1.json,new,new_20260913_740532_2026-06-08_2026-09-06_a1,https://api-v3.thaiwater.net/api/v1/thaiwater30/public/waterlevel_graph?station_type=tele_waterlevel&station_id=740532&start_date=2026-06-08&end_date=2026-09-06,th_agency_9,unknown
740533,stage_reported,value,2026-06-08,2026-09-06,91,13104,2026-06-08 00:00,2026-09-06 23:50,1152,available,200,application/json; charset=utf-8,2026-09-13T18:27:30.609311+00:00,1037496,83c364a015cb22794c84085deeace4a95caf0dc9dcf603c43a120e8cf39eda7f,bodies/740533_2026-06-08_2026-09-06_a1.body,receipts/740533_2026-06-08_2026-09-06_a1.json,new,new_20260913_740533_2026-06-08_2026-09-06_a1,https://api-v3.thaiwater.net/api/v1/thaiwater30/public/waterlevel_graph?station_type=tele_waterlevel&station_id=740533&start_date=2026-06-08&end_date=2026-09-06,th_agency_9,available
740533,discharge_reported,discharge,2026-06-08,2026-09-06,91,13104,2026-06-08 00:00,2026-09-06 23:50,0,empty_in_tested_window,200,application/json; charset=utf-8,2026-09-13T18:27:30.609311+00:00,1037496,83c364a015cb22794c84085deeace4a95caf0dc9dcf603c43a120e8cf39eda7f,bodies/740533_2026-06-08_2026-09-06_a1.body,receipts/740533_2026-06-08_2026-09-06_a1.json,new,new_20260913_740533_2026-06-08_2026-09-06_a1,https://api-v3.thaiwater.net/api/v1/thaiwater30/public/waterlevel_graph?station_type=tele_waterlevel&station_id=740533&start_date=2026-06-08&end_date=2026-09-06,th_agency_9,unknown
740537,stage_reported,value,2026-06-08,2026-09-06,91,13104,2026-06-08 00:00,2026-09-06 23:50,12861,available,200,application/json; charset=utf-8,2026-09-13T18:27:32.895118+00:00,1059480,b99b682c800da6ab69323e7e161ad5f65319cf5c3aaa03dbc0a4c15c0b27b90c,bodies/740537_2026-06-08_2026-09-06_a1.body,receipts/740537_2026-06-08_2026-09-06_a1.json,new,new_20260913_740537_2026-06-08_2026-09-06_a1,https://api-v3.thaiwater.net/api/v1/thaiwater30/public/waterlevel_graph?station_type=tele_waterlevel&station_id=740537&start_date=2026-06-08&end_date=2026-09-06,th_agency_9,available
740537,discharge_reported,discharge,2026-06-08,2026-09-06,91,13104,2026-06-08 00:00,2026-09-06 23:50,0,empty_in_tested_window,200,application/json; charset=utf-8,2026-09-13T18:27:32.895118+00:00,1059480,b99b682c800da6ab69323e7e161ad5f65319cf5c3aaa03dbc0a4c15c0b27b90c,bodies/740537_2026-06-08_2026-09-06_a1.body,receipts/740537_2026-06-08_2026-09-06_a1.json,new,new_20260913_740537_2026-06-08_2026-09-06_a1,https://api-v3.thaiwater.net/api/v1/thaiwater30/public/waterlevel_graph?station_type=tele_waterlevel&station_id=740537&start_date=2026-06-08&end_date=2026-09-06,th_agency_9,unknown
740538,stage_reported,value,2026-06-08,2026-09-06,91,13104,2026-06-08 00:00,2026-09-06 23:50,5892,available,200,application/json; charset=utf-8,2026-09-13T18:27:35.027851+00:00,1046700,a55001727dd0162bfa302976e7231cac69aa114dfff2eef371d69388f763bec8,bodies/740538_2026-06-08_2026-09-06_a1.body,receipts/740538_2026-06-08_2026-09-06_a1.json,new,new_20260913_740538_2026-06-08_2026-09-06_a1,https://api-v3.thaiwater.net/api/v1/thaiwater30/public/waterlevel_graph?station_type=tele_waterlevel&station_id=740538&start_date=2026-06-08&end_date=2026-09-06,th_agency_9,available
740538,discharge_reported,discharge,2026-06-08,2026-09-06,91,13104,2026-06-08 00:00,2026-09-06 23:50,0,empty_in_tested_window,200,application/json; charset=utf-8,2026-09-13T18:27:35.027851+00:00,1046700,a55001727dd0162bfa302976e7231cac69aa114dfff2eef371d69388f763bec8,bodies/740538_2026-06-08_2026-09-06_a1.body,receipts/740538_2026-06-08_2026-09-06_a1.json,new,new_20260913_740538_2026-06-08_2026-09-06_a1,https://api-v3.thaiwater.net/api/v1/thaiwater30/public/waterlevel_graph?station_type=tele_waterlevel&station_id=740538&start_date=2026-06-08&end_date=2026-09-06,th_agency_9,unknown
740540,stage_reported,value,2026-06-08,2026-09-06,91,13104,2026-06-08 00:00,2026-09-06 23:50,11063,available,200,application/json; charset=utf-8,2026-09-13T18:27:37.394543+00:00,1048948,3b89f6f808c50d14b05390321ada6c1848c1ddb9e4870f113c34d8500a935d08,bodies/740540_2026-06-08_2026-09-06_a1.body,receipts/740540_2026-06-08_2026-09-06_a1.json,new,new_20260913_740540_2026-06-08_2026-09-06_a1,https://api-v3.thaiwater.net/api/v1/thaiwater30/public/waterlevel_graph?station_type=tele_waterlevel&station_id=740540&start_date=2026-06-08&end_date=2026-09-06,th_agency_9,available
740540,discharge_reported,discharge,2026-06-08,2026-09-06,91,13104,2026-06-08 00:00,2026-09-06 23:50,0,empty_in_tested_window,200,application/json; charset=utf-8,2026-09-13T18:27:37.394543+00:00,1048948,3b89f6f808c50d14b05390321ada6c1848c1ddb9e4870f113c34d8500a935d08,bodies/740540_2026-06-08_2026-09-06_a1.body,receipts/740540_2026-06-08_2026-09-06_a1.json,new,new_20260913_740540_2026-06-08_2026-09-06_a1,https://api-v3.thaiwater.net/api/v1/thaiwater30/public/waterlevel_graph?station_type=tele_waterlevel&station_id=740540&start_date=2026-06-08&end_date=2026-09-06,th_agency_9,unknown
740720,stage_reported,value,2026-06-08,2026-09-06,91,13104,2026-06-08 00:00,2026-09-06 23:50,12945,available,200,application/json; charset=utf-8,2026-09-13T18:27:39.778280+00:00,1059567,966c24dab8dbe9ba1b22a9bd896fa2cb6622e4c3b71bbf13b62e166d99da6e88,bodies/740720_2026-06-08_2026-09-06_a1.body,receipts/740720_2026-06-08_2026-09-06_a1.json,new,new_20260913_740720_2026-06-08_2026-09-06_a1,https://api-v3.thaiwater.net/api/v1/thaiwater30/public/waterlevel_graph?station_type=tele_waterlevel&station_id=740720&start_date=2026-06-08&end_date=2026-09-06,th_agency_91,available
740720,discharge_reported,discharge,2026-06-08,2026-09-06,91,13104,2026-06-08 00:00,2026-09-06 23:50,0,empty_in_tested_window,200,application/json; charset=utf-8,2026-09-13T18:27:39.778280+00:00,1059567,966c24dab8dbe9ba1b22a9bd896fa2cb6622e4c3b71bbf13b62e166d99da6e88,bodies/740720_2026-06-08_2026-09-06_a1.body,receipts/740720_2026-06-08_2026-09-06_a1.json,new,new_20260913_740720_2026-06-08_2026-09-06_a1,https://api-v3.thaiwater.net/api/v1/thaiwater30/public/waterlevel_graph?station_type=tele_waterlevel&station_id=740720&start_date=2026-06-08&end_date=2026-09-06,th_agency_91,unknown
740723,stage_reported,value,2026-06-08,2026-09-06,91,13104,2026-06-08 00:00,2026-09-06 23:50,12970,available,200,application/json; charset=utf-8,2026-09-13T18:27:41.937063+00:00,1046573,554e8f17a75fb8c3572ad2645f6bbc47fe2d5e758284442ef50b897fc1ca161c,bodies/740723_2026-06-08_2026-09-06_a1.body,receipts/740723_2026-06-08_2026-09-06_a1.json,new,new_20260913_740723_2026-06-08_2026-09-06_a1,https://api-v3.thaiwater.net/api/v1/thaiwater30/public/waterlevel_graph?station_type=tele_waterlevel&station_id=740723&start_date=2026-06-08&end_date=2026-09-06,th_agency_91,available
740723,discharge_reported,discharge,2026-06-08,2026-09-06,91,13104,2026-06-08 00:00,2026-09-06 23:50,0,empty_in_tested_window,200,application/json; charset=utf-8,2026-09-13T18:27:41.937063+00:00,1046573,554e8f17a75fb8c3572ad2645f6bbc47fe2d5e758284442ef50b897fc1ca161c,bodies/740723_2026-06-08_2026-09-06_a1.body,receipts/740723_2026-06-08_2026-09-06_a1.json,new,new_20260913_740723_2026-06-08_2026-09-06_a1,https://api-v3.thaiwater.net/api/v1/thaiwater30/public/waterlevel_graph?station_type=tele_waterlevel&station_id=740723&start_date=2026-06-08&end_date=2026-09-06,th_agency_91,unknown
740726,stage_reported,value,2026-06-08,2026-09-06,91,13104,2026-06-08 00:00,2026-09-06 23:50,13005,available,200,application/json; charset=utf-8,2026-09-13T18:27:44.236797+00:00,1046467,8539a4df5481508b4d1edfb1b6cc15cfab35f31124c2426a4902550562d4c966,bodies/740726_2026-06-08_2026-09-06_a1.body,receipts/740726_2026-06-08_2026-09-06_a1.json,new,new_20260913_740726_2026-06-08_2026-09-06_a1,https://api-v3.thaiwater.net/api/v1/thaiwater30/public/waterlevel_graph?station_type=tele_waterlevel&station_id=740726&start_date=2026-06-08&end_date=2026-09-06,th_agency_91,available
740726,discharge_reported,discharge,2026-06-08,2026-09-06,91,13104,2026-06-08 00:00,2026-09-06 23:50,0,empty_in_tested_window,200,application/json; charset=utf-8,2026-09-13T18:27:44.236797+00:00,1046467,8539a4df5481508b4d1edfb1b6cc15cfab35f31124c2426a4902550562d4c966,bodies/740726_2026-06-08_2026-09-06_a1.body,receipts/740726_2026-06-08_2026-09-06_a1.json,new,new_20260913_740726_2026-06-08_2026-09-06_a1,https://api-v3.thaiwater.net/api/v1/thaiwater30/public/waterlevel_graph?station_type=tele_waterlevel&station_id=740726&start_date=2026-06-08&end_date=2026-09-06,th_agency_91,unknown
740727,stage_reported,value,2026-06-08,2026-09-06,91,13104,2026-06-08 00:00,2026-09-06 23:50,12915,available,200,application/json; charset=utf-8,2026-09-13T18:27:46.508731+00:00,1046571,c9598f9e6deab2f309676b80e05c5da928e85ad4887667722029138e61e29172,bodies/740727_2026-06-08_2026-09-06_a1.body,receipts/740727_2026-06-08_2026-09-06_a1.json,new,new_20260913_740727_2026-06-08_2026-09-06_a1,https://api-v3.thaiwater.net/api/v1/thaiwater30/public/waterlevel_graph?station_type=tele_waterlevel&station_id=740727&start_date=2026-06-08&end_date=2026-09-06,th_agency_91,available
740727,discharge_reported,discharge,2026-06-08,2026-09-06,91,13104,2026-06-08 00:00,2026-09-06 23:50,0,empty_in_tested_window,200,application/json; charset=utf-8,2026-09-13T18:27:46.508731+00:00,1046571,c9598f9e6deab2f309676b80e05c5da928e85ad4887667722029138e61e29172,bodies/740727_2026-06-08_2026-09-06_a1.body,receipts/740727_2026-06-08_2026-09-06_a1.json,new,new_20260913_740727_2026-06-08_2026-09-06_a1,https://api-v3.thaiwater.net/api/v1/thaiwater30/public/waterlevel_graph?station_type=tele_waterlevel&station_id=740727&start_date=2026-06-08&end_date=2026-09-06,th_agency_91,unknown
740729,stage_reported,value,2026-06-08,2026-09-06,91,13104,2026-06-08 00:00,2026-09-06 23:50,12912,available,200,application/json; charset=utf-8,2026-09-13T18:27:49.013097+00:00,1044312,d1afae6176e1bc6869c3a687e391de16a0a0787a9f0feb76d4cdc13a9dd897e9,bodies/740729_2026-06-08_2026-09-06_a1.body,receipts/740729_2026-06-08_2026-09-06_a1.json,new,new_20260913_740729_2026-06-08_2026-09-06_a1,https://api-v3.thaiwater.net/api/v1/thaiwater30/public/waterlevel_graph?station_type=tele_waterlevel&station_id=740729&start_date=2026-06-08&end_date=2026-09-06,th_agency_91,available
740729,discharge_reported,discharge,2026-06-08,2026-09-06,91,13104,2026-06-08 00:00,2026-09-06 23:50,0,empty_in_tested_window,200,application/json; charset=utf-8,2026-09-13T18:27:49.013097+00:00,1044312,d1afae6176e1bc6869c3a687e391de16a0a0787a9f0feb76d4cdc13a9dd897e9,bodies/740729_2026-06-08_2026-09-06_a1.body,receipts/740729_2026-06-08_2026-09-06_a1.json,new,new_20260913_740729_2026-06-08_2026-09-06_a1,https://api-v3.thaiwater.net/api/v1/thaiwater30/public/waterlevel_graph?station_type=tele_waterlevel&station_id=740729&start_date=2026-06-08&end_date=2026-09-06,th_agency_91,unknown
740730,stage_reported,value,2026-06-08,2026-09-06,91,13104,2026-06-08 00:00,2026-09-06 23:50,12872,available,200,application/json; charset=utf-8,2026-09-13T18:27:51.278708+00:00,1046911,891c383db89896223ed396f380c4e1815e51fa1b94095d553a67248b32a5f3b4,bodies/740730_2026-06-08_2026-09-06_a1.body,receipts/740730_2026-06-08_2026-09-06_a1.json,new,new_20260913_740730_2026-06-08_2026-09-06_a1,https://api-v3.thaiwater.net/api/v1/thaiwater30/public/waterlevel_graph?station_type=tele_waterlevel&station_id=740730&start_date=2026-06-08&end_date=2026-09-06,th_agency_91,available
740730,discharge_reported,discharge,2026-06-08,2026-09-06,91,13104,2026-06-08 00:00,2026-09-06 23:50,0,empty_in_tested_window,200,application/json; charset=utf-8,2026-09-13T18:27:51.278708+00:00,1046911,891c383db89896223ed396f380c4e1815e51fa1b94095d553a67248b32a5f3b4,bodies/740730_2026-06-08_2026-09-06_a1.body,receipts/740730_2026-06-08_2026-09-06_a1.json,new,new_20260913_740730_2026-06-08_2026-09-06_a1,https://api-v3.thaiwater.net/api/v1/thaiwater30/public/waterlevel_graph?station_type=tele_waterlevel&station_id=740730&start_date=2026-06-08&end_date=2026-09-06,th_agency_91,unknown
740731,stage_reported,value,2026-06-08,2026-09-06,91,13104,2026-06-08 00:00,2026-09-06 23:50,12990,available,200,application/json; charset=utf-8,2026-09-13T18:27:53.673516+00:00,1047239,e9ab7e349f3d501c4e139ef6361f9f0cf6f2b92d826f1f306dd9e860a6de5b1f,bodies/740731_2026-06-08_2026-09-06_a1.body,receipts/740731_2026-06-08_2026-09-06_a1.json,new,new_20260913_740731_2026-06-08_2026-09-06_a1,https://api-v3.thaiwater.net/api/v1/thaiwater30/public/waterlevel_graph?station_type=tele_waterlevel&station_id=740731&start_date=2026-06-08&end_date=2026-09-06,th_agency_91,available
740731,discharge_reported,discharge,2026-06-08,2026-09-06,91,13104,2026-06-08 00:00,2026-09-06 23:50,0,empty_in_tested_window,200,application/json; charset=utf-8,2026-09-13T18:27:53.673516+00:00,1047239,e9ab7e349f3d501c4e139ef6361f9f0cf6f2b92d826f1f306dd9e860a6de5b1f,bodies/740731_2026-06-08_2026-09-06_a1.body,receipts/740731_2026-06-08_2026-09-06_a1.json,new,new_20260913_740731_2026-06-08_2026-09-06_a1,https://api-v3.thaiwater.net/api/v1/thaiwater30/public/waterlevel_graph?station_type=tele_waterlevel&station_id=740731&start_date=2026-06-08&end_date=2026-09-06,th_agency_91,unknown
740736,stage_reported,value,2026-06-08,2026-09-06,91,13104,2026-06-08 00:00,2026-09-06 23:50,12865,available,200,application/json; charset=utf-8,2026-09-13T18:27:55.951675+00:00,1046829,359cde0ba6eb33ca7d120c76396865d53cc61d913122a14d3b413f62e4538da3,bodies/740736_2026-06-08_2026-09-06_a1.body,receipts/740736_2026-06-08_2026-09-06_a1.json,new,new_20260913_740736_2026-06-08_2026-09-06_a1,https://api-v3.thaiwater.net/api/v1/thaiwater30/public/waterlevel_graph?station_type=tele_waterlevel&station_id=740736&start_date=2026-06-08&end_date=2026-09-06,th_agency_91,available
740736,discharge_reported,discharge,2026-06-08,2026-09-06,91,13104,2026-06-08 00:00,2026-09-06 23:50,0,empty_in_tested_window,200,application/json; charset=utf-8,2026-09-13T18:27:55.951675+00:00,1046829,359cde0ba6eb33ca7d120c76396865d53cc61d913122a14d3b413f62e4538da3,bodies/740736_2026-06-08_2026-09-06_a1.body,receipts/740736_2026-06-08_2026-09-06_a1.json,new,new_20260913_740736_2026-06-08_2026-09-06_a1,https://api-v3.thaiwater.net/api/v1/thaiwater30/public/waterlevel_graph?station_type=tele_waterlevel&station_id=740736&start_date=2026-06-08&end_date=2026-09-06,th_agency_91,unknown
740737,stage_reported,value,2026-06-08,2026-09-06,91,13104,2026-06-08 00:00,2026-09-06 23:50,13013,available,200,application/json; charset=utf-8,2026-09-13T18:27:58.127129+00:00,1047643,f099df3aea5230c85d1ece3f149a3e64d2f20fb377850875dc602212aa21f64f,bodies/740737_2026-06-08_2026-09-06_a1.body,receipts/740737_2026-06-08_2026-09-06_a1.json,new,new_20260913_740737_2026-06-08_2026-09-06_a1,https://api-v3.thaiwater.net/api/v1/thaiwater30/public/waterlevel_graph?station_type=tele_waterlevel&station_id=740737&start_date=2026-06-08&end_date=2026-09-06,th_agency_91,available
740737,discharge_reported,discharge,2026-06-08,2026-09-06,91,13104,2026-06-08 00:00,2026-09-06 23:50,0,empty_in_tested_window,200,application/json; charset=utf-8,2026-09-13T18:27:58.127129+00:00,1047643,f099df3aea5230c85d1ece3f149a3e64d2f20fb377850875dc602212aa21f64f,bodies/740737_2026-06-08_2026-09-06_a1.body,receipts/740737_2026-06-08_2026-09-06_a1.json,new,new_20260913_740737_2026-06-08_2026-09-06_a1,https://api-v3.thaiwater.net/api/v1/thaiwater30/public/waterlevel_graph?station_type=tele_waterlevel&station_id=740737&start_date=2026-06-08&end_date=2026-09-06,th_agency_91,unknown
740738,stage_reported,value,2026-06-08,2026-09-06,91,13104,2026-06-08 00:00,2026-09-06 23:50,12639,available,200,application/json; charset=utf-8,2026-09-13T18:28:00.315716+00:00,1046884,b8c4a82eba959fe5d89f3ab527cd4b824d3218864e5b6bf12023bd9b735bdc20,bodies/740738_2026-06-08_2026-09-06_a1.body,receipts/740738_2026-06-08_2026-09-06_a1.json,new,new_20260913_740738_2026-06-08_2026-09-06_a1,https://api-v3.thaiwater.net/api/v1/thaiwater30/public/waterlevel_graph?station_type=tele_waterlevel&station_id=740738&start_date=2026-06-08&end_date=2026-09-06,th_agency_91,available
740738,discharge_reported,discharge,2026-06-08,2026-09-06,91,13104,2026-06-08 00:00,2026-09-06 23:50,0,empty_in_tested_window,200,application/json; charset=utf-8,2026-09-13T18:28:00.315716+00:00,1046884,b8c4a82eba959fe5d89f3ab527cd4b824d3218864e5b6bf12023bd9b735bdc20,bodies/740738_2026-06-08_2026-09-06_a1.body,receipts/740738_2026-06-08_2026-09-06_a1.json,new,new_20260913_740738_2026-06-08_2026-09-06_a1,https://api-v3.thaiwater.net/api/v1/thaiwater30/public/waterlevel_graph?station_type=tele_waterlevel&station_id=740738&start_date=2026-06-08&end_date=2026-09-06,th_agency_91,unknown
740739,stage_reported,value,2026-06-08,2026-09-06,91,13104,2026-06-08 00:00,2026-09-06 23:50,6247,available,200,application/json; charset=utf-8,2026-09-13T18:28:02.486007+00:00,1035200,c094e0b79c2b71b3d874894bdc1a37bae65509848903fb0bf21d645ecd8037ae,bodies/740739_2026-06-08_2026-09-06_a1.body,receipts/740739_2026-06-08_2026-09-06_a1.json,new,new_20260913_740739_2026-06-08_2026-09-06_a1,https://api-v3.thaiwater.net/api/v1/thaiwater30/public/waterlevel_graph?station_type=tele_waterlevel&station_id=740739&start_date=2026-06-08&end_date=2026-09-06,th_agency_91,available
740739,discharge_reported,discharge,2026-06-08,2026-09-06,91,13104,2026-06-08 00:00,2026-09-06 23:50,0,empty_in_tested_window,200,application/json; charset=utf-8,2026-09-13T18:28:02.486007+00:00,1035200,c094e0b79c2b71b3d874894bdc1a37bae65509848903fb0bf21d645ecd8037ae,bodies/740739_2026-06-08_2026-09-06_a1.body,receipts/740739_2026-06-08_2026-09-06_a1.json,new,new_20260913_740739_2026-06-08_2026-09-06_a1,https://api-v3.thaiwater.net/api/v1/thaiwater30/public/waterlevel_graph?station_type=tele_waterlevel&station_id=740739&start_date=2026-06-08&end_date=2026-09-06,th_agency_91,unknown
740740,stage_reported,value,2026-06-08,2026-09-06,91,13104,2026-06-08 00:00,2026-09-06 23:50,13022,available,200,application/json; charset=utf-8,2026-09-13T18:28:04.711445+00:00,1035289,b42351eb5e95cb86380e1347fe10bdc77b9c3460dcdaa11f061912d9e90ffb4d,bodies/740740_2026-06-08_2026-09-06_a1.body,receipts/740740_2026-06-08_2026-09-06_a1.json,new,new_20260913_740740_2026-06-08_2026-09-06_a1,https://api-v3.thaiwater.net/api/v1/thaiwater30/public/waterlevel_graph?station_type=tele_waterlevel&station_id=740740&start_date=2026-06-08&end_date=2026-09-06,th_agency_91,available
740740,discharge_reported,discharge,2026-06-08,2026-09-06,91,13104,2026-06-08 00:00,2026-09-06 23:50,0,empty_in_tested_window,200,application/json; charset=utf-8,2026-09-13T18:28:04.711445+00:00,1035289,b42351eb5e95cb86380e1347fe10bdc77b9c3460dcdaa11f061912d9e90ffb4d,bodies/740740_2026-06-08_2026-09-06_a1.body,receipts/740740_2026-06-08_2026-09-06_a1.json,new,new_20260913_740740_2026-06-08_2026-09-06_a1,https://api-v3.thaiwater.net/api/v1/thaiwater30/public/waterlevel_graph?station_type=tele_waterlevel&station_id=740740&start_date=2026-06-08&end_date=2026-09-06,th_agency_91,unknown
740742,stage_reported,value,2026-06-08,2026-09-06,91,13104,2026-06-08 00:00,2026-09-06 23:50,12951,available,200,application/json; charset=utf-8,2026-09-13T18:28:07.247636+00:00,1034021,337c81444ff4742cc03a5e20ed96629f0c0114d75a7cd33da32cbd5b63b34520,bodies/740742_2026-06-08_2026-09-06_a1.body,receipts/740742_2026-06-08_2026-09-06_a1.json,new,new_20260913_740742_2026-06-08_2026-09-06_a1,https://api-v3.thaiwater.net/api/v1/thaiwater30/public/waterlevel_graph?station_type=tele_waterlevel&station_id=740742&start_date=2026-06-08&end_date=2026-09-06,th_agency_91,available
740742,discharge_reported,discharge,2026-06-08,2026-09-06,91,13104,2026-06-08 00:00,2026-09-06 23:50,0,empty_in_tested_window,200,application/json; charset=utf-8,2026-09-13T18:28:07.247636+00:00,1034021,337c81444ff4742cc03a5e20ed96629f0c0114d75a7cd33da32cbd5b63b34520,bodies/740742_2026-06-08_2026-09-06_a1.body,receipts/740742_2026-06-08_2026-09-06_a1.json,new,new_20260913_740742_2026-06-08_2026-09-06_a1,https://api-v3.thaiwater.net/api/v1/thaiwater30/public/waterlevel_graph?station_type=tele_waterlevel&station_id=740742&start_date=2026-06-08&end_date=2026-09-06,th_agency_91,unknown
740746,stage_reported,value,2026-06-08,2026-09-06,91,13104,2026-06-08 00:00,2026-09-06 23:50,13013,available,200,application/json; charset=utf-8,2026-09-13T18:28:09.498110+00:00,1033798,0515c77651853d1ce8b3d8a2d499aa1d505d7d219f039c486575297a7c5f2cca,bodies/740746_2026-06-08_2026-09-06_a1.body,receipts/740746_2026-06-08_2026-09-06_a1.json,new,new_20260913_740746_2026-06-08_2026-09-06_a1,https://api-v3.thaiwater.net/api/v1/thaiwater30/public/waterlevel_graph?station_type=tele_waterlevel&station_id=740746&start_date=2026-06-08&end_date=2026-09-06,th_agency_91,available
740746,discharge_reported,discharge,2026-06-08,2026-09-06,91,13104,2026-06-08 00:00,2026-09-06 23:50,0,empty_in_tested_window,200,application/json; charset=utf-8,2026-09-13T18:28:09.498110+00:00,1033798,0515c77651853d1ce8b3d8a2d499aa1d505d7d219f039c486575297a7c5f2cca,bodies/740746_2026-06-08_2026-09-06_a1.body,receipts/740746_2026-06-08_2026-09-06_a1.json,new,new_20260913_740746_2026-06-08_2026-09-06_a1,https://api-v3.thaiwater.net/api/v1/thaiwater30/public/waterlevel_graph?station_type=tele_waterlevel&station_id=740746&start_date=2026-06-08&end_date=2026-09-06,th_agency_91,unknown
745748,stage_reported,value,2026-06-08,2026-09-06,91,13104,2026-06-08 00:00,2026-09-06 23:50,12975,available,200,application/json; charset=utf-8,2026-09-13T18:28:11.957667+00:00,1059741,a625097737da41125e12cfcff2d9485757e7ab9af14b03a8a7aa61f465c847af,bodies/745748_2026-06-08_2026-09-06_a1.body,receipts/745748_2026-06-08_2026-09-06_a1.json,new,new_20260913_745748_2026-06-08_2026-09-06_a1,https://api-v3.thaiwater.net/api/v1/thaiwater30/public/waterlevel_graph?station_type=tele_waterlevel&station_id=745748&start_date=2026-06-08&end_date=2026-09-06,th_agency_9,available
745748,discharge_reported,discharge,2026-06-08,2026-09-06,91,13104,2026-06-08 00:00,2026-09-06 23:50,0,empty_in_tested_window,200,application/json; charset=utf-8,2026-09-13T18:28:11.957667+00:00,1059741,a625097737da41125e12cfcff2d9485757e7ab9af14b03a8a7aa61f465c847af,bodies/745748_2026-06-08_2026-09-06_a1.body,receipts/745748_2026-06-08_2026-09-06_a1.json,new,new_20260913_745748_2026-06-08_2026-09-06_a1,https://api-v3.thaiwater.net/api/v1/thaiwater30/public/waterlevel_graph?station_type=tele_waterlevel&station_id=745748&start_date=2026-06-08&end_date=2026-09-06,th_agency_9,unknown
786010,stage_reported,value,2026-06-08,2026-09-06,91,2184,2026-06-08 00:00,2026-09-06 23:00,1500,available,200,application/json; charset=utf-8,2026-09-13T18:28:13.719947+00:00,182395,da50fb2adaee448ce9277dad4bbbc705de57754e6fab554ce6e09e143ff08516,bodies/786010_2026-06-08_2026-09-06_a1.body,receipts/786010_2026-06-08_2026-09-06_a1.json,new,new_20260913_786010_2026-06-08_2026-09-06_a1,https://api-v3.thaiwater.net/api/v1/thaiwater30/public/waterlevel_graph?station_type=tele_waterlevel&station_id=786010&start_date=2026-06-08&end_date=2026-09-06,th_agency_12,available
786010,discharge_reported,discharge,2026-06-08,2026-09-06,91,2184,2026-06-08 00:00,2026-09-06 23:00,0,empty_in_tested_window,200,application/json; charset=utf-8,2026-09-13T18:28:13.719947+00:00,182395,da50fb2adaee448ce9277dad4bbbc705de57754e6fab554ce6e09e143ff08516,bodies/786010_2026-06-08_2026-09-06_a1.body,receipts/786010_2026-06-08_2026-09-06_a1.json,new,new_20260913_786010_2026-06-08_2026-09-06_a1,https://api-v3.thaiwater.net/api/v1/thaiwater30/public/waterlevel_graph?station_type=tele_waterlevel&station_id=786010&start_date=2026-06-08&end_date=2026-09-06,th_agency_12,unknown
832057,stage_reported,value,2026-06-08,2026-09-06,91,2184,2026-06-08 00:00,2026-09-06 23:00,1974,available,200,application/json; charset=utf-8,2026-09-13T18:28:15.976014+00:00,174449,947dea2f4ab716a32585322f6d1f07bb5cb414e6196e38fbb86358ae58dec887,bodies/832057_2026-06-08_2026-09-06_a1.body,receipts/832057_2026-06-08_2026-09-06_a1.json,new,new_20260913_832057_2026-06-08_2026-09-06_a1,https://api-v3.thaiwater.net/api/v1/thaiwater30/public/waterlevel_graph?station_type=tele_waterlevel&station_id=832057&start_date=2026-06-08&end_date=2026-09-06,th_agency_12,available
832057,discharge_reported,discharge,2026-06-08,2026-09-06,91,2184,2026-06-08 00:00,2026-09-06 23:00,1,available,200,application/json; charset=utf-8,2026-09-13T18:28:15.976014+00:00,174449,947dea2f4ab716a32585322f6d1f07bb5cb414e6196e38fbb86358ae58dec887,bodies/832057_2026-06-08_2026-09-06_a1.body,receipts/832057_2026-06-08_2026-09-06_a1.json,new,new_20260913_832057_2026-06-08_2026-09-06_a1,https://api-v3.thaiwater.net/api/v1/thaiwater30/public/waterlevel_graph?station_type=tele_waterlevel&station_id=832057&start_date=2026-06-08&end_date=2026-09-06,th_agency_12,available
832059,stage_reported,value,2026-06-08,2026-09-06,91,2184,2026-06-08 00:00,2026-09-06 23:00,1985,available,200,application/json; charset=utf-8,2026-09-13T18:28:18.034720+00:00,176380,547e1b86ba6edd821be3514ae1b318cabe086ff602238f29c6838f20901c1b7d,bodies/832059_2026-06-08_2026-09-06_a1.body,receipts/832059_2026-06-08_2026-09-06_a1.json,new,new_20260913_832059_2026-06-08_2026-09-06_a1,https://api-v3.thaiwater.net/api/v1/thaiwater30/public/waterlevel_graph?station_type=tele_waterlevel&station_id=832059&start_date=2026-06-08&end_date=2026-09-06,th_agency_12,available
832059,discharge_reported,discharge,2026-06-08,2026-09-06,91,2184,2026-06-08 00:00,2026-09-06 23:00,0,empty_in_tested_window,200,application/json; charset=utf-8,2026-09-13T18:28:18.034720+00:00,176380,547e1b86ba6edd821be3514ae1b318cabe086ff602238f29c6838f20901c1b7d,bodies/832059_2026-06-08_2026-09-06_a1.body,receipts/832059_2026-06-08_2026-09-06_a1.json,new,new_20260913_832059_2026-06-08_2026-09-06_a1,https://api-v3.thaiwater.net/api/v1/thaiwater30/public/waterlevel_graph?station_type=tele_waterlevel&station_id=832059&start_date=2026-06-08&end_date=2026-09-06,th_agency_12,unknown
832066,stage_reported,value,2026-08-31,2026-09-06,7,168,2026-08-31 00:00,2026-09-06 23:00,152,available,200,application/json; charset=utf-8,2026-09-13T18:28:19.479036+00:00,13967,49073cbd0c60e9688503de9b8ca60d0036552d1fd5b8f4d063875eb6ab31603f,bodies/832066_2026-08-31_2026-09-06_a1.body,receipts/832066_2026-08-31_2026-09-06_a1.json,new,new_20260913_832066_2026-08-31_2026-09-06_a1,https://api-v3.thaiwater.net/api/v1/thaiwater30/public/waterlevel_graph?station_type=tele_waterlevel&station_id=832066&start_date=2026-08-31&end_date=2026-09-06,th_agency_12,available
832066,discharge_reported,discharge,2026-08-31,2026-09-06,7,168,2026-08-31 00:00,2026-09-06 23:00,152,available,200,application/json; charset=utf-8,2026-09-13T18:28:19.479036+00:00,13967,49073cbd0c60e9688503de9b8ca60d0036552d1fd5b8f4d063875eb6ab31603f,bodies/832066_2026-08-31_2026-09-06_a1.body,receipts/832066_2026-08-31_2026-09-06_a1.json,new,new_20260913_832066_2026-08-31_2026-09-06_a1,https://api-v3.thaiwater.net/api/v1/thaiwater30/public/waterlevel_graph?station_type=tele_waterlevel&station_id=832066&start_date=2026-08-31&end_date=2026-09-06,th_agency_12,available
832084,stage_reported,value,2026-08-31,2026-09-06,7,168,2026-08-31 00:00,2026-09-06 23:00,152,available,200,application/json; charset=utf-8,2026-09-13T18:28:21.060855+00:00,14156,3c21cb8d881304d13fb70cdb9fe27ed0bdbb0a1b632664ba832ee603d85c23b9,bodies/832084_2026-08-31_2026-09-06_a1.body,receipts/832084_2026-08-31_2026-09-06_a1.json,new,new_20260913_832084_2026-08-31_2026-09-06_a1,https://api-v3.thaiwater.net/api/v1/thaiwater30/public/waterlevel_graph?station_type=tele_waterlevel&station_id=832084&start_date=2026-08-31&end_date=2026-09-06,th_agency_12,available
832084,discharge_reported,discharge,2026-08-31,2026-09-06,7,168,2026-08-31 00:00,2026-09-06 23:00,152,available,200,application/json; charset=utf-8,2026-09-13T18:28:21.060855+00:00,14156,3c21cb8d881304d13fb70cdb9fe27ed0bdbb0a1b632664ba832ee603d85c23b9,bodies/832084_2026-08-31_2026-09-06_a1.body,receipts/832084_2026-08-31_2026-09-06_a1.json,new,new_20260913_832084_2026-08-31_2026-09-06_a1,https://api-v3.thaiwater.net/api/v1/thaiwater30/public/waterlevel_graph?station_type=tele_waterlevel&station_id=832084&start_date=2026-08-31&end_date=2026-09-06,th_agency_12,available
852087,stage_reported,value,2026-06-08,2026-09-06,91,13104,2026-06-08 00:00,2026-09-06 23:50,12931,available,200,application/json; charset=utf-8,2026-09-13T18:28:24.269529+00:00,1033977,454b8bfba27bb1c0afbfe91f3d230909fa9edb5bdd80e8c06b8ec3776947a6b7,bodies/852087_2026-06-08_2026-09-06_a1.body,receipts/852087_2026-06-08_2026-09-06_a1.json,new,new_20260913_852087_2026-06-08_2026-09-06_a1,https://api-v3.thaiwater.net/api/v1/thaiwater30/public/waterlevel_graph?station_type=tele_waterlevel&station_id=852087&start_date=2026-06-08&end_date=2026-09-06,th_agency_9,available
852087,discharge_reported,discharge,2026-06-08,2026-09-06,91,13104,2026-06-08 00:00,2026-09-06 23:50,0,empty_in_tested_window,200,application/json; charset=utf-8,2026-09-13T18:28:24.269529+00:00,1033977,454b8bfba27bb1c0afbfe91f3d230909fa9edb5bdd80e8c06b8ec3776947a6b7,bodies/852087_2026-06-08_2026-09-06_a1.body,receipts/852087_2026-06-08_2026-09-06_a1.json,new,new_20260913_852087_2026-06-08_2026-09-06_a1,https://api-v3.thaiwater.net/api/v1/thaiwater30/public/waterlevel_graph?station_type=tele_waterlevel&station_id=852087&start_date=2026-06-08&end_date=2026-09-06,th_agency_9,unknown
999395,stage_reported,value,2026-06-08,2026-09-06,91,2184,2026-06-08 00:00,2026-09-06 23:00,1975,available,200,application/json; charset=utf-8,2026-09-13T18:28:25.922166+00:00,178133,9e31b92ad3aadf8f4940a77e468f747e64c4e256f8b28b725d4a313aa2c41c03,bodies/999395_2026-06-08_2026-09-06_a1.body,receipts/999395_2026-06-08_2026-09-06_a1.json,new,new_20260913_999395_2026-06-08_2026-09-06_a1,https://api-v3.thaiwater.net/api/v1/thaiwater30/public/waterlevel_graph?station_type=tele_waterlevel&station_id=999395&start_date=2026-06-08&end_date=2026-09-06,th_agency_12,available
999395,discharge_reported,discharge,2026-06-08,2026-09-06,91,2184,2026-06-08 00:00,2026-09-06 23:00,0,empty_in_tested_window,200,application/json; charset=utf-8,2026-09-13T18:28:25.922166+00:00,178133,9e31b92ad3aadf8f4940a77e468f747e64c4e256f8b28b725d4a313aa2c41c03,bodies/999395_2026-06-08_2026-09-06_a1.body,receipts/999395_2026-06-08_2026-09-06_a1.json,new,new_20260913_999395_2026-06-08_2026-09-06_a1,https://api-v3.thaiwater.net/api/v1/thaiwater30/public/waterlevel_graph?station_type=tele_waterlevel&station_id=999395&start_date=2026-06-08&end_date=2026-09-06,th_agency_12,unknown
999405,stage_reported,value,2026-08-31,2026-09-06,7,168,2026-08-31 00:00,2026-09-06 23:00,148,available,200,application/json; charset=utf-8,2026-09-13T18:28:27.316167+00:00,13229,a8797ced87de78c72688e9965acc73470a2e40508d09754db70254d27a352bac,bodies/999405_2026-08-31_2026-09-06_a1.body,receipts/999405_2026-08-31_2026-09-06_a1.json,new,new_20260913_999405_2026-08-31_2026-09-06_a1,https://api-v3.thaiwater.net/api/v1/thaiwater30/public/waterlevel_graph?station_type=tele_waterlevel&station_id=999405&start_date=2026-08-31&end_date=2026-09-06,th_agency_12,available
999405,discharge_reported,discharge,2026-08-31,2026-09-06,7,168,2026-08-31 00:00,2026-09-06 23:00,148,available,200,application/json; charset=utf-8,2026-09-13T18:28:27.316167+00:00,13229,a8797ced87de78c72688e9965acc73470a2e40508d09754db70254d27a352bac,bodies/999405_2026-08-31_2026-09-06_a1.body,receipts/999405_2026-08-31_2026-09-06_a1.json,new,new_20260913_999405_2026-08-31_2026-09-06_a1,https://api-v3.thaiwater.net/api/v1/thaiwater30/public/waterlevel_graph?station_type=tele_waterlevel&station_id=999405&start_date=2026-08-31&end_date=2026-09-06,th_agency_12,available
1035512,stage_reported,value,2026-08-31,2026-09-06,7,168,2026-08-31 00:00,2026-09-06 23:00,157,available,200,application/json; charset=utf-8,2026-09-13T18:28:28.967690+00:00,14355,31d6ded4bc51125590ae82416d608dbe2aa1106994137f829e426cc15655fe6b,bodies/1035512_2026-08-31_2026-09-06_a1.body,receipts/1035512_2026-08-31_2026-09-06_a1.json,new,new_20260913_1035512_2026-08-31_2026-09-06_a1,https://api-v3.thaiwater.net/api/v1/thaiwater30/public/waterlevel_graph?station_type=tele_waterlevel&station_id=1035512&start_date=2026-08-31&end_date=2026-09-06,th_agency_12,available
1035512,discharge_reported,discharge,2026-08-31,2026-09-06,7,168,2026-08-31 00:00,2026-09-06 23:00,157,available,200,application/json; charset=utf-8,2026-09-13T18:28:28.967690+00:00,14355,31d6ded4bc51125590ae82416d608dbe2aa1106994137f829e426cc15655fe6b,bodies/1035512_2026-08-31_2026-09-06_a1.body,receipts/1035512_2026-08-31_2026-09-06_a1.json,new,new_20260913_1035512_2026-08-31_2026-09-06_a1,https://api-v3.thaiwater.net/api/v1/thaiwater30/public/waterlevel_graph?station_type=tele_waterlevel&station_id=1035512&start_date=2026-08-31&end_date=2026-09-06,th_agency_12,available
1035516,stage_reported,value,2026-08-31,2026-09-06,7,168,2026-08-31 00:00,2026-09-06 23:00,157,available,200,application/json; charset=utf-8,2026-09-13T18:28:30.563282+00:00,14358,8ef60550eb2589474314f86475526623e9592174af4b33238cc7cde74efef432,bodies/1035516_2026-08-31_2026-09-06_a1.body,receipts/1035516_2026-08-31_2026-09-06_a1.json,new,new_20260913_1035516_2026-08-31_2026-09-06_a1,https://api-v3.thaiwater.net/api/v1/thaiwater30/public/waterlevel_graph?station_type=tele_waterlevel&station_id=1035516&start_date=2026-08-31&end_date=2026-09-06,th_agency_12,available
1035516,discharge_reported,discharge,2026-08-31,2026-09-06,7,168,2026-08-31 00:00,2026-09-06 23:00,88,available,200,application/json; charset=utf-8,2026-09-13T18:28:30.563282+00:00,14358,8ef60550eb2589474314f86475526623e9592174af4b33238cc7cde74efef432,bodies/1035516_2026-08-31_2026-09-06_a1.body,receipts/1035516_2026-08-31_2026-09-06_a1.json,new,new_20260913_1035516_2026-08-31_2026-09-06_a1,https://api-v3.thaiwater.net/api/v1/thaiwater30/public/waterlevel_graph?station_type=tele_waterlevel&station_id=1035516&start_date=2026-08-31&end_date=2026-09-06,th_agency_12,available
1035518,stage_reported,value,2026-06-08,2026-09-06,91,2184,2026-06-08 00:00,2026-09-06 23:00,805,available,200,application/json; charset=utf-8,2026-09-13T18:28:32.618063+00:00,180464,6ce2a7b005d39a1c7b5281bc020fe6b98fe53d1745a6431a6028f4fdeaff5aba,bodies/1035518_2026-06-08_2026-09-06_a1.body,receipts/1035518_2026-06-08_2026-09-06_a1.json,new,new_20260913_1035518_2026-06-08_2026-09-06_a1,https://api-v3.thaiwater.net/api/v1/thaiwater30/public/waterlevel_graph?station_type=tele_waterlevel&station_id=1035518&start_date=2026-06-08&end_date=2026-09-06,th_agency_12,available
1035518,discharge_reported,discharge,2026-06-08,2026-09-06,91,2184,2026-06-08 00:00,2026-09-06 23:00,66,available,200,application/json; charset=utf-8,2026-09-13T18:28:32.618063+00:00,180464,6ce2a7b005d39a1c7b5281bc020fe6b98fe53d1745a6431a6028f4fdeaff5aba,bodies/1035518_2026-06-08_2026-09-06_a1.body,receipts/1035518_2026-06-08_2026-09-06_a1.json,new,new_20260913_1035518_2026-06-08_2026-09-06_a1,https://api-v3.thaiwater.net/api/v1/thaiwater30/public/waterlevel_graph?station_type=tele_waterlevel&station_id=1035518&start_date=2026-06-08&end_date=2026-09-06,th_agency_12,available
1035521,stage_reported,value,2026-08-31,2026-09-06,7,168,2026-08-31 00:00,2026-09-06 23:00,157,available,200,application/json; charset=utf-8,2026-09-13T18:28:33.998080+00:00,14734,986cdfaa7cda27a4cc61b07c8f0857a8f2f36fc236e98994d2afb8541c5f7f50,bodies/1035521_2026-08-31_2026-09-06_a1.body,receipts/1035521_2026-08-31_2026-09-06_a1.json,new,new_20260913_1035521_2026-08-31_2026-09-06_a1,https://api-v3.thaiwater.net/api/v1/thaiwater30/public/waterlevel_graph?station_type=tele_waterlevel&station_id=1035521&start_date=2026-08-31&end_date=2026-09-06,th_agency_12,available
1035521,discharge_reported,discharge,2026-08-31,2026-09-06,7,168,2026-08-31 00:00,2026-09-06 23:00,157,available,200,application/json; charset=utf-8,2026-09-13T18:28:33.998080+00:00,14734,986cdfaa7cda27a4cc61b07c8f0857a8f2f36fc236e98994d2afb8541c5f7f50,bodies/1035521_2026-08-31_2026-09-06_a1.body,receipts/1035521_2026-08-31_2026-09-06_a1.json,new,new_20260913_1035521_2026-08-31_2026-09-06_a1,https://api-v3.thaiwater.net/api/v1/thaiwater30/public/waterlevel_graph?station_type=tele_waterlevel&station_id=1035521&start_date=2026-08-31&end_date=2026-09-06,th_agency_12,available
1066916,stage_reported,value,2026-08-31,2026-09-06,7,168,2026-08-31 00:00,2026-09-06 23:00,161,available,200,application/json; charset=utf-8,2026-09-13T18:28:35.603888+00:00,14153,94f1460ead483dd7a82c3afb247b1fe2c78f4481ff40b9d83aa26cbaa36faab2,bodies/1066916_2026-08-31_2026-09-06_a1.body,receipts/1066916_2026-08-31_2026-09-06_a1.json,new,new_20260913_1066916_2026-08-31_2026-09-06_a1,https://api-v3.thaiwater.net/api/v1/thaiwater30/public/waterlevel_graph?station_type=tele_waterlevel&station_id=1066916&start_date=2026-08-31&end_date=2026-09-06,th_agency_12,available
1066916,discharge_reported,discharge,2026-08-31,2026-09-06,7,168,2026-08-31 00:00,2026-09-06 23:00,161,available,200,application/json; charset=utf-8,2026-09-13T18:28:35.603888+00:00,14153,94f1460ead483dd7a82c3afb247b1fe2c78f4481ff40b9d83aa26cbaa36faab2,bodies/1066916_2026-08-31_2026-09-06_a1.body,receipts/1066916_2026-08-31_2026-09-06_a1.json,new,new_20260913_1066916_2026-08-31_2026-09-06_a1,https://api-v3.thaiwater.net/api/v1/thaiwater30/public/waterlevel_graph?station_type=tele_waterlevel&station_id=1066916&start_date=2026-08-31&end_date=2026-09-06,th_agency_12,available
1079844,stage_reported,value,2026-06-08,2026-09-06,91,2184,2026-06-08 00:00,2026-09-06 23:00,1778,available,200,application/json; charset=utf-8,2026-09-13T18:28:37.658998+00:00,187402,78b3918ba068e63aa4e3f67b1618330884a7311d8608332f87a9ad0f9a9bc520,bodies/1079844_2026-06-08_2026-09-06_a1.body,receipts/1079844_2026-06-08_2026-09-06_a1.json,new,new_20260913_1079844_2026-06-08_2026-09-06_a1,https://api-v3.thaiwater.net/api/v1/thaiwater30/public/waterlevel_graph?station_type=tele_waterlevel&station_id=1079844&start_date=2026-06-08&end_date=2026-09-06,th_agency_12,available
1079844,discharge_reported,discharge,2026-06-08,2026-09-06,91,2184,2026-06-08 00:00,2026-09-06 23:00,252,available,200,application/json; charset=utf-8,2026-09-13T18:28:37.658998+00:00,187402,78b3918ba068e63aa4e3f67b1618330884a7311d8608332f87a9ad0f9a9bc520,bodies/1079844_2026-06-08_2026-09-06_a1.body,receipts/1079844_2026-06-08_2026-09-06_a1.json,new,new_20260913_1079844_2026-06-08_2026-09-06_a1,https://api-v3.thaiwater.net/api/v1/thaiwater30/public/waterlevel_graph?station_type=tele_waterlevel&station_id=1079844&start_date=2026-06-08&end_date=2026-09-06,th_agency_12,available
1079932,stage_reported,value,2026-08-31,2026-09-06,7,168,2026-08-31 00:00,2026-09-06 23:00,161,available,200,application/json; charset=utf-8,2026-09-13T18:28:47.107002+00:00,14031,d165ea666dd317290168ae94c0e25d84632637e57ac0b272ae4a00910b835629,bodies/1079932_2026-08-31_2026-09-06_a1.body,receipts/1079932_2026-08-31_2026-09-06_a1.json,new,new_20260913_1079932_2026-08-31_2026-09-06_a1,https://api-v3.thaiwater.net/api/v1/thaiwater30/public/waterlevel_graph?station_type=tele_waterlevel&station_id=1079932&start_date=2026-08-31&end_date=2026-09-06,th_agency_12,available
1079932,discharge_reported,discharge,2026-08-31,2026-09-06,7,168,2026-08-31 00:00,2026-09-06 23:00,161,available,200,application/json; charset=utf-8,2026-09-13T18:28:47.107002+00:00,14031,d165ea666dd317290168ae94c0e25d84632637e57ac0b272ae4a00910b835629,bodies/1079932_2026-08-31_2026-09-06_a1.body,receipts/1079932_2026-08-31_2026-09-06_a1.json,new,new_20260913_1079932_2026-08-31_2026-09-06_a1,https://api-v3.thaiwater.net/api/v1/thaiwater30/public/waterlevel_graph?station_type=tele_waterlevel&station_id=1079932&start_date=2026-08-31&end_date=2026-09-06,th_agency_12,available
1079995,stage_reported,value,2026-08-31,2026-09-06,7,168,2026-08-31 00:00,2026-09-06 23:00,148,available,200,application/json; charset=utf-8,2026-09-13T18:28:48.486301+00:00,13963,de9f852cd400f917cbb25c708be4701e288bf31d2ef5940dfde21c8c4ba987f0,bodies/1079995_2026-08-31_2026-09-06_a1.body,receipts/1079995_2026-08-31_2026-09-06_a1.json,new,new_20260913_1079995_2026-08-31_2026-09-06_a1,https://api-v3.thaiwater.net/api/v1/thaiwater30/public/waterlevel_graph?station_type=tele_waterlevel&station_id=1079995&start_date=2026-08-31&end_date=2026-09-06,th_agency_12,available
1079995,discharge_reported,discharge,2026-08-31,2026-09-06,7,168,2026-08-31 00:00,2026-09-06 23:00,148,available,200,application/json; charset=utf-8,2026-09-13T18:28:48.486301+00:00,13963,de9f852cd400f917cbb25c708be4701e288bf31d2ef5940dfde21c8c4ba987f0,bodies/1079995_2026-08-31_2026-09-06_a1.body,receipts/1079995_2026-08-31_2026-09-06_a1.json,new,new_20260913_1079995_2026-08-31_2026-09-06_a1,https://api-v3.thaiwater.net/api/v1/thaiwater30/public/waterlevel_graph?station_type=tele_waterlevel&station_id=1079995&start_date=2026-08-31&end_date=2026-09-06,th_agency_12,available
1082427,stage_reported,value,2026-06-08,2026-09-06,91,13104,2026-06-08 00:00,2026-09-06 23:50,5278,available,200,application/json; charset=utf-8,2026-09-13T18:28:51.508381+00:00,1040067,d0a7d2a6fc0bab1387606f320a9a436d423d91084c8832370609f0f95ec95899,bodies/1082427_2026-06-08_2026-09-06_a1.body,receipts/1082427_2026-06-08_2026-09-06_a1.json,new,new_20260913_1082427_2026-06-08_2026-09-06_a1,https://api-v3.thaiwater.net/api/v1/thaiwater30/public/waterlevel_graph?station_type=tele_waterlevel&station_id=1082427&start_date=2026-06-08&end_date=2026-09-06,th_agency_9,available
1082427,discharge_reported,discharge,2026-06-08,2026-09-06,91,13104,2026-06-08 00:00,2026-09-06 23:50,0,empty_in_tested_window,200,application/json; charset=utf-8,2026-09-13T18:28:51.508381+00:00,1040067,d0a7d2a6fc0bab1387606f320a9a436d423d91084c8832370609f0f95ec95899,bodies/1082427_2026-06-08_2026-09-06_a1.body,receipts/1082427_2026-06-08_2026-09-06_a1.json,new,new_20260913_1082427_2026-06-08_2026-09-06_a1,https://api-v3.thaiwater.net/api/v1/thaiwater30/public/waterlevel_graph?station_type=tele_waterlevel&station_id=1082427&start_date=2026-06-08&end_date=2026-09-06,th_agency_9,unknown
1085210,stage_reported,value,2026-06-08,2026-09-06,91,13104,2026-06-08 00:00,2026-09-06 23:50,1980,available,200,application/json; charset=utf-8,2026-09-13T18:28:53.952550+00:00,1039271,873ca81aaa976f7bc8a0c28dc2cf960ae94cd9d6a8e1592af13eab31f311b5e8,bodies/1085210_2026-06-08_2026-09-06_a1.body,receipts/1085210_2026-06-08_2026-09-06_a1.json,new,new_20260913_1085210_2026-06-08_2026-09-06_a1,https://api-v3.thaiwater.net/api/v1/thaiwater30/public/waterlevel_graph?station_type=tele_waterlevel&station_id=1085210&start_date=2026-06-08&end_date=2026-09-06,th_agency_9,available
1085210,discharge_reported,discharge,2026-06-08,2026-09-06,91,13104,2026-06-08 00:00,2026-09-06 23:50,0,empty_in_tested_window,200,application/json; charset=utf-8,2026-09-13T18:28:53.952550+00:00,1039271,873ca81aaa976f7bc8a0c28dc2cf960ae94cd9d6a8e1592af13eab31f311b5e8,bodies/1085210_2026-06-08_2026-09-06_a1.body,receipts/1085210_2026-06-08_2026-09-06_a1.json,new,new_20260913_1085210_2026-06-08_2026-09-06_a1,https://api-v3.thaiwater.net/api/v1/thaiwater30/public/waterlevel_graph?station_type=tele_waterlevel&station_id=1085210&start_date=2026-06-08&end_date=2026-09-06,th_agency_9,unknown
1085211,stage_reported,value,2026-06-08,2026-09-06,91,13104,2026-06-08 00:00,2026-09-06 23:50,13023,available,200,application/json; charset=utf-8,2026-09-13T18:28:57.192413+00:00,1047376,23fcb6c585eb0d199f1176dd67c53ec5526af6362397162d393b90299bb6578e,bodies/1085211_2026-06-08_2026-09-06_a1.body,receipts/1085211_2026-06-08_2026-09-06_a1.json,new,new_20260913_1085211_2026-06-08_2026-09-06_a1,https://api-v3.thaiwater.net/api/v1/thaiwater30/public/waterlevel_graph?station_type=tele_waterlevel&station_id=1085211&start_date=2026-06-08&end_date=2026-09-06,th_agency_9,available
1085211,discharge_reported,discharge,2026-06-08,2026-09-06,91,13104,2026-06-08 00:00,2026-09-06 23:50,0,empty_in_tested_window,200,application/json; charset=utf-8,2026-09-13T18:28:57.192413+00:00,1047376,23fcb6c585eb0d199f1176dd67c53ec5526af6362397162d393b90299bb6578e,bodies/1085211_2026-06-08_2026-09-06_a1.body,receipts/1085211_2026-06-08_2026-09-06_a1.json,new,new_20260913_1085211_2026-06-08_2026-09-06_a1,https://api-v3.thaiwater.net/api/v1/thaiwater30/public/waterlevel_graph?station_type=tele_waterlevel&station_id=1085211&start_date=2026-06-08&end_date=2026-09-06,th_agency_9,unknown
1087618,stage_reported,value,2026-06-08,2026-09-06,91,2184,2026-06-08 00:00,2026-09-06 23:00,1975,available,200,application/json; charset=utf-8,2026-09-13T18:28:59.059620+00:00,174443,d4fdbd03ec4ab96d20482d0c55cd6a1cb44104683513b9d4f1981fcc9aa093e9,bodies/1087618_2026-06-08_2026-09-06_a1.body,receipts/1087618_2026-06-08_2026-09-06_a1.json,new,new_20260913_1087618_2026-06-08_2026-09-06_a1,https://api-v3.thaiwater.net/api/v1/thaiwater30/public/waterlevel_graph?station_type=tele_waterlevel&station_id=1087618&start_date=2026-06-08&end_date=2026-09-06,th_agency_12,available
1087618,discharge_reported,discharge,2026-06-08,2026-09-06,91,2184,2026-06-08 00:00,2026-09-06 23:00,0,empty_in_tested_window,200,application/json; charset=utf-8,2026-09-13T18:28:59.059620+00:00,174443,d4fdbd03ec4ab96d20482d0c55cd6a1cb44104683513b9d4f1981fcc9aa093e9,bodies/1087618_2026-06-08_2026-09-06_a1.body,receipts/1087618_2026-06-08_2026-09-06_a1.json,new,new_20260913_1087618_2026-06-08_2026-09-06_a1,https://api-v3.thaiwater.net/api/v1/thaiwater30/public/waterlevel_graph?station_type=tele_waterlevel&station_id=1087618&start_date=2026-06-08&end_date=2026-09-06,th_agency_12,unknown
1091551,stage_reported,value,2026-06-08,2026-09-06,91,13104,2026-06-08 00:00,2026-09-06 23:50,13027,available,200,application/json; charset=utf-8,2026-09-13T18:29:02.386301+00:00,1034627,d44982dc07a41a07cba9e16a684a009d1738b52e491e30e2a28d5c66d3341464,bodies/1091551_2026-06-08_2026-09-06_a1.body,receipts/1091551_2026-06-08_2026-09-06_a1.json,new,new_20260913_1091551_2026-06-08_2026-09-06_a1,https://api-v3.thaiwater.net/api/v1/thaiwater30/public/waterlevel_graph?station_type=tele_waterlevel&station_id=1091551&start_date=2026-06-08&end_date=2026-09-06,th_agency_9,available
1091551,discharge_reported,discharge,2026-06-08,2026-09-06,91,13104,2026-06-08 00:00,2026-09-06 23:50,0,empty_in_tested_window,200,application/json; charset=utf-8,2026-09-13T18:29:02.386301+00:00,1034627,d44982dc07a41a07cba9e16a684a009d1738b52e491e30e2a28d5c66d3341464,bodies/1091551_2026-06-08_2026-09-06_a1.body,receipts/1091551_2026-06-08_2026-09-06_a1.json,new,new_20260913_1091551_2026-06-08_2026-09-06_a1,https://api-v3.thaiwater.net/api/v1/thaiwater30/public/waterlevel_graph?station_type=tele_waterlevel&station_id=1091551&start_date=2026-06-08&end_date=2026-09-06,th_agency_9,unknown
1093079,stage_reported,value,2026-06-08,2026-09-06,91,13104,2026-06-08 00:00,2026-09-06 23:50,13061,available,200,application/json; charset=utf-8,2026-09-13T18:29:05.389489+00:00,1060032,037d584fc35f1271fb2d4da21262688de63510bf49fd02b804fbb3e4c17cd1c1,bodies/1093079_2026-06-08_2026-09-06_a1.body,receipts/1093079_2026-06-08_2026-09-06_a1.json,new,new_20260913_1093079_2026-06-08_2026-09-06_a1,https://api-v3.thaiwater.net/api/v1/thaiwater30/public/waterlevel_graph?station_type=tele_waterlevel&station_id=1093079&start_date=2026-06-08&end_date=2026-09-06,th_agency_9,available
1093079,discharge_reported,discharge,2026-06-08,2026-09-06,91,13104,2026-06-08 00:00,2026-09-06 23:50,0,empty_in_tested_window,200,application/json; charset=utf-8,2026-09-13T18:29:05.389489+00:00,1060032,037d584fc35f1271fb2d4da21262688de63510bf49fd02b804fbb3e4c17cd1c1,bodies/1093079_2026-06-08_2026-09-06_a1.body,receipts/1093079_2026-06-08_2026-09-06_a1.json,new,new_20260913_1093079_2026-06-08_2026-09-06_a1,https://api-v3.thaiwater.net/api/v1/thaiwater30/public/waterlevel_graph?station_type=tele_waterlevel&station_id=1093079&start_date=2026-06-08&end_date=2026-09-06,th_agency_9,unknown
1093312,stage_reported,value,2026-06-08,2026-09-06,91,2184,2026-06-08 00:00,2026-09-06 23:00,1888,available,200,application/json; charset=utf-8,2026-09-13T18:29:07.300763+00:00,172519,b15a8207869e9c6deb1adc049766b644e20bd23a7c41d3cb9104f4cade603bed,bodies/1093312_2026-06-08_2026-09-06_a1.body,receipts/1093312_2026-06-08_2026-09-06_a1.json,new,new_20260913_1093312_2026-06-08_2026-09-06_a1,https://api-v3.thaiwater.net/api/v1/thaiwater30/public/waterlevel_graph?station_type=tele_waterlevel&station_id=1093312&start_date=2026-06-08&end_date=2026-09-06,th_agency_12,available
1093312,discharge_reported,discharge,2026-06-08,2026-09-06,91,2184,2026-06-08 00:00,2026-09-06 23:00,0,empty_in_tested_window,200,application/json; charset=utf-8,2026-09-13T18:29:07.300763+00:00,172519,b15a8207869e9c6deb1adc049766b644e20bd23a7c41d3cb9104f4cade603bed,bodies/1093312_2026-06-08_2026-09-06_a1.body,receipts/1093312_2026-06-08_2026-09-06_a1.json,new,new_20260913_1093312_2026-06-08_2026-09-06_a1,https://api-v3.thaiwater.net/api/v1/thaiwater30/public/waterlevel_graph?station_type=tele_waterlevel&station_id=1093312&start_date=2026-06-08&end_date=2026-09-06,th_agency_12,unknown
1094448,stage_reported,value,2026-06-08,2026-09-06,91,13104,2026-06-08 00:00,2026-09-06 23:50,12511,available,200,application/json; charset=utf-8,2026-09-13T18:29:10.300005+00:00,1058800,b74f67ea62ec95b61bd2f5b5a32925f031e349b7a07e619686ccac78164b8d59,bodies/1094448_2026-06-08_2026-09-06_a1.body,receipts/1094448_2026-06-08_2026-09-06_a1.json,new,new_20260913_1094448_2026-06-08_2026-09-06_a1,https://api-v3.thaiwater.net/api/v1/thaiwater30/public/waterlevel_graph?station_type=tele_waterlevel&station_id=1094448&start_date=2026-06-08&end_date=2026-09-06,th_agency_9,available
1094448,discharge_reported,discharge,2026-06-08,2026-09-06,91,13104,2026-06-08 00:00,2026-09-06 23:50,0,empty_in_tested_window,200,application/json; charset=utf-8,2026-09-13T18:29:10.300005+00:00,1058800,b74f67ea62ec95b61bd2f5b5a32925f031e349b7a07e619686ccac78164b8d59,bodies/1094448_2026-06-08_2026-09-06_a1.body,receipts/1094448_2026-06-08_2026-09-06_a1.json,new,new_20260913_1094448_2026-06-08_2026-09-06_a1,https://api-v3.thaiwater.net/api/v1/thaiwater30/public/waterlevel_graph?station_type=tele_waterlevel&station_id=1094448&start_date=2026-06-08&end_date=2026-09-06,th_agency_9,unknown
1095455,stage_reported,value,2026-06-08,2026-09-06,91,13104,2026-06-08 00:00,2026-09-06 23:50,13067,available,200,application/json; charset=utf-8,2026-09-13T18:29:13.578507+00:00,1060025,26a7f679094395f20c321b6868c22af139cd62df0e37f56c058b28d4e8cde449,bodies/1095455_2026-06-08_2026-09-06_a1.body,receipts/1095455_2026-06-08_2026-09-06_a1.json,new,new_20260913_1095455_2026-06-08_2026-09-06_a1,https://api-v3.thaiwater.net/api/v1/thaiwater30/public/waterlevel_graph?station_type=tele_waterlevel&station_id=1095455&start_date=2026-06-08&end_date=2026-09-06,th_agency_9,available
1095455,discharge_reported,discharge,2026-06-08,2026-09-06,91,13104,2026-06-08 00:00,2026-09-06 23:50,0,empty_in_tested_window,200,application/json; charset=utf-8,2026-09-13T18:29:13.578507+00:00,1060025,26a7f679094395f20c321b6868c22af139cd62df0e37f56c058b28d4e8cde449,bodies/1095455_2026-06-08_2026-09-06_a1.body,receipts/1095455_2026-06-08_2026-09-06_a1.json,new,new_20260913_1095455_2026-06-08_2026-09-06_a1,https://api-v3.thaiwater.net/api/v1/thaiwater30/public/waterlevel_graph?station_type=tele_waterlevel&station_id=1095455&start_date=2026-06-08&end_date=2026-09-06,th_agency_9,unknown
1095849,stage_reported,value,2026-06-08,2026-09-06,91,2184,2026-06-08 00:00,2026-09-06 23:00,1583,available,200,application/json; charset=utf-8,2026-09-13T18:29:15.457951+00:00,172449,89cca818645d3c4e021a134faeb60cc80b96fe25c0c6a13b303cd8d9a77c1250,bodies/1095849_2026-06-08_2026-09-06_a1.body,receipts/1095849_2026-06-08_2026-09-06_a1.json,new,new_20260913_1095849_2026-06-08_2026-09-06_a1,https://api-v3.thaiwater.net/api/v1/thaiwater30/public/waterlevel_graph?station_type=tele_waterlevel&station_id=1095849&start_date=2026-06-08&end_date=2026-09-06,th_agency_12,available
1095849,discharge_reported,discharge,2026-06-08,2026-09-06,91,2184,2026-06-08 00:00,2026-09-06 23:00,0,empty_in_tested_window,200,application/json; charset=utf-8,2026-09-13T18:29:15.457951+00:00,172449,89cca818645d3c4e021a134faeb60cc80b96fe25c0c6a13b303cd8d9a77c1250,bodies/1095849_2026-06-08_2026-09-06_a1.body,receipts/1095849_2026-06-08_2026-09-06_a1.json,new,new_20260913_1095849_2026-06-08_2026-09-06_a1,https://api-v3.thaiwater.net/api/v1/thaiwater30/public/waterlevel_graph?station_type=tele_waterlevel&station_id=1095849&start_date=2026-06-08&end_date=2026-09-06,th_agency_12,unknown
1095872,stage_reported,value,2026-08-31,2026-09-06,7,168,2026-08-31 00:00,2026-09-06 23:00,148,available,200,application/json; charset=utf-8,2026-09-13T18:29:16.904776+00:00,14406,92b0f5f7a39667d305a2fac5f1eb8805f9e6ae20d11a3e5d7b9f73a781426e85,bodies/1095872_2026-08-31_2026-09-06_a1.body,receipts/1095872_2026-08-31_2026-09-06_a1.json,new,new_20260913_1095872_2026-08-31_2026-09-06_a1,https://api-v3.thaiwater.net/api/v1/thaiwater30/public/waterlevel_graph?station_type=tele_waterlevel&station_id=1095872&start_date=2026-08-31&end_date=2026-09-06,th_agency_12,available
1095872,discharge_reported,discharge,2026-08-31,2026-09-06,7,168,2026-08-31 00:00,2026-09-06 23:00,148,available,200,application/json; charset=utf-8,2026-09-13T18:29:16.904776+00:00,14406,92b0f5f7a39667d305a2fac5f1eb8805f9e6ae20d11a3e5d7b9f73a781426e85,bodies/1095872_2026-08-31_2026-09-06_a1.body,receipts/1095872_2026-08-31_2026-09-06_a1.json,new,new_20260913_1095872_2026-08-31_2026-09-06_a1,https://api-v3.thaiwater.net/api/v1/thaiwater30/public/waterlevel_graph?station_type=tele_waterlevel&station_id=1095872&start_date=2026-08-31&end_date=2026-09-06,th_agency_12,available
1095875,stage_reported,value,2026-08-31,2026-09-06,7,168,2026-08-31 00:00,2026-09-06 23:00,148,available,200,application/json; charset=utf-8,2026-09-13T18:29:18.291801+00:00,13967,39986cccda56a3dbd05bf98a7cd0158fda433ea76c33cfdb4eae1b88157b04ca,bodies/1095875_2026-08-31_2026-09-06_a1.body,receipts/1095875_2026-08-31_2026-09-06_a1.json,new,new_20260913_1095875_2026-08-31_2026-09-06_a1,https://api-v3.thaiwater.net/api/v1/thaiwater30/public/waterlevel_graph?station_type=tele_waterlevel&station_id=1095875&start_date=2026-08-31&end_date=2026-09-06,th_agency_12,available
1095875,discharge_reported,discharge,2026-08-31,2026-09-06,7,168,2026-08-31 00:00,2026-09-06 23:00,136,available,200,application/json; charset=utf-8,2026-09-13T18:29:18.291801+00:00,13967,39986cccda56a3dbd05bf98a7cd0158fda433ea76c33cfdb4eae1b88157b04ca,bodies/1095875_2026-08-31_2026-09-06_a1.body,receipts/1095875_2026-08-31_2026-09-06_a1.json,new,new_20260913_1095875_2026-08-31_2026-09-06_a1,https://api-v3.thaiwater.net/api/v1/thaiwater30/public/waterlevel_graph?station_type=tele_waterlevel&station_id=1095875&start_date=2026-08-31&end_date=2026-09-06,th_agency_12,available
1095876,stage_reported,value,2026-08-31,2026-09-06,7,168,2026-08-31 00:00,2026-09-06 23:00,148,available,200,application/json; charset=utf-8,2026-09-13T18:29:19.729019+00:00,13625,9de8d29a4e57e680304c1f896ec78d1f284cfc52cb1e87be85b7057446f9ebf6,bodies/1095876_2026-08-31_2026-09-06_a1.body,receipts/1095876_2026-08-31_2026-09-06_a1.json,new,new_20260913_1095876_2026-08-31_2026-09-06_a1,https://api-v3.thaiwater.net/api/v1/thaiwater30/public/waterlevel_graph?station_type=tele_waterlevel&station_id=1095876&start_date=2026-08-31&end_date=2026-09-06,th_agency_12,available
1095876,discharge_reported,discharge,2026-08-31,2026-09-06,7,168,2026-08-31 00:00,2026-09-06 23:00,148,available,200,application/json; charset=utf-8,2026-09-13T18:29:19.729019+00:00,13625,9de8d29a4e57e680304c1f896ec78d1f284cfc52cb1e87be85b7057446f9ebf6,bodies/1095876_2026-08-31_2026-09-06_a1.body,receipts/1095876_2026-08-31_2026-09-06_a1.json,new,new_20260913_1095876_2026-08-31_2026-09-06_a1,https://api-v3.thaiwater.net/api/v1/thaiwater30/public/waterlevel_graph?station_type=tele_waterlevel&station_id=1095876&start_date=2026-08-31&end_date=2026-09-06,th_agency_12,available
1095877,stage_reported,value,2026-08-31,2026-09-06,7,168,2026-08-31 00:00,2026-09-06 23:00,148,available,200,application/json; charset=utf-8,2026-09-13T18:29:21.102088+00:00,14127,e2992231e33d4b003edc73165c76f7b656bd404da3fc0b7fde59af9779da0d93,bodies/1095877_2026-08-31_2026-09-06_a1.body,receipts/1095877_2026-08-31_2026-09-06_a1.json,new,new_20260913_1095877_2026-08-31_2026-09-06_a1,https://api-v3.thaiwater.net/api/v1/thaiwater30/public/waterlevel_graph?station_type=tele_waterlevel&station_id=1095877&start_date=2026-08-31&end_date=2026-09-06,th_agency_12,available
1095877,discharge_reported,discharge,2026-08-31,2026-09-06,7,168,2026-08-31 00:00,2026-09-06 23:00,148,available,200,application/json; charset=utf-8,2026-09-13T18:29:21.102088+00:00,14127,e2992231e33d4b003edc73165c76f7b656bd404da3fc0b7fde59af9779da0d93,bodies/1095877_2026-08-31_2026-09-06_a1.body,receipts/1095877_2026-08-31_2026-09-06_a1.json,new,new_20260913_1095877_2026-08-31_2026-09-06_a1,https://api-v3.thaiwater.net/api/v1/thaiwater30/public/waterlevel_graph?station_type=tele_waterlevel&station_id=1095877&start_date=2026-08-31&end_date=2026-09-06,th_agency_12,available
1095878,stage_reported,value,2026-06-08,2026-09-06,91,2184,2026-06-08 00:00,2026-09-06 23:00,1975,available,200,application/json; charset=utf-8,2026-09-13T18:29:23.234990+00:00,172542,5b3faaa6ef646ca7cb8d7241daad4dd724b52fd9a7d266a7357ff0c861a0615c,bodies/1095878_2026-06-08_2026-09-06_a1.body,receipts/1095878_2026-06-08_2026-09-06_a1.json,new,new_20260913_1095878_2026-06-08_2026-09-06_a1,https://api-v3.thaiwater.net/api/v1/thaiwater30/public/waterlevel_graph?station_type=tele_waterlevel&station_id=1095878&start_date=2026-06-08&end_date=2026-09-06,th_agency_12,available
1095878,discharge_reported,discharge,2026-06-08,2026-09-06,91,2184,2026-06-08 00:00,2026-09-06 23:00,0,empty_in_tested_window,200,application/json; charset=utf-8,2026-09-13T18:29:23.234990+00:00,172542,5b3faaa6ef646ca7cb8d7241daad4dd724b52fd9a7d266a7357ff0c861a0615c,bodies/1095878_2026-06-08_2026-09-06_a1.body,receipts/1095878_2026-06-08_2026-09-06_a1.json,new,new_20260913_1095878_2026-06-08_2026-09-06_a1,https://api-v3.thaiwater.net/api/v1/thaiwater30/public/waterlevel_graph?station_type=tele_waterlevel&station_id=1095878&start_date=2026-06-08&end_date=2026-09-06,th_agency_12,unknown
1095879,stage_reported,value,2026-08-31,2026-09-06,7,168,2026-08-31 00:00,2026-09-06 23:00,148,available,200,application/json; charset=utf-8,2026-09-13T18:29:24.614309+00:00,13548,b010971d6fb7066bb859f165dade701bcd04fa80ae62e7f553943fe105920623,bodies/1095879_2026-08-31_2026-09-06_a1.body,receipts/1095879_2026-08-31_2026-09-06_a1.json,new,new_20260913_1095879_2026-08-31_2026-09-06_a1,https://api-v3.thaiwater.net/api/v1/thaiwater30/public/waterlevel_graph?station_type=tele_waterlevel&station_id=1095879&start_date=2026-08-31&end_date=2026-09-06,th_agency_12,available
1095879,discharge_reported,discharge,2026-08-31,2026-09-06,7,168,2026-08-31 00:00,2026-09-06 23:00,148,available,200,application/json; charset=utf-8,2026-09-13T18:29:24.614309+00:00,13548,b010971d6fb7066bb859f165dade701bcd04fa80ae62e7f553943fe105920623,bodies/1095879_2026-08-31_2026-09-06_a1.body,receipts/1095879_2026-08-31_2026-09-06_a1.json,new,new_20260913_1095879_2026-08-31_2026-09-06_a1,https://api-v3.thaiwater.net/api/v1/thaiwater30/public/waterlevel_graph?station_type=tele_waterlevel&station_id=1095879&start_date=2026-08-31&end_date=2026-09-06,th_agency_12,available
1095881,stage_reported,value,2026-08-31,2026-09-06,7,168,2026-08-31 00:00,2026-09-06 23:00,148,available,200,application/json; charset=utf-8,2026-09-13T18:29:26.043782+00:00,13778,a10712a8ba5acde9ec1aa23a15625bdfbb5cb6a3b99273986430e4af485a2ad8,bodies/1095881_2026-08-31_2026-09-06_a1.body,receipts/1095881_2026-08-31_2026-09-06_a1.json,new,new_20260913_1095881_2026-08-31_2026-09-06_a1,https://api-v3.thaiwater.net/api/v1/thaiwater30/public/waterlevel_graph?station_type=tele_waterlevel&station_id=1095881&start_date=2026-08-31&end_date=2026-09-06,th_agency_12,available
1095881,discharge_reported,discharge,2026-08-31,2026-09-06,7,168,2026-08-31 00:00,2026-09-06 23:00,148,available,200,application/json; charset=utf-8,2026-09-13T18:29:26.043782+00:00,13778,a10712a8ba5acde9ec1aa23a15625bdfbb5cb6a3b99273986430e4af485a2ad8,bodies/1095881_2026-08-31_2026-09-06_a1.body,receipts/1095881_2026-08-31_2026-09-06_a1.json,new,new_20260913_1095881_2026-08-31_2026-09-06_a1,https://api-v3.thaiwater.net/api/v1/thaiwater30/public/waterlevel_graph?station_type=tele_waterlevel&station_id=1095881&start_date=2026-08-31&end_date=2026-09-06,th_agency_12,available
1095882,stage_reported,value,2026-08-31,2026-09-06,7,168,2026-08-31 00:00,2026-09-06 23:00,120,available,200,application/json; charset=utf-8,2026-09-13T18:29:27.612289+00:00,13758,05a495ef6833ff1d5a519409065e814c3e42c96b5575b6e1e044d37fff836070,bodies/1095882_2026-08-31_2026-09-06_a1.body,receipts/1095882_2026-08-31_2026-09-06_a1.json,new,new_20260913_1095882_2026-08-31_2026-09-06_a1,https://api-v3.thaiwater.net/api/v1/thaiwater30/public/waterlevel_graph?station_type=tele_waterlevel&station_id=1095882&start_date=2026-08-31&end_date=2026-09-06,th_agency_12,available
1095882,discharge_reported,discharge,2026-08-31,2026-09-06,7,168,2026-08-31 00:00,2026-09-06 23:00,120,available,200,application/json; charset=utf-8,2026-09-13T18:29:27.612289+00:00,13758,05a495ef6833ff1d5a519409065e814c3e42c96b5575b6e1e044d37fff836070,bodies/1095882_2026-08-31_2026-09-06_a1.body,receipts/1095882_2026-08-31_2026-09-06_a1.json,new,new_20260913_1095882_2026-08-31_2026-09-06_a1,https://api-v3.thaiwater.net/api/v1/thaiwater30/public/waterlevel_graph?station_type=tele_waterlevel&station_id=1095882&start_date=2026-08-31&end_date=2026-09-06,th_agency_12,available
1097520,stage_reported,value,2026-08-31,2026-09-06,7,168,2026-08-31 00:00,2026-09-06 23:00,152,available,200,application/json; charset=utf-8,2026-09-13T18:29:29.180838+00:00,14385,66677c3c714bafa0edda5b4106d68564928f6ace35564ba3fc9ea837867d036b,bodies/1097520_2026-08-31_2026-09-06_a1.body,receipts/1097520_2026-08-31_2026-09-06_a1.json,new,new_20260913_1097520_2026-08-31_2026-09-06_a1,https://api-v3.thaiwater.net/api/v1/thaiwater30/public/waterlevel_graph?station_type=tele_waterlevel&station_id=1097520&start_date=2026-08-31&end_date=2026-09-06,th_agency_12,available
1097520,discharge_reported,discharge,2026-08-31,2026-09-06,7,168,2026-08-31 00:00,2026-09-06 23:00,113,available,200,application/json; charset=utf-8,2026-09-13T18:29:29.180838+00:00,14385,66677c3c714bafa0edda5b4106d68564928f6ace35564ba3fc9ea837867d036b,bodies/1097520_2026-08-31_2026-09-06_a1.body,receipts/1097520_2026-08-31_2026-09-06_a1.json,new,new_20260913_1097520_2026-08-31_2026-09-06_a1,https://api-v3.thaiwater.net/api/v1/thaiwater30/public/waterlevel_graph?station_type=tele_waterlevel&station_id=1097520&start_date=2026-08-31&end_date=2026-09-06,th_agency_12,available
1098852,stage_reported,value,2026-06-08,2026-09-06,91,2184,2026-06-08 00:00,2026-09-06 23:00,1753,available,200,application/json; charset=utf-8,2026-09-13T18:29:31.162092+00:00,184641,9977f6c2704b9e1ec3f8fb03d11271e9b51b6e15793358114be476f3c21c5bbb,bodies/1098852_2026-06-08_2026-09-06_a1.body,receipts/1098852_2026-06-08_2026-09-06_a1.json,new,new_20260913_1098852_2026-06-08_2026-09-06_a1,https://api-v3.thaiwater.net/api/v1/thaiwater30/public/waterlevel_graph?station_type=tele_waterlevel&station_id=1098852&start_date=2026-06-08&end_date=2026-09-06,th_agency_12,available
1098852,discharge_reported,discharge,2026-06-08,2026-09-06,91,2184,2026-06-08 00:00,2026-09-06 23:00,534,available,200,application/json; charset=utf-8,2026-09-13T18:29:31.162092+00:00,184641,9977f6c2704b9e1ec3f8fb03d11271e9b51b6e15793358114be476f3c21c5bbb,bodies/1098852_2026-06-08_2026-09-06_a1.body,receipts/1098852_2026-06-08_2026-09-06_a1.json,new,new_20260913_1098852_2026-06-08_2026-09-06_a1,https://api-v3.thaiwater.net/api/v1/thaiwater30/public/waterlevel_graph?station_type=tele_waterlevel&station_id=1098852&start_date=2026-06-08&end_date=2026-09-06,th_agency_12,available
1098871,stage_reported,value,2026-06-08,2026-09-06,91,2184,2026-06-08 00:00,2026-09-06 23:00,1501,available,200,application/json; charset=utf-8,2026-09-13T18:29:33.216327+00:00,183431,cde1819adcd041d19fbe30ab65fda294caafc2ca65d4bc5dac35167324883cb1,bodies/1098871_2026-06-08_2026-09-06_a1.body,receipts/1098871_2026-06-08_2026-09-06_a1.json,new,new_20260913_1098871_2026-06-08_2026-09-06_a1,https://api-v3.thaiwater.net/api/v1/thaiwater30/public/waterlevel_graph?station_type=tele_waterlevel&station_id=1098871&start_date=2026-06-08&end_date=2026-09-06,th_agency_12,available
1098871,discharge_reported,discharge,2026-06-08,2026-09-06,91,2184,2026-06-08 00:00,2026-09-06 23:00,0,empty_in_tested_window,200,application/json; charset=utf-8,2026-09-13T18:29:33.216327+00:00,183431,cde1819adcd041d19fbe30ab65fda294caafc2ca65d4bc5dac35167324883cb1,bodies/1098871_2026-06-08_2026-09-06_a1.body,receipts/1098871_2026-06-08_2026-09-06_a1.json,new,new_20260913_1098871_2026-06-08_2026-09-06_a1,https://api-v3.thaiwater.net/api/v1/thaiwater30/public/waterlevel_graph?station_type=tele_waterlevel&station_id=1098871&start_date=2026-06-08&end_date=2026-09-06,th_agency_12,unknown
1098950,stage_reported,value,2026-08-31,2026-09-06,7,168,2026-08-31 00:00,2026-09-06 23:00,161,available,200,application/json; charset=utf-8,2026-09-13T18:29:34.655003+00:00,14340,93741dc937f0909fba41714a9e4f319e6b54173fb2f0b828491afb260c3b4f69,bodies/1098950_2026-08-31_2026-09-06_a1.body,receipts/1098950_2026-08-31_2026-09-06_a1.json,new,new_20260913_1098950_2026-08-31_2026-09-06_a1,https://api-v3.thaiwater.net/api/v1/thaiwater30/public/waterlevel_graph?station_type=tele_waterlevel&station_id=1098950&start_date=2026-08-31&end_date=2026-09-06,th_agency_12,available
1098950,discharge_reported,discharge,2026-08-31,2026-09-06,7,168,2026-08-31 00:00,2026-09-06 23:00,161,available,200,application/json; charset=utf-8,2026-09-13T18:29:34.655003+00:00,14340,93741dc937f0909fba41714a9e4f319e6b54173fb2f0b828491afb260c3b4f69,bodies/1098950_2026-08-31_2026-09-06_a1.body,receipts/1098950_2026-08-31_2026-09-06_a1.json,new,new_20260913_1098950_2026-08-31_2026-09-06_a1,https://api-v3.thaiwater.net/api/v1/thaiwater30/public/waterlevel_graph?station_type=tele_waterlevel&station_id=1098950&start_date=2026-08-31&end_date=2026-09-06,th_agency_12,available
1098952,stage_reported,value,2026-08-31,2026-09-06,7,168,2026-08-31 00:00,2026-09-06 23:00,152,available,200,application/json; charset=utf-8,2026-09-13T18:29:36.028921+00:00,13530,f1cdfbdf03b0ce3ca3d77d9b4aef6bcad4fa7ed056ec9b7c2a9be854cebe7ed4,bodies/1098952_2026-08-31_2026-09-06_a1.body,receipts/1098952_2026-08-31_2026-09-06_a1.json,new,new_20260913_1098952_2026-08-31_2026-09-06_a1,https://api-v3.thaiwater.net/api/v1/thaiwater30/public/waterlevel_graph?station_type=tele_waterlevel&station_id=1098952&start_date=2026-08-31&end_date=2026-09-06,th_agency_12,available
1098952,discharge_reported,discharge,2026-08-31,2026-09-06,7,168,2026-08-31 00:00,2026-09-06 23:00,152,available,200,application/json; charset=utf-8,2026-09-13T18:29:36.028921+00:00,13530,f1cdfbdf03b0ce3ca3d77d9b4aef6bcad4fa7ed056ec9b7c2a9be854cebe7ed4,bodies/1098952_2026-08-31_2026-09-06_a1.body,receipts/1098952_2026-08-31_2026-09-06_a1.json,new,new_20260913_1098952_2026-08-31_2026-09-06_a1,https://api-v3.thaiwater.net/api/v1/thaiwater30/public/waterlevel_graph?station_type=tele_waterlevel&station_id=1098952&start_date=2026-08-31&end_date=2026-09-06,th_agency_12,available
1098955,stage_reported,value,2026-08-31,2026-09-06,7,168,2026-08-31 00:00,2026-09-06 23:00,161,available,200,application/json; charset=utf-8,2026-09-13T18:29:37.588299+00:00,14642,3357172440d131e6ff18b708c5cd9a07ae94d585d2723158ffa9f5af6b6fe8bd,bodies/1098955_2026-08-31_2026-09-06_a1.body,receipts/1098955_2026-08-31_2026-09-06_a1.json,new,new_20260913_1098955_2026-08-31_2026-09-06_a1,https://api-v3.thaiwater.net/api/v1/thaiwater30/public/waterlevel_graph?station_type=tele_waterlevel&station_id=1098955&start_date=2026-08-31&end_date=2026-09-06,th_agency_12,available
1098955,discharge_reported,discharge,2026-08-31,2026-09-06,7,168,2026-08-31 00:00,2026-09-06 23:00,161,available,200,application/json; charset=utf-8,2026-09-13T18:29:37.588299+00:00,14642,3357172440d131e6ff18b708c5cd9a07ae94d585d2723158ffa9f5af6b6fe8bd,bodies/1098955_2026-08-31_2026-09-06_a1.body,receipts/1098955_2026-08-31_2026-09-06_a1.json,new,new_20260913_1098955_2026-08-31_2026-09-06_a1,https://api-v3.thaiwater.net/api/v1/thaiwater30/public/waterlevel_graph?station_type=tele_waterlevel&station_id=1098955&start_date=2026-08-31&end_date=2026-09-06,th_agency_12,available
1098957,stage_reported,value,2026-08-31,2026-09-06,7,168,2026-08-31 00:00,2026-09-06 23:00,161,available,200,application/json; charset=utf-8,2026-09-13T18:29:39.217440+00:00,14446,085836c53de217249aa6050f822f9552fd04dcb723437f43184cfc6b3380573e,bodies/1098957_2026-08-31_2026-09-06_a1.body,receipts/1098957_2026-08-31_2026-09-06_a1.json,new,new_20260913_1098957_2026-08-31_2026-09-06_a1,https://api-v3.thaiwater.net/api/v1/thaiwater30/public/waterlevel_graph?station_type=tele_waterlevel&station_id=1098957&start_date=2026-08-31&end_date=2026-09-06,th_agency_12,available
1098957,discharge_reported,discharge,2026-08-31,2026-09-06,7,168,2026-08-31 00:00,2026-09-06 23:00,161,available,200,application/json; charset=utf-8,2026-09-13T18:29:39.217440+00:00,14446,085836c53de217249aa6050f822f9552fd04dcb723437f43184cfc6b3380573e,bodies/1098957_2026-08-31_2026-09-06_a1.body,receipts/1098957_2026-08-31_2026-09-06_a1.json,new,new_20260913_1098957_2026-08-31_2026-09-06_a1,https://api-v3.thaiwater.net/api/v1/thaiwater30/public/waterlevel_graph?station_type=tele_waterlevel&station_id=1098957&start_date=2026-08-31&end_date=2026-09-06,th_agency_12,available
1099005,stage_reported,value,2026-08-31,2026-09-06,7,168,2026-08-31 00:00,2026-09-06 23:00,161,available,200,application/json; charset=utf-8,2026-09-13T18:29:40.602821+00:00,14073,631c529cd00b1ce32f086fc9dde40e69a0c6c5f0d5d679c0b6f0849f7be9767f,bodies/1099005_2026-08-31_2026-09-06_a1.body,receipts/1099005_2026-08-31_2026-09-06_a1.json,new,new_20260913_1099005_2026-08-31_2026-09-06_a1,https://api-v3.thaiwater.net/api/v1/thaiwater30/public/waterlevel_graph?station_type=tele_waterlevel&station_id=1099005&start_date=2026-08-31&end_date=2026-09-06,th_agency_12,available
1099005,discharge_reported,discharge,2026-08-31,2026-09-06,7,168,2026-08-31 00:00,2026-09-06 23:00,161,available,200,application/json; charset=utf-8,2026-09-13T18:29:40.602821+00:00,14073,631c529cd00b1ce32f086fc9dde40e69a0c6c5f0d5d679c0b6f0849f7be9767f,bodies/1099005_2026-08-31_2026-09-06_a1.body,receipts/1099005_2026-08-31_2026-09-06_a1.json,new,new_20260913_1099005_2026-08-31_2026-09-06_a1,https://api-v3.thaiwater.net/api/v1/thaiwater30/public/waterlevel_graph?station_type=tele_waterlevel&station_id=1099005&start_date=2026-08-31&end_date=2026-09-06,th_agency_12,available
1101563,stage_reported,value,2026-06-08,2026-09-06,91,13104,2026-06-08 00:00,2026-09-06 23:50,13034,available,200,application/json; charset=utf-8,2026-09-13T18:29:43.384852+00:00,1059747,d164e0d5d19263d93ff3c2b1581a6dd8b447f7fc5bdbc20b5dfa57a123cc69e0,bodies/1101563_2026-06-08_2026-09-06_a1.body,receipts/1101563_2026-06-08_2026-09-06_a1.json,new,new_20260913_1101563_2026-06-08_2026-09-06_a1,https://api-v3.thaiwater.net/api/v1/thaiwater30/public/waterlevel_graph?station_type=tele_waterlevel&station_id=1101563&start_date=2026-06-08&end_date=2026-09-06,th_agency_91,available
1101563,discharge_reported,discharge,2026-06-08,2026-09-06,91,13104,2026-06-08 00:00,2026-09-06 23:50,0,empty_in_tested_window,200,application/json; charset=utf-8,2026-09-13T18:29:43.384852+00:00,1059747,d164e0d5d19263d93ff3c2b1581a6dd8b447f7fc5bdbc20b5dfa57a123cc69e0,bodies/1101563_2026-06-08_2026-09-06_a1.body,receipts/1101563_2026-06-08_2026-09-06_a1.json,new,new_20260913_1101563_2026-06-08_2026-09-06_a1,https://api-v3.thaiwater.net/api/v1/thaiwater30/public/waterlevel_graph?station_type=tele_waterlevel&station_id=1101563&start_date=2026-06-08&end_date=2026-09-06,th_agency_91,unknown
1101565,stage_reported,value,2026-06-08,2026-09-06,91,13104,2026-06-08 00:00,2026-09-06 23:50,13015,available,200,application/json; charset=utf-8,2026-09-13T18:29:45.468261+00:00,1059753,2ce585b485cf97ab9f5cd71c1b16171bad74139b142dc80eb87e3bce65566bc5,bodies/1101565_2026-06-08_2026-09-06_a1.body,receipts/1101565_2026-06-08_2026-09-06_a1.json,new,new_20260913_1101565_2026-06-08_2026-09-06_a1,https://api-v3.thaiwater.net/api/v1/thaiwater30/public/waterlevel_graph?station_type=tele_waterlevel&station_id=1101565&start_date=2026-06-08&end_date=2026-09-06,th_agency_91,available
1101565,discharge_reported,discharge,2026-06-08,2026-09-06,91,13104,2026-06-08 00:00,2026-09-06 23:50,0,empty_in_tested_window,200,application/json; charset=utf-8,2026-09-13T18:29:45.468261+00:00,1059753,2ce585b485cf97ab9f5cd71c1b16171bad74139b142dc80eb87e3bce65566bc5,bodies/1101565_2026-06-08_2026-09-06_a1.body,receipts/1101565_2026-06-08_2026-09-06_a1.json,new,new_20260913_1101565_2026-06-08_2026-09-06_a1,https://api-v3.thaiwater.net/api/v1/thaiwater30/public/waterlevel_graph?station_type=tele_waterlevel&station_id=1101565&start_date=2026-06-08&end_date=2026-09-06,th_agency_91,unknown
1101566,stage_reported,value,2026-06-08,2026-09-06,91,13104,2026-06-08 00:00,2026-09-06 23:50,12922,available,200,application/json; charset=utf-8,2026-09-13T18:29:47.802392+00:00,1045732,8291845b3e46a1d0b6fc2f0dc9c2820d15226406bdd0629a48d6b2b520091baf,bodies/1101566_2026-06-08_2026-09-06_a1.body,receipts/1101566_2026-06-08_2026-09-06_a1.json,new,new_20260913_1101566_2026-06-08_2026-09-06_a1,https://api-v3.thaiwater.net/api/v1/thaiwater30/public/waterlevel_graph?station_type=tele_waterlevel&station_id=1101566&start_date=2026-06-08&end_date=2026-09-06,th_agency_91,available
1101566,discharge_reported,discharge,2026-06-08,2026-09-06,91,13104,2026-06-08 00:00,2026-09-06 23:50,0,empty_in_tested_window,200,application/json; charset=utf-8,2026-09-13T18:29:47.802392+00:00,1045732,8291845b3e46a1d0b6fc2f0dc9c2820d15226406bdd0629a48d6b2b520091baf,bodies/1101566_2026-06-08_2026-09-06_a1.body,receipts/1101566_2026-06-08_2026-09-06_a1.json,new,new_20260913_1101566_2026-06-08_2026-09-06_a1,https://api-v3.thaiwater.net/api/v1/thaiwater30/public/waterlevel_graph?station_type=tele_waterlevel&station_id=1101566&start_date=2026-06-08&end_date=2026-09-06,th_agency_91,unknown
1101568,stage_reported,value,2026-06-08,2026-09-06,91,13104,2026-06-08 00:00,2026-09-06 23:50,13005,available,200,application/json; charset=utf-8,2026-09-13T18:29:49.966818+00:00,1046500,a1654f71daffd76c94ec5d2b4872e9f8de4d84a3c971cd684d6316d4c6046e8a,bodies/1101568_2026-06-08_2026-09-06_a1.body,receipts/1101568_2026-06-08_2026-09-06_a1.json,new,new_20260913_1101568_2026-06-08_2026-09-06_a1,https://api-v3.thaiwater.net/api/v1/thaiwater30/public/waterlevel_graph?station_type=tele_waterlevel&station_id=1101568&start_date=2026-06-08&end_date=2026-09-06,th_agency_91,available
1101568,discharge_reported,discharge,2026-06-08,2026-09-06,91,13104,2026-06-08 00:00,2026-09-06 23:50,0,empty_in_tested_window,200,application/json; charset=utf-8,2026-09-13T18:29:49.966818+00:00,1046500,a1654f71daffd76c94ec5d2b4872e9f8de4d84a3c971cd684d6316d4c6046e8a,bodies/1101568_2026-06-08_2026-09-06_a1.body,receipts/1101568_2026-06-08_2026-09-06_a1.json,new,new_20260913_1101568_2026-06-08_2026-09-06_a1,https://api-v3.thaiwater.net/api/v1/thaiwater30/public/waterlevel_graph?station_type=tele_waterlevel&station_id=1101568&start_date=2026-06-08&end_date=2026-09-06,th_agency_91,unknown
1101569,stage_reported,value,2026-06-08,2026-09-06,91,13104,2026-06-08 00:00,2026-09-06 23:50,8720,available,200,application/json; charset=utf-8,2026-09-13T18:29:52.024248+00:00,1043821,6d24a49f46adea785020e2eaffdc88e49cd8517395ca5af1b23133b039445fa3,bodies/1101569_2026-06-08_2026-09-06_a1.body,receipts/1101569_2026-06-08_2026-09-06_a1.json,new,new_20260913_1101569_2026-06-08_2026-09-06_a1,https://api-v3.thaiwater.net/api/v1/thaiwater30/public/waterlevel_graph?station_type=tele_waterlevel&station_id=1101569&start_date=2026-06-08&end_date=2026-09-06,th_agency_91,available
1101569,discharge_reported,discharge,2026-06-08,2026-09-06,91,13104,2026-06-08 00:00,2026-09-06 23:50,0,empty_in_tested_window,200,application/json; charset=utf-8,2026-09-13T18:29:52.024248+00:00,1043821,6d24a49f46adea785020e2eaffdc88e49cd8517395ca5af1b23133b039445fa3,bodies/1101569_2026-06-08_2026-09-06_a1.body,receipts/1101569_2026-06-08_2026-09-06_a1.json,new,new_20260913_1101569_2026-06-08_2026-09-06_a1,https://api-v3.thaiwater.net/api/v1/thaiwater30/public/waterlevel_graph?station_type=tele_waterlevel&station_id=1101569&start_date=2026-06-08&end_date=2026-09-06,th_agency_91,unknown
1101572,stage_reported,value,2026-06-08,2026-09-06,91,13104,2026-06-08 00:00,2026-09-06 23:50,13029,available,200,application/json; charset=utf-8,2026-09-13T18:29:54.122233+00:00,1060074,6fd93afd5a9b1554d2ba8e387454dae3a609094ac8137c8e0fd8ff7b51c64ab9,bodies/1101572_2026-06-08_2026-09-06_a1.body,receipts/1101572_2026-06-08_2026-09-06_a1.json,new,new_20260913_1101572_2026-06-08_2026-09-06_a1,https://api-v3.thaiwater.net/api/v1/thaiwater30/public/waterlevel_graph?station_type=tele_waterlevel&station_id=1101572&start_date=2026-06-08&end_date=2026-09-06,th_agency_91,available
1101572,discharge_reported,discharge,2026-06-08,2026-09-06,91,13104,2026-06-08 00:00,2026-09-06 23:50,0,empty_in_tested_window,200,application/json; charset=utf-8,2026-09-13T18:29:54.122233+00:00,1060074,6fd93afd5a9b1554d2ba8e387454dae3a609094ac8137c8e0fd8ff7b51c64ab9,bodies/1101572_2026-06-08_2026-09-06_a1.body,receipts/1101572_2026-06-08_2026-09-06_a1.json,new,new_20260913_1101572_2026-06-08_2026-09-06_a1,https://api-v3.thaiwater.net/api/v1/thaiwater30/public/waterlevel_graph?station_type=tele_waterlevel&station_id=1101572&start_date=2026-06-08&end_date=2026-09-06,th_agency_91,unknown
1101573,stage_reported,value,2026-06-08,2026-09-06,91,13104,2026-06-08 00:00,2026-09-06 23:50,12967,available,200,application/json; charset=utf-8,2026-09-13T18:29:56.338279+00:00,1059796,44c079d06d86b27191e632edc9b220b61d984698c91d9a2ca57491a49ac0f3a0,bodies/1101573_2026-06-08_2026-09-06_a1.body,receipts/1101573_2026-06-08_2026-09-06_a1.json,new,new_20260913_1101573_2026-06-08_2026-09-06_a1,https://api-v3.thaiwater.net/api/v1/thaiwater30/public/waterlevel_graph?station_type=tele_waterlevel&station_id=1101573&start_date=2026-06-08&end_date=2026-09-06,th_agency_91,available
1101573,discharge_reported,discharge,2026-06-08,2026-09-06,91,13104,2026-06-08 00:00,2026-09-06 23:50,0,empty_in_tested_window,200,application/json; charset=utf-8,2026-09-13T18:29:56.338279+00:00,1059796,44c079d06d86b27191e632edc9b220b61d984698c91d9a2ca57491a49ac0f3a0,bodies/1101573_2026-06-08_2026-09-06_a1.body,receipts/1101573_2026-06-08_2026-09-06_a1.json,new,new_20260913_1101573_2026-06-08_2026-09-06_a1,https://api-v3.thaiwater.net/api/v1/thaiwater30/public/waterlevel_graph?station_type=tele_waterlevel&station_id=1101573&start_date=2026-06-08&end_date=2026-09-06,th_agency_91,unknown
1101574,stage_reported,value,2026-06-08,2026-09-06,91,13104,2026-06-08 00:00,2026-09-06 23:50,4017,available,200,application/json; charset=utf-8,2026-09-13T18:29:58.418479+00:00,1047403,6f7aeebb0363cb0ddbea903665a687c45cc31cc004ea61bee70e13096470574f,bodies/1101574_2026-06-08_2026-09-06_a1.body,receipts/1101574_2026-06-08_2026-09-06_a1.json,new,new_20260913_1101574_2026-06-08_2026-09-06_a1,https://api-v3.thaiwater.net/api/v1/thaiwater30/public/waterlevel_graph?station_type=tele_waterlevel&station_id=1101574&start_date=2026-06-08&end_date=2026-09-06,th_agency_91,available
1101574,discharge_reported,discharge,2026-06-08,2026-09-06,91,13104,2026-06-08 00:00,2026-09-06 23:50,0,empty_in_tested_window,200,application/json; charset=utf-8,2026-09-13T18:29:58.418479+00:00,1047403,6f7aeebb0363cb0ddbea903665a687c45cc31cc004ea61bee70e13096470574f,bodies/1101574_2026-06-08_2026-09-06_a1.body,receipts/1101574_2026-06-08_2026-09-06_a1.json,new,new_20260913_1101574_2026-06-08_2026-09-06_a1,https://api-v3.thaiwater.net/api/v1/thaiwater30/public/waterlevel_graph?station_type=tele_waterlevel&station_id=1101574&start_date=2026-06-08&end_date=2026-09-06,th_agency_91,unknown
1105332,stage_reported,value,2026-06-08,2026-09-06,91,13104,2026-06-08 00:00,2026-09-06 23:50,13027,available,200,application/json; charset=utf-8,2026-09-13T18:30:01.156697+00:00,1033831,f5b4a767b1ca166b93e34edbb24bdc6497a7fee0eeaa0f32d365c60153ccf504,bodies/1105332_2026-06-08_2026-09-06_a1.body,receipts/1105332_2026-06-08_2026-09-06_a1.json,new,new_20260913_1105332_2026-06-08_2026-09-06_a1,https://api-v3.thaiwater.net/api/v1/thaiwater30/public/waterlevel_graph?station_type=tele_waterlevel&station_id=1105332&start_date=2026-06-08&end_date=2026-09-06,th_agency_9,available
1105332,discharge_reported,discharge,2026-06-08,2026-09-06,91,13104,2026-06-08 00:00,2026-09-06 23:50,0,empty_in_tested_window,200,application/json; charset=utf-8,2026-09-13T18:30:01.156697+00:00,1033831,f5b4a767b1ca166b93e34edbb24bdc6497a7fee0eeaa0f32d365c60153ccf504,bodies/1105332_2026-06-08_2026-09-06_a1.body,receipts/1105332_2026-06-08_2026-09-06_a1.json,new,new_20260913_1105332_2026-06-08_2026-09-06_a1,https://api-v3.thaiwater.net/api/v1/thaiwater30/public/waterlevel_graph?station_type=tele_waterlevel&station_id=1105332&start_date=2026-06-08&end_date=2026-09-06,th_agency_9,unknown
1106448,stage_reported,value,2026-06-08,2026-09-06,91,13104,2026-06-08 00:00,2026-09-06 23:50,13056,available,200,application/json; charset=utf-8,2026-09-13T18:30:04.018711+00:00,1033692,516179909cc89c00f2a47430de4e872ba5ca3410504c3777fcfea86a83eec597,bodies/1106448_2026-06-08_2026-09-06_a1.body,receipts/1106448_2026-06-08_2026-09-06_a1.json,new,new_20260913_1106448_2026-06-08_2026-09-06_a1,https://api-v3.thaiwater.net/api/v1/thaiwater30/public/waterlevel_graph?station_type=tele_waterlevel&station_id=1106448&start_date=2026-06-08&end_date=2026-09-06,th_agency_9,available
1106448,discharge_reported,discharge,2026-06-08,2026-09-06,91,13104,2026-06-08 00:00,2026-09-06 23:50,0,empty_in_tested_window,200,application/json; charset=utf-8,2026-09-13T18:30:04.018711+00:00,1033692,516179909cc89c00f2a47430de4e872ba5ca3410504c3777fcfea86a83eec597,bodies/1106448_2026-06-08_2026-09-06_a1.body,receipts/1106448_2026-06-08_2026-09-06_a1.json,new,new_20260913_1106448_2026-06-08_2026-09-06_a1,https://api-v3.thaiwater.net/api/v1/thaiwater30/public/waterlevel_graph?station_type=tele_waterlevel&station_id=1106448&start_date=2026-06-08&end_date=2026-09-06,th_agency_9,unknown
1106449,stage_reported,value,2026-06-08,2026-09-06,91,13104,2026-06-08 00:00,2026-09-06 23:50,12921,available,200,application/json; charset=utf-8,2026-09-13T18:30:14.094219+00:00,1033843,1a08be05fb5b7061934979423290aac5b42daccdf1714cca5745bc398d949b3a,bodies/1106449_2026-06-08_2026-09-06_a1.body,receipts/1106449_2026-06-08_2026-09-06_a1.json,new,new_20260913_1106449_2026-06-08_2026-09-06_a1,https://api-v3.thaiwater.net/api/v1/thaiwater30/public/waterlevel_graph?station_type=tele_waterlevel&station_id=1106449&start_date=2026-06-08&end_date=2026-09-06,th_agency_9,available
1106449,discharge_reported,discharge,2026-06-08,2026-09-06,91,13104,2026-06-08 00:00,2026-09-06 23:50,0,empty_in_tested_window,200,application/json; charset=utf-8,2026-09-13T18:30:14.094219+00:00,1033843,1a08be05fb5b7061934979423290aac5b42daccdf1714cca5745bc398d949b3a,bodies/1106449_2026-06-08_2026-09-06_a1.body,receipts/1106449_2026-06-08_2026-09-06_a1.json,new,new_20260913_1106449_2026-06-08_2026-09-06_a1,https://api-v3.thaiwater.net/api/v1/thaiwater30/public/waterlevel_graph?station_type=tele_waterlevel&station_id=1106449&start_date=2026-06-08&end_date=2026-09-06,th_agency_9,unknown
1106450,stage_reported,value,2026-06-08,2026-09-06,91,13104,2026-06-08 00:00,2026-09-06 23:50,13036,available,200,application/json; charset=utf-8,2026-09-13T18:30:21.803102+00:00,1033655,d40a907efe57fcf1bf4702604cb2aa08d88e39c49978693b2d9d23e8cc401dab,bodies/1106450_2026-06-08_2026-09-06_a1.body,receipts/1106450_2026-06-08_2026-09-06_a1.json,new,new_20260913_1106450_2026-06-08_2026-09-06_a1,https://api-v3.thaiwater.net/api/v1/thaiwater30/public/waterlevel_graph?station_type=tele_waterlevel&station_id=1106450&start_date=2026-06-08&end_date=2026-09-06,th_agency_9,available
1106450,discharge_reported,discharge,2026-06-08,2026-09-06,91,13104,2026-06-08 00:00,2026-09-06 23:50,0,empty_in_tested_window,200,application/json; charset=utf-8,2026-09-13T18:30:21.803102+00:00,1033655,d40a907efe57fcf1bf4702604cb2aa08d88e39c49978693b2d9d23e8cc401dab,bodies/1106450_2026-06-08_2026-09-06_a1.body,receipts/1106450_2026-06-08_2026-09-06_a1.json,new,new_20260913_1106450_2026-06-08_2026-09-06_a1,https://api-v3.thaiwater.net/api/v1/thaiwater30/public/waterlevel_graph?station_type=tele_waterlevel&station_id=1106450&start_date=2026-06-08&end_date=2026-09-06,th_agency_9,unknown
1106454,stage_reported,value,2026-06-08,2026-09-06,91,13104,2026-06-08 00:00,2026-09-06 23:50,13028,available,200,application/json; charset=utf-8,2026-09-13T18:30:35.206987+00:00,1046983,92ce8acc606093617fb6be46b3a1f357015c608541a30c4c70e9bde4f960b27e,bodies/1106454_2026-06-08_2026-09-06_a1.body,receipts/1106454_2026-06-08_2026-09-06_a1.json,new,new_20260913_1106454_2026-06-08_2026-09-06_a1,https://api-v3.thaiwater.net/api/v1/thaiwater30/public/waterlevel_graph?station_type=tele_waterlevel&station_id=1106454&start_date=2026-06-08&end_date=2026-09-06,th_agency_9,available
1106454,discharge_reported,discharge,2026-06-08,2026-09-06,91,13104,2026-06-08 00:00,2026-09-06 23:50,0,empty_in_tested_window,200,application/json; charset=utf-8,2026-09-13T18:30:35.206987+00:00,1046983,92ce8acc606093617fb6be46b3a1f357015c608541a30c4c70e9bde4f960b27e,bodies/1106454_2026-06-08_2026-09-06_a1.body,receipts/1106454_2026-06-08_2026-09-06_a1.json,new,new_20260913_1106454_2026-06-08_2026-09-06_a1,https://api-v3.thaiwater.net/api/v1/thaiwater30/public/waterlevel_graph?station_type=tele_waterlevel&station_id=1106454&start_date=2026-06-08&end_date=2026-09-06,th_agency_9,unknown
1106455,stage_reported,value,2026-06-08,2026-09-06,91,13104,2026-06-08 00:00,2026-09-06 23:50,11936,available,200,application/json; charset=utf-8,2026-09-13T18:30:52.871003+00:00,1045934,a5588a34f47882607cbdef038d9fe34d03c98bd68f324ff5249b713821ae1af3,bodies/1106455_2026-06-08_2026-09-06_a1.body,receipts/1106455_2026-06-08_2026-09-06_a1.json,new,new_20260913_1106455_2026-06-08_2026-09-06_a1,https://api-v3.thaiwater.net/api/v1/thaiwater30/public/waterlevel_graph?station_type=tele_waterlevel&station_id=1106455&start_date=2026-06-08&end_date=2026-09-06,th_agency_9,available
1106455,discharge_reported,discharge,2026-06-08,2026-09-06,91,13104,2026-06-08 00:00,2026-09-06 23:50,0,empty_in_tested_window,200,application/json; charset=utf-8,2026-09-13T18:30:52.871003+00:00,1045934,a5588a34f47882607cbdef038d9fe34d03c98bd68f324ff5249b713821ae1af3,bodies/1106455_2026-06-08_2026-09-06_a1.body,receipts/1106455_2026-06-08_2026-09-06_a1.json,new,new_20260913_1106455_2026-06-08_2026-09-06_a1,https://api-v3.thaiwater.net/api/v1/thaiwater30/public/waterlevel_graph?station_type=tele_waterlevel&station_id=1106455&start_date=2026-06-08&end_date=2026-09-06,th_agency_9,unknown
1106456,stage_reported,value,2026-06-08,2026-09-06,91,13104,2026-06-08 00:00,2026-09-06 23:50,12153,available,200,application/json; charset=utf-8,2026-09-13T18:30:56.461626+00:00,1034011,fe762d953d8d1becbe0ef98746b4b448ac0cb322ae496afd2441bf26deb319a3,bodies/1106456_2026-06-08_2026-09-06_a1.body,receipts/1106456_2026-06-08_2026-09-06_a1.json,new,new_20260913_1106456_2026-06-08_2026-09-06_a1,https://api-v3.thaiwater.net/api/v1/thaiwater30/public/waterlevel_graph?station_type=tele_waterlevel&station_id=1106456&start_date=2026-06-08&end_date=2026-09-06,th_agency_9,available
1106456,discharge_reported,discharge,2026-06-08,2026-09-06,91,13104,2026-06-08 00:00,2026-09-06 23:50,0,empty_in_tested_window,200,application/json; charset=utf-8,2026-09-13T18:30:56.461626+00:00,1034011,fe762d953d8d1becbe0ef98746b4b448ac0cb322ae496afd2441bf26deb319a3,bodies/1106456_2026-06-08_2026-09-06_a1.body,receipts/1106456_2026-06-08_2026-09-06_a1.json,new,new_20260913_1106456_2026-06-08_2026-09-06_a1,https://api-v3.thaiwater.net/api/v1/thaiwater30/public/waterlevel_graph?station_type=tele_waterlevel&station_id=1106456&start_date=2026-06-08&end_date=2026-09-06,th_agency_9,unknown
1106457,stage_reported,value,2026-06-08,2026-09-06,91,13104,2026-06-08 00:00,2026-09-06 23:50,12988,available,200,application/json; charset=utf-8,2026-09-13T18:30:59.524271+00:00,1035012,55c41df87f62ef26a3490da8243a836089864a0affb1304cf13e044b51573e88,bodies/1106457_2026-06-08_2026-09-06_a1.body,receipts/1106457_2026-06-08_2026-09-06_a1.json,new,new_20260913_1106457_2026-06-08_2026-09-06_a1,https://api-v3.thaiwater.net/api/v1/thaiwater30/public/waterlevel_graph?station_type=tele_waterlevel&station_id=1106457&start_date=2026-06-08&end_date=2026-09-06,th_agency_9,available
1106457,discharge_reported,discharge,2026-06-08,2026-09-06,91,13104,2026-06-08 00:00,2026-09-06 23:50,0,empty_in_tested_window,200,application/json; charset=utf-8,2026-09-13T18:30:59.524271+00:00,1035012,55c41df87f62ef26a3490da8243a836089864a0affb1304cf13e044b51573e88,bodies/1106457_2026-06-08_2026-09-06_a1.body,receipts/1106457_2026-06-08_2026-09-06_a1.json,new,new_20260913_1106457_2026-06-08_2026-09-06_a1,https://api-v3.thaiwater.net/api/v1/thaiwater30/public/waterlevel_graph?station_type=tele_waterlevel&station_id=1106457&start_date=2026-06-08&end_date=2026-09-06,th_agency_9,unknown
1107582,stage_reported,value,2026-06-08,2026-09-06,91,13104,2026-06-08 00:00,2026-09-06 23:50,13028,available,200,application/json; charset=utf-8,2026-09-13T18:31:03.390245+00:00,1046816,9fd77efbe4635c4bf8679109711e16e6e130d6220660abbbe5676286abd87adc,bodies/1107582_2026-06-08_2026-09-06_a1.body,receipts/1107582_2026-06-08_2026-09-06_a1.json,new,new_20260913_1107582_2026-06-08_2026-09-06_a1,https://api-v3.thaiwater.net/api/v1/thaiwater30/public/waterlevel_graph?station_type=tele_waterlevel&station_id=1107582&start_date=2026-06-08&end_date=2026-09-06,th_agency_9,available
1107582,discharge_reported,discharge,2026-06-08,2026-09-06,91,13104,2026-06-08 00:00,2026-09-06 23:50,0,empty_in_tested_window,200,application/json; charset=utf-8,2026-09-13T18:31:03.390245+00:00,1046816,9fd77efbe4635c4bf8679109711e16e6e130d6220660abbbe5676286abd87adc,bodies/1107582_2026-06-08_2026-09-06_a1.body,receipts/1107582_2026-06-08_2026-09-06_a1.json,new,new_20260913_1107582_2026-06-08_2026-09-06_a1,https://api-v3.thaiwater.net/api/v1/thaiwater30/public/waterlevel_graph?station_type=tele_waterlevel&station_id=1107582&start_date=2026-06-08&end_date=2026-09-06,th_agency_9,unknown
1109490,stage_reported,value,2026-06-08,2026-09-06,91,13104,2026-06-08 00:00,2026-09-06 23:50,12957,available,200,application/json; charset=utf-8,2026-09-13T18:31:10.625329+00:00,1034142,9f493cfe9dda668caf68acc1b75d865ee5f4af1bb9b8a4fcd15c00d12447620d,bodies/1109490_2026-06-08_2026-09-06_a1.body,receipts/1109490_2026-06-08_2026-09-06_a1.json,new,new_20260913_1109490_2026-06-08_2026-09-06_a1,https://api-v3.thaiwater.net/api/v1/thaiwater30/public/waterlevel_graph?station_type=tele_waterlevel&station_id=1109490&start_date=2026-06-08&end_date=2026-09-06,th_agency_9,available
1109490,discharge_reported,discharge,2026-06-08,2026-09-06,91,13104,2026-06-08 00:00,2026-09-06 23:50,0,empty_in_tested_window,200,application/json; charset=utf-8,2026-09-13T18:31:10.625329+00:00,1034142,9f493cfe9dda668caf68acc1b75d865ee5f4af1bb9b8a4fcd15c00d12447620d,bodies/1109490_2026-06-08_2026-09-06_a1.body,receipts/1109490_2026-06-08_2026-09-06_a1.json,new,new_20260913_1109490_2026-06-08_2026-09-06_a1,https://api-v3.thaiwater.net/api/v1/thaiwater30/public/waterlevel_graph?station_type=tele_waterlevel&station_id=1109490&start_date=2026-06-08&end_date=2026-09-06,th_agency_9,unknown
1109491,stage_reported,value,2026-06-08,2026-09-06,91,13104,2026-06-08 00:00,2026-09-06 23:50,12691,available,200,application/json; charset=utf-8,2026-09-13T18:31:17.305837+00:00,1046661,2984dd9d7fad000a6fc7b403487b5f3f94bbac148f93782fbd6dc8bdacb738a1,bodies/1109491_2026-06-08_2026-09-06_a1.body,receipts/1109491_2026-06-08_2026-09-06_a1.json,new,new_20260913_1109491_2026-06-08_2026-09-06_a1,https://api-v3.thaiwater.net/api/v1/thaiwater30/public/waterlevel_graph?station_type=tele_waterlevel&station_id=1109491&start_date=2026-06-08&end_date=2026-09-06,th_agency_9,available
1109491,discharge_reported,discharge,2026-06-08,2026-09-06,91,13104,2026-06-08 00:00,2026-09-06 23:50,0,empty_in_tested_window,200,application/json; charset=utf-8,2026-09-13T18:31:17.305837+00:00,1046661,2984dd9d7fad000a6fc7b403487b5f3f94bbac148f93782fbd6dc8bdacb738a1,bodies/1109491_2026-06-08_2026-09-06_a1.body,receipts/1109491_2026-06-08_2026-09-06_a1.json,new,new_20260913_1109491_2026-06-08_2026-09-06_a1,https://api-v3.thaiwater.net/api/v1/thaiwater30/public/waterlevel_graph?station_type=tele_waterlevel&station_id=1109491&start_date=2026-06-08&end_date=2026-09-06,th_agency_9,unknown
1109492,stage_reported,value,2026-06-08,2026-09-06,91,13104,2026-06-08 00:00,2026-09-06 23:50,13004,available,200,application/json; charset=utf-8,2026-09-13T18:31:20.929374+00:00,1046823,a54ccc35aeff13db3d95c175e6a969eeee78850045581547856ec3987dd1763b,bodies/1109492_2026-06-08_2026-09-06_a1.body,receipts/1109492_2026-06-08_2026-09-06_a1.json,new,new_20260913_1109492_2026-06-08_2026-09-06_a1,https://api-v3.thaiwater.net/api/v1/thaiwater30/public/waterlevel_graph?station_type=tele_waterlevel&station_id=1109492&start_date=2026-06-08&end_date=2026-09-06,th_agency_9,available
1109492,discharge_reported,discharge,2026-06-08,2026-09-06,91,13104,2026-06-08 00:00,2026-09-06 23:50,0,empty_in_tested_window,200,application/json; charset=utf-8,2026-09-13T18:31:20.929374+00:00,1046823,a54ccc35aeff13db3d95c175e6a969eeee78850045581547856ec3987dd1763b,bodies/1109492_2026-06-08_2026-09-06_a1.body,receipts/1109492_2026-06-08_2026-09-06_a1.json,new,new_20260913_1109492_2026-06-08_2026-09-06_a1,https://api-v3.thaiwater.net/api/v1/thaiwater30/public/waterlevel_graph?station_type=tele_waterlevel&station_id=1109492&start_date=2026-06-08&end_date=2026-09-06,th_agency_9,unknown
1109493,stage_reported,value,2026-06-08,2026-09-06,91,13104,2026-06-08 00:00,2026-09-06 23:50,6193,available,200,application/json; charset=utf-8,2026-09-13T18:31:23.751139+00:00,1040537,dfe0dcbba61b18f409daf902f8c719e70aa18aa3119bf34531367f893e8daab1,bodies/1109493_2026-06-08_2026-09-06_a1.body,receipts/1109493_2026-06-08_2026-09-06_a1.json,new,new_20260913_1109493_2026-06-08_2026-09-06_a1,https://api-v3.thaiwater.net/api/v1/thaiwater30/public/waterlevel_graph?station_type=tele_waterlevel&station_id=1109493&start_date=2026-06-08&end_date=2026-09-06,th_agency_9,available
1109493,discharge_reported,discharge,2026-06-08,2026-09-06,91,13104,2026-06-08 00:00,2026-09-06 23:50,0,empty_in_tested_window,200,application/json; charset=utf-8,2026-09-13T18:31:23.751139+00:00,1040537,dfe0dcbba61b18f409daf902f8c719e70aa18aa3119bf34531367f893e8daab1,bodies/1109493_2026-06-08_2026-09-06_a1.body,receipts/1109493_2026-06-08_2026-09-06_a1.json,new,new_20260913_1109493_2026-06-08_2026-09-06_a1,https://api-v3.thaiwater.net/api/v1/thaiwater30/public/waterlevel_graph?station_type=tele_waterlevel&station_id=1109493&start_date=2026-06-08&end_date=2026-09-06,th_agency_9,unknown
1109494,stage_reported,value,2026-06-08,2026-09-06,91,13104,2026-06-08 00:00,2026-09-06 23:50,13006,available,200,application/json; charset=utf-8,2026-09-13T18:31:26.453488+00:00,1033177,4818c815117ac91a1bb38baa76ee0935a303208d9c8f869f4d2a11bf26b99254,bodies/1109494_2026-06-08_2026-09-06_a1.body,receipts/1109494_2026-06-08_2026-09-06_a1.json,new,new_20260913_1109494_2026-06-08_2026-09-06_a1,https://api-v3.thaiwater.net/api/v1/thaiwater30/public/waterlevel_graph?station_type=tele_waterlevel&station_id=1109494&start_date=2026-06-08&end_date=2026-09-06,th_agency_9,available
1109494,discharge_reported,discharge,2026-06-08,2026-09-06,91,13104,2026-06-08 00:00,2026-09-06 23:50,0,empty_in_tested_window,200,application/json; charset=utf-8,2026-09-13T18:31:26.453488+00:00,1033177,4818c815117ac91a1bb38baa76ee0935a303208d9c8f869f4d2a11bf26b99254,bodies/1109494_2026-06-08_2026-09-06_a1.body,receipts/1109494_2026-06-08_2026-09-06_a1.json,new,new_20260913_1109494_2026-06-08_2026-09-06_a1,https://api-v3.thaiwater.net/api/v1/thaiwater30/public/waterlevel_graph?station_type=tele_waterlevel&station_id=1109494&start_date=2026-06-08&end_date=2026-09-06,th_agency_9,unknown
1109495,stage_reported,value,2026-06-08,2026-09-06,91,13104,2026-06-08 00:00,2026-09-06 23:50,12278,available,200,application/json; charset=utf-8,2026-09-13T18:31:28.874479+00:00,1058781,5b2efc6ebb9c26de400bdd87651897946b62104b8045a95b2ed9fe54e1b2ec88,bodies/1109495_2026-06-08_2026-09-06_a1.body,receipts/1109495_2026-06-08_2026-09-06_a1.json,new,new_20260913_1109495_2026-06-08_2026-09-06_a1,https://api-v3.thaiwater.net/api/v1/thaiwater30/public/waterlevel_graph?station_type=tele_waterlevel&station_id=1109495&start_date=2026-06-08&end_date=2026-09-06,th_agency_9,available
1109495,discharge_reported,discharge,2026-06-08,2026-09-06,91,13104,2026-06-08 00:00,2026-09-06 23:50,0,empty_in_tested_window,200,application/json; charset=utf-8,2026-09-13T18:31:28.874479+00:00,1058781,5b2efc6ebb9c26de400bdd87651897946b62104b8045a95b2ed9fe54e1b2ec88,bodies/1109495_2026-06-08_2026-09-06_a1.body,receipts/1109495_2026-06-08_2026-09-06_a1.json,new,new_20260913_1109495_2026-06-08_2026-09-06_a1,https://api-v3.thaiwater.net/api/v1/thaiwater30/public/waterlevel_graph?station_type=tele_waterlevel&station_id=1109495&start_date=2026-06-08&end_date=2026-09-06,th_agency_9,unknown
1109496,stage_reported,value,2026-06-08,2026-09-06,91,13104,2026-06-08 00:00,2026-09-06 23:50,11519,available,200,application/json; charset=utf-8,2026-09-13T18:31:31.310480+00:00,1056943,3e4a4d0c3785cf23bdde1f4c4bbb2699530caaf4078d0a3caf84c198a99064f6,bodies/1109496_2026-06-08_2026-09-06_a1.body,receipts/1109496_2026-06-08_2026-09-06_a1.json,new,new_20260913_1109496_2026-06-08_2026-09-06_a1,https://api-v3.thaiwater.net/api/v1/thaiwater30/public/waterlevel_graph?station_type=tele_waterlevel&station_id=1109496&start_date=2026-06-08&end_date=2026-09-06,th_agency_9,available
1109496,discharge_reported,discharge,2026-06-08,2026-09-06,91,13104,2026-06-08 00:00,2026-09-06 23:50,0,empty_in_tested_window,200,application/json; charset=utf-8,2026-09-13T18:31:31.310480+00:00,1056943,3e4a4d0c3785cf23bdde1f4c4bbb2699530caaf4078d0a3caf84c198a99064f6,bodies/1109496_2026-06-08_2026-09-06_a1.body,receipts/1109496_2026-06-08_2026-09-06_a1.json,new,new_20260913_1109496_2026-06-08_2026-09-06_a1,https://api-v3.thaiwater.net/api/v1/thaiwater30/public/waterlevel_graph?station_type=tele_waterlevel&station_id=1109496&start_date=2026-06-08&end_date=2026-09-06,th_agency_9,unknown
1109497,stage_reported,value,2026-06-08,2026-09-06,91,13104,2026-06-08 00:00,2026-09-06 23:50,11551,available,200,application/json; charset=utf-8,2026-09-13T18:31:33.811511+00:00,1056990,dd8162b0da2ed316e846566205323337a5fc9214b6b44be8c94a4f425ed74363,bodies/1109497_2026-06-08_2026-09-06_a1.body,receipts/1109497_2026-06-08_2026-09-06_a1.json,new,new_20260913_1109497_2026-06-08_2026-09-06_a1,https://api-v3.thaiwater.net/api/v1/thaiwater30/public/waterlevel_graph?station_type=tele_waterlevel&station_id=1109497&start_date=2026-06-08&end_date=2026-09-06,th_agency_9,available
1109497,discharge_reported,discharge,2026-06-08,2026-09-06,91,13104,2026-06-08 00:00,2026-09-06 23:50,0,empty_in_tested_window,200,application/json; charset=utf-8,2026-09-13T18:31:33.811511+00:00,1056990,dd8162b0da2ed316e846566205323337a5fc9214b6b44be8c94a4f425ed74363,bodies/1109497_2026-06-08_2026-09-06_a1.body,receipts/1109497_2026-06-08_2026-09-06_a1.json,new,new_20260913_1109497_2026-06-08_2026-09-06_a1,https://api-v3.thaiwater.net/api/v1/thaiwater30/public/waterlevel_graph?station_type=tele_waterlevel&station_id=1109497&start_date=2026-06-08&end_date=2026-09-06,th_agency_9,unknown
1109498,stage_reported,value,2026-06-08,2026-09-06,91,13104,2026-06-08 00:00,2026-09-06 23:50,13011,available,200,application/json; charset=utf-8,2026-09-13T18:31:35.949739+00:00,1060095,9ba2b4e5d4f9e6569233d876396f20e7150502ed0a54f72b357717872e06347e,bodies/1109498_2026-06-08_2026-09-06_a1.body,receipts/1109498_2026-06-08_2026-09-06_a1.json,new,new_20260913_1109498_2026-06-08_2026-09-06_a1,https://api-v3.thaiwater.net/api/v1/thaiwater30/public/waterlevel_graph?station_type=tele_waterlevel&station_id=1109498&start_date=2026-06-08&end_date=2026-09-06,th_agency_9,available
1109498,discharge_reported,discharge,2026-06-08,2026-09-06,91,13104,2026-06-08 00:00,2026-09-06 23:50,0,empty_in_tested_window,200,application/json; charset=utf-8,2026-09-13T18:31:35.949739+00:00,1060095,9ba2b4e5d4f9e6569233d876396f20e7150502ed0a54f72b357717872e06347e,bodies/1109498_2026-06-08_2026-09-06_a1.body,receipts/1109498_2026-06-08_2026-09-06_a1.json,new,new_20260913_1109498_2026-06-08_2026-09-06_a1,https://api-v3.thaiwater.net/api/v1/thaiwater30/public/waterlevel_graph?station_type=tele_waterlevel&station_id=1109498&start_date=2026-06-08&end_date=2026-09-06,th_agency_9,unknown
1109499,stage_reported,value,2026-06-08,2026-09-06,91,13104,2026-06-08 00:00,2026-09-06 23:50,9297,available,200,application/json; charset=utf-8,2026-09-13T18:31:38.233980+00:00,1052834,7a5bc40e29c3eeb2d60fa737a95e4f6100420a69e5b871e2fb5078e89014b1b1,bodies/1109499_2026-06-08_2026-09-06_a2.body,receipts/1109499_2026-06-08_2026-09-06_a2.json,new,new_20260913_1109499_2026-06-08_2026-09-06_a2,https://api-v3.thaiwater.net/api/v1/thaiwater30/public/waterlevel_graph?station_type=tele_waterlevel&station_id=1109499&start_date=2026-06-08&end_date=2026-09-06,th_agency_9,available
1109499,discharge_reported,discharge,2026-06-08,2026-09-06,91,13104,2026-06-08 00:00,2026-09-06 23:50,0,empty_in_tested_window,200,application/json; charset=utf-8,2026-09-13T18:31:38.233980+00:00,1052834,7a5bc40e29c3eeb2d60fa737a95e4f6100420a69e5b871e2fb5078e89014b1b1,bodies/1109499_2026-06-08_2026-09-06_a2.body,receipts/1109499_2026-06-08_2026-09-06_a2.json,new,new_20260913_1109499_2026-06-08_2026-09-06_a2,https://api-v3.thaiwater.net/api/v1/thaiwater30/public/waterlevel_graph?station_type=tele_waterlevel&station_id=1109499&start_date=2026-06-08&end_date=2026-09-06,th_agency_9,unknown
1109500,stage_reported,value,2026-06-08,2026-09-06,91,13104,2026-06-08 00:00,2026-09-06 23:50,9798,available,200,application/json; charset=utf-8,2026-09-13T18:31:40.454942+00:00,1053795,d419bfc37954bdb7bf682161a32d279e42e6a819b9629d50c9c59ed735b6c0a5,bodies/1109500_2026-06-08_2026-09-06_a1.body,receipts/1109500_2026-06-08_2026-09-06_a1.json,new,new_20260913_1109500_2026-06-08_2026-09-06_a1,https://api-v3.thaiwater.net/api/v1/thaiwater30/public/waterlevel_graph?station_type=tele_waterlevel&station_id=1109500&start_date=2026-06-08&end_date=2026-09-06,th_agency_9,available
1109500,discharge_reported,discharge,2026-06-08,2026-09-06,91,13104,2026-06-08 00:00,2026-09-06 23:50,0,empty_in_tested_window,200,application/json; charset=utf-8,2026-09-13T18:31:40.454942+00:00,1053795,d419bfc37954bdb7bf682161a32d279e42e6a819b9629d50c9c59ed735b6c0a5,bodies/1109500_2026-06-08_2026-09-06_a1.body,receipts/1109500_2026-06-08_2026-09-06_a1.json,new,new_20260913_1109500_2026-06-08_2026-09-06_a1,https://api-v3.thaiwater.net/api/v1/thaiwater30/public/waterlevel_graph?station_type=tele_waterlevel&station_id=1109500&start_date=2026-06-08&end_date=2026-09-06,th_agency_9,unknown
1109501,stage_reported,value,2026-06-08,2026-09-06,91,13104,2026-06-08 00:00,2026-09-06 23:50,12065,available,200,application/json; charset=utf-8,2026-09-13T18:31:42.638011+00:00,1058221,f4eefaf651c9da871d73134ac2d79b587b88b017bc1b0b02a9db5b5e012311d4,bodies/1109501_2026-06-08_2026-09-06_a1.body,receipts/1109501_2026-06-08_2026-09-06_a1.json,new,new_20260913_1109501_2026-06-08_2026-09-06_a1,https://api-v3.thaiwater.net/api/v1/thaiwater30/public/waterlevel_graph?station_type=tele_waterlevel&station_id=1109501&start_date=2026-06-08&end_date=2026-09-06,th_agency_9,available
1109501,discharge_reported,discharge,2026-06-08,2026-09-06,91,13104,2026-06-08 00:00,2026-09-06 23:50,0,empty_in_tested_window,200,application/json; charset=utf-8,2026-09-13T18:31:42.638011+00:00,1058221,f4eefaf651c9da871d73134ac2d79b587b88b017bc1b0b02a9db5b5e012311d4,bodies/1109501_2026-06-08_2026-09-06_a1.body,receipts/1109501_2026-06-08_2026-09-06_a1.json,new,new_20260913_1109501_2026-06-08_2026-09-06_a1,https://api-v3.thaiwater.net/api/v1/thaiwater30/public/waterlevel_graph?station_type=tele_waterlevel&station_id=1109501&start_date=2026-06-08&end_date=2026-09-06,th_agency_9,unknown
1109502,stage_reported,value,2026-06-08,2026-09-06,91,13104,2026-06-08 00:00,2026-09-06 23:50,13029,available,200,application/json; charset=utf-8,2026-09-13T18:31:44.876661+00:00,1059849,197294b1f55f6fd0a88258c987bacd223b7222e92bba244df66ea53eb7071eb5,bodies/1109502_2026-06-08_2026-09-06_a1.body,receipts/1109502_2026-06-08_2026-09-06_a1.json,new,new_20260913_1109502_2026-06-08_2026-09-06_a1,https://api-v3.thaiwater.net/api/v1/thaiwater30/public/waterlevel_graph?station_type=tele_waterlevel&station_id=1109502&start_date=2026-06-08&end_date=2026-09-06,th_agency_9,available
1109502,discharge_reported,discharge,2026-06-08,2026-09-06,91,13104,2026-06-08 00:00,2026-09-06 23:50,0,empty_in_tested_window,200,application/json; charset=utf-8,2026-09-13T18:31:44.876661+00:00,1059849,197294b1f55f6fd0a88258c987bacd223b7222e92bba244df66ea53eb7071eb5,bodies/1109502_2026-06-08_2026-09-06_a1.body,receipts/1109502_2026-06-08_2026-09-06_a1.json,new,new_20260913_1109502_2026-06-08_2026-09-06_a1,https://api-v3.thaiwater.net/api/v1/thaiwater30/public/waterlevel_graph?station_type=tele_waterlevel&station_id=1109502&start_date=2026-06-08&end_date=2026-09-06,th_agency_9,unknown
1109504,stage_reported,value,2026-06-08,2026-09-06,91,13104,2026-06-08 00:00,2026-09-06 23:50,12802,available,200,application/json; charset=utf-8,2026-09-13T18:31:47.434795+00:00,1059370,02396d262ea8e9d6071f5f1e4adeeb63b460387b46dfbfc5fc777607d567aa9c,bodies/1109504_2026-06-08_2026-09-06_a1.body,receipts/1109504_2026-06-08_2026-09-06_a1.json,new,new_20260913_1109504_2026-06-08_2026-09-06_a1,https://api-v3.thaiwater.net/api/v1/thaiwater30/public/waterlevel_graph?station_type=tele_waterlevel&station_id=1109504&start_date=2026-06-08&end_date=2026-09-06,th_agency_9,available
1109504,discharge_reported,discharge,2026-06-08,2026-09-06,91,13104,2026-06-08 00:00,2026-09-06 23:50,0,empty_in_tested_window,200,application/json; charset=utf-8,2026-09-13T18:31:47.434795+00:00,1059370,02396d262ea8e9d6071f5f1e4adeeb63b460387b46dfbfc5fc777607d567aa9c,bodies/1109504_2026-06-08_2026-09-06_a1.body,receipts/1109504_2026-06-08_2026-09-06_a1.json,new,new_20260913_1109504_2026-06-08_2026-09-06_a1,https://api-v3.thaiwater.net/api/v1/thaiwater30/public/waterlevel_graph?station_type=tele_waterlevel&station_id=1109504&start_date=2026-06-08&end_date=2026-09-06,th_agency_9,unknown
1109505,stage_reported,value,2026-06-08,2026-09-06,91,13104,2026-06-08 00:00,2026-09-06 23:50,12992,available,200,application/json; charset=utf-8,2026-09-13T18:31:49.692262+00:00,1060066,950e010a398aef8e0a7623c3dc9e4c1883febdbfd80d3c5fa71c768d12ab253c,bodies/1109505_2026-06-08_2026-09-06_a1.body,receipts/1109505_2026-06-08_2026-09-06_a1.json,new,new_20260913_1109505_2026-06-08_2026-09-06_a1,https://api-v3.thaiwater.net/api/v1/thaiwater30/public/waterlevel_graph?station_type=tele_waterlevel&station_id=1109505&start_date=2026-06-08&end_date=2026-09-06,th_agency_9,available
1109505,discharge_reported,discharge,2026-06-08,2026-09-06,91,13104,2026-06-08 00:00,2026-09-06 23:50,0,empty_in_tested_window,200,application/json; charset=utf-8,2026-09-13T18:31:49.692262+00:00,1060066,950e010a398aef8e0a7623c3dc9e4c1883febdbfd80d3c5fa71c768d12ab253c,bodies/1109505_2026-06-08_2026-09-06_a1.body,receipts/1109505_2026-06-08_2026-09-06_a1.json,new,new_20260913_1109505_2026-06-08_2026-09-06_a1,https://api-v3.thaiwater.net/api/v1/thaiwater30/public/waterlevel_graph?station_type=tele_waterlevel&station_id=1109505&start_date=2026-06-08&end_date=2026-09-06,th_agency_9,unknown
1109506,stage_reported,value,2026-06-08,2026-09-06,91,13104,2026-06-08 00:00,2026-09-06 23:50,13011,available,200,application/json; charset=utf-8,2026-09-13T18:31:51.924935+00:00,1059807,177dc8ade0490f3a66d595512d294b9b670670349607fa7702e64b93cf35c8d6,bodies/1109506_2026-06-08_2026-09-06_a1.body,receipts/1109506_2026-06-08_2026-09-06_a1.json,new,new_20260913_1109506_2026-06-08_2026-09-06_a1,https://api-v3.thaiwater.net/api/v1/thaiwater30/public/waterlevel_graph?station_type=tele_waterlevel&station_id=1109506&start_date=2026-06-08&end_date=2026-09-06,th_agency_9,available
1109506,discharge_reported,discharge,2026-06-08,2026-09-06,91,13104,2026-06-08 00:00,2026-09-06 23:50,0,empty_in_tested_window,200,application/json; charset=utf-8,2026-09-13T18:31:51.924935+00:00,1059807,177dc8ade0490f3a66d595512d294b9b670670349607fa7702e64b93cf35c8d6,bodies/1109506_2026-06-08_2026-09-06_a1.body,receipts/1109506_2026-06-08_2026-09-06_a1.json,new,new_20260913_1109506_2026-06-08_2026-09-06_a1,https://api-v3.thaiwater.net/api/v1/thaiwater30/public/waterlevel_graph?station_type=tele_waterlevel&station_id=1109506&start_date=2026-06-08&end_date=2026-09-06,th_agency_9,unknown
1109508,stage_reported,value,2026-06-08,2026-09-06,91,13104,2026-06-08 00:00,2026-09-06 23:50,12998,available,200,application/json; charset=utf-8,2026-09-13T18:31:54.071917+00:00,1059871,b0c13d7cf3c16f4b56e5b5ae567b6efa4e8b630b126be05445373c0151dae15d,bodies/1109508_2026-06-08_2026-09-06_a1.body,receipts/1109508_2026-06-08_2026-09-06_a1.json,new,new_20260913_1109508_2026-06-08_2026-09-06_a1,https://api-v3.thaiwater.net/api/v1/thaiwater30/public/waterlevel_graph?station_type=tele_waterlevel&station_id=1109508&start_date=2026-06-08&end_date=2026-09-06,th_agency_9,available
1109508,discharge_reported,discharge,2026-06-08,2026-09-06,91,13104,2026-06-08 00:00,2026-09-06 23:50,0,empty_in_tested_window,200,application/json; charset=utf-8,2026-09-13T18:31:54.071917+00:00,1059871,b0c13d7cf3c16f4b56e5b5ae567b6efa4e8b630b126be05445373c0151dae15d,bodies/1109508_2026-06-08_2026-09-06_a1.body,receipts/1109508_2026-06-08_2026-09-06_a1.json,new,new_20260913_1109508_2026-06-08_2026-09-06_a1,https://api-v3.thaiwater.net/api/v1/thaiwater30/public/waterlevel_graph?station_type=tele_waterlevel&station_id=1109508&start_date=2026-06-08&end_date=2026-09-06,th_agency_9,unknown
1109509,stage_reported,value,2026-06-08,2026-09-06,91,13104,2026-06-08 00:00,2026-09-06 23:50,10650,available,200,application/json; charset=utf-8,2026-09-13T18:31:56.221772+00:00,1053856,e29df59afa614b4c92234a9cd835c47d716df4cb73feda135903447df6229423,bodies/1109509_2026-06-08_2026-09-06_a1.body,receipts/1109509_2026-06-08_2026-09-06_a1.json,new,new_20260913_1109509_2026-06-08_2026-09-06_a1,https://api-v3.thaiwater.net/api/v1/thaiwater30/public/waterlevel_graph?station_type=tele_waterlevel&station_id=1109509&start_date=2026-06-08&end_date=2026-09-06,th_agency_9,available
1109509,discharge_reported,discharge,2026-06-08,2026-09-06,91,13104,2026-06-08 00:00,2026-09-06 23:50,0,empty_in_tested_window,200,application/json; charset=utf-8,2026-09-13T18:31:56.221772+00:00,1053856,e29df59afa614b4c92234a9cd835c47d716df4cb73feda135903447df6229423,bodies/1109509_2026-06-08_2026-09-06_a1.body,receipts/1109509_2026-06-08_2026-09-06_a1.json,new,new_20260913_1109509_2026-06-08_2026-09-06_a1,https://api-v3.thaiwater.net/api/v1/thaiwater30/public/waterlevel_graph?station_type=tele_waterlevel&station_id=1109509&start_date=2026-06-08&end_date=2026-09-06,th_agency_9,unknown
1109511,stage_reported,value,2026-06-08,2026-09-06,91,13104,2026-06-08 00:00,2026-09-06 23:50,12915,available,200,application/json; charset=utf-8,2026-09-13T18:31:58.342450+00:00,1059436,fa441932364b7512f62700e977fd1be4dde5f45e5292508d96a7abc1d66d8598,bodies/1109511_2026-06-08_2026-09-06_a1.body,receipts/1109511_2026-06-08_2026-09-06_a1.json,new,new_20260913_1109511_2026-06-08_2026-09-06_a1,https://api-v3.thaiwater.net/api/v1/thaiwater30/public/waterlevel_graph?station_type=tele_waterlevel&station_id=1109511&start_date=2026-06-08&end_date=2026-09-06,th_agency_9,available
1109511,discharge_reported,discharge,2026-06-08,2026-09-06,91,13104,2026-06-08 00:00,2026-09-06 23:50,0,empty_in_tested_window,200,application/json; charset=utf-8,2026-09-13T18:31:58.342450+00:00,1059436,fa441932364b7512f62700e977fd1be4dde5f45e5292508d96a7abc1d66d8598,bodies/1109511_2026-06-08_2026-09-06_a1.body,receipts/1109511_2026-06-08_2026-09-06_a1.json,new,new_20260913_1109511_2026-06-08_2026-09-06_a1,https://api-v3.thaiwater.net/api/v1/thaiwater30/public/waterlevel_graph?station_type=tele_waterlevel&station_id=1109511&start_date=2026-06-08&end_date=2026-09-06,th_agency_9,unknown
1109512,stage_reported,value,2026-06-08,2026-09-06,91,13104,2026-06-08 00:00,2026-09-06 23:50,13001,available,200,application/json; charset=utf-8,2026-09-13T18:32:00.435510+00:00,1045051,2b9c2552a5b3d75766414d461440f882596f43afa774c029a527f4dc05f2cd88,bodies/1109512_2026-06-08_2026-09-06_a1.body,receipts/1109512_2026-06-08_2026-09-06_a1.json,new,new_20260913_1109512_2026-06-08_2026-09-06_a1,https://api-v3.thaiwater.net/api/v1/thaiwater30/public/waterlevel_graph?station_type=tele_waterlevel&station_id=1109512&start_date=2026-06-08&end_date=2026-09-06,th_agency_9,available
1109512,discharge_reported,discharge,2026-06-08,2026-09-06,91,13104,2026-06-08 00:00,2026-09-06 23:50,0,empty_in_tested_window,200,application/json; charset=utf-8,2026-09-13T18:32:00.435510+00:00,1045051,2b9c2552a5b3d75766414d461440f882596f43afa774c029a527f4dc05f2cd88,bodies/1109512_2026-06-08_2026-09-06_a1.body,receipts/1109512_2026-06-08_2026-09-06_a1.json,new,new_20260913_1109512_2026-06-08_2026-09-06_a1,https://api-v3.thaiwater.net/api/v1/thaiwater30/public/waterlevel_graph?station_type=tele_waterlevel&station_id=1109512&start_date=2026-06-08&end_date=2026-09-06,th_agency_9,unknown
1109513,stage_reported,value,2026-06-08,2026-09-06,91,13104,2026-06-08 00:00,2026-09-06 23:50,13010,available,200,application/json; charset=utf-8,2026-09-13T18:32:02.630132+00:00,1031731,704d18c15f12b61fdafccf7857379f81bff8c70c479c958d363ab4d399016a46,bodies/1109513_2026-06-08_2026-09-06_a1.body,receipts/1109513_2026-06-08_2026-09-06_a1.json,new,new_20260913_1109513_2026-06-08_2026-09-06_a1,https://api-v3.thaiwater.net/api/v1/thaiwater30/public/waterlevel_graph?station_type=tele_waterlevel&station_id=1109513&start_date=2026-06-08&end_date=2026-09-06,th_agency_9,available
1109513,discharge_reported,discharge,2026-06-08,2026-09-06,91,13104,2026-06-08 00:00,2026-09-06 23:50,0,empty_in_tested_window,200,application/json; charset=utf-8,2026-09-13T18:32:02.630132+00:00,1031731,704d18c15f12b61fdafccf7857379f81bff8c70c479c958d363ab4d399016a46,bodies/1109513_2026-06-08_2026-09-06_a1.body,receipts/1109513_2026-06-08_2026-09-06_a1.json,new,new_20260913_1109513_2026-06-08_2026-09-06_a1,https://api-v3.thaiwater.net/api/v1/thaiwater30/public/waterlevel_graph?station_type=tele_waterlevel&station_id=1109513&start_date=2026-06-08&end_date=2026-09-06,th_agency_9,unknown
1109514,stage_reported,value,2026-06-08,2026-09-06,91,13104,2026-06-08 00:00,2026-09-06 23:50,13014,available,200,application/json; charset=utf-8,2026-09-13T18:32:05.120601+00:00,1031501,94d3588052807051ba9dc31518628c65fdffcc7eeb3c2d82a48b1cb080cf0d36,bodies/1109514_2026-06-08_2026-09-06_a1.body,receipts/1109514_2026-06-08_2026-09-06_a1.json,new,new_20260913_1109514_2026-06-08_2026-09-06_a1,https://api-v3.thaiwater.net/api/v1/thaiwater30/public/waterlevel_graph?station_type=tele_waterlevel&station_id=1109514&start_date=2026-06-08&end_date=2026-09-06,th_agency_9,available
1109514,discharge_reported,discharge,2026-06-08,2026-09-06,91,13104,2026-06-08 00:00,2026-09-06 23:50,0,empty_in_tested_window,200,application/json; charset=utf-8,2026-09-13T18:32:05.120601+00:00,1031501,94d3588052807051ba9dc31518628c65fdffcc7eeb3c2d82a48b1cb080cf0d36,bodies/1109514_2026-06-08_2026-09-06_a1.body,receipts/1109514_2026-06-08_2026-09-06_a1.json,new,new_20260913_1109514_2026-06-08_2026-09-06_a1,https://api-v3.thaiwater.net/api/v1/thaiwater30/public/waterlevel_graph?station_type=tele_waterlevel&station_id=1109514&start_date=2026-06-08&end_date=2026-09-06,th_agency_9,unknown
1109516,stage_reported,value,2026-06-08,2026-09-06,91,13104,2026-06-08 00:00,2026-09-06 23:50,12597,available,200,application/json; charset=utf-8,2026-09-13T18:32:07.293339+00:00,1034750,8713e8f6838b4b05d306c32ca2319b32c76b51fed70a54a841b0857dfe80287d,bodies/1109516_2026-06-08_2026-09-06_a1.body,receipts/1109516_2026-06-08_2026-09-06_a1.json,new,new_20260913_1109516_2026-06-08_2026-09-06_a1,https://api-v3.thaiwater.net/api/v1/thaiwater30/public/waterlevel_graph?station_type=tele_waterlevel&station_id=1109516&start_date=2026-06-08&end_date=2026-09-06,th_agency_9,available
1109516,discharge_reported,discharge,2026-06-08,2026-09-06,91,13104,2026-06-08 00:00,2026-09-06 23:50,0,empty_in_tested_window,200,application/json; charset=utf-8,2026-09-13T18:32:07.293339+00:00,1034750,8713e8f6838b4b05d306c32ca2319b32c76b51fed70a54a841b0857dfe80287d,bodies/1109516_2026-06-08_2026-09-06_a1.body,receipts/1109516_2026-06-08_2026-09-06_a1.json,new,new_20260913_1109516_2026-06-08_2026-09-06_a1,https://api-v3.thaiwater.net/api/v1/thaiwater30/public/waterlevel_graph?station_type=tele_waterlevel&station_id=1109516&start_date=2026-06-08&end_date=2026-09-06,th_agency_9,unknown
1109519,stage_reported,value,2026-06-08,2026-09-06,91,13104,2026-06-08 00:00,2026-09-06 23:50,13016,available,200,application/json; charset=utf-8,2026-09-13T18:32:09.553254+00:00,1059931,8ee28379a40434262740aec589a3fe09292208bafaf0c8684a02569ab124b126,bodies/1109519_2026-06-08_2026-09-06_a1.body,receipts/1109519_2026-06-08_2026-09-06_a1.json,new,new_20260913_1109519_2026-06-08_2026-09-06_a1,https://api-v3.thaiwater.net/api/v1/thaiwater30/public/waterlevel_graph?station_type=tele_waterlevel&station_id=1109519&start_date=2026-06-08&end_date=2026-09-06,th_agency_9,available
1109519,discharge_reported,discharge,2026-06-08,2026-09-06,91,13104,2026-06-08 00:00,2026-09-06 23:50,0,empty_in_tested_window,200,application/json; charset=utf-8,2026-09-13T18:32:09.553254+00:00,1059931,8ee28379a40434262740aec589a3fe09292208bafaf0c8684a02569ab124b126,bodies/1109519_2026-06-08_2026-09-06_a1.body,receipts/1109519_2026-06-08_2026-09-06_a1.json,new,new_20260913_1109519_2026-06-08_2026-09-06_a1,https://api-v3.thaiwater.net/api/v1/thaiwater30/public/waterlevel_graph?station_type=tele_waterlevel&station_id=1109519&start_date=2026-06-08&end_date=2026-09-06,th_agency_9,unknown
1109522,stage_reported,value,2026-06-08,2026-09-06,91,13104,2026-06-08 00:00,2026-09-06 23:50,12865,available,200,application/json; charset=utf-8,2026-09-13T18:32:11.807949+00:00,1059851,81c8921d9df491fa7029698a0752ad3d5bd96f267d04655c83978a9ab882f1d6,bodies/1109522_2026-06-08_2026-09-06_a1.body,receipts/1109522_2026-06-08_2026-09-06_a1.json,new,new_20260913_1109522_2026-06-08_2026-09-06_a1,https://api-v3.thaiwater.net/api/v1/thaiwater30/public/waterlevel_graph?station_type=tele_waterlevel&station_id=1109522&start_date=2026-06-08&end_date=2026-09-06,th_agency_9,available
1109522,discharge_reported,discharge,2026-06-08,2026-09-06,91,13104,2026-06-08 00:00,2026-09-06 23:50,0,empty_in_tested_window,200,application/json; charset=utf-8,2026-09-13T18:32:11.807949+00:00,1059851,81c8921d9df491fa7029698a0752ad3d5bd96f267d04655c83978a9ab882f1d6,bodies/1109522_2026-06-08_2026-09-06_a1.body,receipts/1109522_2026-06-08_2026-09-06_a1.json,new,new_20260913_1109522_2026-06-08_2026-09-06_a1,https://api-v3.thaiwater.net/api/v1/thaiwater30/public/waterlevel_graph?station_type=tele_waterlevel&station_id=1109522&start_date=2026-06-08&end_date=2026-09-06,th_agency_9,unknown
1109523,stage_reported,value,2026-06-08,2026-09-06,91,13104,2026-06-08 00:00,2026-09-06 23:50,13029,available,200,application/json; charset=utf-8,2026-09-13T18:32:13.955116+00:00,1060150,cd34a523f4cfee30a8d9019ba104b39821449a56235dc56b814c4d2225b928e1,bodies/1109523_2026-06-08_2026-09-06_a1.body,receipts/1109523_2026-06-08_2026-09-06_a1.json,new,new_20260913_1109523_2026-06-08_2026-09-06_a1,https://api-v3.thaiwater.net/api/v1/thaiwater30/public/waterlevel_graph?station_type=tele_waterlevel&station_id=1109523&start_date=2026-06-08&end_date=2026-09-06,th_agency_9,available
1109523,discharge_reported,discharge,2026-06-08,2026-09-06,91,13104,2026-06-08 00:00,2026-09-06 23:50,0,empty_in_tested_window,200,application/json; charset=utf-8,2026-09-13T18:32:13.955116+00:00,1060150,cd34a523f4cfee30a8d9019ba104b39821449a56235dc56b814c4d2225b928e1,bodies/1109523_2026-06-08_2026-09-06_a1.body,receipts/1109523_2026-06-08_2026-09-06_a1.json,new,new_20260913_1109523_2026-06-08_2026-09-06_a1,https://api-v3.thaiwater.net/api/v1/thaiwater30/public/waterlevel_graph?station_type=tele_waterlevel&station_id=1109523&start_date=2026-06-08&end_date=2026-09-06,th_agency_9,unknown
1109524,stage_reported,value,2026-06-08,2026-09-06,91,13104,2026-06-08 00:00,2026-09-06 23:50,12995,available,200,application/json; charset=utf-8,2026-09-13T18:32:16.121837+00:00,1046846,76626b597a1a6d87117f1382e80090caa39921eb8eb51aa320531861a08d26b6,bodies/1109524_2026-06-08_2026-09-06_a1.body,receipts/1109524_2026-06-08_2026-09-06_a1.json,new,new_20260913_1109524_2026-06-08_2026-09-06_a1,https://api-v3.thaiwater.net/api/v1/thaiwater30/public/waterlevel_graph?station_type=tele_waterlevel&station_id=1109524&start_date=2026-06-08&end_date=2026-09-06,th_agency_9,available
1109524,discharge_reported,discharge,2026-06-08,2026-09-06,91,13104,2026-06-08 00:00,2026-09-06 23:50,0,empty_in_tested_window,200,application/json; charset=utf-8,2026-09-13T18:32:16.121837+00:00,1046846,76626b597a1a6d87117f1382e80090caa39921eb8eb51aa320531861a08d26b6,bodies/1109524_2026-06-08_2026-09-06_a1.body,receipts/1109524_2026-06-08_2026-09-06_a1.json,new,new_20260913_1109524_2026-06-08_2026-09-06_a1,https://api-v3.thaiwater.net/api/v1/thaiwater30/public/waterlevel_graph?station_type=tele_waterlevel&station_id=1109524&start_date=2026-06-08&end_date=2026-09-06,th_agency_9,unknown
1109525,stage_reported,value,2026-06-08,2026-09-06,91,13104,2026-06-08 00:00,2026-09-06 23:50,13010,available,200,application/json; charset=utf-8,2026-09-13T18:32:18.253796+00:00,1034707,528098162d558b0a35ea9c257abe86123eb7e802b38633093eba43b42d271b82,bodies/1109525_2026-06-08_2026-09-06_a2.body,receipts/1109525_2026-06-08_2026-09-06_a2.json,new,new_20260913_1109525_2026-06-08_2026-09-06_a2,https://api-v3.thaiwater.net/api/v1/thaiwater30/public/waterlevel_graph?station_type=tele_waterlevel&station_id=1109525&start_date=2026-06-08&end_date=2026-09-06,th_agency_9,available
1109525,discharge_reported,discharge,2026-06-08,2026-09-06,91,13104,2026-06-08 00:00,2026-09-06 23:50,0,empty_in_tested_window,200,application/json; charset=utf-8,2026-09-13T18:32:18.253796+00:00,1034707,528098162d558b0a35ea9c257abe86123eb7e802b38633093eba43b42d271b82,bodies/1109525_2026-06-08_2026-09-06_a2.body,receipts/1109525_2026-06-08_2026-09-06_a2.json,new,new_20260913_1109525_2026-06-08_2026-09-06_a2,https://api-v3.thaiwater.net/api/v1/thaiwater30/public/waterlevel_graph?station_type=tele_waterlevel&station_id=1109525&start_date=2026-06-08&end_date=2026-09-06,th_agency_9,unknown
1109526,stage_reported,value,2026-06-08,2026-09-06,91,13104,2026-06-08 00:00,2026-09-06 23:50,12997,available,200,application/json; charset=utf-8,2026-09-13T18:32:20.511274+00:00,1038250,1c7e164f18ce5822e353073c6822912bd142d88ea77cdde2020c7a1c7cec44ec,bodies/1109526_2026-06-08_2026-09-06_a1.body,receipts/1109526_2026-06-08_2026-09-06_a1.json,new,new_20260913_1109526_2026-06-08_2026-09-06_a1,https://api-v3.thaiwater.net/api/v1/thaiwater30/public/waterlevel_graph?station_type=tele_waterlevel&station_id=1109526&start_date=2026-06-08&end_date=2026-09-06,th_agency_9,available
1109526,discharge_reported,discharge,2026-06-08,2026-09-06,91,13104,2026-06-08 00:00,2026-09-06 23:50,0,empty_in_tested_window,200,application/json; charset=utf-8,2026-09-13T18:32:20.511274+00:00,1038250,1c7e164f18ce5822e353073c6822912bd142d88ea77cdde2020c7a1c7cec44ec,bodies/1109526_2026-06-08_2026-09-06_a1.body,receipts/1109526_2026-06-08_2026-09-06_a1.json,new,new_20260913_1109526_2026-06-08_2026-09-06_a1,https://api-v3.thaiwater.net/api/v1/thaiwater30/public/waterlevel_graph?station_type=tele_waterlevel&station_id=1109526&start_date=2026-06-08&end_date=2026-09-06,th_agency_9,unknown
1109527,stage_reported,value,2026-06-08,2026-09-06,91,13104,2026-06-08 00:00,2026-09-06 23:50,13003,available,200,application/json; charset=utf-8,2026-09-13T18:32:22.958795+00:00,1037919,69def9f60707d7aeb13d7f6486db239604c64fa724bc5be4fbafc876de08ddf8,bodies/1109527_2026-06-08_2026-09-06_a1.body,receipts/1109527_2026-06-08_2026-09-06_a1.json,new,new_20260913_1109527_2026-06-08_2026-09-06_a1,https://api-v3.thaiwater.net/api/v1/thaiwater30/public/waterlevel_graph?station_type=tele_waterlevel&station_id=1109527&start_date=2026-06-08&end_date=2026-09-06,th_agency_9,available
1109527,discharge_reported,discharge,2026-06-08,2026-09-06,91,13104,2026-06-08 00:00,2026-09-06 23:50,0,empty_in_tested_window,200,application/json; charset=utf-8,2026-09-13T18:32:22.958795+00:00,1037919,69def9f60707d7aeb13d7f6486db239604c64fa724bc5be4fbafc876de08ddf8,bodies/1109527_2026-06-08_2026-09-06_a1.body,receipts/1109527_2026-06-08_2026-09-06_a1.json,new,new_20260913_1109527_2026-06-08_2026-09-06_a1,https://api-v3.thaiwater.net/api/v1/thaiwater30/public/waterlevel_graph?station_type=tele_waterlevel&station_id=1109527&start_date=2026-06-08&end_date=2026-09-06,th_agency_9,unknown
1109528,stage_reported,value,2026-06-08,2026-09-06,91,13104,2026-06-08 00:00,2026-09-06 23:50,13050,available,200,application/json; charset=utf-8,2026-09-13T18:32:25.255701+00:00,1034056,ed2f644b1ec77636a7f828d21701a5417c2cda15c4b0bfbfe897c0e58eb0c533,bodies/1109528_2026-06-08_2026-09-06_a1.body,receipts/1109528_2026-06-08_2026-09-06_a1.json,new,new_20260913_1109528_2026-06-08_2026-09-06_a1,https://api-v3.thaiwater.net/api/v1/thaiwater30/public/waterlevel_graph?station_type=tele_waterlevel&station_id=1109528&start_date=2026-06-08&end_date=2026-09-06,th_agency_9,available
1109528,discharge_reported,discharge,2026-06-08,2026-09-06,91,13104,2026-06-08 00:00,2026-09-06 23:50,0,empty_in_tested_window,200,application/json; charset=utf-8,2026-09-13T18:32:25.255701+00:00,1034056,ed2f644b1ec77636a7f828d21701a5417c2cda15c4b0bfbfe897c0e58eb0c533,bodies/1109528_2026-06-08_2026-09-06_a1.body,receipts/1109528_2026-06-08_2026-09-06_a1.json,new,new_20260913_1109528_2026-06-08_2026-09-06_a1,https://api-v3.thaiwater.net/api/v1/thaiwater30/public/waterlevel_graph?station_type=tele_waterlevel&station_id=1109528&start_date=2026-06-08&end_date=2026-09-06,th_agency_9,unknown
1109529,stage_reported,value,2026-06-08,2026-09-06,91,13104,2026-06-08 00:00,2026-09-06 23:50,13002,available,200,application/json; charset=utf-8,2026-09-13T18:32:27.651400+00:00,1046746,eec545c3deb7ef8b8a56c92716b2670390ab04dad222decfed299fab284d46a0,bodies/1109529_2026-06-08_2026-09-06_a1.body,receipts/1109529_2026-06-08_2026-09-06_a1.json,new,new_20260913_1109529_2026-06-08_2026-09-06_a1,https://api-v3.thaiwater.net/api/v1/thaiwater30/public/waterlevel_graph?station_type=tele_waterlevel&station_id=1109529&start_date=2026-06-08&end_date=2026-09-06,th_agency_9,available
1109529,discharge_reported,discharge,2026-06-08,2026-09-06,91,13104,2026-06-08 00:00,2026-09-06 23:50,0,empty_in_tested_window,200,application/json; charset=utf-8,2026-09-13T18:32:27.651400+00:00,1046746,eec545c3deb7ef8b8a56c92716b2670390ab04dad222decfed299fab284d46a0,bodies/1109529_2026-06-08_2026-09-06_a1.body,receipts/1109529_2026-06-08_2026-09-06_a1.json,new,new_20260913_1109529_2026-06-08_2026-09-06_a1,https://api-v3.thaiwater.net/api/v1/thaiwater30/public/waterlevel_graph?station_type=tele_waterlevel&station_id=1109529&start_date=2026-06-08&end_date=2026-09-06,th_agency_9,unknown
1109530,stage_reported,value,2026-06-08,2026-09-06,91,13104,2026-06-08 00:00,2026-09-06 23:50,12971,available,200,application/json; charset=utf-8,2026-09-13T18:32:30.005510+00:00,1047690,479305e7cafd4d5b68c33065ecf177ea791e486a345801d992155f0510f3acd7,bodies/1109530_2026-06-08_2026-09-06_a1.body,receipts/1109530_2026-06-08_2026-09-06_a1.json,new,new_20260913_1109530_2026-06-08_2026-09-06_a1,https://api-v3.thaiwater.net/api/v1/thaiwater30/public/waterlevel_graph?station_type=tele_waterlevel&station_id=1109530&start_date=2026-06-08&end_date=2026-09-06,th_agency_9,available
1109530,discharge_reported,discharge,2026-06-08,2026-09-06,91,13104,2026-06-08 00:00,2026-09-06 23:50,0,empty_in_tested_window,200,application/json; charset=utf-8,2026-09-13T18:32:30.005510+00:00,1047690,479305e7cafd4d5b68c33065ecf177ea791e486a345801d992155f0510f3acd7,bodies/1109530_2026-06-08_2026-09-06_a1.body,receipts/1109530_2026-06-08_2026-09-06_a1.json,new,new_20260913_1109530_2026-06-08_2026-09-06_a1,https://api-v3.thaiwater.net/api/v1/thaiwater30/public/waterlevel_graph?station_type=tele_waterlevel&station_id=1109530&start_date=2026-06-08&end_date=2026-09-06,th_agency_9,unknown
1109531,stage_reported,value,2026-06-08,2026-09-06,91,13104,2026-06-08 00:00,2026-09-06 23:50,13026,available,200,application/json; charset=utf-8,2026-09-13T18:32:32.364747+00:00,1046722,3988cbb7bc5b5570763e1659778567eca043f3230f07f3c383a13f486a840c6e,bodies/1109531_2026-06-08_2026-09-06_a1.body,receipts/1109531_2026-06-08_2026-09-06_a1.json,new,new_20260913_1109531_2026-06-08_2026-09-06_a1,https://api-v3.thaiwater.net/api/v1/thaiwater30/public/waterlevel_graph?station_type=tele_waterlevel&station_id=1109531&start_date=2026-06-08&end_date=2026-09-06,th_agency_9,available
1109531,discharge_reported,discharge,2026-06-08,2026-09-06,91,13104,2026-06-08 00:00,2026-09-06 23:50,0,empty_in_tested_window,200,application/json; charset=utf-8,2026-09-13T18:32:32.364747+00:00,1046722,3988cbb7bc5b5570763e1659778567eca043f3230f07f3c383a13f486a840c6e,bodies/1109531_2026-06-08_2026-09-06_a1.body,receipts/1109531_2026-06-08_2026-09-06_a1.json,new,new_20260913_1109531_2026-06-08_2026-09-06_a1,https://api-v3.thaiwater.net/api/v1/thaiwater30/public/waterlevel_graph?station_type=tele_waterlevel&station_id=1109531&start_date=2026-06-08&end_date=2026-09-06,th_agency_9,unknown
1109533,stage_reported,value,2026-06-08,2026-09-06,91,13104,2026-06-08 00:00,2026-09-06 23:50,13032,available,200,application/json; charset=utf-8,2026-09-13T18:32:34.716398+00:00,1033664,51dbfc4723e5f6a6123769e8e82612882e8002314b51815bbb693c8607e3c724,bodies/1109533_2026-06-08_2026-09-06_a1.body,receipts/1109533_2026-06-08_2026-09-06_a1.json,new,new_20260913_1109533_2026-06-08_2026-09-06_a1,https://api-v3.thaiwater.net/api/v1/thaiwater30/public/waterlevel_graph?station_type=tele_waterlevel&station_id=1109533&start_date=2026-06-08&end_date=2026-09-06,th_agency_9,available
1109533,discharge_reported,discharge,2026-06-08,2026-09-06,91,13104,2026-06-08 00:00,2026-09-06 23:50,0,empty_in_tested_window,200,application/json; charset=utf-8,2026-09-13T18:32:34.716398+00:00,1033664,51dbfc4723e5f6a6123769e8e82612882e8002314b51815bbb693c8607e3c724,bodies/1109533_2026-06-08_2026-09-06_a1.body,receipts/1109533_2026-06-08_2026-09-06_a1.json,new,new_20260913_1109533_2026-06-08_2026-09-06_a1,https://api-v3.thaiwater.net/api/v1/thaiwater30/public/waterlevel_graph?station_type=tele_waterlevel&station_id=1109533&start_date=2026-06-08&end_date=2026-09-06,th_agency_9,unknown
1109534,stage_reported,value,2026-06-08,2026-09-06,91,13104,2026-06-08 00:00,2026-09-06 23:50,12733,available,200,application/json; charset=utf-8,2026-09-13T18:32:36.958130+00:00,1045726,8a0584b8908a7591496a2b32f692f217fe63081f2d8fd9de0d7edea6a179df23,bodies/1109534_2026-06-08_2026-09-06_a1.body,receipts/1109534_2026-06-08_2026-09-06_a1.json,new,new_20260913_1109534_2026-06-08_2026-09-06_a1,https://api-v3.thaiwater.net/api/v1/thaiwater30/public/waterlevel_graph?station_type=tele_waterlevel&station_id=1109534&start_date=2026-06-08&end_date=2026-09-06,th_agency_9,available
1109534,discharge_reported,discharge,2026-06-08,2026-09-06,91,13104,2026-06-08 00:00,2026-09-06 23:50,0,empty_in_tested_window,200,application/json; charset=utf-8,2026-09-13T18:32:36.958130+00:00,1045726,8a0584b8908a7591496a2b32f692f217fe63081f2d8fd9de0d7edea6a179df23,bodies/1109534_2026-06-08_2026-09-06_a1.body,receipts/1109534_2026-06-08_2026-09-06_a1.json,new,new_20260913_1109534_2026-06-08_2026-09-06_a1,https://api-v3.thaiwater.net/api/v1/thaiwater30/public/waterlevel_graph?station_type=tele_waterlevel&station_id=1109534&start_date=2026-06-08&end_date=2026-09-06,th_agency_9,unknown
1109535,stage_reported,value,2026-06-08,2026-09-06,91,13104,2026-06-08 00:00,2026-09-06 23:50,13011,available,200,application/json; charset=utf-8,2026-09-13T18:32:39.328971+00:00,1034110,a8734c31f17b4f6ef09ae7c8c0e95760d3bb808496e2672a91f79b7f24ecf38c,bodies/1109535_2026-06-08_2026-09-06_a1.body,receipts/1109535_2026-06-08_2026-09-06_a1.json,new,new_20260913_1109535_2026-06-08_2026-09-06_a1,https://api-v3.thaiwater.net/api/v1/thaiwater30/public/waterlevel_graph?station_type=tele_waterlevel&station_id=1109535&start_date=2026-06-08&end_date=2026-09-06,th_agency_9,available
1109535,discharge_reported,discharge,2026-06-08,2026-09-06,91,13104,2026-06-08 00:00,2026-09-06 23:50,0,empty_in_tested_window,200,application/json; charset=utf-8,2026-09-13T18:32:39.328971+00:00,1034110,a8734c31f17b4f6ef09ae7c8c0e95760d3bb808496e2672a91f79b7f24ecf38c,bodies/1109535_2026-06-08_2026-09-06_a1.body,receipts/1109535_2026-06-08_2026-09-06_a1.json,new,new_20260913_1109535_2026-06-08_2026-09-06_a1,https://api-v3.thaiwater.net/api/v1/thaiwater30/public/waterlevel_graph?station_type=tele_waterlevel&station_id=1109535&start_date=2026-06-08&end_date=2026-09-06,th_agency_9,unknown
1109536,stage_reported,value,2026-06-08,2026-09-06,91,13104,2026-06-08 00:00,2026-09-06 23:50,13005,available,200,application/json; charset=utf-8,2026-09-13T18:32:41.787732+00:00,1046752,8a91161c76cf74ede0bbd8a71aa4db57ad436404a0713fd5f864a9256840c254,bodies/1109536_2026-06-08_2026-09-06_a1.body,receipts/1109536_2026-06-08_2026-09-06_a1.json,new,new_20260913_1109536_2026-06-08_2026-09-06_a1,https://api-v3.thaiwater.net/api/v1/thaiwater30/public/waterlevel_graph?station_type=tele_waterlevel&station_id=1109536&start_date=2026-06-08&end_date=2026-09-06,th_agency_9,available
1109536,discharge_reported,discharge,2026-06-08,2026-09-06,91,13104,2026-06-08 00:00,2026-09-06 23:50,0,empty_in_tested_window,200,application/json; charset=utf-8,2026-09-13T18:32:41.787732+00:00,1046752,8a91161c76cf74ede0bbd8a71aa4db57ad436404a0713fd5f864a9256840c254,bodies/1109536_2026-06-08_2026-09-06_a1.body,receipts/1109536_2026-06-08_2026-09-06_a1.json,new,new_20260913_1109536_2026-06-08_2026-09-06_a1,https://api-v3.thaiwater.net/api/v1/thaiwater30/public/waterlevel_graph?station_type=tele_waterlevel&station_id=1109536&start_date=2026-06-08&end_date=2026-09-06,th_agency_9,unknown
1113280,stage_reported,value,2026-06-08,2026-09-06,91,2184,2026-06-08 00:00,2026-09-06 23:00,2177,available,200,application/json; charset=utf-8,2026-09-13T18:32:43.549860+00:00,176756,2b8b48b089d9e7cf5b53d4d1cbba62ae8a0539bea05e43a6bcf39ad77b02f6e7,bodies/1113280_2026-06-08_2026-09-06_a1.body,receipts/1113280_2026-06-08_2026-09-06_a1.json,new,new_20260913_1113280_2026-06-08_2026-09-06_a1,https://api-v3.thaiwater.net/api/v1/thaiwater30/public/waterlevel_graph?station_type=tele_waterlevel&station_id=1113280&start_date=2026-06-08&end_date=2026-09-06,th_agency_8,available
1113280,discharge_reported,discharge,2026-06-08,2026-09-06,91,2184,2026-06-08 00:00,2026-09-06 23:00,0,empty_in_tested_window,200,application/json; charset=utf-8,2026-09-13T18:32:43.549860+00:00,176756,2b8b48b089d9e7cf5b53d4d1cbba62ae8a0539bea05e43a6bcf39ad77b02f6e7,bodies/1113280_2026-06-08_2026-09-06_a1.body,receipts/1113280_2026-06-08_2026-09-06_a1.json,new,new_20260913_1113280_2026-06-08_2026-09-06_a1,https://api-v3.thaiwater.net/api/v1/thaiwater30/public/waterlevel_graph?station_type=tele_waterlevel&station_id=1113280&start_date=2026-06-08&end_date=2026-09-06,th_agency_8,unknown
1113282,stage_reported,value,2026-06-08,2026-09-06,91,2184,2026-06-08 00:00,2026-09-06 23:00,2177,available,200,application/json; charset=utf-8,2026-09-13T18:32:45.428083+00:00,176751,00cb9ff6c333f870c84e02d665d016cce0cd4c02baccdb60e2cd5db7a333cecd,bodies/1113282_2026-06-08_2026-09-06_a1.body,receipts/1113282_2026-06-08_2026-09-06_a1.json,new,new_20260913_1113282_2026-06-08_2026-09-06_a1,https://api-v3.thaiwater.net/api/v1/thaiwater30/public/waterlevel_graph?station_type=tele_waterlevel&station_id=1113282&start_date=2026-06-08&end_date=2026-09-06,th_agency_8,available
1113282,discharge_reported,discharge,2026-06-08,2026-09-06,91,2184,2026-06-08 00:00,2026-09-06 23:00,0,empty_in_tested_window,200,application/json; charset=utf-8,2026-09-13T18:32:45.428083+00:00,176751,00cb9ff6c333f870c84e02d665d016cce0cd4c02baccdb60e2cd5db7a333cecd,bodies/1113282_2026-06-08_2026-09-06_a1.body,receipts/1113282_2026-06-08_2026-09-06_a1.json,new,new_20260913_1113282_2026-06-08_2026-09-06_a1,https://api-v3.thaiwater.net/api/v1/thaiwater30/public/waterlevel_graph?station_type=tele_waterlevel&station_id=1113282&start_date=2026-06-08&end_date=2026-09-06,th_agency_8,unknown
1113284,stage_reported,value,2026-06-08,2026-09-06,91,2184,2026-06-08 00:00,2026-09-06 23:00,2177,available,200,application/json; charset=utf-8,2026-09-13T18:32:47.426267+00:00,176785,39eacf2eaa5b656b9e4d8002e81afea8e2d1b5263477e65afcf6762dc1c28156,bodies/1113284_2026-06-08_2026-09-06_a1.body,receipts/1113284_2026-06-08_2026-09-06_a1.json,new,new_20260913_1113284_2026-06-08_2026-09-06_a1,https://api-v3.thaiwater.net/api/v1/thaiwater30/public/waterlevel_graph?station_type=tele_waterlevel&station_id=1113284&start_date=2026-06-08&end_date=2026-09-06,th_agency_8,available
1113284,discharge_reported,discharge,2026-06-08,2026-09-06,91,2184,2026-06-08 00:00,2026-09-06 23:00,0,empty_in_tested_window,200,application/json; charset=utf-8,2026-09-13T18:32:47.426267+00:00,176785,39eacf2eaa5b656b9e4d8002e81afea8e2d1b5263477e65afcf6762dc1c28156,bodies/1113284_2026-06-08_2026-09-06_a1.body,receipts/1113284_2026-06-08_2026-09-06_a1.json,new,new_20260913_1113284_2026-06-08_2026-09-06_a1,https://api-v3.thaiwater.net/api/v1/thaiwater30/public/waterlevel_graph?station_type=tele_waterlevel&station_id=1113284&start_date=2026-06-08&end_date=2026-09-06,th_agency_8,unknown
1113287,stage_reported,value,2026-06-08,2026-09-06,91,2184,2026-06-08 00:00,2026-09-06 23:00,2177,available,200,application/json; charset=utf-8,2026-09-13T18:32:49.409889+00:00,176758,dfb9b84ffafe94788828a9a21a8d679912cc40462b88c6a2ad28da3232aac189,bodies/1113287_2026-06-08_2026-09-06_a1.body,receipts/1113287_2026-06-08_2026-09-06_a1.json,new,new_20260913_1113287_2026-06-08_2026-09-06_a1,https://api-v3.thaiwater.net/api/v1/thaiwater30/public/waterlevel_graph?station_type=tele_waterlevel&station_id=1113287&start_date=2026-06-08&end_date=2026-09-06,th_agency_8,available
1113287,discharge_reported,discharge,2026-06-08,2026-09-06,91,2184,2026-06-08 00:00,2026-09-06 23:00,0,empty_in_tested_window,200,application/json; charset=utf-8,2026-09-13T18:32:49.409889+00:00,176758,dfb9b84ffafe94788828a9a21a8d679912cc40462b88c6a2ad28da3232aac189,bodies/1113287_2026-06-08_2026-09-06_a1.body,receipts/1113287_2026-06-08_2026-09-06_a1.json,new,new_20260913_1113287_2026-06-08_2026-09-06_a1,https://api-v3.thaiwater.net/api/v1/thaiwater30/public/waterlevel_graph?station_type=tele_waterlevel&station_id=1113287&start_date=2026-06-08&end_date=2026-09-06,th_agency_8,unknown
1113288,stage_reported,value,2026-06-08,2026-09-06,91,2184,2026-06-08 00:00,2026-09-06 23:00,2177,available,200,application/json; charset=utf-8,2026-09-13T18:32:51.388078+00:00,176756,382d4d6156550df68afa571c16d963fa932cb88c14e97f125c80f494a97b3e9b,bodies/1113288_2026-06-08_2026-09-06_a1.body,receipts/1113288_2026-06-08_2026-09-06_a1.json,new,new_20260913_1113288_2026-06-08_2026-09-06_a1,https://api-v3.thaiwater.net/api/v1/thaiwater30/public/waterlevel_graph?station_type=tele_waterlevel&station_id=1113288&start_date=2026-06-08&end_date=2026-09-06,th_agency_8,available
1113288,discharge_reported,discharge,2026-06-08,2026-09-06,91,2184,2026-06-08 00:00,2026-09-06 23:00,0,empty_in_tested_window,200,application/json; charset=utf-8,2026-09-13T18:32:51.388078+00:00,176756,382d4d6156550df68afa571c16d963fa932cb88c14e97f125c80f494a97b3e9b,bodies/1113288_2026-06-08_2026-09-06_a1.body,receipts/1113288_2026-06-08_2026-09-06_a1.json,new,new_20260913_1113288_2026-06-08_2026-09-06_a1,https://api-v3.thaiwater.net/api/v1/thaiwater30/public/waterlevel_graph?station_type=tele_waterlevel&station_id=1113288&start_date=2026-06-08&end_date=2026-09-06,th_agency_8,unknown
1113290,stage_reported,value,2026-06-08,2026-09-06,91,2184,2026-06-08 00:00,2026-09-06 23:00,2177,available,200,application/json; charset=utf-8,2026-09-13T18:32:53.451083+00:00,178938,ae5efa0329cdb1f9351afea1be647658eb3a99d7ace756becad0f5660c1bff19,bodies/1113290_2026-06-08_2026-09-06_a1.body,receipts/1113290_2026-06-08_2026-09-06_a1.json,new,new_20260913_1113290_2026-06-08_2026-09-06_a1,https://api-v3.thaiwater.net/api/v1/thaiwater30/public/waterlevel_graph?station_type=tele_waterlevel&station_id=1113290&start_date=2026-06-08&end_date=2026-09-06,th_agency_8,available
1113290,discharge_reported,discharge,2026-06-08,2026-09-06,91,2184,2026-06-08 00:00,2026-09-06 23:00,0,empty_in_tested_window,200,application/json; charset=utf-8,2026-09-13T18:32:53.451083+00:00,178938,ae5efa0329cdb1f9351afea1be647658eb3a99d7ace756becad0f5660c1bff19,bodies/1113290_2026-06-08_2026-09-06_a1.body,receipts/1113290_2026-06-08_2026-09-06_a1.json,new,new_20260913_1113290_2026-06-08_2026-09-06_a1,https://api-v3.thaiwater.net/api/v1/thaiwater30/public/waterlevel_graph?station_type=tele_waterlevel&station_id=1113290&start_date=2026-06-08&end_date=2026-09-06,th_agency_8,unknown
1113291,stage_reported,value,2026-06-08,2026-09-06,91,2184,2026-06-08 00:00,2026-09-06 23:00,2079,available,200,application/json; charset=utf-8,2026-09-13T18:32:55.426824+00:00,178703,3eeca35a7d76d4723ed66bdd021fd6846380bf19739a2aad4506f91cb02e98d2,bodies/1113291_2026-06-08_2026-09-06_a1.body,receipts/1113291_2026-06-08_2026-09-06_a1.json,new,new_20260913_1113291_2026-06-08_2026-09-06_a1,https://api-v3.thaiwater.net/api/v1/thaiwater30/public/waterlevel_graph?station_type=tele_waterlevel&station_id=1113291&start_date=2026-06-08&end_date=2026-09-06,th_agency_8,available
1113291,discharge_reported,discharge,2026-06-08,2026-09-06,91,2184,2026-06-08 00:00,2026-09-06 23:00,0,empty_in_tested_window,200,application/json; charset=utf-8,2026-09-13T18:32:55.426824+00:00,178703,3eeca35a7d76d4723ed66bdd021fd6846380bf19739a2aad4506f91cb02e98d2,bodies/1113291_2026-06-08_2026-09-06_a1.body,receipts/1113291_2026-06-08_2026-09-06_a1.json,new,new_20260913_1113291_2026-06-08_2026-09-06_a1,https://api-v3.thaiwater.net/api/v1/thaiwater30/public/waterlevel_graph?station_type=tele_waterlevel&station_id=1113291&start_date=2026-06-08&end_date=2026-09-06,th_agency_8,unknown
1113292,stage_reported,value,2026-06-08,2026-09-06,91,2184,2026-06-08 00:00,2026-09-06 23:00,2106,available,200,application/json; charset=utf-8,2026-09-13T18:32:57.407019+00:00,178754,b228d35d073b7cb77d2bbfe0f0bda6e2da17f0b77f1d50370c1ee335e9309bef,bodies/1113292_2026-06-08_2026-09-06_a1.body,receipts/1113292_2026-06-08_2026-09-06_a1.json,new,new_20260913_1113292_2026-06-08_2026-09-06_a1,https://api-v3.thaiwater.net/api/v1/thaiwater30/public/waterlevel_graph?station_type=tele_waterlevel&station_id=1113292&start_date=2026-06-08&end_date=2026-09-06,th_agency_8,available
1113292,discharge_reported,discharge,2026-06-08,2026-09-06,91,2184,2026-06-08 00:00,2026-09-06 23:00,0,empty_in_tested_window,200,application/json; charset=utf-8,2026-09-13T18:32:57.407019+00:00,178754,b228d35d073b7cb77d2bbfe0f0bda6e2da17f0b77f1d50370c1ee335e9309bef,bodies/1113292_2026-06-08_2026-09-06_a1.body,receipts/1113292_2026-06-08_2026-09-06_a1.json,new,new_20260913_1113292_2026-06-08_2026-09-06_a1,https://api-v3.thaiwater.net/api/v1/thaiwater30/public/waterlevel_graph?station_type=tele_waterlevel&station_id=1113292&start_date=2026-06-08&end_date=2026-09-06,th_agency_8,unknown
1113295,stage_reported,value,2026-06-08,2026-09-06,91,2184,2026-06-08 00:00,2026-09-06 23:00,2177,available,200,application/json; charset=utf-8,2026-09-13T18:32:59.390804+00:00,178942,8656407aaddb2281441d9315bbd2dd29be20929c71cbc7cbe075da7306be81fe,bodies/1113295_2026-06-08_2026-09-06_a1.body,receipts/1113295_2026-06-08_2026-09-06_a1.json,new,new_20260913_1113295_2026-06-08_2026-09-06_a1,https://api-v3.thaiwater.net/api/v1/thaiwater30/public/waterlevel_graph?station_type=tele_waterlevel&station_id=1113295&start_date=2026-06-08&end_date=2026-09-06,th_agency_8,available
1113295,discharge_reported,discharge,2026-06-08,2026-09-06,91,2184,2026-06-08 00:00,2026-09-06 23:00,0,empty_in_tested_window,200,application/json; charset=utf-8,2026-09-13T18:32:59.390804+00:00,178942,8656407aaddb2281441d9315bbd2dd29be20929c71cbc7cbe075da7306be81fe,bodies/1113295_2026-06-08_2026-09-06_a1.body,receipts/1113295_2026-06-08_2026-09-06_a1.json,new,new_20260913_1113295_2026-06-08_2026-09-06_a1,https://api-v3.thaiwater.net/api/v1/thaiwater30/public/waterlevel_graph?station_type=tele_waterlevel&station_id=1113295&start_date=2026-06-08&end_date=2026-09-06,th_agency_8,unknown
1116838,stage_reported,value,2026-06-08,2026-09-06,91,13104,2026-06-08 00:00,2026-09-06 23:50,12961,available,200,application/json; charset=utf-8,2026-09-13T18:33:03.169615+00:00,1071951,386e50f40a277c90f74383cfd49fd5bfdc83f1ec17779aa78b608e8360c5a6cb,bodies/1116838_2026-06-08_2026-09-06_a1.body,receipts/1116838_2026-06-08_2026-09-06_a1.json,new,new_20260913_1116838_2026-06-08_2026-09-06_a1,https://api-v3.thaiwater.net/api/v1/thaiwater30/public/waterlevel_graph?station_type=tele_waterlevel&station_id=1116838&start_date=2026-06-08&end_date=2026-09-06,th_agency_91,available
1116838,discharge_reported,discharge,2026-06-08,2026-09-06,91,13104,2026-06-08 00:00,2026-09-06 23:50,0,empty_in_tested_window,200,application/json; charset=utf-8,2026-09-13T18:33:03.169615+00:00,1071951,386e50f40a277c90f74383cfd49fd5bfdc83f1ec17779aa78b608e8360c5a6cb,bodies/1116838_2026-06-08_2026-09-06_a1.body,receipts/1116838_2026-06-08_2026-09-06_a1.json,new,new_20260913_1116838_2026-06-08_2026-09-06_a1,https://api-v3.thaiwater.net/api/v1/thaiwater30/public/waterlevel_graph?station_type=tele_waterlevel&station_id=1116838&start_date=2026-06-08&end_date=2026-09-06,th_agency_91,unknown
1116839,stage_reported,value,2026-06-08,2026-09-06,91,13104,2026-06-08 00:00,2026-09-06 23:50,13031,available,200,application/json; charset=utf-8,2026-09-13T18:33:05.467004+00:00,1059852,ba64dde56e3cd3b6575370c86ff2f0607f9bc603fb3240544c13c15cce92f738,bodies/1116839_2026-06-08_2026-09-06_a1.body,receipts/1116839_2026-06-08_2026-09-06_a1.json,new,new_20260913_1116839_2026-06-08_2026-09-06_a1,https://api-v3.thaiwater.net/api/v1/thaiwater30/public/waterlevel_graph?station_type=tele_waterlevel&station_id=1116839&start_date=2026-06-08&end_date=2026-09-06,th_agency_91,available
1116839,discharge_reported,discharge,2026-06-08,2026-09-06,91,13104,2026-06-08 00:00,2026-09-06 23:50,0,empty_in_tested_window,200,application/json; charset=utf-8,2026-09-13T18:33:05.467004+00:00,1059852,ba64dde56e3cd3b6575370c86ff2f0607f9bc603fb3240544c13c15cce92f738,bodies/1116839_2026-06-08_2026-09-06_a1.body,receipts/1116839_2026-06-08_2026-09-06_a1.json,new,new_20260913_1116839_2026-06-08_2026-09-06_a1,https://api-v3.thaiwater.net/api/v1/thaiwater30/public/waterlevel_graph?station_type=tele_waterlevel&station_id=1116839&start_date=2026-06-08&end_date=2026-09-06,th_agency_91,unknown
1116840,stage_reported,value,2026-06-08,2026-09-06,91,13104,2026-06-08 00:00,2026-09-06 23:50,13031,available,200,application/json; charset=utf-8,2026-09-13T18:33:07.798673+00:00,1060056,98f0f13d23fcbb7fb5c20b7862cde0e8751b3e621c172a722daa78e57d2a424f,bodies/1116840_2026-06-08_2026-09-06_a1.body,receipts/1116840_2026-06-08_2026-09-06_a1.json,new,new_20260913_1116840_2026-06-08_2026-09-06_a1,https://api-v3.thaiwater.net/api/v1/thaiwater30/public/waterlevel_graph?station_type=tele_waterlevel&station_id=1116840&start_date=2026-06-08&end_date=2026-09-06,th_agency_91,available
1116840,discharge_reported,discharge,2026-06-08,2026-09-06,91,13104,2026-06-08 00:00,2026-09-06 23:50,0,empty_in_tested_window,200,application/json; charset=utf-8,2026-09-13T18:33:07.798673+00:00,1060056,98f0f13d23fcbb7fb5c20b7862cde0e8751b3e621c172a722daa78e57d2a424f,bodies/1116840_2026-06-08_2026-09-06_a1.body,receipts/1116840_2026-06-08_2026-09-06_a1.json,new,new_20260913_1116840_2026-06-08_2026-09-06_a1,https://api-v3.thaiwater.net/api/v1/thaiwater30/public/waterlevel_graph?station_type=tele_waterlevel&station_id=1116840&start_date=2026-06-08&end_date=2026-09-06,th_agency_91,unknown
1117430,stage_reported,value,2026-06-08,2026-09-06,91,13104,2026-06-08 00:00,2026-09-06 23:50,12764,available,200,application/json; charset=utf-8,2026-09-13T18:33:10.724440+00:00,1059914,159259662354d01113d6c52f265fb88701b781ba0efe357eb93de32c2f670278,bodies/1117430_2026-06-08_2026-09-06_a1.body,receipts/1117430_2026-06-08_2026-09-06_a1.json,new,new_20260913_1117430_2026-06-08_2026-09-06_a1,https://api-v3.thaiwater.net/api/v1/thaiwater30/public/waterlevel_graph?station_type=tele_waterlevel&station_id=1117430&start_date=2026-06-08&end_date=2026-09-06,th_agency_9,available
1117430,discharge_reported,discharge,2026-06-08,2026-09-06,91,13104,2026-06-08 00:00,2026-09-06 23:50,0,empty_in_tested_window,200,application/json; charset=utf-8,2026-09-13T18:33:10.724440+00:00,1059914,159259662354d01113d6c52f265fb88701b781ba0efe357eb93de32c2f670278,bodies/1117430_2026-06-08_2026-09-06_a1.body,receipts/1117430_2026-06-08_2026-09-06_a1.json,new,new_20260913_1117430_2026-06-08_2026-09-06_a1,https://api-v3.thaiwater.net/api/v1/thaiwater30/public/waterlevel_graph?station_type=tele_waterlevel&station_id=1117430&start_date=2026-06-08&end_date=2026-09-06,th_agency_9,unknown
1117431,stage_reported,value,2026-06-08,2026-09-06,91,13104,2026-06-08 00:00,2026-09-06 23:50,13017,available,200,application/json; charset=utf-8,2026-09-13T18:33:12.892915+00:00,1059529,90f8d99e059afecf724656a041996821d99bee049c84cf6431b42bf263b61f47,bodies/1117431_2026-06-08_2026-09-06_a2.body,receipts/1117431_2026-06-08_2026-09-06_a2.json,new,new_20260913_1117431_2026-06-08_2026-09-06_a2,https://api-v3.thaiwater.net/api/v1/thaiwater30/public/waterlevel_graph?station_type=tele_waterlevel&station_id=1117431&start_date=2026-06-08&end_date=2026-09-06,th_agency_9,available
1117431,discharge_reported,discharge,2026-06-08,2026-09-06,91,13104,2026-06-08 00:00,2026-09-06 23:50,0,empty_in_tested_window,200,application/json; charset=utf-8,2026-09-13T18:33:12.892915+00:00,1059529,90f8d99e059afecf724656a041996821d99bee049c84cf6431b42bf263b61f47,bodies/1117431_2026-06-08_2026-09-06_a2.body,receipts/1117431_2026-06-08_2026-09-06_a2.json,new,new_20260913_1117431_2026-06-08_2026-09-06_a2,https://api-v3.thaiwater.net/api/v1/thaiwater30/public/waterlevel_graph?station_type=tele_waterlevel&station_id=1117431&start_date=2026-06-08&end_date=2026-09-06,th_agency_9,unknown
1117894,stage_reported,value,2026-08-31,2026-09-06,7,168,2026-08-31 00:00,2026-09-06 23:00,157,available,200,application/json; charset=utf-8,2026-09-13T18:33:14.277360+00:00,14655,f689909eeb05f10c8af10f3849a69be9fbb54a5ef2d0684ef059aad38a57a8ad,bodies/1117894_2026-08-31_2026-09-06_a1.body,receipts/1117894_2026-08-31_2026-09-06_a1.json,new,new_20260913_1117894_2026-08-31_2026-09-06_a1,https://api-v3.thaiwater.net/api/v1/thaiwater30/public/waterlevel_graph?station_type=tele_waterlevel&station_id=1117894&start_date=2026-08-31&end_date=2026-09-06,th_agency_12,available
1117894,discharge_reported,discharge,2026-08-31,2026-09-06,7,168,2026-08-31 00:00,2026-09-06 23:00,157,available,200,application/json; charset=utf-8,2026-09-13T18:33:14.277360+00:00,14655,f689909eeb05f10c8af10f3849a69be9fbb54a5ef2d0684ef059aad38a57a8ad,bodies/1117894_2026-08-31_2026-09-06_a1.body,receipts/1117894_2026-08-31_2026-09-06_a1.json,new,new_20260913_1117894_2026-08-31_2026-09-06_a1,https://api-v3.thaiwater.net/api/v1/thaiwater30/public/waterlevel_graph?station_type=tele_waterlevel&station_id=1117894&start_date=2026-08-31&end_date=2026-09-06,th_agency_12,available
1119776,stage_reported,value,2026-08-31,2026-09-06,7,168,2026-08-31 00:00,2026-09-06 23:00,160,available,200,application/json; charset=utf-8,2026-09-13T18:33:15.848564+00:00,14531,204efff416e5df3af12571093c30d87ed55994aa45ff81bd84bca9ca88b1d213,bodies/1119776_2026-08-31_2026-09-06_a1.body,receipts/1119776_2026-08-31_2026-09-06_a1.json,new,new_20260913_1119776_2026-08-31_2026-09-06_a1,https://api-v3.thaiwater.net/api/v1/thaiwater30/public/waterlevel_graph?station_type=tele_waterlevel&station_id=1119776&start_date=2026-08-31&end_date=2026-09-06,th_agency_12,available
1119776,discharge_reported,discharge,2026-08-31,2026-09-06,7,168,2026-08-31 00:00,2026-09-06 23:00,160,available,200,application/json; charset=utf-8,2026-09-13T18:33:15.848564+00:00,14531,204efff416e5df3af12571093c30d87ed55994aa45ff81bd84bca9ca88b1d213,bodies/1119776_2026-08-31_2026-09-06_a1.body,receipts/1119776_2026-08-31_2026-09-06_a1.json,new,new_20260913_1119776_2026-08-31_2026-09-06_a1,https://api-v3.thaiwater.net/api/v1/thaiwater30/public/waterlevel_graph?station_type=tele_waterlevel&station_id=1119776&start_date=2026-08-31&end_date=2026-09-06,th_agency_12,available
1119854,stage_reported,value,2026-06-08,2026-09-06,91,2184,2026-06-08 00:00,2026-09-06 23:00,1656,available,200,application/json; charset=utf-8,2026-09-13T18:33:18.005078+00:00,182849,fe8ed7615e3a78ef662c5fd358cba4f015ccb163920f673a36ab77b0721f33f0,bodies/1119854_2026-06-08_2026-09-06_a1.body,receipts/1119854_2026-06-08_2026-09-06_a1.json,new,new_20260913_1119854_2026-06-08_2026-09-06_a1,https://api-v3.thaiwater.net/api/v1/thaiwater30/public/waterlevel_graph?station_type=tele_waterlevel&station_id=1119854&start_date=2026-06-08&end_date=2026-09-06,th_agency_12,available
1119854,discharge_reported,discharge,2026-06-08,2026-09-06,91,2184,2026-06-08 00:00,2026-09-06 23:00,0,empty_in_tested_window,200,application/json; charset=utf-8,2026-09-13T18:33:18.005078+00:00,182849,fe8ed7615e3a78ef662c5fd358cba4f015ccb163920f673a36ab77b0721f33f0,bodies/1119854_2026-06-08_2026-09-06_a1.body,receipts/1119854_2026-06-08_2026-09-06_a1.json,new,new_20260913_1119854_2026-06-08_2026-09-06_a1,https://api-v3.thaiwater.net/api/v1/thaiwater30/public/waterlevel_graph?station_type=tele_waterlevel&station_id=1119854&start_date=2026-06-08&end_date=2026-09-06,th_agency_12,unknown
1119916,stage_reported,value,2026-08-31,2026-09-06,7,168,2026-08-31 00:00,2026-09-06 23:00,41,available,200,application/json; charset=utf-8,2026-09-13T18:33:27.672765+00:00,13658,a97a89bd752ce410048c8da5dcaf6f475a6f851827977624e9849e23014e1d5d,bodies/1119916_2026-08-31_2026-09-06_a1.body,receipts/1119916_2026-08-31_2026-09-06_a1.json,new,new_20260913_1119916_2026-08-31_2026-09-06_a1,https://api-v3.thaiwater.net/api/v1/thaiwater30/public/waterlevel_graph?station_type=tele_waterlevel&station_id=1119916&start_date=2026-08-31&end_date=2026-09-06,th_agency_12,available
1119916,discharge_reported,discharge,2026-08-31,2026-09-06,7,168,2026-08-31 00:00,2026-09-06 23:00,41,available,200,application/json; charset=utf-8,2026-09-13T18:33:27.672765+00:00,13658,a97a89bd752ce410048c8da5dcaf6f475a6f851827977624e9849e23014e1d5d,bodies/1119916_2026-08-31_2026-09-06_a1.body,receipts/1119916_2026-08-31_2026-09-06_a1.json,new,new_20260913_1119916_2026-08-31_2026-09-06_a1,https://api-v3.thaiwater.net/api/v1/thaiwater30/public/waterlevel_graph?station_type=tele_waterlevel&station_id=1119916&start_date=2026-08-31&end_date=2026-09-06,th_agency_12,available
1120554,stage_reported,value,2026-06-08,2026-09-06,91,13104,2026-06-08 00:00,2026-09-06 23:50,13023,available,200,application/json; charset=utf-8,2026-09-13T18:33:31.324764+00:00,1060532,a94f5bdc896d024676817a675b14dd5ece439c43989da35263ca6d1f29aeae0d,bodies/1120554_2026-06-08_2026-09-06_a1.body,receipts/1120554_2026-06-08_2026-09-06_a1.json,new,new_20260913_1120554_2026-06-08_2026-09-06_a1,https://api-v3.thaiwater.net/api/v1/thaiwater30/public/waterlevel_graph?station_type=tele_waterlevel&station_id=1120554&start_date=2026-06-08&end_date=2026-09-06,th_agency_91,available
1120554,discharge_reported,discharge,2026-06-08,2026-09-06,91,13104,2026-06-08 00:00,2026-09-06 23:50,0,empty_in_tested_window,200,application/json; charset=utf-8,2026-09-13T18:33:31.324764+00:00,1060532,a94f5bdc896d024676817a675b14dd5ece439c43989da35263ca6d1f29aeae0d,bodies/1120554_2026-06-08_2026-09-06_a1.body,receipts/1120554_2026-06-08_2026-09-06_a1.json,new,new_20260913_1120554_2026-06-08_2026-09-06_a1,https://api-v3.thaiwater.net/api/v1/thaiwater30/public/waterlevel_graph?station_type=tele_waterlevel&station_id=1120554&start_date=2026-06-08&end_date=2026-09-06,th_agency_91,unknown
1120557,stage_reported,value,2026-06-08,2026-09-06,91,13104,2026-06-08 00:00,2026-09-06 23:50,13008,available,200,application/json; charset=utf-8,2026-09-13T18:33:33.774881+00:00,1046440,5eff827d2da48e7e0340743583f25ba6808483e66735747f3ec9f82610ff49fe,bodies/1120557_2026-06-08_2026-09-06_a1.body,receipts/1120557_2026-06-08_2026-09-06_a1.json,new,new_20260913_1120557_2026-06-08_2026-09-06_a1,https://api-v3.thaiwater.net/api/v1/thaiwater30/public/waterlevel_graph?station_type=tele_waterlevel&station_id=1120557&start_date=2026-06-08&end_date=2026-09-06,th_agency_91,available
1120557,discharge_reported,discharge,2026-06-08,2026-09-06,91,13104,2026-06-08 00:00,2026-09-06 23:50,0,empty_in_tested_window,200,application/json; charset=utf-8,2026-09-13T18:33:33.774881+00:00,1046440,5eff827d2da48e7e0340743583f25ba6808483e66735747f3ec9f82610ff49fe,bodies/1120557_2026-06-08_2026-09-06_a1.body,receipts/1120557_2026-06-08_2026-09-06_a1.json,new,new_20260913_1120557_2026-06-08_2026-09-06_a1,https://api-v3.thaiwater.net/api/v1/thaiwater30/public/waterlevel_graph?station_type=tele_waterlevel&station_id=1120557&start_date=2026-06-08&end_date=2026-09-06,th_agency_91,unknown
1121199,stage_reported,value,2026-06-08,2026-09-06,91,13104,2026-06-08 00:00,2026-09-06 23:50,13018,available,200,application/json; charset=utf-8,2026-09-13T18:33:36.447586+00:00,1060028,35a9b462b800804e136e31f080fe2ed14c815c0997661a3920020d0e256e4c2b,bodies/1121199_2026-06-08_2026-09-06_a1.body,receipts/1121199_2026-06-08_2026-09-06_a1.json,new,new_20260913_1121199_2026-06-08_2026-09-06_a1,https://api-v3.thaiwater.net/api/v1/thaiwater30/public/waterlevel_graph?station_type=tele_waterlevel&station_id=1121199&start_date=2026-06-08&end_date=2026-09-06,th_agency_91,available
1121199,discharge_reported,discharge,2026-06-08,2026-09-06,91,13104,2026-06-08 00:00,2026-09-06 23:50,0,empty_in_tested_window,200,application/json; charset=utf-8,2026-09-13T18:33:36.447586+00:00,1060028,35a9b462b800804e136e31f080fe2ed14c815c0997661a3920020d0e256e4c2b,bodies/1121199_2026-06-08_2026-09-06_a1.body,receipts/1121199_2026-06-08_2026-09-06_a1.json,new,new_20260913_1121199_2026-06-08_2026-09-06_a1,https://api-v3.thaiwater.net/api/v1/thaiwater30/public/waterlevel_graph?station_type=tele_waterlevel&station_id=1121199&start_date=2026-06-08&end_date=2026-09-06,th_agency_91,unknown
1121218,stage_reported,value,2026-06-08,2026-09-06,91,13104,2026-06-08 00:00,2026-09-06 23:50,10555,available,200,application/json; charset=utf-8,2026-09-13T18:33:38.790788+00:00,1055098,d9e7c2335119ba1e1dbc69b871b9ce3f8a2cb9ec20dcbc94f56a156c8a7ece55,bodies/1121218_2026-06-08_2026-09-06_a1.body,receipts/1121218_2026-06-08_2026-09-06_a1.json,new,new_20260913_1121218_2026-06-08_2026-09-06_a1,https://api-v3.thaiwater.net/api/v1/thaiwater30/public/waterlevel_graph?station_type=tele_waterlevel&station_id=1121218&start_date=2026-06-08&end_date=2026-09-06,th_agency_91,available
1121218,discharge_reported,discharge,2026-06-08,2026-09-06,91,13104,2026-06-08 00:00,2026-09-06 23:50,0,empty_in_tested_window,200,application/json; charset=utf-8,2026-09-13T18:33:38.790788+00:00,1055098,d9e7c2335119ba1e1dbc69b871b9ce3f8a2cb9ec20dcbc94f56a156c8a7ece55,bodies/1121218_2026-06-08_2026-09-06_a1.body,receipts/1121218_2026-06-08_2026-09-06_a1.json,new,new_20260913_1121218_2026-06-08_2026-09-06_a1,https://api-v3.thaiwater.net/api/v1/thaiwater30/public/waterlevel_graph?station_type=tele_waterlevel&station_id=1121218&start_date=2026-06-08&end_date=2026-09-06,th_agency_91,unknown
1121228,stage_reported,value,2026-06-08,2026-09-06,91,13104,2026-06-08 00:00,2026-09-06 23:50,12834,available,200,application/json; charset=utf-8,2026-09-13T18:33:41.216043+00:00,1059605,d99119c6693f929aedb3fcc4d66f5ace8592affb04e6a2c038d071879ffc1477,bodies/1121228_2026-06-08_2026-09-06_a1.body,receipts/1121228_2026-06-08_2026-09-06_a1.json,new,new_20260913_1121228_2026-06-08_2026-09-06_a1,https://api-v3.thaiwater.net/api/v1/thaiwater30/public/waterlevel_graph?station_type=tele_waterlevel&station_id=1121228&start_date=2026-06-08&end_date=2026-09-06,th_agency_91,available
1121228,discharge_reported,discharge,2026-06-08,2026-09-06,91,13104,2026-06-08 00:00,2026-09-06 23:50,0,empty_in_tested_window,200,application/json; charset=utf-8,2026-09-13T18:33:41.216043+00:00,1059605,d99119c6693f929aedb3fcc4d66f5ace8592affb04e6a2c038d071879ffc1477,bodies/1121228_2026-06-08_2026-09-06_a1.body,receipts/1121228_2026-06-08_2026-09-06_a1.json,new,new_20260913_1121228_2026-06-08_2026-09-06_a1,https://api-v3.thaiwater.net/api/v1/thaiwater30/public/waterlevel_graph?station_type=tele_waterlevel&station_id=1121228&start_date=2026-06-08&end_date=2026-09-06,th_agency_91,unknown
1121229,stage_reported,value,2026-06-08,2026-09-06,91,13104,2026-06-08 00:00,2026-09-06 23:50,13026,available,200,application/json; charset=utf-8,2026-09-13T18:33:43.698138+00:00,1060041,49bbc463920d7cb29bf354f6d300abfa572405ef677be83f8d7f716ffb6b9c67,bodies/1121229_2026-06-08_2026-09-06_a1.body,receipts/1121229_2026-06-08_2026-09-06_a1.json,new,new_20260913_1121229_2026-06-08_2026-09-06_a1,https://api-v3.thaiwater.net/api/v1/thaiwater30/public/waterlevel_graph?station_type=tele_waterlevel&station_id=1121229&start_date=2026-06-08&end_date=2026-09-06,th_agency_91,available
1121229,discharge_reported,discharge,2026-06-08,2026-09-06,91,13104,2026-06-08 00:00,2026-09-06 23:50,0,empty_in_tested_window,200,application/json; charset=utf-8,2026-09-13T18:33:43.698138+00:00,1060041,49bbc463920d7cb29bf354f6d300abfa572405ef677be83f8d7f716ffb6b9c67,bodies/1121229_2026-06-08_2026-09-06_a1.body,receipts/1121229_2026-06-08_2026-09-06_a1.json,new,new_20260913_1121229_2026-06-08_2026-09-06_a1,https://api-v3.thaiwater.net/api/v1/thaiwater30/public/waterlevel_graph?station_type=tele_waterlevel&station_id=1121229&start_date=2026-06-08&end_date=2026-09-06,th_agency_91,unknown
1121234,stage_reported,value,2026-06-08,2026-09-06,91,13104,2026-06-08 00:00,2026-09-06 23:50,13034,available,200,application/json; charset=utf-8,2026-09-13T18:33:46.194022+00:00,1060187,f1bd10fa770b3bc892630b506ab3665db3143e605d20cb34e71a815ed58bb387,bodies/1121234_2026-06-08_2026-09-06_a1.body,receipts/1121234_2026-06-08_2026-09-06_a1.json,new,new_20260913_1121234_2026-06-08_2026-09-06_a1,https://api-v3.thaiwater.net/api/v1/thaiwater30/public/waterlevel_graph?station_type=tele_waterlevel&station_id=1121234&start_date=2026-06-08&end_date=2026-09-06,th_agency_91,available
1121234,discharge_reported,discharge,2026-06-08,2026-09-06,91,13104,2026-06-08 00:00,2026-09-06 23:50,0,empty_in_tested_window,200,application/json; charset=utf-8,2026-09-13T18:33:46.194022+00:00,1060187,f1bd10fa770b3bc892630b506ab3665db3143e605d20cb34e71a815ed58bb387,bodies/1121234_2026-06-08_2026-09-06_a1.body,receipts/1121234_2026-06-08_2026-09-06_a1.json,new,new_20260913_1121234_2026-06-08_2026-09-06_a1,https://api-v3.thaiwater.net/api/v1/thaiwater30/public/waterlevel_graph?station_type=tele_waterlevel&station_id=1121234&start_date=2026-06-08&end_date=2026-09-06,th_agency_91,unknown
1121239,stage_reported,value,2026-06-08,2026-09-06,91,13104,2026-06-08 00:00,2026-09-06 23:50,12057,available,200,application/json; charset=utf-8,2026-09-13T18:33:48.932026+00:00,1058568,53c7cd55160add17570d4a73f248368af8e755134a5afdc8802c5b76576eb636,bodies/1121239_2026-06-08_2026-09-06_a1.body,receipts/1121239_2026-06-08_2026-09-06_a1.json,new,new_20260913_1121239_2026-06-08_2026-09-06_a1,https://api-v3.thaiwater.net/api/v1/thaiwater30/public/waterlevel_graph?station_type=tele_waterlevel&station_id=1121239&start_date=2026-06-08&end_date=2026-09-06,th_agency_91,available
1121239,discharge_reported,discharge,2026-06-08,2026-09-06,91,13104,2026-06-08 00:00,2026-09-06 23:50,0,empty_in_tested_window,200,application/json; charset=utf-8,2026-09-13T18:33:48.932026+00:00,1058568,53c7cd55160add17570d4a73f248368af8e755134a5afdc8802c5b76576eb636,bodies/1121239_2026-06-08_2026-09-06_a1.body,receipts/1121239_2026-06-08_2026-09-06_a1.json,new,new_20260913_1121239_2026-06-08_2026-09-06_a1,https://api-v3.thaiwater.net/api/v1/thaiwater30/public/waterlevel_graph?station_type=tele_waterlevel&station_id=1121239&start_date=2026-06-08&end_date=2026-09-06,th_agency_91,unknown
1121240,stage_reported,value,2026-06-08,2026-09-06,91,13104,2026-06-08 00:00,2026-09-06 23:50,12912,available,200,application/json; charset=utf-8,2026-09-13T18:33:51.434956+00:00,1059752,746ce8e6d1ab21e3db6b8afc4c079dfbf1d1339689b00411e3a5c2ca2e70a30d,bodies/1121240_2026-06-08_2026-09-06_a1.body,receipts/1121240_2026-06-08_2026-09-06_a1.json,new,new_20260913_1121240_2026-06-08_2026-09-06_a1,https://api-v3.thaiwater.net/api/v1/thaiwater30/public/waterlevel_graph?station_type=tele_waterlevel&station_id=1121240&start_date=2026-06-08&end_date=2026-09-06,th_agency_91,available
1121240,discharge_reported,discharge,2026-06-08,2026-09-06,91,13104,2026-06-08 00:00,2026-09-06 23:50,0,empty_in_tested_window,200,application/json; charset=utf-8,2026-09-13T18:33:51.434956+00:00,1059752,746ce8e6d1ab21e3db6b8afc4c079dfbf1d1339689b00411e3a5c2ca2e70a30d,bodies/1121240_2026-06-08_2026-09-06_a1.body,receipts/1121240_2026-06-08_2026-09-06_a1.json,new,new_20260913_1121240_2026-06-08_2026-09-06_a1,https://api-v3.thaiwater.net/api/v1/thaiwater30/public/waterlevel_graph?station_type=tele_waterlevel&station_id=1121240&start_date=2026-06-08&end_date=2026-09-06,th_agency_91,unknown
1121242,stage_reported,value,2026-06-08,2026-09-06,91,13104,2026-06-08 00:00,2026-09-06 23:50,12825,available,200,application/json; charset=utf-8,2026-09-13T18:33:53.927452+00:00,1046714,c2f8511febba0dab3968287df13fe18e3d091bcb573f8c6e37b9913eb39a6be5,bodies/1121242_2026-06-08_2026-09-06_a1.body,receipts/1121242_2026-06-08_2026-09-06_a1.json,new,new_20260913_1121242_2026-06-08_2026-09-06_a1,https://api-v3.thaiwater.net/api/v1/thaiwater30/public/waterlevel_graph?station_type=tele_waterlevel&station_id=1121242&start_date=2026-06-08&end_date=2026-09-06,th_agency_91,available
1121242,discharge_reported,discharge,2026-06-08,2026-09-06,91,13104,2026-06-08 00:00,2026-09-06 23:50,0,empty_in_tested_window,200,application/json; charset=utf-8,2026-09-13T18:33:53.927452+00:00,1046714,c2f8511febba0dab3968287df13fe18e3d091bcb573f8c6e37b9913eb39a6be5,bodies/1121242_2026-06-08_2026-09-06_a1.body,receipts/1121242_2026-06-08_2026-09-06_a1.json,new,new_20260913_1121242_2026-06-08_2026-09-06_a1,https://api-v3.thaiwater.net/api/v1/thaiwater30/public/waterlevel_graph?station_type=tele_waterlevel&station_id=1121242&start_date=2026-06-08&end_date=2026-09-06,th_agency_91,unknown
1121243,stage_reported,value,2026-06-08,2026-09-06,91,13104,2026-06-08 00:00,2026-09-06 23:50,12800,available,200,application/json; charset=utf-8,2026-09-13T18:33:56.246182+00:00,1059477,c6f924e1c8473d0b5c44470ad8fc88c685a92da4e8a05da53e91a6d47c26272f,bodies/1121243_2026-06-08_2026-09-06_a1.body,receipts/1121243_2026-06-08_2026-09-06_a1.json,new,new_20260913_1121243_2026-06-08_2026-09-06_a1,https://api-v3.thaiwater.net/api/v1/thaiwater30/public/waterlevel_graph?station_type=tele_waterlevel&station_id=1121243&start_date=2026-06-08&end_date=2026-09-06,th_agency_91,available
1121243,discharge_reported,discharge,2026-06-08,2026-09-06,91,13104,2026-06-08 00:00,2026-09-06 23:50,0,empty_in_tested_window,200,application/json; charset=utf-8,2026-09-13T18:33:56.246182+00:00,1059477,c6f924e1c8473d0b5c44470ad8fc88c685a92da4e8a05da53e91a6d47c26272f,bodies/1121243_2026-06-08_2026-09-06_a1.body,receipts/1121243_2026-06-08_2026-09-06_a1.json,new,new_20260913_1121243_2026-06-08_2026-09-06_a1,https://api-v3.thaiwater.net/api/v1/thaiwater30/public/waterlevel_graph?station_type=tele_waterlevel&station_id=1121243&start_date=2026-06-08&end_date=2026-09-06,th_agency_91,unknown
1121258,stage_reported,value,2026-06-08,2026-09-06,91,13104,2026-06-08 00:00,2026-09-06 23:50,12285,available,200,application/json; charset=utf-8,2026-09-13T18:33:58.457620+00:00,1058499,c5367ffec6e7b30a56055dd297bfcbb64dd22b86152e827016af1fef1d03d2e6,bodies/1121258_2026-06-08_2026-09-06_a1.body,receipts/1121258_2026-06-08_2026-09-06_a1.json,new,new_20260913_1121258_2026-06-08_2026-09-06_a1,https://api-v3.thaiwater.net/api/v1/thaiwater30/public/waterlevel_graph?station_type=tele_waterlevel&station_id=1121258&start_date=2026-06-08&end_date=2026-09-06,th_agency_91,available
1121258,discharge_reported,discharge,2026-06-08,2026-09-06,91,13104,2026-06-08 00:00,2026-09-06 23:50,0,empty_in_tested_window,200,application/json; charset=utf-8,2026-09-13T18:33:58.457620+00:00,1058499,c5367ffec6e7b30a56055dd297bfcbb64dd22b86152e827016af1fef1d03d2e6,bodies/1121258_2026-06-08_2026-09-06_a1.body,receipts/1121258_2026-06-08_2026-09-06_a1.json,new,new_20260913_1121258_2026-06-08_2026-09-06_a1,https://api-v3.thaiwater.net/api/v1/thaiwater30/public/waterlevel_graph?station_type=tele_waterlevel&station_id=1121258&start_date=2026-06-08&end_date=2026-09-06,th_agency_91,unknown
1121265,stage_reported,value,2026-06-08,2026-09-06,91,13104,2026-06-08 00:00,2026-09-06 23:50,12990,available,200,application/json; charset=utf-8,2026-09-13T18:34:00.697102+00:00,1047140,02db674abfd60d3872bd1c8128b6142379c7a9e518feacfd66916f920c658085,bodies/1121265_2026-06-08_2026-09-06_a1.body,receipts/1121265_2026-06-08_2026-09-06_a1.json,new,new_20260913_1121265_2026-06-08_2026-09-06_a1,https://api-v3.thaiwater.net/api/v1/thaiwater30/public/waterlevel_graph?station_type=tele_waterlevel&station_id=1121265&start_date=2026-06-08&end_date=2026-09-06,th_agency_91,available
1121265,discharge_reported,discharge,2026-06-08,2026-09-06,91,13104,2026-06-08 00:00,2026-09-06 23:50,0,empty_in_tested_window,200,application/json; charset=utf-8,2026-09-13T18:34:00.697102+00:00,1047140,02db674abfd60d3872bd1c8128b6142379c7a9e518feacfd66916f920c658085,bodies/1121265_2026-06-08_2026-09-06_a1.body,receipts/1121265_2026-06-08_2026-09-06_a1.json,new,new_20260913_1121265_2026-06-08_2026-09-06_a1,https://api-v3.thaiwater.net/api/v1/thaiwater30/public/waterlevel_graph?station_type=tele_waterlevel&station_id=1121265&start_date=2026-06-08&end_date=2026-09-06,th_agency_91,unknown
1121266,stage_reported,value,2026-06-08,2026-09-06,91,13104,2026-06-08 00:00,2026-09-06 23:50,12550,available,200,application/json; charset=utf-8,2026-09-13T18:34:02.926283+00:00,1046368,9939c51bbe35ab9166fef22376c5685ec1478a64ecca334702022a0906392a83,bodies/1121266_2026-06-08_2026-09-06_a1.body,receipts/1121266_2026-06-08_2026-09-06_a1.json,new,new_20260913_1121266_2026-06-08_2026-09-06_a1,https://api-v3.thaiwater.net/api/v1/thaiwater30/public/waterlevel_graph?station_type=tele_waterlevel&station_id=1121266&start_date=2026-06-08&end_date=2026-09-06,th_agency_91,available
1121266,discharge_reported,discharge,2026-06-08,2026-09-06,91,13104,2026-06-08 00:00,2026-09-06 23:50,0,empty_in_tested_window,200,application/json; charset=utf-8,2026-09-13T18:34:02.926283+00:00,1046368,9939c51bbe35ab9166fef22376c5685ec1478a64ecca334702022a0906392a83,bodies/1121266_2026-06-08_2026-09-06_a1.body,receipts/1121266_2026-06-08_2026-09-06_a1.json,new,new_20260913_1121266_2026-06-08_2026-09-06_a1,https://api-v3.thaiwater.net/api/v1/thaiwater30/public/waterlevel_graph?station_type=tele_waterlevel&station_id=1121266&start_date=2026-06-08&end_date=2026-09-06,th_agency_91,unknown
1121267,stage_reported,value,2026-06-08,2026-09-06,91,13104,2026-06-08 00:00,2026-09-06 23:50,3987,available,200,application/json; charset=utf-8,2026-09-13T18:34:05.108158+00:00,1043324,ca368f6eeb9250db648169cc5b50b086c17316ad368296a7235811eb79e54d52,bodies/1121267_2026-06-08_2026-09-06_a1.body,receipts/1121267_2026-06-08_2026-09-06_a1.json,new,new_20260913_1121267_2026-06-08_2026-09-06_a1,https://api-v3.thaiwater.net/api/v1/thaiwater30/public/waterlevel_graph?station_type=tele_waterlevel&station_id=1121267&start_date=2026-06-08&end_date=2026-09-06,th_agency_91,available
1121267,discharge_reported,discharge,2026-06-08,2026-09-06,91,13104,2026-06-08 00:00,2026-09-06 23:50,0,empty_in_tested_window,200,application/json; charset=utf-8,2026-09-13T18:34:05.108158+00:00,1043324,ca368f6eeb9250db648169cc5b50b086c17316ad368296a7235811eb79e54d52,bodies/1121267_2026-06-08_2026-09-06_a1.body,receipts/1121267_2026-06-08_2026-09-06_a1.json,new,new_20260913_1121267_2026-06-08_2026-09-06_a1,https://api-v3.thaiwater.net/api/v1/thaiwater30/public/waterlevel_graph?station_type=tele_waterlevel&station_id=1121267&start_date=2026-06-08&end_date=2026-09-06,th_agency_91,unknown
1124040,stage_reported,value,2026-06-08,2026-09-06,91,2184,2026-06-08 00:00,2026-09-06 23:00,1958,available,200,application/json; charset=utf-8,2026-09-13T18:34:06.889419+00:00,178493,ecd489c91261d02d857c140fe0d8d3abf6f140571f935b7f11c9d28eab0a69d7,bodies/1124040_2026-06-08_2026-09-06_a1.body,receipts/1124040_2026-06-08_2026-09-06_a1.json,new,new_20260913_1124040_2026-06-08_2026-09-06_a1,https://api-v3.thaiwater.net/api/v1/thaiwater30/public/waterlevel_graph?station_type=tele_waterlevel&station_id=1124040&start_date=2026-06-08&end_date=2026-09-06,th_agency_12,available
1124040,discharge_reported,discharge,2026-06-08,2026-09-06,91,2184,2026-06-08 00:00,2026-09-06 23:00,0,empty_in_tested_window,200,application/json; charset=utf-8,2026-09-13T18:34:06.889419+00:00,178493,ecd489c91261d02d857c140fe0d8d3abf6f140571f935b7f11c9d28eab0a69d7,bodies/1124040_2026-06-08_2026-09-06_a1.body,receipts/1124040_2026-06-08_2026-09-06_a1.json,new,new_20260913_1124040_2026-06-08_2026-09-06_a1,https://api-v3.thaiwater.net/api/v1/thaiwater30/public/waterlevel_graph?station_type=tele_waterlevel&station_id=1124040&start_date=2026-06-08&end_date=2026-09-06,th_agency_12,unknown
1126506,stage_reported,value,2026-06-08,2026-09-06,91,13104,2026-06-08 00:00,2026-09-06 23:50,13051,available,200,application/json; charset=utf-8,2026-09-13T18:34:09.326341+00:00,1060129,372b158d43cee5c422615e1c33efe0d4dfd37fbcaa0bd1f795c49ee98144bf25,bodies/1126506_2026-06-08_2026-09-06_a1.body,receipts/1126506_2026-06-08_2026-09-06_a1.json,new,new_20260913_1126506_2026-06-08_2026-09-06_a1,https://api-v3.thaiwater.net/api/v1/thaiwater30/public/waterlevel_graph?station_type=tele_waterlevel&station_id=1126506&start_date=2026-06-08&end_date=2026-09-06,th_agency_9,available
1126506,discharge_reported,discharge,2026-06-08,2026-09-06,91,13104,2026-06-08 00:00,2026-09-06 23:50,0,empty_in_tested_window,200,application/json; charset=utf-8,2026-09-13T18:34:09.326341+00:00,1060129,372b158d43cee5c422615e1c33efe0d4dfd37fbcaa0bd1f795c49ee98144bf25,bodies/1126506_2026-06-08_2026-09-06_a1.body,receipts/1126506_2026-06-08_2026-09-06_a1.json,new,new_20260913_1126506_2026-06-08_2026-09-06_a1,https://api-v3.thaiwater.net/api/v1/thaiwater30/public/waterlevel_graph?station_type=tele_waterlevel&station_id=1126506&start_date=2026-06-08&end_date=2026-09-06,th_agency_9,unknown
1129758,stage_reported,value,2026-06-08,2026-09-06,91,13104,2026-06-08 00:00,2026-09-06 23:50,12948,available,200,application/json; charset=utf-8,2026-09-13T18:34:11.496374+00:00,1044313,34b2d53862f94b78d2ae6f30c7aa6412e9df80cec41ddb17c2eb933899d4145f,bodies/1129758_2026-06-08_2026-09-06_a1.body,receipts/1129758_2026-06-08_2026-09-06_a1.json,new,new_20260913_1129758_2026-06-08_2026-09-06_a1,https://api-v3.thaiwater.net/api/v1/thaiwater30/public/waterlevel_graph?station_type=tele_waterlevel&station_id=1129758&start_date=2026-06-08&end_date=2026-09-06,th_agency_91,available
1129758,discharge_reported,discharge,2026-06-08,2026-09-06,91,13104,2026-06-08 00:00,2026-09-06 23:50,0,empty_in_tested_window,200,application/json; charset=utf-8,2026-09-13T18:34:11.496374+00:00,1044313,34b2d53862f94b78d2ae6f30c7aa6412e9df80cec41ddb17c2eb933899d4145f,bodies/1129758_2026-06-08_2026-09-06_a1.body,receipts/1129758_2026-06-08_2026-09-06_a1.json,new,new_20260913_1129758_2026-06-08_2026-09-06_a1,https://api-v3.thaiwater.net/api/v1/thaiwater30/public/waterlevel_graph?station_type=tele_waterlevel&station_id=1129758&start_date=2026-06-08&end_date=2026-09-06,th_agency_91,unknown
1130124,stage_reported,value,2026-06-08,2026-09-06,91,13104,2026-06-08 00:00,2026-09-06 23:50,13050,available,200,application/json; charset=utf-8,2026-09-13T18:34:13.557592+00:00,1056646,64f7cdfbb37f8505008de60c1d0a84366378626ad82eda5315e8c36f7802c7ee,bodies/1130124_2026-06-08_2026-09-06_a1.body,receipts/1130124_2026-06-08_2026-09-06_a1.json,new,new_20260913_1130124_2026-06-08_2026-09-06_a1,https://api-v3.thaiwater.net/api/v1/thaiwater30/public/waterlevel_graph?station_type=tele_waterlevel&station_id=1130124&start_date=2026-06-08&end_date=2026-09-06,th_agency_91,available
1130124,discharge_reported,discharge,2026-06-08,2026-09-06,91,13104,2026-06-08 00:00,2026-09-06 23:50,0,empty_in_tested_window,200,application/json; charset=utf-8,2026-09-13T18:34:13.557592+00:00,1056646,64f7cdfbb37f8505008de60c1d0a84366378626ad82eda5315e8c36f7802c7ee,bodies/1130124_2026-06-08_2026-09-06_a1.body,receipts/1130124_2026-06-08_2026-09-06_a1.json,new,new_20260913_1130124_2026-06-08_2026-09-06_a1,https://api-v3.thaiwater.net/api/v1/thaiwater30/public/waterlevel_graph?station_type=tele_waterlevel&station_id=1130124&start_date=2026-06-08&end_date=2026-09-06,th_agency_91,unknown
1130137,stage_reported,value,2026-06-08,2026-09-06,91,13104,2026-06-08 00:00,2026-09-06 23:50,6147,available,200,application/json; charset=utf-8,2026-09-13T18:34:15.590113+00:00,1049487,9edd35d15c050a8c5b8738d6023b7554e11f2cb0bbc69aa54430ed4c30e01c47,bodies/1130137_2026-06-08_2026-09-06_a1.body,receipts/1130137_2026-06-08_2026-09-06_a1.json,new,new_20260913_1130137_2026-06-08_2026-09-06_a1,https://api-v3.thaiwater.net/api/v1/thaiwater30/public/waterlevel_graph?station_type=tele_waterlevel&station_id=1130137&start_date=2026-06-08&end_date=2026-09-06,th_agency_91,available
1130137,discharge_reported,discharge,2026-06-08,2026-09-06,91,13104,2026-06-08 00:00,2026-09-06 23:50,0,empty_in_tested_window,200,application/json; charset=utf-8,2026-09-13T18:34:15.590113+00:00,1049487,9edd35d15c050a8c5b8738d6023b7554e11f2cb0bbc69aa54430ed4c30e01c47,bodies/1130137_2026-06-08_2026-09-06_a1.body,receipts/1130137_2026-06-08_2026-09-06_a1.json,new,new_20260913_1130137_2026-06-08_2026-09-06_a1,https://api-v3.thaiwater.net/api/v1/thaiwater30/public/waterlevel_graph?station_type=tele_waterlevel&station_id=1130137&start_date=2026-06-08&end_date=2026-09-06,th_agency_91,unknown
1139393,stage_reported,value,2026-06-08,2026-09-06,91,13104,2026-06-08 00:00,2026-09-06 23:50,13052,available,200,application/json; charset=utf-8,2026-09-13T18:34:18.133879+00:00,1060301,730c01c1995ddbb655bf9c05e045b14d4f2da0e1455ead84518e6503eba7672e,bodies/1139393_2026-06-08_2026-09-06_a1.body,receipts/1139393_2026-06-08_2026-09-06_a1.json,new,new_20260913_1139393_2026-06-08_2026-09-06_a1,https://api-v3.thaiwater.net/api/v1/thaiwater30/public/waterlevel_graph?station_type=tele_waterlevel&station_id=1139393&start_date=2026-06-08&end_date=2026-09-06,th_agency_9,available
1139393,discharge_reported,discharge,2026-06-08,2026-09-06,91,13104,2026-06-08 00:00,2026-09-06 23:50,0,empty_in_tested_window,200,application/json; charset=utf-8,2026-09-13T18:34:18.133879+00:00,1060301,730c01c1995ddbb655bf9c05e045b14d4f2da0e1455ead84518e6503eba7672e,bodies/1139393_2026-06-08_2026-09-06_a1.body,receipts/1139393_2026-06-08_2026-09-06_a1.json,new,new_20260913_1139393_2026-06-08_2026-09-06_a1,https://api-v3.thaiwater.net/api/v1/thaiwater30/public/waterlevel_graph?station_type=tele_waterlevel&station_id=1139393&start_date=2026-06-08&end_date=2026-09-06,th_agency_9,unknown
1140845,stage_reported,value,2026-06-08,2026-09-06,91,13104,2026-06-08 00:00,2026-09-06 23:50,4217,available,200,application/json; charset=utf-8,2026-09-13T18:34:20.526811+00:00,1048004,5b6d8f57efadb587e8db65e9e88a727214e3b7ba1958a1d6eaf04a1a5eb1fe4a,bodies/1140845_2026-06-08_2026-09-06_a1.body,receipts/1140845_2026-06-08_2026-09-06_a1.json,new,new_20260913_1140845_2026-06-08_2026-09-06_a1,https://api-v3.thaiwater.net/api/v1/thaiwater30/public/waterlevel_graph?station_type=tele_waterlevel&station_id=1140845&start_date=2026-06-08&end_date=2026-09-06,th_agency_9,available
1140845,discharge_reported,discharge,2026-06-08,2026-09-06,91,13104,2026-06-08 00:00,2026-09-06 23:50,0,empty_in_tested_window,200,application/json; charset=utf-8,2026-09-13T18:34:20.526811+00:00,1048004,5b6d8f57efadb587e8db65e9e88a727214e3b7ba1958a1d6eaf04a1a5eb1fe4a,bodies/1140845_2026-06-08_2026-09-06_a1.body,receipts/1140845_2026-06-08_2026-09-06_a1.json,new,new_20260913_1140845_2026-06-08_2026-09-06_a1,https://api-v3.thaiwater.net/api/v1/thaiwater30/public/waterlevel_graph?station_type=tele_waterlevel&station_id=1140845&start_date=2026-06-08&end_date=2026-09-06,th_agency_9,unknown
1161514,stage_reported,value,2026-06-08,2026-09-06,91,2184,2026-06-08 00:00,2026-09-06 23:00,1959,available,200,application/json; charset=utf-8,2026-09-13T18:34:22.102906+00:00,172440,977fd4d73f99b971a7cefe239f7f04018aacafed10e096fe1e3987c549d40bef,bodies/1161514_2026-06-08_2026-09-06_a1.body,receipts/1161514_2026-06-08_2026-09-06_a1.json,new,new_20260913_1161514_2026-06-08_2026-09-06_a1,https://api-v3.thaiwater.net/api/v1/thaiwater30/public/waterlevel_graph?station_type=tele_waterlevel&station_id=1161514&start_date=2026-06-08&end_date=2026-09-06,th_agency_12,available
1161514,discharge_reported,discharge,2026-06-08,2026-09-06,91,2184,2026-06-08 00:00,2026-09-06 23:00,0,empty_in_tested_window,200,application/json; charset=utf-8,2026-09-13T18:34:22.102906+00:00,172440,977fd4d73f99b971a7cefe239f7f04018aacafed10e096fe1e3987c549d40bef,bodies/1161514_2026-06-08_2026-09-06_a1.body,receipts/1161514_2026-06-08_2026-09-06_a1.json,new,new_20260913_1161514_2026-06-08_2026-09-06_a1,https://api-v3.thaiwater.net/api/v1/thaiwater30/public/waterlevel_graph?station_type=tele_waterlevel&station_id=1161514&start_date=2026-06-08&end_date=2026-09-06,th_agency_12,unknown
1161516,stage_reported,value,2026-08-31,2026-09-06,7,168,2026-08-31 00:00,2026-09-06 23:00,148,available,200,application/json; charset=utf-8,2026-09-13T18:34:23.469919+00:00,13721,eb46dabeec73e9d3995bbe74e707280ee4633b635f3be4d2f7fafb73625ecc31,bodies/1161516_2026-08-31_2026-09-06_a1.body,receipts/1161516_2026-08-31_2026-09-06_a1.json,new,new_20260913_1161516_2026-08-31_2026-09-06_a1,https://api-v3.thaiwater.net/api/v1/thaiwater30/public/waterlevel_graph?station_type=tele_waterlevel&station_id=1161516&start_date=2026-08-31&end_date=2026-09-06,th_agency_12,available
1161516,discharge_reported,discharge,2026-08-31,2026-09-06,7,168,2026-08-31 00:00,2026-09-06 23:00,148,available,200,application/json; charset=utf-8,2026-09-13T18:34:23.469919+00:00,13721,eb46dabeec73e9d3995bbe74e707280ee4633b635f3be4d2f7fafb73625ecc31,bodies/1161516_2026-08-31_2026-09-06_a1.body,receipts/1161516_2026-08-31_2026-09-06_a1.json,new,new_20260913_1161516_2026-08-31_2026-09-06_a1,https://api-v3.thaiwater.net/api/v1/thaiwater30/public/waterlevel_graph?station_type=tele_waterlevel&station_id=1161516&start_date=2026-08-31&end_date=2026-09-06,th_agency_12,available
1197957,stage_reported,value,2026-06-08,2026-09-06,91,13104,2026-06-08 00:00,2026-09-06 23:50,6350,available,200,application/json; charset=utf-8,2026-09-13T18:34:26.159884+00:00,1040936,29a33fbe7cd8f1267b96f01fceeb1cf3a96649e28e3c2ed5f50accc8524a2a82,bodies/1197957_2026-06-08_2026-09-06_a1.body,receipts/1197957_2026-06-08_2026-09-06_a1.json,new,new_20260913_1197957_2026-06-08_2026-09-06_a1,https://api-v3.thaiwater.net/api/v1/thaiwater30/public/waterlevel_graph?station_type=tele_waterlevel&station_id=1197957&start_date=2026-06-08&end_date=2026-09-06,th_agency_9,available
1197957,discharge_reported,discharge,2026-06-08,2026-09-06,91,13104,2026-06-08 00:00,2026-09-06 23:50,0,empty_in_tested_window,200,application/json; charset=utf-8,2026-09-13T18:34:26.159884+00:00,1040936,29a33fbe7cd8f1267b96f01fceeb1cf3a96649e28e3c2ed5f50accc8524a2a82,bodies/1197957_2026-06-08_2026-09-06_a1.body,receipts/1197957_2026-06-08_2026-09-06_a1.json,new,new_20260913_1197957_2026-06-08_2026-09-06_a1,https://api-v3.thaiwater.net/api/v1/thaiwater30/public/waterlevel_graph?station_type=tele_waterlevel&station_id=1197957&start_date=2026-06-08&end_date=2026-09-06,th_agency_9,unknown
1198081,stage_reported,value,2026-06-08,2026-09-06,91,13104,2026-06-08 00:00,2026-09-06 23:50,12974,available,200,application/json; charset=utf-8,2026-09-13T18:34:28.286797+00:00,1059907,066796342d07b3bc4ebbd54f71fe4c5bdb657cef36688cd1aa850ae2e5eb771d,bodies/1198081_2026-06-08_2026-09-06_a1.body,receipts/1198081_2026-06-08_2026-09-06_a1.json,new,new_20260913_1198081_2026-06-08_2026-09-06_a1,https://api-v3.thaiwater.net/api/v1/thaiwater30/public/waterlevel_graph?station_type=tele_waterlevel&station_id=1198081&start_date=2026-06-08&end_date=2026-09-06,th_agency_9,available
1198081,discharge_reported,discharge,2026-06-08,2026-09-06,91,13104,2026-06-08 00:00,2026-09-06 23:50,0,empty_in_tested_window,200,application/json; charset=utf-8,2026-09-13T18:34:28.286797+00:00,1059907,066796342d07b3bc4ebbd54f71fe4c5bdb657cef36688cd1aa850ae2e5eb771d,bodies/1198081_2026-06-08_2026-09-06_a1.body,receipts/1198081_2026-06-08_2026-09-06_a1.json,new,new_20260913_1198081_2026-06-08_2026-09-06_a1,https://api-v3.thaiwater.net/api/v1/thaiwater30/public/waterlevel_graph?station_type=tele_waterlevel&station_id=1198081&start_date=2026-06-08&end_date=2026-09-06,th_agency_9,unknown
1198082,stage_reported,value,2026-06-08,2026-09-06,91,13104,2026-06-08 00:00,2026-09-06 23:50,12418,available,200,application/json; charset=utf-8,2026-09-13T18:34:30.355075+00:00,1058774,a8042d71b87c5b967890588dbde770c0c7d5649d20d95f0b7edb741feda355c1,bodies/1198082_2026-06-08_2026-09-06_a1.body,receipts/1198082_2026-06-08_2026-09-06_a1.json,new,new_20260913_1198082_2026-06-08_2026-09-06_a1,https://api-v3.thaiwater.net/api/v1/thaiwater30/public/waterlevel_graph?station_type=tele_waterlevel&station_id=1198082&start_date=2026-06-08&end_date=2026-09-06,th_agency_9,available
1198082,discharge_reported,discharge,2026-06-08,2026-09-06,91,13104,2026-06-08 00:00,2026-09-06 23:50,0,empty_in_tested_window,200,application/json; charset=utf-8,2026-09-13T18:34:30.355075+00:00,1058774,a8042d71b87c5b967890588dbde770c0c7d5649d20d95f0b7edb741feda355c1,bodies/1198082_2026-06-08_2026-09-06_a1.body,receipts/1198082_2026-06-08_2026-09-06_a1.json,new,new_20260913_1198082_2026-06-08_2026-09-06_a1,https://api-v3.thaiwater.net/api/v1/thaiwater30/public/waterlevel_graph?station_type=tele_waterlevel&station_id=1198082&start_date=2026-06-08&end_date=2026-09-06,th_agency_9,unknown
1198297,stage_reported,value,2026-06-08,2026-09-06,91,13104,2026-06-08 00:00,2026-09-06 23:50,12988,available,200,application/json; charset=utf-8,2026-09-13T18:34:32.529047+00:00,1056084,aada41b0c931b4c66714cc1c22679940c5c5cf584cde4c701b76e41115f07bcb,bodies/1198297_2026-06-08_2026-09-06_a1.body,receipts/1198297_2026-06-08_2026-09-06_a1.json,new,new_20260913_1198297_2026-06-08_2026-09-06_a1,https://api-v3.thaiwater.net/api/v1/thaiwater30/public/waterlevel_graph?station_type=tele_waterlevel&station_id=1198297&start_date=2026-06-08&end_date=2026-09-06,th_agency_9,available
1198297,discharge_reported,discharge,2026-06-08,2026-09-06,91,13104,2026-06-08 00:00,2026-09-06 23:50,0,empty_in_tested_window,200,application/json; charset=utf-8,2026-09-13T18:34:32.529047+00:00,1056084,aada41b0c931b4c66714cc1c22679940c5c5cf584cde4c701b76e41115f07bcb,bodies/1198297_2026-06-08_2026-09-06_a1.body,receipts/1198297_2026-06-08_2026-09-06_a1.json,new,new_20260913_1198297_2026-06-08_2026-09-06_a1,https://api-v3.thaiwater.net/api/v1/thaiwater30/public/waterlevel_graph?station_type=tele_waterlevel&station_id=1198297&start_date=2026-06-08&end_date=2026-09-06,th_agency_9,unknown
1198298,stage_reported,value,2026-06-08,2026-09-06,91,13104,2026-06-08 00:00,2026-09-06 23:50,13001,available,200,application/json; charset=utf-8,2026-09-13T18:34:34.675709+00:00,1059674,f9db78dcf646c65ee5e70922cefb61d7b975ada9cc4f38c31d35afc4d6544e89,bodies/1198298_2026-06-08_2026-09-06_a1.body,receipts/1198298_2026-06-08_2026-09-06_a1.json,new,new_20260913_1198298_2026-06-08_2026-09-06_a1,https://api-v3.thaiwater.net/api/v1/thaiwater30/public/waterlevel_graph?station_type=tele_waterlevel&station_id=1198298&start_date=2026-06-08&end_date=2026-09-06,th_agency_9,available
1198298,discharge_reported,discharge,2026-06-08,2026-09-06,91,13104,2026-06-08 00:00,2026-09-06 23:50,0,empty_in_tested_window,200,application/json; charset=utf-8,2026-09-13T18:34:34.675709+00:00,1059674,f9db78dcf646c65ee5e70922cefb61d7b975ada9cc4f38c31d35afc4d6544e89,bodies/1198298_2026-06-08_2026-09-06_a1.body,receipts/1198298_2026-06-08_2026-09-06_a1.json,new,new_20260913_1198298_2026-06-08_2026-09-06_a1,https://api-v3.thaiwater.net/api/v1/thaiwater30/public/waterlevel_graph?station_type=tele_waterlevel&station_id=1198298&start_date=2026-06-08&end_date=2026-09-06,th_agency_9,unknown
1198299,stage_reported,value,2026-06-08,2026-09-06,91,13104,2026-06-08 00:00,2026-09-06 23:50,12968,available,200,application/json; charset=utf-8,2026-09-13T18:34:36.790539+00:00,1060036,6c8ca73d542186c81f1565d05b75ee79cf011089284646fcaac54b6a97dc9ff8,bodies/1198299_2026-06-08_2026-09-06_a1.body,receipts/1198299_2026-06-08_2026-09-06_a1.json,new,new_20260913_1198299_2026-06-08_2026-09-06_a1,https://api-v3.thaiwater.net/api/v1/thaiwater30/public/waterlevel_graph?station_type=tele_waterlevel&station_id=1198299&start_date=2026-06-08&end_date=2026-09-06,th_agency_9,available
1198299,discharge_reported,discharge,2026-06-08,2026-09-06,91,13104,2026-06-08 00:00,2026-09-06 23:50,0,empty_in_tested_window,200,application/json; charset=utf-8,2026-09-13T18:34:36.790539+00:00,1060036,6c8ca73d542186c81f1565d05b75ee79cf011089284646fcaac54b6a97dc9ff8,bodies/1198299_2026-06-08_2026-09-06_a1.body,receipts/1198299_2026-06-08_2026-09-06_a1.json,new,new_20260913_1198299_2026-06-08_2026-09-06_a1,https://api-v3.thaiwater.net/api/v1/thaiwater30/public/waterlevel_graph?station_type=tele_waterlevel&station_id=1198299&start_date=2026-06-08&end_date=2026-09-06,th_agency_9,unknown
1198300,stage_reported,value,2026-06-08,2026-09-06,91,13104,2026-06-08 00:00,2026-09-06 23:50,12944,available,200,application/json; charset=utf-8,2026-09-13T18:34:38.896633+00:00,1059149,22dada5063c58d20f87c1bf5e73d93a0ef441ceaa9f2cd6bbeba92576e1a7f18,bodies/1198300_2026-06-08_2026-09-06_a1.body,receipts/1198300_2026-06-08_2026-09-06_a1.json,new,new_20260913_1198300_2026-06-08_2026-09-06_a1,https://api-v3.thaiwater.net/api/v1/thaiwater30/public/waterlevel_graph?station_type=tele_waterlevel&station_id=1198300&start_date=2026-06-08&end_date=2026-09-06,th_agency_9,available
1198300,discharge_reported,discharge,2026-06-08,2026-09-06,91,13104,2026-06-08 00:00,2026-09-06 23:50,0,empty_in_tested_window,200,application/json; charset=utf-8,2026-09-13T18:34:38.896633+00:00,1059149,22dada5063c58d20f87c1bf5e73d93a0ef441ceaa9f2cd6bbeba92576e1a7f18,bodies/1198300_2026-06-08_2026-09-06_a1.body,receipts/1198300_2026-06-08_2026-09-06_a1.json,new,new_20260913_1198300_2026-06-08_2026-09-06_a1,https://api-v3.thaiwater.net/api/v1/thaiwater30/public/waterlevel_graph?station_type=tele_waterlevel&station_id=1198300&start_date=2026-06-08&end_date=2026-09-06,th_agency_9,unknown
1198301,stage_reported,value,2026-06-08,2026-09-06,91,13104,2026-06-08 00:00,2026-09-06 23:50,12400,available,200,application/json; charset=utf-8,2026-09-13T18:34:40.929726+00:00,1055838,32e8d081572e9a67b59c101579a4707f8b742cead10e3d051ce2ed1fbe28eab3,bodies/1198301_2026-06-08_2026-09-06_a1.body,receipts/1198301_2026-06-08_2026-09-06_a1.json,new,new_20260913_1198301_2026-06-08_2026-09-06_a1,https://api-v3.thaiwater.net/api/v1/thaiwater30/public/waterlevel_graph?station_type=tele_waterlevel&station_id=1198301&start_date=2026-06-08&end_date=2026-09-06,th_agency_9,available
1198301,discharge_reported,discharge,2026-06-08,2026-09-06,91,13104,2026-06-08 00:00,2026-09-06 23:50,0,empty_in_tested_window,200,application/json; charset=utf-8,2026-09-13T18:34:40.929726+00:00,1055838,32e8d081572e9a67b59c101579a4707f8b742cead10e3d051ce2ed1fbe28eab3,bodies/1198301_2026-06-08_2026-09-06_a1.body,receipts/1198301_2026-06-08_2026-09-06_a1.json,new,new_20260913_1198301_2026-06-08_2026-09-06_a1,https://api-v3.thaiwater.net/api/v1/thaiwater30/public/waterlevel_graph?station_type=tele_waterlevel&station_id=1198301&start_date=2026-06-08&end_date=2026-09-06,th_agency_9,unknown
1198626,stage_reported,value,2026-06-08,2026-09-06,91,13104,2026-06-08 00:00,2026-09-06 23:50,11370,available,200,application/json; charset=utf-8,2026-09-13T18:34:43.326715+00:00,1034170,ab1834e552ae9468887657b839ebdcec36a1775ecc36f0acfd7abab262d58173,bodies/1198626_2026-06-08_2026-09-06_a1.body,receipts/1198626_2026-06-08_2026-09-06_a1.json,new,new_20260913_1198626_2026-06-08_2026-09-06_a1,https://api-v3.thaiwater.net/api/v1/thaiwater30/public/waterlevel_graph?station_type=tele_waterlevel&station_id=1198626&start_date=2026-06-08&end_date=2026-09-06,th_agency_9,available
1198626,discharge_reported,discharge,2026-06-08,2026-09-06,91,13104,2026-06-08 00:00,2026-09-06 23:50,0,empty_in_tested_window,200,application/json; charset=utf-8,2026-09-13T18:34:43.326715+00:00,1034170,ab1834e552ae9468887657b839ebdcec36a1775ecc36f0acfd7abab262d58173,bodies/1198626_2026-06-08_2026-09-06_a1.body,receipts/1198626_2026-06-08_2026-09-06_a1.json,new,new_20260913_1198626_2026-06-08_2026-09-06_a1,https://api-v3.thaiwater.net/api/v1/thaiwater30/public/waterlevel_graph?station_type=tele_waterlevel&station_id=1198626&start_date=2026-06-08&end_date=2026-09-06,th_agency_9,unknown
1198627,stage_reported,value,2026-06-08,2026-09-06,91,13104,2026-06-08 00:00,2026-09-06 23:50,12703,available,200,application/json; charset=utf-8,2026-09-13T18:34:45.390465+00:00,1038339,6b151d490810d609e990ccb53d772a179ec4eddf32851c290a5f38046ae4220d,bodies/1198627_2026-06-08_2026-09-06_a1.body,receipts/1198627_2026-06-08_2026-09-06_a1.json,new,new_20260913_1198627_2026-06-08_2026-09-06_a1,https://api-v3.thaiwater.net/api/v1/thaiwater30/public/waterlevel_graph?station_type=tele_waterlevel&station_id=1198627&start_date=2026-06-08&end_date=2026-09-06,th_agency_9,available
1198627,discharge_reported,discharge,2026-06-08,2026-09-06,91,13104,2026-06-08 00:00,2026-09-06 23:50,0,empty_in_tested_window,200,application/json; charset=utf-8,2026-09-13T18:34:45.390465+00:00,1038339,6b151d490810d609e990ccb53d772a179ec4eddf32851c290a5f38046ae4220d,bodies/1198627_2026-06-08_2026-09-06_a1.body,receipts/1198627_2026-06-08_2026-09-06_a1.json,new,new_20260913_1198627_2026-06-08_2026-09-06_a1,https://api-v3.thaiwater.net/api/v1/thaiwater30/public/waterlevel_graph?station_type=tele_waterlevel&station_id=1198627&start_date=2026-06-08&end_date=2026-09-06,th_agency_9,unknown
1198628,stage_reported,value,2026-06-08,2026-09-06,91,13104,2026-06-08 00:00,2026-09-06 23:50,12610,available,200,application/json; charset=utf-8,2026-09-13T18:34:47.460472+00:00,1033582,99c86c49142cfedb11598006896c3deae073c314488d0f20301db9091a711dea,bodies/1198628_2026-06-08_2026-09-06_a1.body,receipts/1198628_2026-06-08_2026-09-06_a1.json,new,new_20260913_1198628_2026-06-08_2026-09-06_a1,https://api-v3.thaiwater.net/api/v1/thaiwater30/public/waterlevel_graph?station_type=tele_waterlevel&station_id=1198628&start_date=2026-06-08&end_date=2026-09-06,th_agency_9,available
1198628,discharge_reported,discharge,2026-06-08,2026-09-06,91,13104,2026-06-08 00:00,2026-09-06 23:50,0,empty_in_tested_window,200,application/json; charset=utf-8,2026-09-13T18:34:47.460472+00:00,1033582,99c86c49142cfedb11598006896c3deae073c314488d0f20301db9091a711dea,bodies/1198628_2026-06-08_2026-09-06_a1.body,receipts/1198628_2026-06-08_2026-09-06_a1.json,new,new_20260913_1198628_2026-06-08_2026-09-06_a1,https://api-v3.thaiwater.net/api/v1/thaiwater30/public/waterlevel_graph?station_type=tele_waterlevel&station_id=1198628&start_date=2026-06-08&end_date=2026-09-06,th_agency_9,unknown
1198760,stage_reported,value,2026-06-08,2026-09-06,91,13104,2026-06-08 00:00,2026-09-06 23:50,13017,available,200,application/json; charset=utf-8,2026-09-13T18:34:49.950382+00:00,1059936,bc0fab9af69d38c019e09ebef9b51f3197327b00c238588e1d3dc84c271dbf3b,bodies/1198760_2026-06-08_2026-09-06_a1.body,receipts/1198760_2026-06-08_2026-09-06_a1.json,new,new_20260913_1198760_2026-06-08_2026-09-06_a1,https://api-v3.thaiwater.net/api/v1/thaiwater30/public/waterlevel_graph?station_type=tele_waterlevel&station_id=1198760&start_date=2026-06-08&end_date=2026-09-06,th_agency_9,available
1198760,discharge_reported,discharge,2026-06-08,2026-09-06,91,13104,2026-06-08 00:00,2026-09-06 23:50,0,empty_in_tested_window,200,application/json; charset=utf-8,2026-09-13T18:34:49.950382+00:00,1059936,bc0fab9af69d38c019e09ebef9b51f3197327b00c238588e1d3dc84c271dbf3b,bodies/1198760_2026-06-08_2026-09-06_a1.body,receipts/1198760_2026-06-08_2026-09-06_a1.json,new,new_20260913_1198760_2026-06-08_2026-09-06_a1,https://api-v3.thaiwater.net/api/v1/thaiwater30/public/waterlevel_graph?station_type=tele_waterlevel&station_id=1198760&start_date=2026-06-08&end_date=2026-09-06,th_agency_9,unknown
1198761,stage_reported,value,2026-06-08,2026-09-06,91,13104,2026-06-08 00:00,2026-09-06 23:50,12964,available,200,application/json; charset=utf-8,2026-09-13T18:34:52.007140+00:00,1059488,190fc2744964fdda45558ff6221e291be3dc16aa23fc6c07ac8a0fe4e810e063,bodies/1198761_2026-06-08_2026-09-06_a1.body,receipts/1198761_2026-06-08_2026-09-06_a1.json,new,new_20260913_1198761_2026-06-08_2026-09-06_a1,https://api-v3.thaiwater.net/api/v1/thaiwater30/public/waterlevel_graph?station_type=tele_waterlevel&station_id=1198761&start_date=2026-06-08&end_date=2026-09-06,th_agency_9,available
1198761,discharge_reported,discharge,2026-06-08,2026-09-06,91,13104,2026-06-08 00:00,2026-09-06 23:50,0,empty_in_tested_window,200,application/json; charset=utf-8,2026-09-13T18:34:52.007140+00:00,1059488,190fc2744964fdda45558ff6221e291be3dc16aa23fc6c07ac8a0fe4e810e063,bodies/1198761_2026-06-08_2026-09-06_a1.body,receipts/1198761_2026-06-08_2026-09-06_a1.json,new,new_20260913_1198761_2026-06-08_2026-09-06_a1,https://api-v3.thaiwater.net/api/v1/thaiwater30/public/waterlevel_graph?station_type=tele_waterlevel&station_id=1198761&start_date=2026-06-08&end_date=2026-09-06,th_agency_9,unknown
1225528,stage_reported,value,2026-06-08,2026-09-06,91,13104,2026-06-08 00:00,2026-09-06 23:50,12951,available,200,application/json; charset=utf-8,2026-09-13T18:34:54.209700+00:00,1059126,eec8be810a6df2082f1b1a70be11b71afbe9fb4bab5327afec834b4875512f40,bodies/1225528_2026-06-08_2026-09-06_a1.body,receipts/1225528_2026-06-08_2026-09-06_a1.json,new,new_20260913_1225528_2026-06-08_2026-09-06_a1,https://api-v3.thaiwater.net/api/v1/thaiwater30/public/waterlevel_graph?station_type=tele_waterlevel&station_id=1225528&start_date=2026-06-08&end_date=2026-09-06,th_agency_91,available
1225528,discharge_reported,discharge,2026-06-08,2026-09-06,91,13104,2026-06-08 00:00,2026-09-06 23:50,0,empty_in_tested_window,200,application/json; charset=utf-8,2026-09-13T18:34:54.209700+00:00,1059126,eec8be810a6df2082f1b1a70be11b71afbe9fb4bab5327afec834b4875512f40,bodies/1225528_2026-06-08_2026-09-06_a1.body,receipts/1225528_2026-06-08_2026-09-06_a1.json,new,new_20260913_1225528_2026-06-08_2026-09-06_a1,https://api-v3.thaiwater.net/api/v1/thaiwater30/public/waterlevel_graph?station_type=tele_waterlevel&station_id=1225528&start_date=2026-06-08&end_date=2026-09-06,th_agency_91,unknown
1225529,stage_reported,value,2026-06-08,2026-09-06,91,13104,2026-06-08 00:00,2026-09-06 23:50,12634,available,200,application/json; charset=utf-8,2026-09-13T18:34:56.356407+00:00,1073251,7beff3f1922f6f6fb16123be1b6c191518ebf3dff157a68fb1c442e679e7fe99,bodies/1225529_2026-06-08_2026-09-06_a1.body,receipts/1225529_2026-06-08_2026-09-06_a1.json,new,new_20260913_1225529_2026-06-08_2026-09-06_a1,https://api-v3.thaiwater.net/api/v1/thaiwater30/public/waterlevel_graph?station_type=tele_waterlevel&station_id=1225529&start_date=2026-06-08&end_date=2026-09-06,th_agency_91,available
1225529,discharge_reported,discharge,2026-06-08,2026-09-06,91,13104,2026-06-08 00:00,2026-09-06 23:50,0,empty_in_tested_window,200,application/json; charset=utf-8,2026-09-13T18:34:56.356407+00:00,1073251,7beff3f1922f6f6fb16123be1b6c191518ebf3dff157a68fb1c442e679e7fe99,bodies/1225529_2026-06-08_2026-09-06_a1.body,receipts/1225529_2026-06-08_2026-09-06_a1.json,new,new_20260913_1225529_2026-06-08_2026-09-06_a1,https://api-v3.thaiwater.net/api/v1/thaiwater30/public/waterlevel_graph?station_type=tele_waterlevel&station_id=1225529&start_date=2026-06-08&end_date=2026-09-06,th_agency_91,unknown
1225530,stage_reported,value,2026-06-08,2026-09-06,91,13104,2026-06-08 00:00,2026-09-06 23:50,12522,available,200,application/json; charset=utf-8,2026-09-13T18:34:58.416044+00:00,1058678,2dc071be92ffb74805418a73e4b86402990322be2c435645e732946e8ac5fc2f,bodies/1225530_2026-06-08_2026-09-06_a1.body,receipts/1225530_2026-06-08_2026-09-06_a1.json,new,new_20260913_1225530_2026-06-08_2026-09-06_a1,https://api-v3.thaiwater.net/api/v1/thaiwater30/public/waterlevel_graph?station_type=tele_waterlevel&station_id=1225530&start_date=2026-06-08&end_date=2026-09-06,th_agency_91,available
1225530,discharge_reported,discharge,2026-06-08,2026-09-06,91,13104,2026-06-08 00:00,2026-09-06 23:50,0,empty_in_tested_window,200,application/json; charset=utf-8,2026-09-13T18:34:58.416044+00:00,1058678,2dc071be92ffb74805418a73e4b86402990322be2c435645e732946e8ac5fc2f,bodies/1225530_2026-06-08_2026-09-06_a1.body,receipts/1225530_2026-06-08_2026-09-06_a1.json,new,new_20260913_1225530_2026-06-08_2026-09-06_a1,https://api-v3.thaiwater.net/api/v1/thaiwater30/public/waterlevel_graph?station_type=tele_waterlevel&station_id=1225530&start_date=2026-06-08&end_date=2026-09-06,th_agency_91,unknown
1225531,stage_reported,value,2026-06-08,2026-09-06,91,13104,2026-06-08 00:00,2026-09-06 23:50,12878,available,200,application/json; charset=utf-8,2026-09-13T18:35:00.546574+00:00,1059636,b18e889fdcce1478318482c9a072bd930fb76966d9a4e15cdf2978d1b4f2ce84,bodies/1225531_2026-06-08_2026-09-06_a1.body,receipts/1225531_2026-06-08_2026-09-06_a1.json,new,new_20260913_1225531_2026-06-08_2026-09-06_a1,https://api-v3.thaiwater.net/api/v1/thaiwater30/public/waterlevel_graph?station_type=tele_waterlevel&station_id=1225531&start_date=2026-06-08&end_date=2026-09-06,th_agency_91,available
1225531,discharge_reported,discharge,2026-06-08,2026-09-06,91,13104,2026-06-08 00:00,2026-09-06 23:50,0,empty_in_tested_window,200,application/json; charset=utf-8,2026-09-13T18:35:00.546574+00:00,1059636,b18e889fdcce1478318482c9a072bd930fb76966d9a4e15cdf2978d1b4f2ce84,bodies/1225531_2026-06-08_2026-09-06_a1.body,receipts/1225531_2026-06-08_2026-09-06_a1.json,new,new_20260913_1225531_2026-06-08_2026-09-06_a1,https://api-v3.thaiwater.net/api/v1/thaiwater30/public/waterlevel_graph?station_type=tele_waterlevel&station_id=1225531&start_date=2026-06-08&end_date=2026-09-06,th_agency_91,unknown
1373272,stage_reported,value,2026-08-31,2026-09-06,7,1008,2026-08-31 00:00,2026-09-06 23:50,1003,available,200,application/json; charset=utf-8,2026-09-13T18:35:02.098721+00:00,83981,0dd4f38351c6b0ad1a32c08cab7f372dd22427acfb1d1cf9d815fa58653fd851,bodies/1373272_2026-08-31_2026-09-06_a1.body,receipts/1373272_2026-08-31_2026-09-06_a1.json,new,new_20260913_1373272_2026-08-31_2026-09-06_a1,https://api-v3.thaiwater.net/api/v1/thaiwater30/public/waterlevel_graph?station_type=tele_waterlevel&station_id=1373272&start_date=2026-08-31&end_date=2026-09-06,th_agency_9,available
1373272,discharge_reported,discharge,2026-08-31,2026-09-06,7,1008,2026-08-31 00:00,2026-09-06 23:50,1002,available,200,application/json; charset=utf-8,2026-09-13T18:35:02.098721+00:00,83981,0dd4f38351c6b0ad1a32c08cab7f372dd22427acfb1d1cf9d815fa58653fd851,bodies/1373272_2026-08-31_2026-09-06_a1.body,receipts/1373272_2026-08-31_2026-09-06_a1.json,new,new_20260913_1373272_2026-08-31_2026-09-06_a1,https://api-v3.thaiwater.net/api/v1/thaiwater30/public/waterlevel_graph?station_type=tele_waterlevel&station_id=1373272&start_date=2026-08-31&end_date=2026-09-06,th_agency_9,available
1373273,stage_reported,value,2026-08-31,2026-09-06,7,1008,2026-08-31 00:00,2026-09-06 23:50,1002,available,200,application/json; charset=utf-8,2026-09-13T18:35:04.031567+00:00,83883,4ee6b71e6bd09dd8cc5e38cfee490a4a51073f8f359b07094302652b3b369aea,bodies/1373273_2026-08-31_2026-09-06_a1.body,receipts/1373273_2026-08-31_2026-09-06_a1.json,new,new_20260913_1373273_2026-08-31_2026-09-06_a1,https://api-v3.thaiwater.net/api/v1/thaiwater30/public/waterlevel_graph?station_type=tele_waterlevel&station_id=1373273&start_date=2026-08-31&end_date=2026-09-06,th_agency_9,available
1373273,discharge_reported,discharge,2026-08-31,2026-09-06,7,1008,2026-08-31 00:00,2026-09-06 23:50,1001,available,200,application/json; charset=utf-8,2026-09-13T18:35:04.031567+00:00,83883,4ee6b71e6bd09dd8cc5e38cfee490a4a51073f8f359b07094302652b3b369aea,bodies/1373273_2026-08-31_2026-09-06_a1.body,receipts/1373273_2026-08-31_2026-09-06_a1.json,new,new_20260913_1373273_2026-08-31_2026-09-06_a1,https://api-v3.thaiwater.net/api/v1/thaiwater30/public/waterlevel_graph?station_type=tele_waterlevel&station_id=1373273&start_date=2026-08-31&end_date=2026-09-06,th_agency_9,available
1373274,stage_reported,value,2026-08-31,2026-09-06,7,1008,2026-08-31 00:00,2026-09-06 23:50,998,available,200,application/json; charset=utf-8,2026-09-13T18:35:05.881268+00:00,84636,b767681f40c907fd5eabde014f31ceb3c2608758b2cec15d13b83c65c3fbf43d,bodies/1373274_2026-08-31_2026-09-06_a1.body,receipts/1373274_2026-08-31_2026-09-06_a1.json,new,new_20260913_1373274_2026-08-31_2026-09-06_a1,https://api-v3.thaiwater.net/api/v1/thaiwater30/public/waterlevel_graph?station_type=tele_waterlevel&station_id=1373274&start_date=2026-08-31&end_date=2026-09-06,th_agency_9,available
1373274,discharge_reported,discharge,2026-08-31,2026-09-06,7,1008,2026-08-31 00:00,2026-09-06 23:50,997,available,200,application/json; charset=utf-8,2026-09-13T18:35:05.881268+00:00,84636,b767681f40c907fd5eabde014f31ceb3c2608758b2cec15d13b83c65c3fbf43d,bodies/1373274_2026-08-31_2026-09-06_a1.body,receipts/1373274_2026-08-31_2026-09-06_a1.json,new,new_20260913_1373274_2026-08-31_2026-09-06_a1,https://api-v3.thaiwater.net/api/v1/thaiwater30/public/waterlevel_graph?station_type=tele_waterlevel&station_id=1373274&start_date=2026-08-31&end_date=2026-09-06,th_agency_9,available
1373275,stage_reported,value,2026-06-08,2026-09-06,91,13104,2026-06-08 00:00,2026-09-06 23:50,13017,available,200,application/json; charset=utf-8,2026-09-13T18:35:08.688781+00:00,1033871,3e9bd890e1ac5db2e38bbfb8042b18c76f975c88999e01f3a57b17c9b8753011,bodies/1373275_2026-06-08_2026-09-06_a1.body,receipts/1373275_2026-06-08_2026-09-06_a1.json,new,new_20260913_1373275_2026-06-08_2026-09-06_a1,https://api-v3.thaiwater.net/api/v1/thaiwater30/public/waterlevel_graph?station_type=tele_waterlevel&station_id=1373275&start_date=2026-06-08&end_date=2026-09-06,th_agency_9,available
1373275,discharge_reported,discharge,2026-06-08,2026-09-06,91,13104,2026-06-08 00:00,2026-09-06 23:50,0,empty_in_tested_window,200,application/json; charset=utf-8,2026-09-13T18:35:08.688781+00:00,1033871,3e9bd890e1ac5db2e38bbfb8042b18c76f975c88999e01f3a57b17c9b8753011,bodies/1373275_2026-06-08_2026-09-06_a1.body,receipts/1373275_2026-06-08_2026-09-06_a1.json,new,new_20260913_1373275_2026-06-08_2026-09-06_a1,https://api-v3.thaiwater.net/api/v1/thaiwater30/public/waterlevel_graph?station_type=tele_waterlevel&station_id=1373275&start_date=2026-06-08&end_date=2026-09-06,th_agency_9,unknown
1373277,stage_reported,value,2026-08-31,2026-09-06,7,1008,2026-08-31 00:00,2026-09-06 23:50,1002,available,200,application/json; charset=utf-8,2026-09-13T18:35:10.074014+00:00,83717,ec4cb01262a91b2bfde17f219429f861fa6ca1e7f33e9146f27f075324fa261f,bodies/1373277_2026-08-31_2026-09-06_a1.body,receipts/1373277_2026-08-31_2026-09-06_a1.json,new,new_20260913_1373277_2026-08-31_2026-09-06_a1,https://api-v3.thaiwater.net/api/v1/thaiwater30/public/waterlevel_graph?station_type=tele_waterlevel&station_id=1373277&start_date=2026-08-31&end_date=2026-09-06,th_agency_9,available
1373277,discharge_reported,discharge,2026-08-31,2026-09-06,7,1008,2026-08-31 00:00,2026-09-06 23:50,1001,available,200,application/json; charset=utf-8,2026-09-13T18:35:10.074014+00:00,83717,ec4cb01262a91b2bfde17f219429f861fa6ca1e7f33e9146f27f075324fa261f,bodies/1373277_2026-08-31_2026-09-06_a1.body,receipts/1373277_2026-08-31_2026-09-06_a1.json,new,new_20260913_1373277_2026-08-31_2026-09-06_a1,https://api-v3.thaiwater.net/api/v1/thaiwater30/public/waterlevel_graph?station_type=tele_waterlevel&station_id=1373277&start_date=2026-08-31&end_date=2026-09-06,th_agency_9,available
1373278,stage_reported,value,2026-08-31,2026-09-06,7,1008,2026-08-31 00:00,2026-09-06 23:50,988,available,200,application/json; charset=utf-8,2026-09-13T18:35:11.915607+00:00,84288,b18e7ff66ce84eafd7936891a00903f03d69a0d530dce611c2bef7a66708be4b,bodies/1373278_2026-08-31_2026-09-06_a1.body,receipts/1373278_2026-08-31_2026-09-06_a1.json,new,new_20260913_1373278_2026-08-31_2026-09-06_a1,https://api-v3.thaiwater.net/api/v1/thaiwater30/public/waterlevel_graph?station_type=tele_waterlevel&station_id=1373278&start_date=2026-08-31&end_date=2026-09-06,th_agency_9,available
1373278,discharge_reported,discharge,2026-08-31,2026-09-06,7,1008,2026-08-31 00:00,2026-09-06 23:50,987,available,200,application/json; charset=utf-8,2026-09-13T18:35:11.915607+00:00,84288,b18e7ff66ce84eafd7936891a00903f03d69a0d530dce611c2bef7a66708be4b,bodies/1373278_2026-08-31_2026-09-06_a1.body,receipts/1373278_2026-08-31_2026-09-06_a1.json,new,new_20260913_1373278_2026-08-31_2026-09-06_a1,https://api-v3.thaiwater.net/api/v1/thaiwater30/public/waterlevel_graph?station_type=tele_waterlevel&station_id=1373278&start_date=2026-08-31&end_date=2026-09-06,th_agency_9,available
1373689,stage_reported,value,2026-06-08,2026-09-06,91,13104,2026-06-08 00:00,2026-09-06 23:50,13007,available,200,application/json; charset=utf-8,2026-09-13T18:35:14.623351+00:00,1034071,b7b29073c161c309b0a8ad1ba9acd00ef71653c4a9d3d6742d0be7b153f04125,bodies/1373689_2026-06-08_2026-09-06_a1.body,receipts/1373689_2026-06-08_2026-09-06_a1.json,new,new_20260913_1373689_2026-06-08_2026-09-06_a1,https://api-v3.thaiwater.net/api/v1/thaiwater30/public/waterlevel_graph?station_type=tele_waterlevel&station_id=1373689&start_date=2026-06-08&end_date=2026-09-06,th_agency_9,available
1373689,discharge_reported,discharge,2026-06-08,2026-09-06,91,13104,2026-06-08 00:00,2026-09-06 23:50,0,empty_in_tested_window,200,application/json; charset=utf-8,2026-09-13T18:35:14.623351+00:00,1034071,b7b29073c161c309b0a8ad1ba9acd00ef71653c4a9d3d6742d0be7b153f04125,bodies/1373689_2026-06-08_2026-09-06_a1.body,receipts/1373689_2026-06-08_2026-09-06_a1.json,new,new_20260913_1373689_2026-06-08_2026-09-06_a1,https://api-v3.thaiwater.net/api/v1/thaiwater30/public/waterlevel_graph?station_type=tele_waterlevel&station_id=1373689&start_date=2026-06-08&end_date=2026-09-06,th_agency_9,unknown
1373690,stage_reported,value,2026-06-08,2026-09-06,91,13104,2026-06-08 00:00,2026-09-06 23:50,13035,available,200,application/json; charset=utf-8,2026-09-13T18:35:16.759439+00:00,1039475,19defbd726b19913fb72c55b0576cb3e092ca10c15e608da3f61b97e9ed4057f,bodies/1373690_2026-06-08_2026-09-06_a1.body,receipts/1373690_2026-06-08_2026-09-06_a1.json,new,new_20260913_1373690_2026-06-08_2026-09-06_a1,https://api-v3.thaiwater.net/api/v1/thaiwater30/public/waterlevel_graph?station_type=tele_waterlevel&station_id=1373690&start_date=2026-06-08&end_date=2026-09-06,th_agency_9,available
1373690,discharge_reported,discharge,2026-06-08,2026-09-06,91,13104,2026-06-08 00:00,2026-09-06 23:50,0,empty_in_tested_window,200,application/json; charset=utf-8,2026-09-13T18:35:16.759439+00:00,1039475,19defbd726b19913fb72c55b0576cb3e092ca10c15e608da3f61b97e9ed4057f,bodies/1373690_2026-06-08_2026-09-06_a1.body,receipts/1373690_2026-06-08_2026-09-06_a1.json,new,new_20260913_1373690_2026-06-08_2026-09-06_a1,https://api-v3.thaiwater.net/api/v1/thaiwater30/public/waterlevel_graph?station_type=tele_waterlevel&station_id=1373690&start_date=2026-06-08&end_date=2026-09-06,th_agency_9,unknown
1373691,stage_reported,value,2026-06-08,2026-09-06,91,13104,2026-06-08 00:00,2026-09-06 23:50,13053,available,200,application/json; charset=utf-8,2026-09-13T18:35:18.947044+00:00,1040644,69954d015e704d283d7bafe250387e7156c973cc0e07108b52f9de14d1cf1d90,bodies/1373691_2026-06-08_2026-09-06_a1.body,receipts/1373691_2026-06-08_2026-09-06_a1.json,new,new_20260913_1373691_2026-06-08_2026-09-06_a1,https://api-v3.thaiwater.net/api/v1/thaiwater30/public/waterlevel_graph?station_type=tele_waterlevel&station_id=1373691&start_date=2026-06-08&end_date=2026-09-06,th_agency_9,available
1373691,discharge_reported,discharge,2026-06-08,2026-09-06,91,13104,2026-06-08 00:00,2026-09-06 23:50,0,empty_in_tested_window,200,application/json; charset=utf-8,2026-09-13T18:35:18.947044+00:00,1040644,69954d015e704d283d7bafe250387e7156c973cc0e07108b52f9de14d1cf1d90,bodies/1373691_2026-06-08_2026-09-06_a1.body,receipts/1373691_2026-06-08_2026-09-06_a1.json,new,new_20260913_1373691_2026-06-08_2026-09-06_a1,https://api-v3.thaiwater.net/api/v1/thaiwater30/public/waterlevel_graph?station_type=tele_waterlevel&station_id=1373691&start_date=2026-06-08&end_date=2026-09-06,th_agency_9,unknown
1373692,stage_reported,value,2026-06-08,2026-09-06,91,13104,2026-06-08 00:00,2026-09-06 23:50,13003,available,200,application/json; charset=utf-8,2026-09-13T18:35:21.180193+00:00,1039179,8c652be3093619bd4beb4892394ade936786303a8307eea1829ce2d5ba4392a2,bodies/1373692_2026-06-08_2026-09-06_a1.body,receipts/1373692_2026-06-08_2026-09-06_a1.json,new,new_20260913_1373692_2026-06-08_2026-09-06_a1,https://api-v3.thaiwater.net/api/v1/thaiwater30/public/waterlevel_graph?station_type=tele_waterlevel&station_id=1373692&start_date=2026-06-08&end_date=2026-09-06,th_agency_9,available
1373692,discharge_reported,discharge,2026-06-08,2026-09-06,91,13104,2026-06-08 00:00,2026-09-06 23:50,0,empty_in_tested_window,200,application/json; charset=utf-8,2026-09-13T18:35:21.180193+00:00,1039179,8c652be3093619bd4beb4892394ade936786303a8307eea1829ce2d5ba4392a2,bodies/1373692_2026-06-08_2026-09-06_a1.body,receipts/1373692_2026-06-08_2026-09-06_a1.json,new,new_20260913_1373692_2026-06-08_2026-09-06_a1,https://api-v3.thaiwater.net/api/v1/thaiwater30/public/waterlevel_graph?station_type=tele_waterlevel&station_id=1373692&start_date=2026-06-08&end_date=2026-09-06,th_agency_9,unknown
1394793,stage_reported,value,2026-06-08,2026-09-06,91,13104,2026-06-08 00:00,2026-09-06 23:50,12702,available,200,application/json; charset=utf-8,2026-09-13T18:35:23.643494+00:00,1059001,dbed0b02dc2e846dc35502bc4c4d7e22690dc47dc8199a5ef2f30593b54627d7,bodies/1394793_2026-06-08_2026-09-06_a1.body,receipts/1394793_2026-06-08_2026-09-06_a1.json,new,new_20260913_1394793_2026-06-08_2026-09-06_a1,https://api-v3.thaiwater.net/api/v1/thaiwater30/public/waterlevel_graph?station_type=tele_waterlevel&station_id=1394793&start_date=2026-06-08&end_date=2026-09-06,th_agency_91,available
1394793,discharge_reported,discharge,2026-06-08,2026-09-06,91,13104,2026-06-08 00:00,2026-09-06 23:50,0,empty_in_tested_window,200,application/json; charset=utf-8,2026-09-13T18:35:23.643494+00:00,1059001,dbed0b02dc2e846dc35502bc4c4d7e22690dc47dc8199a5ef2f30593b54627d7,bodies/1394793_2026-06-08_2026-09-06_a1.body,receipts/1394793_2026-06-08_2026-09-06_a1.json,new,new_20260913_1394793_2026-06-08_2026-09-06_a1,https://api-v3.thaiwater.net/api/v1/thaiwater30/public/waterlevel_graph?station_type=tele_waterlevel&station_id=1394793&start_date=2026-06-08&end_date=2026-09-06,th_agency_91,unknown
1394808,stage_reported,value,2026-06-08,2026-09-06,91,13104,2026-06-08 00:00,2026-09-06 23:50,12739,available,200,application/json; charset=utf-8,2026-09-13T18:35:25.916961+00:00,1058054,c5aadcce6d58526626858acbb92d7dfb2faf294928d6869289a996a41d54ee68,bodies/1394808_2026-06-08_2026-09-06_a1.body,receipts/1394808_2026-06-08_2026-09-06_a1.json,new,new_20260913_1394808_2026-06-08_2026-09-06_a1,https://api-v3.thaiwater.net/api/v1/thaiwater30/public/waterlevel_graph?station_type=tele_waterlevel&station_id=1394808&start_date=2026-06-08&end_date=2026-09-06,th_agency_91,available
1394808,discharge_reported,discharge,2026-06-08,2026-09-06,91,13104,2026-06-08 00:00,2026-09-06 23:50,0,empty_in_tested_window,200,application/json; charset=utf-8,2026-09-13T18:35:25.916961+00:00,1058054,c5aadcce6d58526626858acbb92d7dfb2faf294928d6869289a996a41d54ee68,bodies/1394808_2026-06-08_2026-09-06_a1.body,receipts/1394808_2026-06-08_2026-09-06_a1.json,new,new_20260913_1394808_2026-06-08_2026-09-06_a1,https://api-v3.thaiwater.net/api/v1/thaiwater30/public/waterlevel_graph?station_type=tele_waterlevel&station_id=1394808&start_date=2026-06-08&end_date=2026-09-06,th_agency_91,unknown
1394937,stage_reported,value,2026-06-08,2026-09-06,91,13104,2026-06-08 00:00,2026-09-06 23:50,12750,available,200,application/json; charset=utf-8,2026-09-13T18:35:28.291222+00:00,1058774,ce1a44498c3495beb972453f03b15f376db6647033ac88f14b8db682513398b6,bodies/1394937_2026-06-08_2026-09-06_a1.body,receipts/1394937_2026-06-08_2026-09-06_a1.json,new,new_20260913_1394937_2026-06-08_2026-09-06_a1,https://api-v3.thaiwater.net/api/v1/thaiwater30/public/waterlevel_graph?station_type=tele_waterlevel&station_id=1394937&start_date=2026-06-08&end_date=2026-09-06,th_agency_91,available
1394937,discharge_reported,discharge,2026-06-08,2026-09-06,91,13104,2026-06-08 00:00,2026-09-06 23:50,0,empty_in_tested_window,200,application/json; charset=utf-8,2026-09-13T18:35:28.291222+00:00,1058774,ce1a44498c3495beb972453f03b15f376db6647033ac88f14b8db682513398b6,bodies/1394937_2026-06-08_2026-09-06_a1.body,receipts/1394937_2026-06-08_2026-09-06_a1.json,new,new_20260913_1394937_2026-06-08_2026-09-06_a1,https://api-v3.thaiwater.net/api/v1/thaiwater30/public/waterlevel_graph?station_type=tele_waterlevel&station_id=1394937&start_date=2026-06-08&end_date=2026-09-06,th_agency_91,unknown
1396856,stage_reported,value,2026-06-08,2026-09-06,91,13104,2026-06-08 00:00,2026-09-06 23:50,12673,available,200,application/json; charset=utf-8,2026-09-13T18:35:30.500963+00:00,1046236,a6ce5891f4a324b711732988a26d6bada2d4b22f631fad0d019ad76ff5b9a5b9,bodies/1396856_2026-06-08_2026-09-06_a1.body,receipts/1396856_2026-06-08_2026-09-06_a1.json,new,new_20260913_1396856_2026-06-08_2026-09-06_a1,https://api-v3.thaiwater.net/api/v1/thaiwater30/public/waterlevel_graph?station_type=tele_waterlevel&station_id=1396856&start_date=2026-06-08&end_date=2026-09-06,th_agency_91,available
1396856,discharge_reported,discharge,2026-06-08,2026-09-06,91,13104,2026-06-08 00:00,2026-09-06 23:50,0,empty_in_tested_window,200,application/json; charset=utf-8,2026-09-13T18:35:30.500963+00:00,1046236,a6ce5891f4a324b711732988a26d6bada2d4b22f631fad0d019ad76ff5b9a5b9,bodies/1396856_2026-06-08_2026-09-06_a1.body,receipts/1396856_2026-06-08_2026-09-06_a1.json,new,new_20260913_1396856_2026-06-08_2026-09-06_a1,https://api-v3.thaiwater.net/api/v1/thaiwater30/public/waterlevel_graph?station_type=tele_waterlevel&station_id=1396856&start_date=2026-06-08&end_date=2026-09-06,th_agency_91,unknown
1396858,stage_reported,value,2026-06-08,2026-09-06,91,13104,2026-06-08 00:00,2026-09-06 23:50,11398,available,200,application/json; charset=utf-8,2026-09-13T18:35:32.747168+00:00,1045290,9ce0ff87905a7caf215c50ec691c2b5e0e4c5e64f2efdfa52fb187b6214844ea,bodies/1396858_2026-06-08_2026-09-06_a1.body,receipts/1396858_2026-06-08_2026-09-06_a1.json,new,new_20260913_1396858_2026-06-08_2026-09-06_a1,https://api-v3.thaiwater.net/api/v1/thaiwater30/public/waterlevel_graph?station_type=tele_waterlevel&station_id=1396858&start_date=2026-06-08&end_date=2026-09-06,th_agency_91,available
1396858,discharge_reported,discharge,2026-06-08,2026-09-06,91,13104,2026-06-08 00:00,2026-09-06 23:50,0,empty_in_tested_window,200,application/json; charset=utf-8,2026-09-13T18:35:32.747168+00:00,1045290,9ce0ff87905a7caf215c50ec691c2b5e0e4c5e64f2efdfa52fb187b6214844ea,bodies/1396858_2026-06-08_2026-09-06_a1.body,receipts/1396858_2026-06-08_2026-09-06_a1.json,new,new_20260913_1396858_2026-06-08_2026-09-06_a1,https://api-v3.thaiwater.net/api/v1/thaiwater30/public/waterlevel_graph?station_type=tele_waterlevel&station_id=1396858&start_date=2026-06-08&end_date=2026-09-06,th_agency_91,unknown
1396860,stage_reported,value,2026-06-08,2026-09-06,91,13104,2026-06-08 00:00,2026-09-06 23:50,6126,available,200,application/json; charset=utf-8,2026-09-13T18:35:35.032281+00:00,1040797,32997718a4848d29fee25ded3514cc7c130122bf00dead552634301f8d468a86,bodies/1396860_2026-06-08_2026-09-06_a1.body,receipts/1396860_2026-06-08_2026-09-06_a1.json,new,new_20260913_1396860_2026-06-08_2026-09-06_a1,https://api-v3.thaiwater.net/api/v1/thaiwater30/public/waterlevel_graph?station_type=tele_waterlevel&station_id=1396860&start_date=2026-06-08&end_date=2026-09-06,th_agency_91,available
1396860,discharge_reported,discharge,2026-06-08,2026-09-06,91,13104,2026-06-08 00:00,2026-09-06 23:50,0,empty_in_tested_window,200,application/json; charset=utf-8,2026-09-13T18:35:35.032281+00:00,1040797,32997718a4848d29fee25ded3514cc7c130122bf00dead552634301f8d468a86,bodies/1396860_2026-06-08_2026-09-06_a1.body,receipts/1396860_2026-06-08_2026-09-06_a1.json,new,new_20260913_1396860_2026-06-08_2026-09-06_a1,https://api-v3.thaiwater.net/api/v1/thaiwater30/public/waterlevel_graph?station_type=tele_waterlevel&station_id=1396860&start_date=2026-06-08&end_date=2026-09-06,th_agency_91,unknown
1422294,stage_reported,value,2026-06-08,2026-09-06,91,2184,2026-06-08 00:00,2026-09-06 23:00,1910,available,200,application/json; charset=utf-8,2026-09-13T18:35:36.692881+00:00,178190,9880be395c41e46263795576bb89f42f0a626859603d9f361aaf1800c25c3348,bodies/1422294_2026-06-08_2026-09-06_a1.body,receipts/1422294_2026-06-08_2026-09-06_a1.json,new,new_20260913_1422294_2026-06-08_2026-09-06_a1,https://api-v3.thaiwater.net/api/v1/thaiwater30/public/waterlevel_graph?station_type=tele_waterlevel&station_id=1422294&start_date=2026-06-08&end_date=2026-09-06,th_agency_8,available
1422294,discharge_reported,discharge,2026-06-08,2026-09-06,91,2184,2026-06-08 00:00,2026-09-06 23:00,0,empty_in_tested_window,200,application/json; charset=utf-8,2026-09-13T18:35:36.692881+00:00,178190,9880be395c41e46263795576bb89f42f0a626859603d9f361aaf1800c25c3348,bodies/1422294_2026-06-08_2026-09-06_a1.body,receipts/1422294_2026-06-08_2026-09-06_a1.json,new,new_20260913_1422294_2026-06-08_2026-09-06_a1,https://api-v3.thaiwater.net/api/v1/thaiwater30/public/waterlevel_graph?station_type=tele_waterlevel&station_id=1422294&start_date=2026-06-08&end_date=2026-09-06,th_agency_8,unknown
1422295,stage_reported,value,2026-06-08,2026-09-06,91,2184,2026-06-08 00:00,2026-09-06 23:00,2123,available,200,application/json; charset=utf-8,2026-09-13T18:35:38.542104+00:00,178780,0317e81a8a4f39a448550c3c67a8261aa7279ef2082899b72c7a3ee8198e25a1,bodies/1422295_2026-06-08_2026-09-06_a1.body,receipts/1422295_2026-06-08_2026-09-06_a1.json,new,new_20260913_1422295_2026-06-08_2026-09-06_a1,https://api-v3.thaiwater.net/api/v1/thaiwater30/public/waterlevel_graph?station_type=tele_waterlevel&station_id=1422295&start_date=2026-06-08&end_date=2026-09-06,th_agency_8,available
1422295,discharge_reported,discharge,2026-06-08,2026-09-06,91,2184,2026-06-08 00:00,2026-09-06 23:00,0,empty_in_tested_window,200,application/json; charset=utf-8,2026-09-13T18:35:38.542104+00:00,178780,0317e81a8a4f39a448550c3c67a8261aa7279ef2082899b72c7a3ee8198e25a1,bodies/1422295_2026-06-08_2026-09-06_a1.body,receipts/1422295_2026-06-08_2026-09-06_a1.json,new,new_20260913_1422295_2026-06-08_2026-09-06_a1,https://api-v3.thaiwater.net/api/v1/thaiwater30/public/waterlevel_graph?station_type=tele_waterlevel&station_id=1422295&start_date=2026-06-08&end_date=2026-09-06,th_agency_8,unknown
1422296,stage_reported,value,2026-06-08,2026-09-06,91,2184,2026-06-08 00:00,2026-09-06 23:00,673,available,200,application/json; charset=utf-8,2026-09-13T18:35:40.592646+00:00,174600,1427bd82cb8515d2137a72b3e521b03a25595773a47d0682f8cc19770f377c4e,bodies/1422296_2026-06-08_2026-09-06_a1.body,receipts/1422296_2026-06-08_2026-09-06_a1.json,new,new_20260913_1422296_2026-06-08_2026-09-06_a1,https://api-v3.thaiwater.net/api/v1/thaiwater30/public/waterlevel_graph?station_type=tele_waterlevel&station_id=1422296&start_date=2026-06-08&end_date=2026-09-06,th_agency_8,available
1422296,discharge_reported,discharge,2026-06-08,2026-09-06,91,2184,2026-06-08 00:00,2026-09-06 23:00,0,empty_in_tested_window,200,application/json; charset=utf-8,2026-09-13T18:35:40.592646+00:00,174600,1427bd82cb8515d2137a72b3e521b03a25595773a47d0682f8cc19770f377c4e,bodies/1422296_2026-06-08_2026-09-06_a1.body,receipts/1422296_2026-06-08_2026-09-06_a1.json,new,new_20260913_1422296_2026-06-08_2026-09-06_a1,https://api-v3.thaiwater.net/api/v1/thaiwater30/public/waterlevel_graph?station_type=tele_waterlevel&station_id=1422296&start_date=2026-06-08&end_date=2026-09-06,th_agency_8,unknown
1422297,stage_reported,value,2026-06-08,2026-09-06,91,2184,2026-06-08 00:00,2026-09-06 23:00,1998,available,200,application/json; charset=utf-8,2026-09-13T18:35:42.739011+00:00,178438,1fd0901a9f83d9fb657653f67a5e03eb018d682c6463067314b5d3edccc9c95b,bodies/1422297_2026-06-08_2026-09-06_a1.body,receipts/1422297_2026-06-08_2026-09-06_a1.json,new,new_20260913_1422297_2026-06-08_2026-09-06_a1,https://api-v3.thaiwater.net/api/v1/thaiwater30/public/waterlevel_graph?station_type=tele_waterlevel&station_id=1422297&start_date=2026-06-08&end_date=2026-09-06,th_agency_8,available
1422297,discharge_reported,discharge,2026-06-08,2026-09-06,91,2184,2026-06-08 00:00,2026-09-06 23:00,0,empty_in_tested_window,200,application/json; charset=utf-8,2026-09-13T18:35:42.739011+00:00,178438,1fd0901a9f83d9fb657653f67a5e03eb018d682c6463067314b5d3edccc9c95b,bodies/1422297_2026-06-08_2026-09-06_a1.body,receipts/1422297_2026-06-08_2026-09-06_a1.json,new,new_20260913_1422297_2026-06-08_2026-09-06_a1,https://api-v3.thaiwater.net/api/v1/thaiwater30/public/waterlevel_graph?station_type=tele_waterlevel&station_id=1422297&start_date=2026-06-08&end_date=2026-09-06,th_agency_8,unknown
1422298,stage_reported,value,2026-06-08,2026-09-06,91,2184,2026-06-08 00:00,2026-09-06 23:00,986,available,200,application/json; charset=utf-8,2026-09-13T18:35:44.751447+00:00,175489,fbc3a178f374b165b4c0725bd939bdc42b287fb2f5feb752c31b258bcb8ee2b9,bodies/1422298_2026-06-08_2026-09-06_a1.body,receipts/1422298_2026-06-08_2026-09-06_a1.json,new,new_20260913_1422298_2026-06-08_2026-09-06_a1,https://api-v3.thaiwater.net/api/v1/thaiwater30/public/waterlevel_graph?station_type=tele_waterlevel&station_id=1422298&start_date=2026-06-08&end_date=2026-09-06,th_agency_8,available
1422298,discharge_reported,discharge,2026-06-08,2026-09-06,91,2184,2026-06-08 00:00,2026-09-06 23:00,0,empty_in_tested_window,200,application/json; charset=utf-8,2026-09-13T18:35:44.751447+00:00,175489,fbc3a178f374b165b4c0725bd939bdc42b287fb2f5feb752c31b258bcb8ee2b9,bodies/1422298_2026-06-08_2026-09-06_a1.body,receipts/1422298_2026-06-08_2026-09-06_a1.json,new,new_20260913_1422298_2026-06-08_2026-09-06_a1,https://api-v3.thaiwater.net/api/v1/thaiwater30/public/waterlevel_graph?station_type=tele_waterlevel&station_id=1422298&start_date=2026-06-08&end_date=2026-09-06,th_agency_8,unknown
1422301,stage_reported,value,2026-06-08,2026-09-06,91,2184,2026-06-08 00:00,2026-09-06 23:00,2123,available,200,application/json; charset=utf-8,2026-09-13T18:35:46.875703+00:00,176665,d3b0ea29c6adba3e113db7deb282b412c7e1d1253f2bc27771de628aeb61b08d,bodies/1422301_2026-06-08_2026-09-06_a1.body,receipts/1422301_2026-06-08_2026-09-06_a1.json,new,new_20260913_1422301_2026-06-08_2026-09-06_a1,https://api-v3.thaiwater.net/api/v1/thaiwater30/public/waterlevel_graph?station_type=tele_waterlevel&station_id=1422301&start_date=2026-06-08&end_date=2026-09-06,th_agency_8,available
1422301,discharge_reported,discharge,2026-06-08,2026-09-06,91,2184,2026-06-08 00:00,2026-09-06 23:00,0,empty_in_tested_window,200,application/json; charset=utf-8,2026-09-13T18:35:46.875703+00:00,176665,d3b0ea29c6adba3e113db7deb282b412c7e1d1253f2bc27771de628aeb61b08d,bodies/1422301_2026-06-08_2026-09-06_a1.body,receipts/1422301_2026-06-08_2026-09-06_a1.json,new,new_20260913_1422301_2026-06-08_2026-09-06_a1,https://api-v3.thaiwater.net/api/v1/thaiwater30/public/waterlevel_graph?station_type=tele_waterlevel&station_id=1422301&start_date=2026-06-08&end_date=2026-09-06,th_agency_8,unknown
1422302,stage_reported,value,2026-06-08,2026-09-06,91,2184,2026-06-08 00:00,2026-09-06 23:00,1013,available,200,application/json; charset=utf-8,2026-09-13T18:35:48.964289+00:00,175581,e2746314d30b709b8aacee837357f6e6ea505ddc5a26b1d5586fcf5d59296fe6,bodies/1422302_2026-06-08_2026-09-06_a1.body,receipts/1422302_2026-06-08_2026-09-06_a1.json,new,new_20260913_1422302_2026-06-08_2026-09-06_a1,https://api-v3.thaiwater.net/api/v1/thaiwater30/public/waterlevel_graph?station_type=tele_waterlevel&station_id=1422302&start_date=2026-06-08&end_date=2026-09-06,th_agency_8,available
1422302,discharge_reported,discharge,2026-06-08,2026-09-06,91,2184,2026-06-08 00:00,2026-09-06 23:00,0,empty_in_tested_window,200,application/json; charset=utf-8,2026-09-13T18:35:48.964289+00:00,175581,e2746314d30b709b8aacee837357f6e6ea505ddc5a26b1d5586fcf5d59296fe6,bodies/1422302_2026-06-08_2026-09-06_a1.body,receipts/1422302_2026-06-08_2026-09-06_a1.json,new,new_20260913_1422302_2026-06-08_2026-09-06_a1,https://api-v3.thaiwater.net/api/v1/thaiwater30/public/waterlevel_graph?station_type=tele_waterlevel&station_id=1422302&start_date=2026-06-08&end_date=2026-09-06,th_agency_8,unknown
1422303,stage_reported,value,2026-06-08,2026-09-06,91,2184,2026-06-08 00:00,2026-09-06 23:00,2170,available,200,application/json; charset=utf-8,2026-09-13T18:35:51.007422+00:00,178924,f3990a77bfba74da5f158baf8f7d2b07f662b77d835430db50a572e94ae798d5,bodies/1422303_2026-06-08_2026-09-06_a1.body,receipts/1422303_2026-06-08_2026-09-06_a1.json,new,new_20260913_1422303_2026-06-08_2026-09-06_a1,https://api-v3.thaiwater.net/api/v1/thaiwater30/public/waterlevel_graph?station_type=tele_waterlevel&station_id=1422303&start_date=2026-06-08&end_date=2026-09-06,th_agency_8,available
1422303,discharge_reported,discharge,2026-06-08,2026-09-06,91,2184,2026-06-08 00:00,2026-09-06 23:00,0,empty_in_tested_window,200,application/json; charset=utf-8,2026-09-13T18:35:51.007422+00:00,178924,f3990a77bfba74da5f158baf8f7d2b07f662b77d835430db50a572e94ae798d5,bodies/1422303_2026-06-08_2026-09-06_a1.body,receipts/1422303_2026-06-08_2026-09-06_a1.json,new,new_20260913_1422303_2026-06-08_2026-09-06_a1,https://api-v3.thaiwater.net/api/v1/thaiwater30/public/waterlevel_graph?station_type=tele_waterlevel&station_id=1422303&start_date=2026-06-08&end_date=2026-09-06,th_agency_8,unknown
1422304,stage_reported,value,2026-06-08,2026-09-06,91,2184,2026-06-08 00:00,2026-09-06 23:00,2170,available,200,application/json; charset=utf-8,2026-09-13T18:35:53.028994+00:00,178924,443846d9e97faf5ea37b6ff3c2e77012aca2d4d25b612920b32d99cc7688ffdf,bodies/1422304_2026-06-08_2026-09-06_a1.body,receipts/1422304_2026-06-08_2026-09-06_a1.json,new,new_20260913_1422304_2026-06-08_2026-09-06_a1,https://api-v3.thaiwater.net/api/v1/thaiwater30/public/waterlevel_graph?station_type=tele_waterlevel&station_id=1422304&start_date=2026-06-08&end_date=2026-09-06,th_agency_8,available
1422304,discharge_reported,discharge,2026-06-08,2026-09-06,91,2184,2026-06-08 00:00,2026-09-06 23:00,0,empty_in_tested_window,200,application/json; charset=utf-8,2026-09-13T18:35:53.028994+00:00,178924,443846d9e97faf5ea37b6ff3c2e77012aca2d4d25b612920b32d99cc7688ffdf,bodies/1422304_2026-06-08_2026-09-06_a1.body,receipts/1422304_2026-06-08_2026-09-06_a1.json,new,new_20260913_1422304_2026-06-08_2026-09-06_a1,https://api-v3.thaiwater.net/api/v1/thaiwater30/public/waterlevel_graph?station_type=tele_waterlevel&station_id=1422304&start_date=2026-06-08&end_date=2026-09-06,th_agency_8,unknown
1422305,stage_reported,value,2026-06-08,2026-09-06,91,2184,2026-06-08 00:00,2026-09-06 23:00,1087,available,200,application/json; charset=utf-8,2026-09-13T18:35:54.980008+00:00,175805,a3031aa30e35d18e1294a83656a5f7f0dada2a57b0bbe1bd010bb6fe8454f38f,bodies/1422305_2026-06-08_2026-09-06_a1.body,receipts/1422305_2026-06-08_2026-09-06_a1.json,new,new_20260913_1422305_2026-06-08_2026-09-06_a1,https://api-v3.thaiwater.net/api/v1/thaiwater30/public/waterlevel_graph?station_type=tele_waterlevel&station_id=1422305&start_date=2026-06-08&end_date=2026-09-06,th_agency_8,available
1422305,discharge_reported,discharge,2026-06-08,2026-09-06,91,2184,2026-06-08 00:00,2026-09-06 23:00,0,empty_in_tested_window,200,application/json; charset=utf-8,2026-09-13T18:35:54.980008+00:00,175805,a3031aa30e35d18e1294a83656a5f7f0dada2a57b0bbe1bd010bb6fe8454f38f,bodies/1422305_2026-06-08_2026-09-06_a1.body,receipts/1422305_2026-06-08_2026-09-06_a1.json,new,new_20260913_1422305_2026-06-08_2026-09-06_a1,https://api-v3.thaiwater.net/api/v1/thaiwater30/public/waterlevel_graph?station_type=tele_waterlevel&station_id=1422305&start_date=2026-06-08&end_date=2026-09-06,th_agency_8,unknown
1422307,stage_reported,value,2026-06-08,2026-09-06,91,2184,2026-06-08 00:00,2026-09-06 23:00,2071,available,200,application/json; charset=utf-8,2026-09-13T18:35:56.955872+00:00,178652,7dcf276573fd9e0228f5d5f1f68e520b786cf9ebe99737a4eeadad8fd0e35476,bodies/1422307_2026-06-08_2026-09-06_a1.body,receipts/1422307_2026-06-08_2026-09-06_a1.json,new,new_20260913_1422307_2026-06-08_2026-09-06_a1,https://api-v3.thaiwater.net/api/v1/thaiwater30/public/waterlevel_graph?station_type=tele_waterlevel&station_id=1422307&start_date=2026-06-08&end_date=2026-09-06,th_agency_8,available
1422307,discharge_reported,discharge,2026-06-08,2026-09-06,91,2184,2026-06-08 00:00,2026-09-06 23:00,0,empty_in_tested_window,200,application/json; charset=utf-8,2026-09-13T18:35:56.955872+00:00,178652,7dcf276573fd9e0228f5d5f1f68e520b786cf9ebe99737a4eeadad8fd0e35476,bodies/1422307_2026-06-08_2026-09-06_a1.body,receipts/1422307_2026-06-08_2026-09-06_a1.json,new,new_20260913_1422307_2026-06-08_2026-09-06_a1,https://api-v3.thaiwater.net/api/v1/thaiwater30/public/waterlevel_graph?station_type=tele_waterlevel&station_id=1422307&start_date=2026-06-08&end_date=2026-09-06,th_agency_8,unknown
1422361,stage_reported,value,2026-06-08,2026-09-06,91,2184,2026-06-08 00:00,2026-09-06 23:00,2151,available,200,application/json; charset=utf-8,2026-09-13T18:35:58.958870+00:00,176399,330ad3a4ccf698f6c19211986044b61500b375ce176d210c99a7d1378e9e8bfd,bodies/1422361_2026-06-08_2026-09-06_a1.body,receipts/1422361_2026-06-08_2026-09-06_a1.json,new,new_20260913_1422361_2026-06-08_2026-09-06_a1,https://api-v3.thaiwater.net/api/v1/thaiwater30/public/waterlevel_graph?station_type=tele_waterlevel&station_id=1422361&start_date=2026-06-08&end_date=2026-09-06,th_agency_8,available
1422361,discharge_reported,discharge,2026-06-08,2026-09-06,91,2184,2026-06-08 00:00,2026-09-06 23:00,0,empty_in_tested_window,200,application/json; charset=utf-8,2026-09-13T18:35:58.958870+00:00,176399,330ad3a4ccf698f6c19211986044b61500b375ce176d210c99a7d1378e9e8bfd,bodies/1422361_2026-06-08_2026-09-06_a1.body,receipts/1422361_2026-06-08_2026-09-06_a1.json,new,new_20260913_1422361_2026-06-08_2026-09-06_a1,https://api-v3.thaiwater.net/api/v1/thaiwater30/public/waterlevel_graph?station_type=tele_waterlevel&station_id=1422361&start_date=2026-06-08&end_date=2026-09-06,th_agency_8,unknown
1422364,stage_reported,value,2026-06-08,2026-09-06,91,2184,2026-06-08 00:00,2026-09-06 23:00,2148,available,200,application/json; charset=utf-8,2026-09-13T18:36:01.179667+00:00,176760,bc62a03ccbd190e442816b833ffce8d9401f3eaf9e9caaaabeef46a4e4ca997e,bodies/1422364_2026-06-08_2026-09-06_a1.body,receipts/1422364_2026-06-08_2026-09-06_a1.json,new,new_20260913_1422364_2026-06-08_2026-09-06_a1,https://api-v3.thaiwater.net/api/v1/thaiwater30/public/waterlevel_graph?station_type=tele_waterlevel&station_id=1422364&start_date=2026-06-08&end_date=2026-09-06,th_agency_8,available
1422364,discharge_reported,discharge,2026-06-08,2026-09-06,91,2184,2026-06-08 00:00,2026-09-06 23:00,0,empty_in_tested_window,200,application/json; charset=utf-8,2026-09-13T18:36:01.179667+00:00,176760,bc62a03ccbd190e442816b833ffce8d9401f3eaf9e9caaaabeef46a4e4ca997e,bodies/1422364_2026-06-08_2026-09-06_a1.body,receipts/1422364_2026-06-08_2026-09-06_a1.json,new,new_20260913_1422364_2026-06-08_2026-09-06_a1,https://api-v3.thaiwater.net/api/v1/thaiwater30/public/waterlevel_graph?station_type=tele_waterlevel&station_id=1422364&start_date=2026-06-08&end_date=2026-09-06,th_agency_8,unknown
1422365,stage_reported,value,2026-06-08,2026-09-06,91,2184,2026-06-08 00:00,2026-09-06 23:00,2150,available,200,application/json; charset=utf-8,2026-09-13T18:36:03.212901+00:00,174510,8f8f176cee28bc53d25182affb58536681cc58334d09bd8a9ce66e3f5e2d25fa,bodies/1422365_2026-06-08_2026-09-06_a1.body,receipts/1422365_2026-06-08_2026-09-06_a1.json,new,new_20260913_1422365_2026-06-08_2026-09-06_a1,https://api-v3.thaiwater.net/api/v1/thaiwater30/public/waterlevel_graph?station_type=tele_waterlevel&station_id=1422365&start_date=2026-06-08&end_date=2026-09-06,th_agency_8,available
1422365,discharge_reported,discharge,2026-06-08,2026-09-06,91,2184,2026-06-08 00:00,2026-09-06 23:00,0,empty_in_tested_window,200,application/json; charset=utf-8,2026-09-13T18:36:03.212901+00:00,174510,8f8f176cee28bc53d25182affb58536681cc58334d09bd8a9ce66e3f5e2d25fa,bodies/1422365_2026-06-08_2026-09-06_a1.body,receipts/1422365_2026-06-08_2026-09-06_a1.json,new,new_20260913_1422365_2026-06-08_2026-09-06_a1,https://api-v3.thaiwater.net/api/v1/thaiwater30/public/waterlevel_graph?station_type=tele_waterlevel&station_id=1422365&start_date=2026-06-08&end_date=2026-09-06,th_agency_8,unknown
1422366,stage_reported,value,2026-06-08,2026-09-06,91,2184,2026-06-08 00:00,2026-09-06 23:00,2149,available,200,application/json; charset=utf-8,2026-09-13T18:36:05.359203+00:00,174676,53774c39a6d36e15b74daed918c17d86a1a5aa9da2fb7e2e3639ffb32785fb96,bodies/1422366_2026-06-08_2026-09-06_a1.body,receipts/1422366_2026-06-08_2026-09-06_a1.json,new,new_20260913_1422366_2026-06-08_2026-09-06_a1,https://api-v3.thaiwater.net/api/v1/thaiwater30/public/waterlevel_graph?station_type=tele_waterlevel&station_id=1422366&start_date=2026-06-08&end_date=2026-09-06,th_agency_8,available
1422366,discharge_reported,discharge,2026-06-08,2026-09-06,91,2184,2026-06-08 00:00,2026-09-06 23:00,0,empty_in_tested_window,200,application/json; charset=utf-8,2026-09-13T18:36:05.359203+00:00,174676,53774c39a6d36e15b74daed918c17d86a1a5aa9da2fb7e2e3639ffb32785fb96,bodies/1422366_2026-06-08_2026-09-06_a1.body,receipts/1422366_2026-06-08_2026-09-06_a1.json,new,new_20260913_1422366_2026-06-08_2026-09-06_a1,https://api-v3.thaiwater.net/api/v1/thaiwater30/public/waterlevel_graph?station_type=tele_waterlevel&station_id=1422366&start_date=2026-06-08&end_date=2026-09-06,th_agency_8,unknown
1422367,stage_reported,value,2026-06-08,2026-09-06,91,2184,2026-06-08 00:00,2026-09-06 23:00,2123,available,200,application/json; charset=utf-8,2026-09-13T18:36:07.320488+00:00,176602,df84b8bf7d5fe3346eb49cd03c5c5ca8ac5050aedead2c4a993d2e68423875e2,bodies/1422367_2026-06-08_2026-09-06_a1.body,receipts/1422367_2026-06-08_2026-09-06_a1.json,new,new_20260913_1422367_2026-06-08_2026-09-06_a1,https://api-v3.thaiwater.net/api/v1/thaiwater30/public/waterlevel_graph?station_type=tele_waterlevel&station_id=1422367&start_date=2026-06-08&end_date=2026-09-06,th_agency_8,available
1422367,discharge_reported,discharge,2026-06-08,2026-09-06,91,2184,2026-06-08 00:00,2026-09-06 23:00,0,empty_in_tested_window,200,application/json; charset=utf-8,2026-09-13T18:36:07.320488+00:00,176602,df84b8bf7d5fe3346eb49cd03c5c5ca8ac5050aedead2c4a993d2e68423875e2,bodies/1422367_2026-06-08_2026-09-06_a1.body,receipts/1422367_2026-06-08_2026-09-06_a1.json,new,new_20260913_1422367_2026-06-08_2026-09-06_a1,https://api-v3.thaiwater.net/api/v1/thaiwater30/public/waterlevel_graph?station_type=tele_waterlevel&station_id=1422367&start_date=2026-06-08&end_date=2026-09-06,th_agency_8,unknown
1422368,stage_reported,value,2026-06-08,2026-09-06,91,2184,2026-06-08 00:00,2026-09-06 23:00,2150,available,200,application/json; charset=utf-8,2026-09-13T18:36:09.282378+00:00,174566,daa24953c115d92ae5a78e6d01f5a057ac3da4d6c3f610dee6ce243a6bf6017f,bodies/1422368_2026-06-08_2026-09-06_a1.body,receipts/1422368_2026-06-08_2026-09-06_a1.json,new,new_20260913_1422368_2026-06-08_2026-09-06_a1,https://api-v3.thaiwater.net/api/v1/thaiwater30/public/waterlevel_graph?station_type=tele_waterlevel&station_id=1422368&start_date=2026-06-08&end_date=2026-09-06,th_agency_8,available
1422368,discharge_reported,discharge,2026-06-08,2026-09-06,91,2184,2026-06-08 00:00,2026-09-06 23:00,0,empty_in_tested_window,200,application/json; charset=utf-8,2026-09-13T18:36:09.282378+00:00,174566,daa24953c115d92ae5a78e6d01f5a057ac3da4d6c3f610dee6ce243a6bf6017f,bodies/1422368_2026-06-08_2026-09-06_a1.body,receipts/1422368_2026-06-08_2026-09-06_a1.json,new,new_20260913_1422368_2026-06-08_2026-09-06_a1,https://api-v3.thaiwater.net/api/v1/thaiwater30/public/waterlevel_graph?station_type=tele_waterlevel&station_id=1422368&start_date=2026-06-08&end_date=2026-09-06,th_agency_8,unknown
1422369,stage_reported,value,2026-06-08,2026-09-06,91,2184,2026-06-08 00:00,2026-09-06 23:00,2054,available,200,application/json; charset=utf-8,2026-09-13T18:36:11.231243+00:00,174319,2cf141affd5db3fa461ae6dcc67167d9d9b83020926e4f02edf9375e00121105,bodies/1422369_2026-06-08_2026-09-06_a1.body,receipts/1422369_2026-06-08_2026-09-06_a1.json,new,new_20260913_1422369_2026-06-08_2026-09-06_a1,https://api-v3.thaiwater.net/api/v1/thaiwater30/public/waterlevel_graph?station_type=tele_waterlevel&station_id=1422369&start_date=2026-06-08&end_date=2026-09-06,th_agency_8,available
1422369,discharge_reported,discharge,2026-06-08,2026-09-06,91,2184,2026-06-08 00:00,2026-09-06 23:00,0,empty_in_tested_window,200,application/json; charset=utf-8,2026-09-13T18:36:11.231243+00:00,174319,2cf141affd5db3fa461ae6dcc67167d9d9b83020926e4f02edf9375e00121105,bodies/1422369_2026-06-08_2026-09-06_a1.body,receipts/1422369_2026-06-08_2026-09-06_a1.json,new,new_20260913_1422369_2026-06-08_2026-09-06_a1,https://api-v3.thaiwater.net/api/v1/thaiwater30/public/waterlevel_graph?station_type=tele_waterlevel&station_id=1422369&start_date=2026-06-08&end_date=2026-09-06,th_agency_8,unknown
1422371,stage_reported,value,2026-06-08,2026-09-06,91,2184,2026-06-08 00:00,2026-09-06 23:00,2147,available,200,application/json; charset=utf-8,2026-09-13T18:36:13.253755+00:00,174665,a65b3a05a179ae13ea81335b1e4844ce6ae920bc4f6419aa3e9f993616afef56,bodies/1422371_2026-06-08_2026-09-06_a1.body,receipts/1422371_2026-06-08_2026-09-06_a1.json,new,new_20260913_1422371_2026-06-08_2026-09-06_a1,https://api-v3.thaiwater.net/api/v1/thaiwater30/public/waterlevel_graph?station_type=tele_waterlevel&station_id=1422371&start_date=2026-06-08&end_date=2026-09-06,th_agency_8,available
1422371,discharge_reported,discharge,2026-06-08,2026-09-06,91,2184,2026-06-08 00:00,2026-09-06 23:00,0,empty_in_tested_window,200,application/json; charset=utf-8,2026-09-13T18:36:13.253755+00:00,174665,a65b3a05a179ae13ea81335b1e4844ce6ae920bc4f6419aa3e9f993616afef56,bodies/1422371_2026-06-08_2026-09-06_a1.body,receipts/1422371_2026-06-08_2026-09-06_a1.json,new,new_20260913_1422371_2026-06-08_2026-09-06_a1,https://api-v3.thaiwater.net/api/v1/thaiwater30/public/waterlevel_graph?station_type=tele_waterlevel&station_id=1422371&start_date=2026-06-08&end_date=2026-09-06,th_agency_8,unknown
1422372,stage_reported,value,2026-06-08,2026-09-06,91,2184,2026-06-08 00:00,2026-09-06 23:00,2150,available,200,application/json; charset=utf-8,2026-09-13T18:36:15.268745+00:00,174374,64be74e83686fa0d125d022a794a84a8605d4c165db95e5ab56c48e36160a175,bodies/1422372_2026-06-08_2026-09-06_a1.body,receipts/1422372_2026-06-08_2026-09-06_a1.json,new,new_20260913_1422372_2026-06-08_2026-09-06_a1,https://api-v3.thaiwater.net/api/v1/thaiwater30/public/waterlevel_graph?station_type=tele_waterlevel&station_id=1422372&start_date=2026-06-08&end_date=2026-09-06,th_agency_8,available
1422372,discharge_reported,discharge,2026-06-08,2026-09-06,91,2184,2026-06-08 00:00,2026-09-06 23:00,0,empty_in_tested_window,200,application/json; charset=utf-8,2026-09-13T18:36:15.268745+00:00,174374,64be74e83686fa0d125d022a794a84a8605d4c165db95e5ab56c48e36160a175,bodies/1422372_2026-06-08_2026-09-06_a1.body,receipts/1422372_2026-06-08_2026-09-06_a1.json,new,new_20260913_1422372_2026-06-08_2026-09-06_a1,https://api-v3.thaiwater.net/api/v1/thaiwater30/public/waterlevel_graph?station_type=tele_waterlevel&station_id=1422372&start_date=2026-06-08&end_date=2026-09-06,th_agency_8,unknown
1422373,stage_reported,value,2026-06-08,2026-09-06,91,2184,2026-06-08 00:00,2026-09-06 23:00,2150,available,200,application/json; charset=utf-8,2026-09-13T18:36:17.231489+00:00,174894,49ff5a9fa1bbeec1b13671705c4359e210fb9612adda74769552b3602db50074,bodies/1422373_2026-06-08_2026-09-06_a1.body,receipts/1422373_2026-06-08_2026-09-06_a1.json,new,new_20260913_1422373_2026-06-08_2026-09-06_a1,https://api-v3.thaiwater.net/api/v1/thaiwater30/public/waterlevel_graph?station_type=tele_waterlevel&station_id=1422373&start_date=2026-06-08&end_date=2026-09-06,th_agency_8,available
1422373,discharge_reported,discharge,2026-06-08,2026-09-06,91,2184,2026-06-08 00:00,2026-09-06 23:00,0,empty_in_tested_window,200,application/json; charset=utf-8,2026-09-13T18:36:17.231489+00:00,174894,49ff5a9fa1bbeec1b13671705c4359e210fb9612adda74769552b3602db50074,bodies/1422373_2026-06-08_2026-09-06_a1.body,receipts/1422373_2026-06-08_2026-09-06_a1.json,new,new_20260913_1422373_2026-06-08_2026-09-06_a1,https://api-v3.thaiwater.net/api/v1/thaiwater30/public/waterlevel_graph?station_type=tele_waterlevel&station_id=1422373&start_date=2026-06-08&end_date=2026-09-06,th_agency_8,unknown
1422374,stage_reported,value,2026-06-08,2026-09-06,91,2184,2026-06-08 00:00,2026-09-06 23:00,2150,available,200,application/json; charset=utf-8,2026-09-13T18:36:19.176867+00:00,174556,0b64e78678d7f2e4c45f03e327f6ace5fdc6af0c21a41ebc96a660af0aea810d,bodies/1422374_2026-06-08_2026-09-06_a1.body,receipts/1422374_2026-06-08_2026-09-06_a1.json,new,new_20260913_1422374_2026-06-08_2026-09-06_a1,https://api-v3.thaiwater.net/api/v1/thaiwater30/public/waterlevel_graph?station_type=tele_waterlevel&station_id=1422374&start_date=2026-06-08&end_date=2026-09-06,th_agency_8,available
1422374,discharge_reported,discharge,2026-06-08,2026-09-06,91,2184,2026-06-08 00:00,2026-09-06 23:00,0,empty_in_tested_window,200,application/json; charset=utf-8,2026-09-13T18:36:19.176867+00:00,174556,0b64e78678d7f2e4c45f03e327f6ace5fdc6af0c21a41ebc96a660af0aea810d,bodies/1422374_2026-06-08_2026-09-06_a1.body,receipts/1422374_2026-06-08_2026-09-06_a1.json,new,new_20260913_1422374_2026-06-08_2026-09-06_a1,https://api-v3.thaiwater.net/api/v1/thaiwater30/public/waterlevel_graph?station_type=tele_waterlevel&station_id=1422374&start_date=2026-06-08&end_date=2026-09-06,th_agency_8,unknown
1422375,stage_reported,value,2026-06-08,2026-09-06,91,2184,2026-06-08 00:00,2026-09-06 23:00,2150,available,200,application/json; charset=utf-8,2026-09-13T18:36:21.125277+00:00,175683,dbde2071773787d070f849bb18316de6a95dde92d90ce98feab45a52bac6ac57,bodies/1422375_2026-06-08_2026-09-06_a1.body,receipts/1422375_2026-06-08_2026-09-06_a1.json,new,new_20260913_1422375_2026-06-08_2026-09-06_a1,https://api-v3.thaiwater.net/api/v1/thaiwater30/public/waterlevel_graph?station_type=tele_waterlevel&station_id=1422375&start_date=2026-06-08&end_date=2026-09-06,th_agency_8,available
1422375,discharge_reported,discharge,2026-06-08,2026-09-06,91,2184,2026-06-08 00:00,2026-09-06 23:00,0,empty_in_tested_window,200,application/json; charset=utf-8,2026-09-13T18:36:21.125277+00:00,175683,dbde2071773787d070f849bb18316de6a95dde92d90ce98feab45a52bac6ac57,bodies/1422375_2026-06-08_2026-09-06_a1.body,receipts/1422375_2026-06-08_2026-09-06_a1.json,new,new_20260913_1422375_2026-06-08_2026-09-06_a1,https://api-v3.thaiwater.net/api/v1/thaiwater30/public/waterlevel_graph?station_type=tele_waterlevel&station_id=1422375&start_date=2026-06-08&end_date=2026-09-06,th_agency_8,unknown
1475104,stage_reported,value,2026-06-08,2026-09-06,91,13104,2026-06-08 00:00,2026-09-06 23:50,4072,available,200,application/json; charset=utf-8,2026-09-13T18:36:23.494783+00:00,1042832,440d63de6e091418a39c139501984fe310f78164529e01e0b0af40cf7b16f493,bodies/1475104_2026-06-08_2026-09-06_a1.body,receipts/1475104_2026-06-08_2026-09-06_a1.json,new,new_20260913_1475104_2026-06-08_2026-09-06_a1,https://api-v3.thaiwater.net/api/v1/thaiwater30/public/waterlevel_graph?station_type=tele_waterlevel&station_id=1475104&start_date=2026-06-08&end_date=2026-09-06,th_agency_91,available
1475104,discharge_reported,discharge,2026-06-08,2026-09-06,91,13104,2026-06-08 00:00,2026-09-06 23:50,0,empty_in_tested_window,200,application/json; charset=utf-8,2026-09-13T18:36:23.494783+00:00,1042832,440d63de6e091418a39c139501984fe310f78164529e01e0b0af40cf7b16f493,bodies/1475104_2026-06-08_2026-09-06_a1.body,receipts/1475104_2026-06-08_2026-09-06_a1.json,new,new_20260913_1475104_2026-06-08_2026-09-06_a1,https://api-v3.thaiwater.net/api/v1/thaiwater30/public/waterlevel_graph?station_type=tele_waterlevel&station_id=1475104&start_date=2026-06-08&end_date=2026-09-06,th_agency_91,unknown
1475106,stage_reported,value,2026-06-08,2026-09-06,91,13104,2026-06-08 00:00,2026-09-06 23:50,13022,available,200,application/json; charset=utf-8,2026-09-13T18:36:25.715229+00:00,1059714,cc9fd3bd5558494bad76c17b00b9b53d76b6a34f5a6e28c1fa1e5c571b9d4425,bodies/1475106_2026-06-08_2026-09-06_a1.body,receipts/1475106_2026-06-08_2026-09-06_a1.json,new,new_20260913_1475106_2026-06-08_2026-09-06_a1,https://api-v3.thaiwater.net/api/v1/thaiwater30/public/waterlevel_graph?station_type=tele_waterlevel&station_id=1475106&start_date=2026-06-08&end_date=2026-09-06,th_agency_91,available
1475106,discharge_reported,discharge,2026-06-08,2026-09-06,91,13104,2026-06-08 00:00,2026-09-06 23:50,0,empty_in_tested_window,200,application/json; charset=utf-8,2026-09-13T18:36:25.715229+00:00,1059714,cc9fd3bd5558494bad76c17b00b9b53d76b6a34f5a6e28c1fa1e5c571b9d4425,bodies/1475106_2026-06-08_2026-09-06_a1.body,receipts/1475106_2026-06-08_2026-09-06_a1.json,new,new_20260913_1475106_2026-06-08_2026-09-06_a1,https://api-v3.thaiwater.net/api/v1/thaiwater30/public/waterlevel_graph?station_type=tele_waterlevel&station_id=1475106&start_date=2026-06-08&end_date=2026-09-06,th_agency_91,unknown
1475118,stage_reported,value,2026-06-08,2026-09-06,91,13104,2026-06-08 00:00,2026-09-06 23:50,13019,available,200,application/json; charset=utf-8,2026-09-13T18:36:27.751475+00:00,1060070,468416abf509e6fd2c56dc191c91e22856c32367ed4dfbef76d00ac17c82fc34,bodies/1475118_2026-06-08_2026-09-06_a1.body,receipts/1475118_2026-06-08_2026-09-06_a1.json,new,new_20260913_1475118_2026-06-08_2026-09-06_a1,https://api-v3.thaiwater.net/api/v1/thaiwater30/public/waterlevel_graph?station_type=tele_waterlevel&station_id=1475118&start_date=2026-06-08&end_date=2026-09-06,th_agency_91,available
1475118,discharge_reported,discharge,2026-06-08,2026-09-06,91,13104,2026-06-08 00:00,2026-09-06 23:50,0,empty_in_tested_window,200,application/json; charset=utf-8,2026-09-13T18:36:27.751475+00:00,1060070,468416abf509e6fd2c56dc191c91e22856c32367ed4dfbef76d00ac17c82fc34,bodies/1475118_2026-06-08_2026-09-06_a1.body,receipts/1475118_2026-06-08_2026-09-06_a1.json,new,new_20260913_1475118_2026-06-08_2026-09-06_a1,https://api-v3.thaiwater.net/api/v1/thaiwater30/public/waterlevel_graph?station_type=tele_waterlevel&station_id=1475118&start_date=2026-06-08&end_date=2026-09-06,th_agency_91,unknown
1475120,stage_reported,value,2026-06-08,2026-09-06,91,13104,2026-06-08 00:00,2026-09-06 23:50,12111,available,200,application/json; charset=utf-8,2026-09-13T18:36:29.973039+00:00,1057513,d27c6aee85e03bbe99debac5e49dcc61f48bc2f0a48784322708e26a416aeb77,bodies/1475120_2026-06-08_2026-09-06_a1.body,receipts/1475120_2026-06-08_2026-09-06_a1.json,new,new_20260913_1475120_2026-06-08_2026-09-06_a1,https://api-v3.thaiwater.net/api/v1/thaiwater30/public/waterlevel_graph?station_type=tele_waterlevel&station_id=1475120&start_date=2026-06-08&end_date=2026-09-06,th_agency_91,available
1475120,discharge_reported,discharge,2026-06-08,2026-09-06,91,13104,2026-06-08 00:00,2026-09-06 23:50,0,empty_in_tested_window,200,application/json; charset=utf-8,2026-09-13T18:36:29.973039+00:00,1057513,d27c6aee85e03bbe99debac5e49dcc61f48bc2f0a48784322708e26a416aeb77,bodies/1475120_2026-06-08_2026-09-06_a1.body,receipts/1475120_2026-06-08_2026-09-06_a1.json,new,new_20260913_1475120_2026-06-08_2026-09-06_a1,https://api-v3.thaiwater.net/api/v1/thaiwater30/public/waterlevel_graph?station_type=tele_waterlevel&station_id=1475120&start_date=2026-06-08&end_date=2026-09-06,th_agency_91,unknown
1475122,stage_reported,value,2026-06-08,2026-09-06,91,13104,2026-06-08 00:00,2026-09-06 23:50,13034,available,200,application/json; charset=utf-8,2026-09-13T18:36:32.018772+00:00,1059965,d8208bd45221aeea4e581f0c5c718c4e46291dcd654e333a2fdca03224d8d7cc,bodies/1475122_2026-06-08_2026-09-06_a1.body,receipts/1475122_2026-06-08_2026-09-06_a1.json,new,new_20260913_1475122_2026-06-08_2026-09-06_a1,https://api-v3.thaiwater.net/api/v1/thaiwater30/public/waterlevel_graph?station_type=tele_waterlevel&station_id=1475122&start_date=2026-06-08&end_date=2026-09-06,th_agency_91,available
1475122,discharge_reported,discharge,2026-06-08,2026-09-06,91,13104,2026-06-08 00:00,2026-09-06 23:50,0,empty_in_tested_window,200,application/json; charset=utf-8,2026-09-13T18:36:32.018772+00:00,1059965,d8208bd45221aeea4e581f0c5c718c4e46291dcd654e333a2fdca03224d8d7cc,bodies/1475122_2026-06-08_2026-09-06_a1.body,receipts/1475122_2026-06-08_2026-09-06_a1.json,new,new_20260913_1475122_2026-06-08_2026-09-06_a1,https://api-v3.thaiwater.net/api/v1/thaiwater30/public/waterlevel_graph?station_type=tele_waterlevel&station_id=1475122&start_date=2026-06-08&end_date=2026-09-06,th_agency_91,unknown
1476456,stage_reported,value,2026-06-08,2026-09-06,91,13104,2026-06-08 00:00,2026-09-06 23:50,10015,available,200,application/json; charset=utf-8,2026-09-13T18:36:34.028737+00:00,1054335,d3d93a736c1d532d34fd806bb7fcc667f4a8ab39e488e74cf926311e9b0c476f,bodies/1476456_2026-06-08_2026-09-06_a1.body,receipts/1476456_2026-06-08_2026-09-06_a1.json,new,new_20260913_1476456_2026-06-08_2026-09-06_a1,https://api-v3.thaiwater.net/api/v1/thaiwater30/public/waterlevel_graph?station_type=tele_waterlevel&station_id=1476456&start_date=2026-06-08&end_date=2026-09-06,th_agency_91,available
1476456,discharge_reported,discharge,2026-06-08,2026-09-06,91,13104,2026-06-08 00:00,2026-09-06 23:50,0,empty_in_tested_window,200,application/json; charset=utf-8,2026-09-13T18:36:34.028737+00:00,1054335,d3d93a736c1d532d34fd806bb7fcc667f4a8ab39e488e74cf926311e9b0c476f,bodies/1476456_2026-06-08_2026-09-06_a1.body,receipts/1476456_2026-06-08_2026-09-06_a1.json,new,new_20260913_1476456_2026-06-08_2026-09-06_a1,https://api-v3.thaiwater.net/api/v1/thaiwater30/public/waterlevel_graph?station_type=tele_waterlevel&station_id=1476456&start_date=2026-06-08&end_date=2026-09-06,th_agency_91,unknown
1476459,stage_reported,value,2026-06-08,2026-09-06,91,13104,2026-06-08 00:00,2026-09-06 23:50,8202,available,200,application/json; charset=utf-8,2026-09-13T18:36:37.140481+00:00,1046770,b6869caabd49fb0770458b9a4e40c91868bfae2902d97c11e7271d8bd4bc4634,bodies/1476459_2026-06-08_2026-09-06_a1.body,receipts/1476459_2026-06-08_2026-09-06_a1.json,new,new_20260913_1476459_2026-06-08_2026-09-06_a1,https://api-v3.thaiwater.net/api/v1/thaiwater30/public/waterlevel_graph?station_type=tele_waterlevel&station_id=1476459&start_date=2026-06-08&end_date=2026-09-06,th_agency_91,available
1476459,discharge_reported,discharge,2026-06-08,2026-09-06,91,13104,2026-06-08 00:00,2026-09-06 23:50,0,empty_in_tested_window,200,application/json; charset=utf-8,2026-09-13T18:36:37.140481+00:00,1046770,b6869caabd49fb0770458b9a4e40c91868bfae2902d97c11e7271d8bd4bc4634,bodies/1476459_2026-06-08_2026-09-06_a1.body,receipts/1476459_2026-06-08_2026-09-06_a1.json,new,new_20260913_1476459_2026-06-08_2026-09-06_a1,https://api-v3.thaiwater.net/api/v1/thaiwater30/public/waterlevel_graph?station_type=tele_waterlevel&station_id=1476459&start_date=2026-06-08&end_date=2026-09-06,th_agency_91,unknown
1476461,stage_reported,value,2026-06-08,2026-09-06,91,13104,2026-06-08 00:00,2026-09-06 23:50,13021,available,200,application/json; charset=utf-8,2026-09-13T18:36:39.355365+00:00,1059772,3e2de0497eab4973e5a6858eb1debfadf722a1095adde87e8edc220c8352ef55,bodies/1476461_2026-06-08_2026-09-06_a1.body,receipts/1476461_2026-06-08_2026-09-06_a1.json,new,new_20260913_1476461_2026-06-08_2026-09-06_a1,https://api-v3.thaiwater.net/api/v1/thaiwater30/public/waterlevel_graph?station_type=tele_waterlevel&station_id=1476461&start_date=2026-06-08&end_date=2026-09-06,th_agency_91,available
1476461,discharge_reported,discharge,2026-06-08,2026-09-06,91,13104,2026-06-08 00:00,2026-09-06 23:50,0,empty_in_tested_window,200,application/json; charset=utf-8,2026-09-13T18:36:39.355365+00:00,1059772,3e2de0497eab4973e5a6858eb1debfadf722a1095adde87e8edc220c8352ef55,bodies/1476461_2026-06-08_2026-09-06_a1.body,receipts/1476461_2026-06-08_2026-09-06_a1.json,new,new_20260913_1476461_2026-06-08_2026-09-06_a1,https://api-v3.thaiwater.net/api/v1/thaiwater30/public/waterlevel_graph?station_type=tele_waterlevel&station_id=1476461&start_date=2026-06-08&end_date=2026-09-06,th_agency_91,unknown
1481108,stage_reported,value,2026-06-08,2026-09-06,91,13104,2026-06-08 00:00,2026-09-06 23:50,12903,available,200,application/json; charset=utf-8,2026-09-13T18:36:41.683163+00:00,1059541,f740647d9c4a41857dcdbce04dd5a437d716e36ff4e82b707474aa01708d8f81,bodies/1481108_2026-06-08_2026-09-06_a1.body,receipts/1481108_2026-06-08_2026-09-06_a1.json,new,new_20260913_1481108_2026-06-08_2026-09-06_a1,https://api-v3.thaiwater.net/api/v1/thaiwater30/public/waterlevel_graph?station_type=tele_waterlevel&station_id=1481108&start_date=2026-06-08&end_date=2026-09-06,th_agency_91,available
1481108,discharge_reported,discharge,2026-06-08,2026-09-06,91,13104,2026-06-08 00:00,2026-09-06 23:50,0,empty_in_tested_window,200,application/json; charset=utf-8,2026-09-13T18:36:41.683163+00:00,1059541,f740647d9c4a41857dcdbce04dd5a437d716e36ff4e82b707474aa01708d8f81,bodies/1481108_2026-06-08_2026-09-06_a1.body,receipts/1481108_2026-06-08_2026-09-06_a1.json,new,new_20260913_1481108_2026-06-08_2026-09-06_a1,https://api-v3.thaiwater.net/api/v1/thaiwater30/public/waterlevel_graph?station_type=tele_waterlevel&station_id=1481108&start_date=2026-06-08&end_date=2026-09-06,th_agency_91,unknown
1481122,stage_reported,value,2026-06-08,2026-09-06,91,13104,2026-06-08 00:00,2026-09-06 23:50,13026,available,200,application/json; charset=utf-8,2026-09-13T18:36:43.910379+00:00,1059846,2383865aa5eaade8af959e7ca0685bab748c872a1d3a8fb8ae2c090d5d590daa,bodies/1481122_2026-06-08_2026-09-06_a1.body,receipts/1481122_2026-06-08_2026-09-06_a1.json,new,new_20260913_1481122_2026-06-08_2026-09-06_a1,https://api-v3.thaiwater.net/api/v1/thaiwater30/public/waterlevel_graph?station_type=tele_waterlevel&station_id=1481122&start_date=2026-06-08&end_date=2026-09-06,th_agency_91,available
1481122,discharge_reported,discharge,2026-06-08,2026-09-06,91,13104,2026-06-08 00:00,2026-09-06 23:50,0,empty_in_tested_window,200,application/json; charset=utf-8,2026-09-13T18:36:43.910379+00:00,1059846,2383865aa5eaade8af959e7ca0685bab748c872a1d3a8fb8ae2c090d5d590daa,bodies/1481122_2026-06-08_2026-09-06_a1.body,receipts/1481122_2026-06-08_2026-09-06_a1.json,new,new_20260913_1481122_2026-06-08_2026-09-06_a1,https://api-v3.thaiwater.net/api/v1/thaiwater30/public/waterlevel_graph?station_type=tele_waterlevel&station_id=1481122&start_date=2026-06-08&end_date=2026-09-06,th_agency_91,unknown
1481128,stage_reported,value,2026-06-08,2026-09-06,91,13104,2026-06-08 00:00,2026-09-06 23:50,13028,available,200,application/json; charset=utf-8,2026-09-13T18:36:46.125662+00:00,1047272,e1fb14cfbbf193e86a6bebd3ba3405c88ddbf26a1c67d51c81b1af4358b5c55c,bodies/1481128_2026-06-08_2026-09-06_a1.body,receipts/1481128_2026-06-08_2026-09-06_a1.json,new,new_20260913_1481128_2026-06-08_2026-09-06_a1,https://api-v3.thaiwater.net/api/v1/thaiwater30/public/waterlevel_graph?station_type=tele_waterlevel&station_id=1481128&start_date=2026-06-08&end_date=2026-09-06,th_agency_91,available
1481128,discharge_reported,discharge,2026-06-08,2026-09-06,91,13104,2026-06-08 00:00,2026-09-06 23:50,0,empty_in_tested_window,200,application/json; charset=utf-8,2026-09-13T18:36:46.125662+00:00,1047272,e1fb14cfbbf193e86a6bebd3ba3405c88ddbf26a1c67d51c81b1af4358b5c55c,bodies/1481128_2026-06-08_2026-09-06_a1.body,receipts/1481128_2026-06-08_2026-09-06_a1.json,new,new_20260913_1481128_2026-06-08_2026-09-06_a1,https://api-v3.thaiwater.net/api/v1/thaiwater30/public/waterlevel_graph?station_type=tele_waterlevel&station_id=1481128&start_date=2026-06-08&end_date=2026-09-06,th_agency_91,unknown
1481146,stage_reported,value,2026-06-08,2026-09-06,91,13104,2026-06-08 00:00,2026-09-06 23:50,13025,available,200,application/json; charset=utf-8,2026-09-13T18:36:48.418563+00:00,1059820,8704fb4854e6c3566731e46f25cab51c276d19de22c91c1eec50a56d30238b04,bodies/1481146_2026-06-08_2026-09-06_a1.body,receipts/1481146_2026-06-08_2026-09-06_a1.json,new,new_20260913_1481146_2026-06-08_2026-09-06_a1,https://api-v3.thaiwater.net/api/v1/thaiwater30/public/waterlevel_graph?station_type=tele_waterlevel&station_id=1481146&start_date=2026-06-08&end_date=2026-09-06,th_agency_91,available
1481146,discharge_reported,discharge,2026-06-08,2026-09-06,91,13104,2026-06-08 00:00,2026-09-06 23:50,0,empty_in_tested_window,200,application/json; charset=utf-8,2026-09-13T18:36:48.418563+00:00,1059820,8704fb4854e6c3566731e46f25cab51c276d19de22c91c1eec50a56d30238b04,bodies/1481146_2026-06-08_2026-09-06_a1.body,receipts/1481146_2026-06-08_2026-09-06_a1.json,new,new_20260913_1481146_2026-06-08_2026-09-06_a1,https://api-v3.thaiwater.net/api/v1/thaiwater30/public/waterlevel_graph?station_type=tele_waterlevel&station_id=1481146&start_date=2026-06-08&end_date=2026-09-06,th_agency_91,unknown
1481153,stage_reported,value,2026-06-08,2026-09-06,91,13104,2026-06-08 00:00,2026-09-06 23:50,13012,available,200,application/json; charset=utf-8,2026-09-13T18:36:50.625968+00:00,1059241,6cee0d6a7f7df1d988905f82f1c5ff0f6af5aca6c5239e7ddec6ea0d42b56029,bodies/1481153_2026-06-08_2026-09-06_a1.body,receipts/1481153_2026-06-08_2026-09-06_a1.json,new,new_20260913_1481153_2026-06-08_2026-09-06_a1,https://api-v3.thaiwater.net/api/v1/thaiwater30/public/waterlevel_graph?station_type=tele_waterlevel&station_id=1481153&start_date=2026-06-08&end_date=2026-09-06,th_agency_91,available
1481153,discharge_reported,discharge,2026-06-08,2026-09-06,91,13104,2026-06-08 00:00,2026-09-06 23:50,0,empty_in_tested_window,200,application/json; charset=utf-8,2026-09-13T18:36:50.625968+00:00,1059241,6cee0d6a7f7df1d988905f82f1c5ff0f6af5aca6c5239e7ddec6ea0d42b56029,bodies/1481153_2026-06-08_2026-09-06_a1.body,receipts/1481153_2026-06-08_2026-09-06_a1.json,new,new_20260913_1481153_2026-06-08_2026-09-06_a1,https://api-v3.thaiwater.net/api/v1/thaiwater30/public/waterlevel_graph?station_type=tele_waterlevel&station_id=1481153&start_date=2026-06-08&end_date=2026-09-06,th_agency_91,unknown
1482445,stage_reported,value,2026-06-08,2026-09-06,91,13104,2026-06-08 00:00,2026-09-06 23:50,13013,available,200,application/json; charset=utf-8,2026-09-13T18:36:52.839375+00:00,1060034,d2529fabb20cadf2fd29a33b417fe6d0be04959c9bfda02ea18623238f673588,bodies/1482445_2026-06-08_2026-09-06_a1.body,receipts/1482445_2026-06-08_2026-09-06_a1.json,new,new_20260913_1482445_2026-06-08_2026-09-06_a1,https://api-v3.thaiwater.net/api/v1/thaiwater30/public/waterlevel_graph?station_type=tele_waterlevel&station_id=1482445&start_date=2026-06-08&end_date=2026-09-06,th_agency_91,available
1482445,discharge_reported,discharge,2026-06-08,2026-09-06,91,13104,2026-06-08 00:00,2026-09-06 23:50,0,empty_in_tested_window,200,application/json; charset=utf-8,2026-09-13T18:36:52.839375+00:00,1060034,d2529fabb20cadf2fd29a33b417fe6d0be04959c9bfda02ea18623238f673588,bodies/1482445_2026-06-08_2026-09-06_a1.body,receipts/1482445_2026-06-08_2026-09-06_a1.json,new,new_20260913_1482445_2026-06-08_2026-09-06_a1,https://api-v3.thaiwater.net/api/v1/thaiwater30/public/waterlevel_graph?station_type=tele_waterlevel&station_id=1482445&start_date=2026-06-08&end_date=2026-09-06,th_agency_91,unknown
1483103,stage_reported,value,2026-06-08,2026-09-06,91,13104,2026-06-08 00:00,2026-09-06 23:50,12968,available,200,application/json; charset=utf-8,2026-09-13T18:36:55.052989+00:00,1059690,da65dac7cc6522917462615986668e6436a3bc0e5a9e4ec3d5ca437892920010,bodies/1483103_2026-06-08_2026-09-06_a1.body,receipts/1483103_2026-06-08_2026-09-06_a1.json,new,new_20260913_1483103_2026-06-08_2026-09-06_a1,https://api-v3.thaiwater.net/api/v1/thaiwater30/public/waterlevel_graph?station_type=tele_waterlevel&station_id=1483103&start_date=2026-06-08&end_date=2026-09-06,th_agency_91,available
1483103,discharge_reported,discharge,2026-06-08,2026-09-06,91,13104,2026-06-08 00:00,2026-09-06 23:50,0,empty_in_tested_window,200,application/json; charset=utf-8,2026-09-13T18:36:55.052989+00:00,1059690,da65dac7cc6522917462615986668e6436a3bc0e5a9e4ec3d5ca437892920010,bodies/1483103_2026-06-08_2026-09-06_a1.body,receipts/1483103_2026-06-08_2026-09-06_a1.json,new,new_20260913_1483103_2026-06-08_2026-09-06_a1,https://api-v3.thaiwater.net/api/v1/thaiwater30/public/waterlevel_graph?station_type=tele_waterlevel&station_id=1483103&start_date=2026-06-08&end_date=2026-09-06,th_agency_91,unknown
1483111,stage_reported,value,2026-06-08,2026-09-06,91,13104,2026-06-08 00:00,2026-09-06 23:50,12902,available,200,application/json; charset=utf-8,2026-09-13T18:36:57.250698+00:00,1059647,1d3a57cb5f3cbfa6b530fe70de817112658b0498800a0f02df35d10d417b758a,bodies/1483111_2026-06-08_2026-09-06_a1.body,receipts/1483111_2026-06-08_2026-09-06_a1.json,new,new_20260913_1483111_2026-06-08_2026-09-06_a1,https://api-v3.thaiwater.net/api/v1/thaiwater30/public/waterlevel_graph?station_type=tele_waterlevel&station_id=1483111&start_date=2026-06-08&end_date=2026-09-06,th_agency_91,available
1483111,discharge_reported,discharge,2026-06-08,2026-09-06,91,13104,2026-06-08 00:00,2026-09-06 23:50,0,empty_in_tested_window,200,application/json; charset=utf-8,2026-09-13T18:36:57.250698+00:00,1059647,1d3a57cb5f3cbfa6b530fe70de817112658b0498800a0f02df35d10d417b758a,bodies/1483111_2026-06-08_2026-09-06_a1.body,receipts/1483111_2026-06-08_2026-09-06_a1.json,new,new_20260913_1483111_2026-06-08_2026-09-06_a1,https://api-v3.thaiwater.net/api/v1/thaiwater30/public/waterlevel_graph?station_type=tele_waterlevel&station_id=1483111&start_date=2026-06-08&end_date=2026-09-06,th_agency_91,unknown
1483127,stage_reported,value,2026-06-08,2026-09-06,91,13104,2026-06-08 00:00,2026-09-06 23:50,13001,available,200,application/json; charset=utf-8,2026-09-13T18:36:59.453115+00:00,1059752,ae61a0827c0d3a91af782e461a6e310b5a028702f07df4e6f3ee91a0d972ff0d,bodies/1483127_2026-06-08_2026-09-06_a1.body,receipts/1483127_2026-06-08_2026-09-06_a1.json,new,new_20260913_1483127_2026-06-08_2026-09-06_a1,https://api-v3.thaiwater.net/api/v1/thaiwater30/public/waterlevel_graph?station_type=tele_waterlevel&station_id=1483127&start_date=2026-06-08&end_date=2026-09-06,th_agency_91,available
1483127,discharge_reported,discharge,2026-06-08,2026-09-06,91,13104,2026-06-08 00:00,2026-09-06 23:50,0,empty_in_tested_window,200,application/json; charset=utf-8,2026-09-13T18:36:59.453115+00:00,1059752,ae61a0827c0d3a91af782e461a6e310b5a028702f07df4e6f3ee91a0d972ff0d,bodies/1483127_2026-06-08_2026-09-06_a1.body,receipts/1483127_2026-06-08_2026-09-06_a1.json,new,new_20260913_1483127_2026-06-08_2026-09-06_a1,https://api-v3.thaiwater.net/api/v1/thaiwater30/public/waterlevel_graph?station_type=tele_waterlevel&station_id=1483127&start_date=2026-06-08&end_date=2026-09-06,th_agency_91,unknown
1483131,stage_reported,value,2026-06-08,2026-09-06,91,13104,2026-06-08 00:00,2026-09-06 23:50,13023,available,200,application/json; charset=utf-8,2026-09-13T18:37:01.748602+00:00,1047001,feb3fcdbe135c1e9cb518e171c564bfe6f0a47ca7742f42885b952439c4b023b,bodies/1483131_2026-06-08_2026-09-06_a1.body,receipts/1483131_2026-06-08_2026-09-06_a1.json,new,new_20260913_1483131_2026-06-08_2026-09-06_a1,https://api-v3.thaiwater.net/api/v1/thaiwater30/public/waterlevel_graph?station_type=tele_waterlevel&station_id=1483131&start_date=2026-06-08&end_date=2026-09-06,th_agency_91,available
1483131,discharge_reported,discharge,2026-06-08,2026-09-06,91,13104,2026-06-08 00:00,2026-09-06 23:50,0,empty_in_tested_window,200,application/json; charset=utf-8,2026-09-13T18:37:01.748602+00:00,1047001,feb3fcdbe135c1e9cb518e171c564bfe6f0a47ca7742f42885b952439c4b023b,bodies/1483131_2026-06-08_2026-09-06_a1.body,receipts/1483131_2026-06-08_2026-09-06_a1.json,new,new_20260913_1483131_2026-06-08_2026-09-06_a1,https://api-v3.thaiwater.net/api/v1/thaiwater30/public/waterlevel_graph?station_type=tele_waterlevel&station_id=1483131&start_date=2026-06-08&end_date=2026-09-06,th_agency_91,unknown
1556820,stage_reported,value,2026-06-08,2026-09-06,91,13104,2026-06-08 00:00,2026-09-06 23:50,3945,available,200,application/json; charset=utf-8,2026-09-13T18:37:04.026927+00:00,1047187,67cd51ae677657424f52efcab1862f2bd5dfdc8dce81e9e8db3eec24ab2aa71b,bodies/1556820_2026-06-08_2026-09-06_a1.body,receipts/1556820_2026-06-08_2026-09-06_a1.json,new,new_20260913_1556820_2026-06-08_2026-09-06_a1,https://api-v3.thaiwater.net/api/v1/thaiwater30/public/waterlevel_graph?station_type=tele_waterlevel&station_id=1556820&start_date=2026-06-08&end_date=2026-09-06,th_agency_91,available
1556820,discharge_reported,discharge,2026-06-08,2026-09-06,91,13104,2026-06-08 00:00,2026-09-06 23:50,0,empty_in_tested_window,200,application/json; charset=utf-8,2026-09-13T18:37:04.026927+00:00,1047187,67cd51ae677657424f52efcab1862f2bd5dfdc8dce81e9e8db3eec24ab2aa71b,bodies/1556820_2026-06-08_2026-09-06_a1.body,receipts/1556820_2026-06-08_2026-09-06_a1.json,new,new_20260913_1556820_2026-06-08_2026-09-06_a1,https://api-v3.thaiwater.net/api/v1/thaiwater30/public/waterlevel_graph?station_type=tele_waterlevel&station_id=1556820&start_date=2026-06-08&end_date=2026-09-06,th_agency_91,unknown
1556822,stage_reported,value,2026-06-08,2026-09-06,91,13104,2026-06-08 00:00,2026-09-06 23:50,13034,available,200,application/json; charset=utf-8,2026-09-13T18:37:13.805553+00:00,1059032,616525209f73680f5df76360e7dcc500bcaf317f56a7d915624cafe543f0a8d6,bodies/1556822_2026-06-08_2026-09-06_a1.body,receipts/1556822_2026-06-08_2026-09-06_a1.json,new,new_20260913_1556822_2026-06-08_2026-09-06_a1,https://api-v3.thaiwater.net/api/v1/thaiwater30/public/waterlevel_graph?station_type=tele_waterlevel&station_id=1556822&start_date=2026-06-08&end_date=2026-09-06,th_agency_91,available
1556822,discharge_reported,discharge,2026-06-08,2026-09-06,91,13104,2026-06-08 00:00,2026-09-06 23:50,0,empty_in_tested_window,200,application/json; charset=utf-8,2026-09-13T18:37:13.805553+00:00,1059032,616525209f73680f5df76360e7dcc500bcaf317f56a7d915624cafe543f0a8d6,bodies/1556822_2026-06-08_2026-09-06_a1.body,receipts/1556822_2026-06-08_2026-09-06_a1.json,new,new_20260913_1556822_2026-06-08_2026-09-06_a1,https://api-v3.thaiwater.net/api/v1/thaiwater30/public/waterlevel_graph?station_type=tele_waterlevel&station_id=1556822&start_date=2026-06-08&end_date=2026-09-06,th_agency_91,unknown
1645475,stage_reported,value,2026-06-08,2026-09-06,91,13104,2026-06-08 00:00,2026-09-06 23:50,13069,available,200,application/json; charset=utf-8,2026-09-13T18:37:15.930415+00:00,1072973,758b8b6c39e8998e8d57c915ac665380960964a083fad0d59291ab4bd53653f0,bodies/1645475_2026-06-08_2026-09-06_a1.body,receipts/1645475_2026-06-08_2026-09-06_a1.json,new,new_20260913_1645475_2026-06-08_2026-09-06_a1,https://api-v3.thaiwater.net/api/v1/thaiwater30/public/waterlevel_graph?station_type=tele_waterlevel&station_id=1645475&start_date=2026-06-08&end_date=2026-09-06,th_agency_9,available
1645475,discharge_reported,discharge,2026-06-08,2026-09-06,91,13104,2026-06-08 00:00,2026-09-06 23:50,0,empty_in_tested_window,200,application/json; charset=utf-8,2026-09-13T18:37:15.930415+00:00,1072973,758b8b6c39e8998e8d57c915ac665380960964a083fad0d59291ab4bd53653f0,bodies/1645475_2026-06-08_2026-09-06_a1.body,receipts/1645475_2026-06-08_2026-09-06_a1.json,new,new_20260913_1645475_2026-06-08_2026-09-06_a1,https://api-v3.thaiwater.net/api/v1/thaiwater30/public/waterlevel_graph?station_type=tele_waterlevel&station_id=1645475&start_date=2026-06-08&end_date=2026-09-06,th_agency_9,unknown
1677418,stage_reported,value,2026-06-08,2026-09-06,91,13104,2026-06-08 00:00,2026-09-06 23:50,12959,available,200,application/json; charset=utf-8,2026-09-13T18:37:18.281783+00:00,1060289,422ee48a5ac1c9b6ee0d38dfb58a7354757b24c874662f6510903fa8f4a10e9a,bodies/1677418_2026-06-08_2026-09-06_a1.body,receipts/1677418_2026-06-08_2026-09-06_a1.json,new,new_20260913_1677418_2026-06-08_2026-09-06_a1,https://api-v3.thaiwater.net/api/v1/thaiwater30/public/waterlevel_graph?station_type=tele_waterlevel&station_id=1677418&start_date=2026-06-08&end_date=2026-09-06,th_agency_9,available
1677418,discharge_reported,discharge,2026-06-08,2026-09-06,91,13104,2026-06-08 00:00,2026-09-06 23:50,0,empty_in_tested_window,200,application/json; charset=utf-8,2026-09-13T18:37:18.281783+00:00,1060289,422ee48a5ac1c9b6ee0d38dfb58a7354757b24c874662f6510903fa8f4a10e9a,bodies/1677418_2026-06-08_2026-09-06_a1.body,receipts/1677418_2026-06-08_2026-09-06_a1.json,new,new_20260913_1677418_2026-06-08_2026-09-06_a1,https://api-v3.thaiwater.net/api/v1/thaiwater30/public/waterlevel_graph?station_type=tele_waterlevel&station_id=1677418&start_date=2026-06-08&end_date=2026-09-06,th_agency_9,unknown
1677419,stage_reported,value,2026-06-08,2026-09-06,91,13104,2026-06-08 00:00,2026-09-06 23:50,13068,available,200,application/json; charset=utf-8,2026-09-13T18:37:20.704894+00:00,1073282,34a33d3e1dfb3d67e2bdc12fbb49a40a69bf1280b507dca31d5ae32c5d3b2eb0,bodies/1677419_2026-06-08_2026-09-06_a1.body,receipts/1677419_2026-06-08_2026-09-06_a1.json,new,new_20260913_1677419_2026-06-08_2026-09-06_a1,https://api-v3.thaiwater.net/api/v1/thaiwater30/public/waterlevel_graph?station_type=tele_waterlevel&station_id=1677419&start_date=2026-06-08&end_date=2026-09-06,th_agency_9,available
1677419,discharge_reported,discharge,2026-06-08,2026-09-06,91,13104,2026-06-08 00:00,2026-09-06 23:50,0,empty_in_tested_window,200,application/json; charset=utf-8,2026-09-13T18:37:20.704894+00:00,1073282,34a33d3e1dfb3d67e2bdc12fbb49a40a69bf1280b507dca31d5ae32c5d3b2eb0,bodies/1677419_2026-06-08_2026-09-06_a1.body,receipts/1677419_2026-06-08_2026-09-06_a1.json,new,new_20260913_1677419_2026-06-08_2026-09-06_a1,https://api-v3.thaiwater.net/api/v1/thaiwater30/public/waterlevel_graph?station_type=tele_waterlevel&station_id=1677419&start_date=2026-06-08&end_date=2026-09-06,th_agency_9,unknown
1677420,stage_reported,value,2026-06-08,2026-09-06,91,13104,2026-06-08 00:00,2026-09-06 23:50,13070,available,200,application/json; charset=utf-8,2026-09-13T18:37:23.123805+00:00,1073046,3d41f0f9854b0f9a2a43a6b83eafb69856d8d539d86275e74800351103258709,bodies/1677420_2026-06-08_2026-09-06_a1.body,receipts/1677420_2026-06-08_2026-09-06_a1.json,new,new_20260913_1677420_2026-06-08_2026-09-06_a1,https://api-v3.thaiwater.net/api/v1/thaiwater30/public/waterlevel_graph?station_type=tele_waterlevel&station_id=1677420&start_date=2026-06-08&end_date=2026-09-06,th_agency_9,available
1677420,discharge_reported,discharge,2026-06-08,2026-09-06,91,13104,2026-06-08 00:00,2026-09-06 23:50,0,empty_in_tested_window,200,application/json; charset=utf-8,2026-09-13T18:37:23.123805+00:00,1073046,3d41f0f9854b0f9a2a43a6b83eafb69856d8d539d86275e74800351103258709,bodies/1677420_2026-06-08_2026-09-06_a1.body,receipts/1677420_2026-06-08_2026-09-06_a1.json,new,new_20260913_1677420_2026-06-08_2026-09-06_a1,https://api-v3.thaiwater.net/api/v1/thaiwater30/public/waterlevel_graph?station_type=tele_waterlevel&station_id=1677420&start_date=2026-06-08&end_date=2026-09-06,th_agency_9,unknown
9822342,stage_reported,value,2026-06-08,2026-09-06,91,13104,2026-06-08 00:00,2026-09-06 23:50,9129,available,200,application/json; charset=utf-8,2026-09-13T18:37:25.529250+00:00,1052409,bfa782031c8298a345ab176f42cb3b76aad46472a3eacedf65065f4408ac407a,bodies/9822342_2026-06-08_2026-09-06_a1.body,receipts/9822342_2026-06-08_2026-09-06_a1.json,new,new_20260913_9822342_2026-06-08_2026-09-06_a1,https://api-v3.thaiwater.net/api/v1/thaiwater30/public/waterlevel_graph?station_type=tele_waterlevel&station_id=9822342&start_date=2026-06-08&end_date=2026-09-06,th_agency_9,available
9822342,discharge_reported,discharge,2026-06-08,2026-09-06,91,13104,2026-06-08 00:00,2026-09-06 23:50,0,empty_in_tested_window,200,application/json; charset=utf-8,2026-09-13T18:37:25.529250+00:00,1052409,bfa782031c8298a345ab176f42cb3b76aad46472a3eacedf65065f4408ac407a,bodies/9822342_2026-06-08_2026-09-06_a1.body,receipts/9822342_2026-06-08_2026-09-06_a1.json,new,new_20260913_9822342_2026-06-08_2026-09-06_a1,https://api-v3.thaiwater.net/api/v1/thaiwater30/public/waterlevel_graph?station_type=tele_waterlevel&station_id=9822342&start_date=2026-06-08&end_date=2026-09-06,th_agency_9,unknown
9930854,stage_reported,value,2026-06-08,2026-09-06,91,13104,2026-06-08 00:00,2026-09-06 23:50,12552,available,200,application/json; charset=utf-8,2026-09-13T18:37:27.935870+00:00,1049933,4ae0e432e2754c893ead626e54526cdf1a1101808e28fadd8540baca7d363287,bodies/9930854_2026-06-08_2026-09-06_a1.body,receipts/9930854_2026-06-08_2026-09-06_a1.json,new,new_20260913_9930854_2026-06-08_2026-09-06_a1,https://api-v3.thaiwater.net/api/v1/thaiwater30/public/waterlevel_graph?station_type=tele_waterlevel&station_id=9930854&start_date=2026-06-08&end_date=2026-09-06,th_agency_9,available
9930854,discharge_reported,discharge,2026-06-08,2026-09-06,91,13104,2026-06-08 00:00,2026-09-06 23:50,0,empty_in_tested_window,200,application/json; charset=utf-8,2026-09-13T18:37:27.935870+00:00,1049933,4ae0e432e2754c893ead626e54526cdf1a1101808e28fadd8540baca7d363287,bodies/9930854_2026-06-08_2026-09-06_a1.body,receipts/9930854_2026-06-08_2026-09-06_a1.json,new,new_20260913_9930854_2026-06-08_2026-09-06_a1,https://api-v3.thaiwater.net/api/v1/thaiwater30/public/waterlevel_graph?station_type=tele_waterlevel&station_id=9930854&start_date=2026-06-08&end_date=2026-09-06,th_agency_9,unknown
9930856,stage_reported,value,2026-06-08,2026-09-06,91,13104,2026-06-08 00:00,2026-09-06 23:50,12374,available,200,application/json; charset=utf-8,2026-09-13T18:37:30.341719+00:00,1050352,80fca9b1d8b6f0f25d4b67a205c328668be2fd4f0d4f19b088be606c1924214d,bodies/9930856_2026-06-08_2026-09-06_a1.body,receipts/9930856_2026-06-08_2026-09-06_a1.json,new,new_20260913_9930856_2026-06-08_2026-09-06_a1,https://api-v3.thaiwater.net/api/v1/thaiwater30/public/waterlevel_graph?station_type=tele_waterlevel&station_id=9930856&start_date=2026-06-08&end_date=2026-09-06,th_agency_9,available
9930856,discharge_reported,discharge,2026-06-08,2026-09-06,91,13104,2026-06-08 00:00,2026-09-06 23:50,0,empty_in_tested_window,200,application/json; charset=utf-8,2026-09-13T18:37:30.341719+00:00,1050352,80fca9b1d8b6f0f25d4b67a205c328668be2fd4f0d4f19b088be606c1924214d,bodies/9930856_2026-06-08_2026-09-06_a1.body,receipts/9930856_2026-06-08_2026-09-06_a1.json,new,new_20260913_9930856_2026-06-08_2026-09-06_a1,https://api-v3.thaiwater.net/api/v1/thaiwater30/public/waterlevel_graph?station_type=tele_waterlevel&station_id=9930856&start_date=2026-06-08&end_date=2026-09-06,th_agency_9,unknown
9931002,stage_reported,value,2026-06-08,2026-09-06,91,13104,2026-06-08 00:00,2026-09-06 23:50,11682,available,200,application/json; charset=utf-8,2026-09-13T18:37:32.821824+00:00,1067929,dc860601d6e6660addf6d6f32f0e286ac008988f866b8dae4004c059f63cd013,bodies/9931002_2026-06-08_2026-09-06_a1.body,receipts/9931002_2026-06-08_2026-09-06_a1.json,new,new_20260913_9931002_2026-06-08_2026-09-06_a1,https://api-v3.thaiwater.net/api/v1/thaiwater30/public/waterlevel_graph?station_type=tele_waterlevel&station_id=9931002&start_date=2026-06-08&end_date=2026-09-06,th_agency_9,available
9931002,discharge_reported,discharge,2026-06-08,2026-09-06,91,13104,2026-06-08 00:00,2026-09-06 23:50,0,empty_in_tested_window,200,application/json; charset=utf-8,2026-09-13T18:37:32.821824+00:00,1067929,dc860601d6e6660addf6d6f32f0e286ac008988f866b8dae4004c059f63cd013,bodies/9931002_2026-06-08_2026-09-06_a1.body,receipts/9931002_2026-06-08_2026-09-06_a1.json,new,new_20260913_9931002_2026-06-08_2026-09-06_a1,https://api-v3.thaiwater.net/api/v1/thaiwater30/public/waterlevel_graph?station_type=tele_waterlevel&station_id=9931002&start_date=2026-06-08&end_date=2026-09-06,th_agency_9,unknown
9931004,stage_reported,value,2026-06-08,2026-09-06,91,13104,2026-06-08 00:00,2026-09-06 23:50,11809,available,200,application/json; charset=utf-8,2026-09-13T18:37:35.035716+00:00,1068262,93d47c3e4b2725f570ec3ee114055e34b904b82e3bc5bc8ffbaa0bc3d9528e74,bodies/9931004_2026-06-08_2026-09-06_a1.body,receipts/9931004_2026-06-08_2026-09-06_a1.json,new,new_20260913_9931004_2026-06-08_2026-09-06_a1,https://api-v3.thaiwater.net/api/v1/thaiwater30/public/waterlevel_graph?station_type=tele_waterlevel&station_id=9931004&start_date=2026-06-08&end_date=2026-09-06,th_agency_9,available
9931004,discharge_reported,discharge,2026-06-08,2026-09-06,91,13104,2026-06-08 00:00,2026-09-06 23:50,0,empty_in_tested_window,200,application/json; charset=utf-8,2026-09-13T18:37:35.035716+00:00,1068262,93d47c3e4b2725f570ec3ee114055e34b904b82e3bc5bc8ffbaa0bc3d9528e74,bodies/9931004_2026-06-08_2026-09-06_a1.body,receipts/9931004_2026-06-08_2026-09-06_a1.json,new,new_20260913_9931004_2026-06-08_2026-09-06_a1,https://api-v3.thaiwater.net/api/v1/thaiwater30/public/waterlevel_graph?station_type=tele_waterlevel&station_id=9931004&start_date=2026-06-08&end_date=2026-09-06,th_agency_9,unknown
9931006,stage_reported,value,2026-06-08,2026-09-06,91,13104,2026-06-08 00:00,2026-09-06 23:50,11561,available,200,application/json; charset=utf-8,2026-09-13T18:37:37.306599+00:00,1067821,2b4831c878afb971488613d0d5f234409053ee0f5dca751fdea78c53496740d9,bodies/9931006_2026-06-08_2026-09-06_a1.body,receipts/9931006_2026-06-08_2026-09-06_a1.json,new,new_20260913_9931006_2026-06-08_2026-09-06_a1,https://api-v3.thaiwater.net/api/v1/thaiwater30/public/waterlevel_graph?station_type=tele_waterlevel&station_id=9931006&start_date=2026-06-08&end_date=2026-09-06,th_agency_9,available
9931006,discharge_reported,discharge,2026-06-08,2026-09-06,91,13104,2026-06-08 00:00,2026-09-06 23:50,0,empty_in_tested_window,200,application/json; charset=utf-8,2026-09-13T18:37:37.306599+00:00,1067821,2b4831c878afb971488613d0d5f234409053ee0f5dca751fdea78c53496740d9,bodies/9931006_2026-06-08_2026-09-06_a1.body,receipts/9931006_2026-06-08_2026-09-06_a1.json,new,new_20260913_9931006_2026-06-08_2026-09-06_a1,https://api-v3.thaiwater.net/api/v1/thaiwater30/public/waterlevel_graph?station_type=tele_waterlevel&station_id=9931006&start_date=2026-06-08&end_date=2026-09-06,th_agency_9,unknown
9931008,stage_reported,value,2026-06-08,2026-09-06,91,13104,2026-06-08 00:00,2026-09-06 23:50,11674,available,200,application/json; charset=utf-8,2026-09-13T18:37:39.521981+00:00,1067825,f11fc51b044c47cc882771300d6b49367df1a5f17adb95dd9cb14eae99392c43,bodies/9931008_2026-06-08_2026-09-06_a1.body,receipts/9931008_2026-06-08_2026-09-06_a1.json,new,new_20260913_9931008_2026-06-08_2026-09-06_a1,https://api-v3.thaiwater.net/api/v1/thaiwater30/public/waterlevel_graph?station_type=tele_waterlevel&station_id=9931008&start_date=2026-06-08&end_date=2026-09-06,th_agency_9,available
9931008,discharge_reported,discharge,2026-06-08,2026-09-06,91,13104,2026-06-08 00:00,2026-09-06 23:50,0,empty_in_tested_window,200,application/json; charset=utf-8,2026-09-13T18:37:39.521981+00:00,1067825,f11fc51b044c47cc882771300d6b49367df1a5f17adb95dd9cb14eae99392c43,bodies/9931008_2026-06-08_2026-09-06_a1.body,receipts/9931008_2026-06-08_2026-09-06_a1.json,new,new_20260913_9931008_2026-06-08_2026-09-06_a1,https://api-v3.thaiwater.net/api/v1/thaiwater30/public/waterlevel_graph?station_type=tele_waterlevel&station_id=9931008&start_date=2026-06-08&end_date=2026-09-06,th_agency_9,unknown
11568367,stage_reported,value,2026-06-08,2026-09-06,91,13104,2026-06-08 00:00,2026-09-06 23:50,1003,available,200,application/json; charset=utf-8,2026-09-13T18:37:41.702109+00:00,1037265,a8754694ab77d34b56b771a06ae04ee3162180b6a21433c5dd3a3276ee380476,bodies/11568367_2026-06-08_2026-09-06_a1.body,receipts/11568367_2026-06-08_2026-09-06_a1.json,new,new_20260913_11568367_2026-06-08_2026-09-06_a1,https://api-v3.thaiwater.net/api/v1/thaiwater30/public/waterlevel_graph?station_type=tele_waterlevel&station_id=11568367&start_date=2026-06-08&end_date=2026-09-06,th_agency_91,available
11568367,discharge_reported,discharge,2026-06-08,2026-09-06,91,13104,2026-06-08 00:00,2026-09-06 23:50,0,empty_in_tested_window,200,application/json; charset=utf-8,2026-09-13T18:37:41.702109+00:00,1037265,a8754694ab77d34b56b771a06ae04ee3162180b6a21433c5dd3a3276ee380476,bodies/11568367_2026-06-08_2026-09-06_a1.body,receipts/11568367_2026-06-08_2026-09-06_a1.json,new,new_20260913_11568367_2026-06-08_2026-09-06_a1,https://api-v3.thaiwater.net/api/v1/thaiwater30/public/waterlevel_graph?station_type=tele_waterlevel&station_id=11568367&start_date=2026-06-08&end_date=2026-09-06,th_agency_91,unknown
11688546,stage_reported,value,2026-06-08,2026-09-06,91,2184,2026-06-08 00:00,2026-09-06 23:00,0,empty_in_tested_window,200,application/json; charset=utf-8,2026-09-11T09:37:30.659265Z,172668,710e5649afedcd48c99e76a44c568f1edd223921c28ed79aa45f03f8075a945f,bodies/11688546_2026-06-08_2026-09-06_a1.body,receipts/11688546_2026-06-08_2026-09-06_a1.reused.json,reused,11688546_2026-06-08_2026-09-06_a1,https://api-v3.thaiwater.net/api/v1/thaiwater30/public/waterlevel_graph?station_type=tele_waterlevel&station_id=11688546&start_date=2026-06-08&end_date=2026-09-06,th_agency_12,unknown
11688546,discharge_reported,discharge,2026-06-08,2026-09-06,91,2184,2026-06-08 00:00,2026-09-06 23:00,0,empty_in_tested_window,200,application/json; charset=utf-8,2026-09-11T09:37:30.659265Z,172668,710e5649afedcd48c99e76a44c568f1edd223921c28ed79aa45f03f8075a945f,bodies/11688546_2026-06-08_2026-09-06_a1.body,receipts/11688546_2026-06-08_2026-09-06_a1.reused.json,reused,11688546_2026-06-08_2026-09-06_a1,https://api-v3.thaiwater.net/api/v1/thaiwater30/public/waterlevel_graph?station_type=tele_waterlevel&station_id=11688546&start_date=2026-06-08&end_date=2026-09-06,th_agency_12,unknown
11688685,stage_reported,value,2026-06-08,2026-09-06,91,2184,2026-06-08 00:00,2026-09-06 23:00,0,empty_in_tested_window,200,application/json; charset=utf-8,2026-09-11T09:37:32.356095Z,172663,b78a3b5a98768279bf4076272e906a5e5d92f92c1f4ff11af9ba55444a8cc5bc,bodies/11688685_2026-06-08_2026-09-06_a1.body,receipts/11688685_2026-06-08_2026-09-06_a1.reused.json,reused,11688685_2026-06-08_2026-09-06_a1,https://api-v3.thaiwater.net/api/v1/thaiwater30/public/waterlevel_graph?station_type=tele_waterlevel&station_id=11688685&start_date=2026-06-08&end_date=2026-09-06,th_agency_12,unknown
11688685,discharge_reported,discharge,2026-06-08,2026-09-06,91,2184,2026-06-08 00:00,2026-09-06 23:00,0,empty_in_tested_window,200,application/json; charset=utf-8,2026-09-11T09:37:32.356095Z,172663,b78a3b5a98768279bf4076272e906a5e5d92f92c1f4ff11af9ba55444a8cc5bc,bodies/11688685_2026-06-08_2026-09-06_a1.body,receipts/11688685_2026-06-08_2026-09-06_a1.reused.json,reused,11688685_2026-06-08_2026-09-06_a1,https://api-v3.thaiwater.net/api/v1/thaiwater30/public/waterlevel_graph?station_type=tele_waterlevel&station_id=11688685&start_date=2026-06-08&end_date=2026-09-06,th_agency_12,unknown
11688715,stage_reported,value,2026-06-08,2026-09-06,91,2184,2026-06-08 00:00,2026-09-06 23:00,0,empty_in_tested_window,200,application/json; charset=utf-8,2026-09-11T09:37:34.307020Z,172665,b4955c23e12f1257b5d8db9649b40b8c5740386acd28dc975385051382f1cb93,bodies/11688715_2026-06-08_2026-09-06_a1.body,receipts/11688715_2026-06-08_2026-09-06_a1.reused.json,reused,11688715_2026-06-08_2026-09-06_a1,https://api-v3.thaiwater.net/api/v1/thaiwater30/public/waterlevel_graph?station_type=tele_waterlevel&station_id=11688715&start_date=2026-06-08&end_date=2026-09-06,th_agency_12,unknown
11688715,discharge_reported,discharge,2026-06-08,2026-09-06,91,2184,2026-06-08 00:00,2026-09-06 23:00,0,empty_in_tested_window,200,application/json; charset=utf-8,2026-09-11T09:37:34.307020Z,172665,b4955c23e12f1257b5d8db9649b40b8c5740386acd28dc975385051382f1cb93,bodies/11688715_2026-06-08_2026-09-06_a1.body,receipts/11688715_2026-06-08_2026-09-06_a1.reused.json,reused,11688715_2026-06-08_2026-09-06_a1,https://api-v3.thaiwater.net/api/v1/thaiwater30/public/waterlevel_graph?station_type=tele_waterlevel&station_id=11688715&start_date=2026-06-08&end_date=2026-09-06,th_agency_12,unknown
11688749,stage_reported,value,2026-06-08,2026-09-06,91,2184,2026-06-08 00:00,2026-09-06 23:00,0,empty_in_tested_window,200,application/json; charset=utf-8,2026-09-11T09:37:36.182768Z,172667,62192a53b2f670ee8a06c7e3ba0f84aff2b731fe70aaacfd99fc40bdfb5239d0,bodies/11688749_2026-06-08_2026-09-06_a1.body,receipts/11688749_2026-06-08_2026-09-06_a1.reused.json,reused,11688749_2026-06-08_2026-09-06_a1,https://api-v3.thaiwater.net/api/v1/thaiwater30/public/waterlevel_graph?station_type=tele_waterlevel&station_id=11688749&start_date=2026-06-08&end_date=2026-09-06,th_agency_12,unknown
11688749,discharge_reported,discharge,2026-06-08,2026-09-06,91,2184,2026-06-08 00:00,2026-09-06 23:00,0,empty_in_tested_window,200,application/json; charset=utf-8,2026-09-11T09:37:36.182768Z,172667,62192a53b2f670ee8a06c7e3ba0f84aff2b731fe70aaacfd99fc40bdfb5239d0,bodies/11688749_2026-06-08_2026-09-06_a1.body,receipts/11688749_2026-06-08_2026-09-06_a1.reused.json,reused,11688749_2026-06-08_2026-09-06_a1,https://api-v3.thaiwater.net/api/v1/thaiwater30/public/waterlevel_graph?station_type=tele_waterlevel&station_id=11688749&start_date=2026-06-08&end_date=2026-09-06,th_agency_12,unknown
11688817,stage_reported,value,2026-06-08,2026-09-06,91,2184,2026-06-08 00:00,2026-09-06 23:00,0,empty_in_tested_window,200,application/json; charset=utf-8,2026-09-11T09:37:38.020682Z,172666,14d4a7f42c8f9d251fe49b307e8c791ff67b282525691865c7cdd1bc6d6d608c,bodies/11688817_2026-06-08_2026-09-06_a1.body,receipts/11688817_2026-06-08_2026-09-06_a1.reused.json,reused,11688817_2026-06-08_2026-09-06_a1,https://api-v3.thaiwater.net/api/v1/thaiwater30/public/waterlevel_graph?station_type=tele_waterlevel&station_id=11688817&start_date=2026-06-08&end_date=2026-09-06,th_agency_12,unknown
11688817,discharge_reported,discharge,2026-06-08,2026-09-06,91,2184,2026-06-08 00:00,2026-09-06 23:00,0,empty_in_tested_window,200,application/json; charset=utf-8,2026-09-11T09:37:38.020682Z,172666,14d4a7f42c8f9d251fe49b307e8c791ff67b282525691865c7cdd1bc6d6d608c,bodies/11688817_2026-06-08_2026-09-06_a1.body,receipts/11688817_2026-06-08_2026-09-06_a1.reused.json,reused,11688817_2026-06-08_2026-09-06_a1,https://api-v3.thaiwater.net/api/v1/thaiwater30/public/waterlevel_graph?station_type=tele_waterlevel&station_id=11688817&start_date=2026-06-08&end_date=2026-09-06,th_agency_12,unknown
11688823,stage_reported,value,2026-06-08,2026-09-06,91,2184,2026-06-08 00:00,2026-09-06 23:00,0,empty_in_tested_window,200,application/json; charset=utf-8,2026-09-11T09:37:39.604813Z,172663,b78a3b5a98768279bf4076272e906a5e5d92f92c1f4ff11af9ba55444a8cc5bc,bodies/11688823_2026-06-08_2026-09-06_a1.body,receipts/11688823_2026-06-08_2026-09-06_a1.reused.json,reused,11688823_2026-06-08_2026-09-06_a1,https://api-v3.thaiwater.net/api/v1/thaiwater30/public/waterlevel_graph?station_type=tele_waterlevel&station_id=11688823&start_date=2026-06-08&end_date=2026-09-06,th_agency_12,unknown
11688823,discharge_reported,discharge,2026-06-08,2026-09-06,91,2184,2026-06-08 00:00,2026-09-06 23:00,0,empty_in_tested_window,200,application/json; charset=utf-8,2026-09-11T09:37:39.604813Z,172663,b78a3b5a98768279bf4076272e906a5e5d92f92c1f4ff11af9ba55444a8cc5bc,bodies/11688823_2026-06-08_2026-09-06_a1.body,receipts/11688823_2026-06-08_2026-09-06_a1.reused.json,reused,11688823_2026-06-08_2026-09-06_a1,https://api-v3.thaiwater.net/api/v1/thaiwater30/public/waterlevel_graph?station_type=tele_waterlevel&station_id=11688823&start_date=2026-06-08&end_date=2026-09-06,th_agency_12,unknown
11688849,stage_reported,value,2026-06-08,2026-09-06,91,2184,2026-06-08 00:00,2026-09-06 23:00,0,empty_in_tested_window,200,application/json; charset=utf-8,2026-09-11T09:37:41.401736Z,172666,479cdf39a77d2aada458479065426e15e08c09ea339f59bef3e39909f87ebc08,bodies/11688849_2026-06-08_2026-09-06_a1.body,receipts/11688849_2026-06-08_2026-09-06_a1.reused.json,reused,11688849_2026-06-08_2026-09-06_a1,https://api-v3.thaiwater.net/api/v1/thaiwater30/public/waterlevel_graph?station_type=tele_waterlevel&station_id=11688849&start_date=2026-06-08&end_date=2026-09-06,th_agency_12,unknown
11688849,discharge_reported,discharge,2026-06-08,2026-09-06,91,2184,2026-06-08 00:00,2026-09-06 23:00,0,empty_in_tested_window,200,application/json; charset=utf-8,2026-09-11T09:37:41.401736Z,172666,479cdf39a77d2aada458479065426e15e08c09ea339f59bef3e39909f87ebc08,bodies/11688849_2026-06-08_2026-09-06_a1.body,receipts/11688849_2026-06-08_2026-09-06_a1.reused.json,reused,11688849_2026-06-08_2026-09-06_a1,https://api-v3.thaiwater.net/api/v1/thaiwater30/public/waterlevel_graph?station_type=tele_waterlevel&station_id=11688849&start_date=2026-06-08&end_date=2026-09-06,th_agency_12,unknown
11689002,stage_reported,value,2026-06-08,2026-09-06,91,2184,2026-06-08 00:00,2026-09-06 23:00,0,empty_in_tested_window,200,application/json; charset=utf-8,2026-09-11T09:37:43.205025Z,172666,0320f088e5745d5eb67c6ed84aaa5dbf74e2c83becb87933c44c86983aa1e0a6,bodies/11689002_2026-06-08_2026-09-06_a1.body,receipts/11689002_2026-06-08_2026-09-06_a1.reused.json,reused,11689002_2026-06-08_2026-09-06_a1,https://api-v3.thaiwater.net/api/v1/thaiwater30/public/waterlevel_graph?station_type=tele_waterlevel&station_id=11689002&start_date=2026-06-08&end_date=2026-09-06,th_agency_12,unknown
11689002,discharge_reported,discharge,2026-06-08,2026-09-06,91,2184,2026-06-08 00:00,2026-09-06 23:00,0,empty_in_tested_window,200,application/json; charset=utf-8,2026-09-11T09:37:43.205025Z,172666,0320f088e5745d5eb67c6ed84aaa5dbf74e2c83becb87933c44c86983aa1e0a6,bodies/11689002_2026-06-08_2026-09-06_a1.body,receipts/11689002_2026-06-08_2026-09-06_a1.reused.json,reused,11689002_2026-06-08_2026-09-06_a1,https://api-v3.thaiwater.net/api/v1/thaiwater30/public/waterlevel_graph?station_type=tele_waterlevel&station_id=11689002&start_date=2026-06-08&end_date=2026-09-06,th_agency_12,unknown
11689003,stage_reported,value,2026-06-08,2026-09-06,91,2184,2026-06-08 00:00,2026-09-06 23:00,0,empty_in_tested_window,200,application/json; charset=utf-8,2026-09-11T09:37:45.114631Z,172666,cc79385eb045854769f22d50dc65a6ee7f9d59455daf7288c50a3dc122d7dc96,bodies/11689003_2026-06-08_2026-09-06_a1.body,receipts/11689003_2026-06-08_2026-09-06_a1.reused.json,reused,11689003_2026-06-08_2026-09-06_a1,https://api-v3.thaiwater.net/api/v1/thaiwater30/public/waterlevel_graph?station_type=tele_waterlevel&station_id=11689003&start_date=2026-06-08&end_date=2026-09-06,th_agency_12,unknown
11689003,discharge_reported,discharge,2026-06-08,2026-09-06,91,2184,2026-06-08 00:00,2026-09-06 23:00,0,empty_in_tested_window,200,application/json; charset=utf-8,2026-09-11T09:37:45.114631Z,172666,cc79385eb045854769f22d50dc65a6ee7f9d59455daf7288c50a3dc122d7dc96,bodies/11689003_2026-06-08_2026-09-06_a1.body,receipts/11689003_2026-06-08_2026-09-06_a1.reused.json,reused,11689003_2026-06-08_2026-09-06_a1,https://api-v3.thaiwater.net/api/v1/thaiwater30/public/waterlevel_graph?station_type=tele_waterlevel&station_id=11689003&start_date=2026-06-08&end_date=2026-09-06,th_agency_12,unknown
11689067,stage_reported,value,2026-06-08,2026-09-06,91,2184,2026-06-08 00:00,2026-09-06 23:00,0,empty_in_tested_window,200,application/json; charset=utf-8,2026-09-11T09:37:46.935155Z,172666,6101413d6b088885f390b27668b77a517845bd00a598d1561fdb9c18aea432b0,bodies/11689067_2026-06-08_2026-09-06_a1.body,receipts/11689067_2026-06-08_2026-09-06_a1.reused.json,reused,11689067_2026-06-08_2026-09-06_a1,https://api-v3.thaiwater.net/api/v1/thaiwater30/public/waterlevel_graph?station_type=tele_waterlevel&station_id=11689067&start_date=2026-06-08&end_date=2026-09-06,th_agency_12,unknown
11689067,discharge_reported,discharge,2026-06-08,2026-09-06,91,2184,2026-06-08 00:00,2026-09-06 23:00,0,empty_in_tested_window,200,application/json; charset=utf-8,2026-09-11T09:37:46.935155Z,172666,6101413d6b088885f390b27668b77a517845bd00a598d1561fdb9c18aea432b0,bodies/11689067_2026-06-08_2026-09-06_a1.body,receipts/11689067_2026-06-08_2026-09-06_a1.reused.json,reused,11689067_2026-06-08_2026-09-06_a1,https://api-v3.thaiwater.net/api/v1/thaiwater30/public/waterlevel_graph?station_type=tele_waterlevel&station_id=11689067&start_date=2026-06-08&end_date=2026-09-06,th_agency_12,unknown
11689072,stage_reported,value,2026-06-08,2026-09-06,91,2184,2026-06-08 00:00,2026-09-06 23:00,0,empty_in_tested_window,200,application/json; charset=utf-8,2026-09-11T09:37:48.664864Z,172666,0c3420f2309859acc6e72042b153dd9b7abf1da6624f44747a0eef18263e3497,bodies/11689072_2026-06-08_2026-09-06_a1.body,receipts/11689072_2026-06-08_2026-09-06_a1.reused.json,reused,11689072_2026-06-08_2026-09-06_a1,https://api-v3.thaiwater.net/api/v1/thaiwater30/public/waterlevel_graph?station_type=tele_waterlevel&station_id=11689072&start_date=2026-06-08&end_date=2026-09-06,th_agency_12,unknown
11689072,discharge_reported,discharge,2026-06-08,2026-09-06,91,2184,2026-06-08 00:00,2026-09-06 23:00,0,empty_in_tested_window,200,application/json; charset=utf-8,2026-09-11T09:37:48.664864Z,172666,0c3420f2309859acc6e72042b153dd9b7abf1da6624f44747a0eef18263e3497,bodies/11689072_2026-06-08_2026-09-06_a1.body,receipts/11689072_2026-06-08_2026-09-06_a1.reused.json,reused,11689072_2026-06-08_2026-09-06_a1,https://api-v3.thaiwater.net/api/v1/thaiwater30/public/waterlevel_graph?station_type=tele_waterlevel&station_id=11689072&start_date=2026-06-08&end_date=2026-09-06,th_agency_12,unknown
11689150,stage_reported,value,2026-06-08,2026-09-06,91,2184,2026-06-08 00:00,2026-09-06 23:00,0,empty_in_tested_window,200,application/json; charset=utf-8,2026-09-11T09:37:50.484260Z,172666,e812e1671d5eae3b951409425152c114ca6ff4ec3aa04ca83072128ffc23dfeb,bodies/11689150_2026-06-08_2026-09-06_a1.body,receipts/11689150_2026-06-08_2026-09-06_a1.reused.json,reused,11689150_2026-06-08_2026-09-06_a1,https://api-v3.thaiwater.net/api/v1/thaiwater30/public/waterlevel_graph?station_type=tele_waterlevel&station_id=11689150&start_date=2026-06-08&end_date=2026-09-06,th_agency_12,unknown
11689150,discharge_reported,discharge,2026-06-08,2026-09-06,91,2184,2026-06-08 00:00,2026-09-06 23:00,0,empty_in_tested_window,200,application/json; charset=utf-8,2026-09-11T09:37:50.484260Z,172666,e812e1671d5eae3b951409425152c114ca6ff4ec3aa04ca83072128ffc23dfeb,bodies/11689150_2026-06-08_2026-09-06_a1.body,receipts/11689150_2026-06-08_2026-09-06_a1.reused.json,reused,11689150_2026-06-08_2026-09-06_a1,https://api-v3.thaiwater.net/api/v1/thaiwater30/public/waterlevel_graph?station_type=tele_waterlevel&station_id=11689150&start_date=2026-06-08&end_date=2026-09-06,th_agency_12,unknown
