station_id,name_th,name_en,river_name,agency_en,basin_en,waterlevel_datetime,discharge_state,waterlevel_m_state,waterlevel_msl_state,waterlevel_msl_previous_state,flow_rate_state,storage_percent_state,diff_wl_bank_state
1,คลองลาดพร้าว วัดบางบัว,Klong Ladprao Bang Bua Temple,คลองบางบัว,Hydro – Informatics Institute (Public Organization),Chao Phraya Basin,2026-09-07 21:50,null,null,value,value,null,value,value
3,คลองลำปลาทิว ลาดกระบัง,Krung Thep 9,คลองลำปลาทิว,Hydro – Informatics Institute (Public Organization),Bang Pakong Basin,2026-09-07 21:50,null,null,value,value,null,value,value
4,สะพานกรุงเทพ,Chao Phraya 15,แม่น้ำเจ้าพระยา,Hydro – Informatics Institute (Public Organization),Chao Phraya Basin,2026-09-07 21:50,null,null,value,value,null,value,value
5,คลองมหาสวัสดิ บางกรวย-สวนผัก,Krung Thep 3,คลองมหาสวัสดิ์,Hydro – Informatics Institute (Public Organization),Chao Phraya Basin,2026-09-07 21:40,null,null,value,value,null,value,value
8,คลองลาดพร้าว ปากคลอง2สายใต้,Klong Ladprao Klong 2 Sai Tai,คลองหกวา,Hydro – Informatics Institute (Public Organization),Bang Pakong Basin,2026-09-07 21:50,null,null,value,value,null,value,value
10,คลองภาษีเจริญ เพชรเกษม69,Krung Thep 5,คลองภาษีเจริญ,Hydro – Informatics Institute (Public Organization),Chao Phraya Basin,2026-09-07 21:50,null,null,value,value,null,value,value
11,คลองลาดพร้าว ท้ายปตร.คลอง2,Krung Thep 1,คลองหกวา,Hydro – Informatics Institute (Public Organization),Chao Phraya Basin,2026-09-07 21:50,null,null,value,value,null,value,value
21,คลองจระเข้ใหญ่ บางเสาธง (วัดศรีวารีน้อย),Sri Varee Noi Temple,คลองหัวตะเข้,Hydro – Informatics Institute (Public Organization),Bang Pakong Basin,2026-09-07 21:50,null,null,value,value,null,value,value
24,คลองพระพิมล (ไทรน้อย),Phra Pimol Sai Noi,คลองพระพิมล,Hydro – Informatics Institute (Public Organization),Chao Phraya Basin,2026-09-07 21:50,null,null,value,value,null,value,value
26,สะพานนวลฉวี,Chao Phraya 14,แม่น้ำเจ้าพระยา,Hydro – Informatics Institute (Public Organization),Chao Phraya Basin,2026-09-07 21:50,null,null,value,value,null,value,value
27,คลองเปรมประชากร หลักหก,Krung Thep 2,คลองเปรมประชากร,Hydro – Informatics Institute (Public Organization),Chao Phraya Basin,2026-09-07 21:50,null,null,value,value,null,value,value
29,คลองระพีพัฒน์แยกตก,Rabibadhana West Section,คลองระพีพัฒน์แยกตก,Hydro – Informatics Institute (Public Organization),Chao Phraya Basin,2026-09-07 21:50,null,null,value,value,null,value,value
36,คลองระพีพัฒน์แยกใต้ หนองเสือ,Rabibadhana Nong Suea,คลองลาดผักขวง,Hydro – Informatics Institute (Public Organization),Chao Phraya Basin,2026-09-07 21:50,null,null,value,value,null,value,value
37,คลองหกวา ลำลูกกา คลอง8,Lam Luk Ka Klong8,คลองหกวา,Hydro – Informatics Institute (Public Organization),Bang Pakong Basin,2026-09-07 21:50,null,null,value,value,null,value,value
39,พระนครศรีอยุธยา,Chao Phraya 11,แม่น้ำเจ้าพระยา,Hydro – Informatics Institute (Public Organization),Chao Phraya Basin,2026-09-07 21:50,null,null,value,value,null,value,value
40,ท่าเรือ,Pa Sak 8,แม่น้ำป่าสัก,Hydro – Informatics Institute (Public Organization),Pasak Basin,2026-09-07 21:50,null,null,value,value,null,value,value
44,นครหลวง,Pa Sak 9,แม่น้ำป่าสัก,Hydro – Informatics Institute (Public Organization),Pasak Basin,2026-09-07 21:50,null,null,value,value,null,value,value
47,คลองบางบาล,Chao Phraya 10,คลองบางบาล,Hydro – Informatics Institute (Public Organization),Chao Phraya Basin,2026-09-07 21:50,null,null,value,value,null,value,value
48,คลองบางหลวง,Chao Phraya 9,แม่น้ำน้อย,Hydro – Informatics Institute (Public Organization),Chao Phraya Basin,2026-09-07 21:50,null,null,value,value,null,value,value
49,บางปะอิน,Chao Phraya 12,แม่น้ำเจ้าพระยา,Hydro – Informatics Institute (Public Organization),Chao Phraya Basin,2026-09-07 21:50,null,null,value,value,null,value,value
50,บางปะหัน,Lop Buri 1,แม่น้ำลพบุรี,Hydro – Informatics Institute (Public Organization),Chao Phraya Basin,2026-09-07 21:50,null,null,value,value,null,value,value
54,คลองพระยาบรรลือ,Chao Phraya 16,คลองพระยาบรรลือ,Hydro – Informatics Institute (Public Organization),Chao Phraya Basin,2026-09-07 21:50,null,null,value,value,null,value,value
57,เสนา,Sena,แม่น้ำน้อย,Hydro – Informatics Institute (Public Organization),Chao Phraya Basin,2026-09-07 21:50,null,null,value,value,null,value,value
58,เมืองอ่างทอง,Chao Phraya 8,แม่น้ำเจ้าพระยา,Hydro – Informatics Institute (Public Organization),Chao Phraya Basin,2026-09-07 21:50,null,null,value,value,null,value,value
61,เมืองลพบุรี,Lop Buri 2,แม่น้ำลพบุรี,Hydro – Informatics Institute (Public Organization),Chao Phraya Basin,2026-09-07 21:50,null,null,value,value,null,value,value
68,พรหมบุรี,Chao Phraya 7,แม่น้ำเจ้าพระยา,Hydro – Informatics Institute (Public Organization),Chao Phraya Basin,2026-09-07 21:50,null,null,value,value,null,value,value
71,อินทร์บุรี,Chao Phraya 6,แม่น้ำเจ้าพระยา,Hydro – Informatics Institute (Public Organization),Chao Phraya Basin,2026-09-07 21:50,null,null,value,value,null,value,value
79,สะพานคง-ศุข ศรีสวัสดิ์,Tha Chin 1,แม่น้ำท่าจีน,Hydro – Informatics Institute (Public Organization),Chao Phraya Basin,2026-09-07 21:50,null,null,value,value,null,value,value
80,สะพานธรรมจักร(วัดธรรมามูล),Chao Phraya 4,แม่น้ำเจ้าพระยา,Hydro – Informatics Institute (Public Organization),Chao Phraya Basin,2026-09-07 21:50,null,null,value,value,null,value,value
83,ปตร.มโนรมย์,Chao Phraya 3,แม่น้ำเจ้าพระยา,Hydro – Informatics Institute (Public Organization),Chao Phraya Basin,2026-09-07 21:50,null,null,value,value,null,value,value
89,สรรพยา,Chao Phraya 5,แม่น้ำเจ้าพระยา,Hydro – Informatics Institute (Public Organization),Chao Phraya Basin,2026-09-07 21:50,null,null,value,value,null,value,value
115,เมืองแกลง,Mueang Klaeng,แม่น้ำประแสร์,Hydro – Informatics Institute (Public Organization),East Coast Gulf Basin,2026-09-07 21:50,null,null,value,value,null,value,value
118,หนองบัว,Nong Bua,คลองใหญ่,Hydro – Informatics Institute (Public Organization),East Coast Gulf Basin,2026-09-07 21:50,null,null,value,value,null,value,value
120,เมืองจันทบุรี,Chanthaburi 1,คลองจันทบุรี,Hydro – Informatics Institute (Public Organization),East Coast Gulf Basin,2026-09-07 21:50,null,null,value,value,null,value,value
128,แก่งหางแมว,Kaeng Hang Maeo,คลองโตนด,Hydro – Informatics Institute (Public Organization),East Coast Gulf Basin,2026-09-07 21:50,null,null,value,value,null,value,value
131,นายายอาม,Na Yai Am,คลองวังโตนด,Hydro – Informatics Institute (Public Organization),East Coast Gulf Basin,2026-09-07 21:50,null,null,value,value,null,value,value
136,วังกระแจะ,Trat 3,แม่น้ำตราด,Hydro – Informatics Institute (Public Organization),East Coast Gulf Basin,2026-09-07 21:50,null,null,value,value,null,value,value
137,เมืองตราด,Trat 1,แม่น้ำเขาสมิง,Hydro – Informatics Institute (Public Organization),East Coast Gulf Basin,2026-09-07 21:50,null,null,value,value,null,value,value
138,ห้วยแร้ง,Trat 2,คลองห้วยแร้ง,Hydro – Informatics Institute (Public Organization),East Coast Gulf Basin,2026-09-07 21:50,null,null,value,value,null,value,value
149,ปากคลองพระองค์เจ้าฯ (บางน้ำเปรี้ยว),Bang Nam Priao,คลองพระองค์เจ้าไชยานุชิต,Hydro – Informatics Institute (Public Organization),Bang Pakong Basin,2026-09-07 21:50,null,null,value,value,null,value,value
151,บางน้ำเปรี้ยว,Bang Nam Priao,แม่น้ำบางปะกง,Hydro – Informatics Institute (Public Organization),Bang Pakong Basin,2026-09-07 21:50,null,null,value,value,null,value,value
154,บางปะกง,Bangpakong 1,แม่น้ำบางปะกง,Hydro – Informatics Institute (Public Organization),Bang Pakong Basin,2026-09-07 21:50,null,null,value,value,null,value,value
156,พนมสารคาม,Phanom Sarakham,คลองท่าลาด,Hydro – Informatics Institute (Public Organization),Bang Pakong Basin,2026-09-07 21:50,null,null,value,value,null,value,value
160,เมืองปราจีนบุรี,Prachinburi 2,แม่น้ำบางปะกง,Hydro – Informatics Institute (Public Organization),Bang Pakong Basin,2026-09-07 21:50,null,null,value,value,null,value,value
162,กบินทร์บุรี,Prachinburi 1,แม่น้ำบางปะกง,Hydro – Informatics Institute (Public Organization),Bang Pakong Basin,2026-09-07 21:50,null,null,value,value,null,value,value
165,นาดี,Na Di,แควหนุมาน,Hydro – Informatics Institute (Public Organization),Bang Pakong Basin,2026-09-07 21:50,null,null,value,value,null,value,value
169,ประจันตคาม (KGT7A),Prachinburi 4,คลองอินทร์ไตร,Hydro – Informatics Institute (Public Organization),Bang Pakong Basin,2026-09-07 21:50,null,null,value,value,null,value,value
170,ศรีมหาโพธิ (KGT6),Prachinburi 5,แม่น้ำบางปะกง,Hydro – Informatics Institute (Public Organization),Bang Pakong Basin,2026-09-07 21:50,null,null,value,value,null,value,value
175,สะพานเขานางบวช,Khao Nang Buat Bridge,แม่น้ำนครนายก,Hydro – Informatics Institute (Public Organization),Bang Pakong Basin,2026-09-07 21:50,null,null,value,value,null,value,value
189,องครักษ์,Ongkharak,แม่น้ำนครนายก,Hydro – Informatics Institute (Public Organization),Bang Pakong Basin,2026-09-07 21:50,null,null,value,value,null,value,value
190,คลองพระปรง,Klong Pra Prong,คลองพระปรง,Hydro – Informatics Institute (Public Organization),Bang Pakong Basin,2026-09-07 21:50,null,null,value,value,null,value,value
192,ตาพระยา,Ta Phraya,ห้วยยาง,Hydro – Informatics Institute (Public Organization),Tonle Sap Basin,2026-09-07 21:50,null,null,value,value,null,value,value
200,คลองพรหมโหด,Klong Prom Hod,ห้วยพรมโหด,Hydro – Informatics Institute (Public Organization),Tonle Sap Basin,2026-09-07 21:50,null,null,value,value,null,value,value
218,ชุมพวง,Mun 3,ลำปลายมาศ,Hydro – Informatics Institute (Public Organization),Mun Basin,2026-09-07 21:50,null,null,value,value,null,value,value
228,เฉลิมพระเกียรติ,Mun 2,แม่น้ำมูล,Hydro – Informatics Institute (Public Organization),Mun Basin,2026-09-07 21:50,null,null,value,value,null,value,value
236,ประโคนชัย,Mun 12,ลำชี,Hydro – Informatics Institute (Public Organization),Mun Basin,2026-09-07 21:00,null,null,value,value,null,value,value
238,สตึก,Mun 14,แม่น้ำมูล,Hydro – Informatics Institute (Public Organization),Mun Basin,2026-09-07 21:50,null,null,value,value,null,value,value
245,เมืองสุรินทร์,Mun 9,ลำชี,Hydro – Informatics Institute (Public Organization),Mun Basin,2026-09-07 21:50,null,null,value,value,null,value,value
255,เมืองศรีสะเกษ,Mueang Sisaket,ห้วยสำราญ,Hydro – Informatics Institute (Public Organization),Mun Basin,2026-09-07 21:50,null,null,value,value,null,value,value
262,ราษีไศล,Mun 5,แม่น้ำมูล,Hydro – Informatics Institute (Public Organization),Mun Basin,2026-09-07 21:50,null,null,value,value,null,value,value
269,เขื่องใน,Chi 11,แม่น้ำชี,Hydro – Informatics Institute (Public Organization),Chi Basin Basin,2026-09-07 21:50,null,null,value,value,null,value,value
281,พิบูลมังสาหาร,Mun 11,แม่น้ำมูล,Hydro – Informatics Institute (Public Organization),Mun Basin,2026-09-07 21:50,null,null,value,value,null,value,value
296,เมืองชัยภูมิ,Chi 3,แม่น้ำชี,Hydro – Informatics Institute (Public Organization),Chi Basin Basin,2026-09-07 21:50,null,null,value,value,null,value,value
298,บ้านเขว้า,Chi 1,แม่น้ำชี,Hydro – Informatics Institute (Public Organization),Chi Basin Basin,2026-09-07 21:50,null,null,value,value,null,value,value
315,สุวรรณคูหา,Khong 3,ห้วยโค่โล่,Hydro – Informatics Institute (Public Organization),Northeast Khong Basin,2026-09-07 21:50,null,null,value,value,null,value,value
319,สะพานฉลองขอนแก่น 200 ปี,Mueang Khon Kaen,ลำน้ำพอง,Hydro – Informatics Institute (Public Organization),Chi Basin Basin,2026-09-07 21:50,null,null,value,value,null,value,value
330,ชนบท,Chi 5,แม่น้ำชี,Hydro – Informatics Institute (Public Organization),Chi Basin Basin,2026-09-07 21:50,null,null,value,value,null,value,value
333,เมืองขอนแก่น,Chi 6,แม่น้ำชี,Hydro – Informatics Institute (Public Organization),Chi Basin Basin,2026-09-07 21:50,null,null,value,value,null,value,value
335,เมืองอุดรธานี,Khong 4,ห้วยหลวง,Hydro – Informatics Institute (Public Organization),Northeast Khong Basin,2026-09-07 21:50,null,null,value,value,null,value,value
342,เมืองเลย,Khong 2,แม่น้ำเลย,Hydro – Informatics Institute (Public Organization),Northeast Khong Basin,2026-09-07 21:50,null,null,value,value,null,value,value
348,วังสะพุง,Khong 1,แม่น้ำเลย,Hydro – Informatics Institute (Public Organization),Northeast Khong Basin,2026-09-07 21:50,null,null,value,value,null,value,value
358,เมืองมหาสารคาม,Mueang Maha Sarakham,แม่น้ำชี,Hydro – Informatics Institute (Public Organization),Chi Basin Basin,2026-09-07 21:50,null,null,value,value,null,value,value
380,ยางตลาด,Yang Talad,ลำพาน,Hydro – Informatics Institute (Public Organization),Chi Basin Basin,2026-09-07 21:40,null,null,value,value,null,value,value
395,สะพานนาทม,Nathom Bridge,แม่น้ำสงคราม,Hydro – Informatics Institute (Public Organization),Northeast Khong Basin,2026-09-07 21:50,null,null,value,value,null,value,value
396,สว่างแดนดิน,Sawang Daen Din,แม่น้ำสงคราม,Hydro – Informatics Institute (Public Organization),Northeast Khong Basin,2026-09-07 21:50,null,null,value,value,null,value,value
405,ศรีสงคราม,Sri Songkram,แม่น้ำสงคราม,Hydro – Informatics Institute (Public Organization),Northeast Khong Basin,2026-09-07 21:50,null,null,value,value,null,value,value
414,เชียงดาว,Chiang Mai 4,แม่น้ำปิง,Hydro – Informatics Institute (Public Organization),Ping Basin,2026-09-07 21:50,null,null,value,value,null,value,value
418,แม่แตง,Chiang Mai 5,แม่น้ำแม่แตง,Hydro – Informatics Institute (Public Organization),Ping Basin,2026-09-07 21:50,null,null,value,value,null,value,value
422,ฝาง,Chiang Mai 7,น้ำฝาง,Hydro – Informatics Institute (Public Organization),North Khong Basin,2026-09-07 21:50,null,null,value,value,null,value,value
424,แม่อาย,Chiang Mai 3,แม่น้ำกก,Hydro – Informatics Institute (Public Organization),North Khong Basin,2026-09-07 21:50,null,null,value,value,null,value,value
427,สะพานโยธาอำนวยพัฒนา,Civil Bridge,น้ำแม่ขาน,Hydro – Informatics Institute (Public Organization),Ping Basin,2026-09-07 21:50,null,null,value,value,null,value,value
430,สันทราย,Chiang Mai 1,แม่น้ำปิง,Hydro – Informatics Institute (Public Organization),Ping Basin,2026-09-07 21:50,null,null,value,value,null,value,value
434,ฮอด,Chiang Mai 2,แม่น้ำปิง,Hydro – Informatics Institute (Public Organization),Ping Basin,2026-09-07 21:50,null,null,value,value,null,value,value
454,เกาะคา,Wang 4,แม่น้ำวัง,Hydro – Informatics Institute (Public Organization),Wang Basin,2026-09-07 21:50,null,null,value,value,null,value,value
463,เถิน,Wang 3,แม่น้ำวัง,Hydro – Informatics Institute (Public Organization),Wang Basin,2026-09-07 21:50,null,null,value,value,null,value,value
464,แม่พริก,Wang 2,แม่น้ำวัง,Hydro – Informatics Institute (Public Organization),Wang Basin,2026-09-07 21:50,null,null,value,value,null,value,value
472,เมืองอุตรดิตถ์,Nan 11,แม่น้ำน่าน,Hydro – Informatics Institute (Public Organization),Nan Basin,2026-09-07 21:50,null,null,value,value,null,value,value
475,ตรอน,NAN 14,แม่น้ำน่าน,Hydro – Informatics Institute (Public Organization),Nan Basin,2026-09-07 21:50,null,null,value,value,null,value,value
478,น้ำปาด,Nan 10,น้ำปาด,Hydro – Informatics Institute (Public Organization),Nan Basin,2026-09-07 21:50,null,null,value,value,null,value,value
482,พิชัย,Nan 4,แม่น้ำน่าน,Hydro – Informatics Institute (Public Organization),Nan Basin,2026-09-07 21:50,null,null,value,value,null,value,value
483,คลองผันน้ำยม-น่าน3,Yom-Nan 3,คลองละมุง,Hydro – Informatics Institute (Public Organization),Nan Basin,2026-09-07 21:50,null,null,value,value,null,value,value
489,เมืองแพร่,Yom 10,แม่น้ำยม,Hydro – Informatics Institute (Public Organization),Yom Basin,2026-09-07 21:50,null,null,value,value,null,value,value
493,เด่นชัย,Yom 4,แม่น้ำยม,Hydro – Informatics Institute (Public Organization),Yom Basin,2026-09-07 21:50,null,null,value,value,null,value,value
499,หนองม่วงไข่,Yom 3,แม่น้ำยม,Hydro – Informatics Institute (Public Organization),Yom Basin,2026-09-07 21:50,null,null,value,value,null,value,value
510,ท่าวังผา,Nan 1,แม่น้ำน่าน,Hydro – Informatics Institute (Public Organization),Nan Basin,2026-09-07 21:50,null,null,value,value,null,value,value
512,เวียงสา,Wieng Sa,แม่น้ำน่าน,Hydro – Informatics Institute (Public Organization),Nan Basin,2026-09-07 21:50,null,null,value,value,null,value,value
522,ภูเพียง,Nan 2,แม่น้ำน่าน,Hydro – Informatics Institute (Public Organization),Nan Basin,2026-09-07 21:50,null,null,value,value,null,value,value
523,เมืองน่าน,Nan 3,แม่น้ำน่าน,Hydro – Informatics Institute (Public Organization),Nan Basin,2026-09-07 21:50,null,null,value,value,null,value,value
526,ท้ายกว๊านพะเยา,Kwan Phayao,น้ำแม่ต๋ำ,Hydro – Informatics Institute (Public Organization),North Khong Basin,2026-09-07 21:50,null,null,value,value,null,value,value
537,เมืองเชียงราย,Chaing Rai 1,น้ำแม่ลาว,Hydro – Informatics Institute (Public Organization),North Khong Basin,2026-09-07 21:50,null,null,value,value,null,value,value
542,เทิง,Chaing Rai 2,แม่น้ำอิง,Hydro – Informatics Institute (Public Organization),North Khong Basin,2026-09-07 21:50,null,null,value,value,null,value,value
545,แม่จัน,Chaing Rai 3,น้ำแม่จัน,Hydro – Informatics Institute (Public Organization),North Khong Basin,2026-09-07 21:50,null,null,value,value,null,value,value
547,เชียงแสน,Chaing Rai 5,แม่น้ำกก,Hydro – Informatics Institute (Public Organization),North Khong Basin,2026-09-07 21:50,null,null,value,value,null,value,value
550,แม่สรวย,Chaing Rai 4,น้ำแม่ลาว,Hydro – Informatics Institute (Public Organization),North Khong Basin,2026-09-07 21:50,null,null,value,value,null,value,value
560,เมืองแม่ฮ่องสอน,Pai 1,แม่น้ำปาย,Hydro – Informatics Institute (Public Organization),Salawin Basin,2026-09-07 21:50,null,null,value,value,null,value,value
568,สะพานเดชาติวงศ์,Chao Phraya 1,แม่น้ำเจ้าพระยา,Hydro – Informatics Institute (Public Organization),Chao Phraya Basin,2026-09-07 21:50,null,null,value,value,null,value,value
573,ชุมแสง,Nan 8,แม่น้ำน่าน,Hydro – Informatics Institute (Public Organization),Nan Basin,2026-09-07 21:50,null,null,value,value,null,value,value
577,เก้าเลี้ยว,Ping 5,แม่น้ำปิง,Hydro – Informatics Institute (Public Organization),Ping Basin,2026-09-07 21:50,null,null,value,value,null,value,value
584,พยุหะคีรี,Chao Phraya 2,แม่น้ำเจ้าพระยา,Hydro – Informatics Institute (Public Organization),Chao Phraya Basin,2026-09-07 21:50,null,null,value,value,null,value,value
587,คลองกลาง,Sakae Krang 7,คลองตะกวด,Hydro – Informatics Institute (Public Organization),Sakae Krang Basin,2026-09-07 21:50,null,null,value,value,null,value,value
592,สะพานแม่เล่ย์,Sakae Krang 4,คลองห้วยทราย,Hydro – Informatics Institute (Public Organization),Sakae Krang Basin,2026-09-07 21:50,null,null,value,value,null,value,value
595,เมืองอุทัยธานี,Sakae Krang 2,แม่น้ำสะแกกรัง,Hydro – Informatics Institute (Public Organization),Sakae Krang Basin,2026-09-01 07:30,null,null,value,value,null,value,value
609,เมืองกำแพงเพชร (P7A),Mueang Kamphaeng Phet (P7A),แม่น้ำปิง,Hydro – Informatics Institute (Public Organization),Ping Basin,2026-09-07 21:50,null,null,value,value,null,value,value
610,สะพานลานดอกไม้,Ping 3,แม่น้ำปิง,Hydro – Informatics Institute (Public Organization),Ping Basin,2026-09-07 21:50,null,null,value,value,null,value,value
611,ท่อทองแดง1,Tor Thong Daeng1,คลองหนองเต่า,Hydro – Informatics Institute (Public Organization),Ping Basin,2026-09-07 21:50,null,null,value,value,null,value,value
616,ขาณุวรลักษบุรี,Ping 4,แม่น้ำปิง,Hydro – Informatics Institute (Public Organization),Ping Basin,2026-09-07 21:50,null,null,value,value,null,value,value
618,สะพานแม่วงก์,Maewong Bridge,แม่น้ำแม่วงก์,Hydro – Informatics Institute (Public Organization),Sakae Krang Basin,2026-09-07 21:50,null,null,value,value,null,value,value
619,สะพานต้นน้ำ (เกาะแก้ว-ตลิ่งสูง),Ton num Bridge,แม่น้ำแม่วงก์,Hydro – Informatics Institute (Public Organization),Sakae Krang Basin,2026-09-07 21:50,null,null,value,value,null,value,value
628,บ้านตาก,Ping 1,แม่น้ำปิง,Hydro – Informatics Institute (Public Organization),Ping Basin,2026-09-07 21:50,null,null,value,value,null,value,value
630,สามเงา,Wang 1,แม่น้ำวัง,Hydro – Informatics Institute (Public Organization),Wang Basin,2026-09-07 21:50,null,null,value,value,null,value,value
638,เมืองตาก,Ping 2,แม่น้ำปิง,Hydro – Informatics Institute (Public Organization),Ping Basin,2026-09-07 21:50,null,null,value,value,null,value,value
640,เมืองสุโขทัย,Yom 12,แม่น้ำยม,Hydro – Informatics Institute (Public Organization),Yom Basin,2026-09-05 19:50,null,null,value,value,null,value,value
645,กงไกรลาศ,Yom 7,แม่น้ำยม,Hydro – Informatics Institute (Public Organization),Yom Basin,2026-09-07 21:50,null,null,value,value,null,value,value
647,ศรีสัชนาลัย,Yom 5,แม่น้ำยม,Hydro – Informatics Institute (Public Organization),Yom Basin,2026-09-07 21:50,null,null,value,value,null,value,value
653,สวรรคโลก,Yom 6,แม่น้ำยม,Hydro – Informatics Institute (Public Organization),Yom Basin,2026-09-07 21:50,null,null,value,value,null,value,value
657,เมืองพิษณุโลก,Nan 12,แม่น้ำน่าน,Hydro – Informatics Institute (Public Organization),Nan Basin,2026-09-07 21:50,null,null,value,value,null,value,value
658,คลองผันน้ำยม-น่าน4,Yom-Nan4,แม่น้ำน่าน,Hydro – Informatics Institute (Public Organization),Yom Basin,2026-09-07 21:50,null,null,value,value,null,value,value
661,นครไทย,Nakhon Thai,น้ำแควน้อย,Hydro – Informatics Institute (Public Organization),Nan Basin,2026-09-07 21:50,null,null,value,value,null,value,value
664,บางระกำ,Yom 8,แม่น้ำยม,Hydro – Informatics Institute (Public Organization),Yom Basin,2026-09-07 21:50,null,null,value,value,null,value,value
665,ชุมแสงสงคราม,Chum Saeng Songkhram Communuty,แม่น้ำยม,Hydro – Informatics Institute (Public Organization),Yom Basin,2026-09-07 21:50,null,null,value,value,null,value,value
667,บางกระทุ่ม,Nan 6,แม่น้ำน่าน,Hydro – Informatics Institute (Public Organization),Nan Basin,2026-09-07 21:50,null,null,value,value,null,value,value
668,สะพานนครป่าหมากร่วมใจ,Nakhon Pa Mak Ruamjai Bridge,คลองโกรงเกรง,Hydro – Informatics Institute (Public Organization),Nan Basin,2026-09-07 21:50,null,null,value,value,null,value,value
671,คลองผันน้ำยม-น่าน2,Yom-Nan2,คลองเมม,Hydro – Informatics Institute (Public Organization),Yom Basin,2026-09-07 21:50,null,null,value,value,null,value,value
675,วังทอง,Nan 13,แม่น้ำวังทอง,Hydro – Informatics Institute (Public Organization),Nan Basin,2026-09-07 21:50,null,null,value,value,null,value,value
676,แม่น้ำเข็ก (ว้งทอง),Nan 5,น้ำเข็ก,Hydro – Informatics Institute (Public Organization),Nan Basin,2026-09-07 21:50,null,null,value,value,null,value,value
680,โพธิ์ประทับช้าง,Yom 9,แม่น้ำยม,Hydro – Informatics Institute (Public Organization),Yom Basin,2026-09-07 21:50,null,null,value,value,null,value,value
683,ตะพานหิน,Nan 7,แม่น้ำน่าน,Hydro – Informatics Institute (Public Organization),Nan Basin,2026-09-07 21:50,null,null,value,value,null,value,value
691,เมืองเพชรบูรณ์,Pa Sak 2,แม่น้ำป่าสัก,Hydro – Informatics Institute (Public Organization),Pasak Basin,2026-09-07 21:50,null,null,value,value,null,value,value
693,หล่มสัก,Pa Sak 1,แม่น้ำป่าสัก,Hydro – Informatics Institute (Public Organization),Pasak Basin,2026-09-07 21:50,null,null,value,value,null,value,value
700,หนองไผ่,Pa Sak 3,แม่น้ำป่าสัก,Hydro – Informatics Institute (Public Organization),Pasak Basin,2026-09-07 21:50,null,null,value,value,null,value,value
706,สวนผึ้ง,Ratchaburi 3,แม่น้ำภาชี,Hydro – Informatics Institute (Public Organization),Mae Klong Basin,2026-09-07 21:50,null,null,value,value,null,value,value
709,บ้านโป่ง,Ratchaburi 2,แม่น้ำแม่กลอง,Hydro – Informatics Institute (Public Organization),Mae Klong Basin,2026-09-07 21:50,null,null,value,value,null,value,value
710,โพธาราม,Ratchaburi 1,แม่น้ำแม่กลอง,Hydro – Informatics Institute (Public Organization),Mae Klong Basin,2026-09-07 21:50,null,null,value,value,null,value,value
714,เมืองกาญจนบุรี,Kanchanaburi 1,แม่น้ำแควใหญ่,Hydro – Informatics Institute (Public Organization),Mae Klong Basin,2026-09-07 21:50,null,null,value,value,null,value,value
717,ไทรโยค,Sai Yok,แม่น้ำแควน้อย,Hydro – Informatics Institute (Public Organization),Mae Klong Basin,2026-09-07 21:50,null,null,value,value,null,value,value
731,เมืองสุพรรณบุรี,Tha Chin 5,แม่น้ำสุพรรณ,Hydro – Informatics Institute (Public Organization),Tha Chin Basin,2026-09-07 21:50,null,null,value,value,null,value,value
734,ด่านช้าง,Tha Chin 3,ห้วยกระเสียว,Hydro – Informatics Institute (Public Organization),Tha Chin Basin,2026-09-07 21:50,null,null,value,value,null,value,value
736,สองพี่น้อง,Song Phi Nong,คลองสองพี่น้อง,Hydro – Informatics Institute (Public Organization),Tha Chin Basin,2026-09-07 21:50,null,null,value,value,null,value,value
737,วัดท่าเจดีย์ (TTC06),Tha Chedi Temple (TTC06),แม่น้ำท่าจีน,Hydro – Informatics Institute (Public Organization),Tha Chin Basin,2026-09-07 21:50,null,null,value,value,null,value,value
738,สามชุก,Tha Chin 4,แม่น้ำท่าจีน,Hydro – Informatics Institute (Public Organization),Tha Chin Basin,2026-09-07 21:50,null,null,value,value,null,value,value
745,บางเลน,Tha Chin 7,แม่น้ำท่าจีน,Hydro – Informatics Institute (Public Organization),Tha Chin Basin,2026-09-07 21:50,null,null,value,value,null,value,value
747,คลองนราภิรมย์ (บางเลน),Khlong Narapirom,คลองนราภิรมย์,Hydro – Informatics Institute (Public Organization),Chao Phraya Basin,2026-09-07 21:50,null,null,value,value,null,value,value
748,สะพานนครชัยศรี,Nakhon Chai Si Bridge,แม่น้ำท่าจีน,Hydro – Informatics Institute (Public Organization),Tha Chin Basin,2026-09-07 21:50,null,null,value,value,null,value,value
749,ศาลาดิน,Saladin Communuty,คลองหม่อมเจ้าเฉลิมศรี,Hydro – Informatics Institute (Public Organization),Tha Chin Basin,2026-09-07 21:50,null,null,value,value,null,value,value
750,เมืองสมุทรสาคร,Tha Chin 9,แม่น้ำท่าจีน,Hydro – Informatics Institute (Public Organization),Tha Chin Basin,2026-09-07 21:50,null,null,value,value,null,value,value
751,คลองมหาชัย วัดพันท้ายนรสิงห์,Krung Thep 6,คลองสนามชัย,Hydro – Informatics Institute (Public Organization),Tha Chin Basin,2026-09-07 21:50,null,null,value,value,null,value,value
754,บ้านแพ้ว,Ban Paew,คลองดำเนินสะดวก,Hydro – Informatics Institute (Public Organization),Mae Klong Basin,2026-09-07 21:50,null,null,value,value,null,value,value
755,พระรามสอง,Phra Ram 2,แม่น้ำแม่กลอง,Hydro – Informatics Institute (Public Organization),Mae Klong Basin,2026-09-07 21:50,null,null,value,value,null,value,value
758,เมืองเพชรบุรี,Petch Buri 1,แม่น้ำเพชรบุรี,Hydro – Informatics Institute (Public Organization),Phetchaburi - Prachuap Khiri Khan Basin,2026-09-07 21:50,null,null,value,value,null,value,value
770,บางตะบูนและบางตะบูนออก,Bang Taboon and East Bang Taboon,คลองบางตะบูน,Hydro – Informatics Institute (Public Organization),Phetchaburi - Prachuap Khiri Khan Basin,2026-09-07 21:50,null,null,value,value,null,value,value
772,แก่งกระจาน,Petch Buri 2,ห้วยแม่ประจันต์,Hydro – Informatics Institute (Public Organization),Phetchaburi - Prachuap Khiri Khan Basin,2026-09-07 21:50,null,null,value,value,null,value,value
784,ปราณบุรี,Pran Buri 1,แม่น้ำปราณบุรี,Hydro – Informatics Institute (Public Organization),Phetchaburi - Prachuap Khiri Khan Basin,2026-09-07 21:50,null,null,value,value,null,value,value
792,เชียรใหญ่,Nakhon Si Thammarat 2,คลองชะอวด,Hydro – Informatics Institute (Public Organization),Peninsula - Upper East Coast Basin,2026-09-07 21:50,null,null,value,value,null,value,value
794,ท่าศาลา,Nop Phi Tam 1,คลองกลาย,Hydro – Informatics Institute (Public Organization),Peninsula - Upper East Coast Basin,2026-09-07 21:50,null,null,value,value,null,value,value
795,ทุ่งสง,Nakhon Si Thammarat 1,คลองท่าเลา,Hydro – Informatics Institute (Public Organization),Peninsula - West Coast Basin,2026-09-07 21:50,null,null,value,value,null,value,value
802,เมืองพังงา,Takua Pa 2,คลองพังงา,Hydro – Informatics Institute (Public Organization),Peninsula - West Coast Basin,2026-09-07 21:50,null,null,value,value,null,value,value
804,ตลาดเก่าตะกั่วป่า,Takua Pa Market,คลองตะกั่วป่า,Hydro – Informatics Institute (Public Organization),Peninsula - West Coast Basin,2026-09-07 21:50,null,null,value,value,null,value,value
812,ท่าขนอม,Tapi 4,แม่น้ำพุมดวง,Hydro – Informatics Institute (Public Organization),Peninsula - Upper East Coast Basin,2026-09-07 21:50,null,null,value,value,null,value,value
823,พุนพิน 1,Tapi 1,แม่น้ำตาปี,Hydro – Informatics Institute (Public Organization),Peninsula - Upper East Coast Basin,2026-09-07 21:50,null,null,value,value,null,value,value
824,พุนพิน 3,Tapi 3,แม่น้ำตาปี,Hydro – Informatics Institute (Public Organization),Peninsula - Upper East Coast Basin,2026-09-07 21:50,null,null,value,value,null,value,value
825,ชุมชนลีเล็ด,Lilet Communuty,คลองลีเล็ด,Hydro – Informatics Institute (Public Organization),Peninsula - Upper East Coast Basin,2026-09-07 21:50,null,null,value,value,null,value,value
826,พุนพิน 2,Tapi 2,แม่น้ำพุมดวง,Hydro – Informatics Institute (Public Organization),Peninsula - Upper East Coast Basin,2026-09-07 21:50,null,null,value,value,null,value,value
828,วิภาวดี,Tapi 7,คลองยัน,Hydro – Informatics Institute (Public Organization),Peninsula - Upper East Coast Basin,2026-09-07 21:50,null,null,value,value,null,value,value
829,เมืองระนอง,Mueang Ranong,คลองหาดส้มแป้น,Hydro – Informatics Institute (Public Organization),Peninsula - West Coast Basin,2026-09-07 21:50,null,null,value,value,null,value,value
835,เมืองชุมพร,Chumphon 1,คลองท่าตะเภา,Hydro – Informatics Institute (Public Organization),Peninsula - Upper East Coast Basin,2026-09-07 10:30,null,null,value,value,null,value,value
841,หลังสวน,Luang Suan,คลองหลังสวน,Hydro – Informatics Institute (Public Organization),Peninsula - Upper East Coast Basin,2026-09-07 21:50,null,null,value,value,null,value,value
845,สวี 1,Sawi 1,คลองสวี,Hydro – Informatics Institute (Public Organization),Peninsula - Upper East Coast Basin,2026-09-07 21:50,null,null,value,value,null,value,value
846,สวี 2,Sawi 2,คลองสวี,Hydro – Informatics Institute (Public Organization),Peninsula - Upper East Coast Basin,2026-09-07 21:20,null,null,value,value,null,value,value
849,จะนะ,Chana 1,คลองลึก,Hydro – Informatics Institute (Public Organization),Thale Sap Songkhla Basin,2026-09-07 21:50,null,null,value,value,null,value,value
850,นาทวี,Na Tawi,คลองนาทวี,Hydro – Informatics Institute (Public Organization),Thale Sap Songkhla Basin,2026-09-07 21:50,null,null,value,value,null,value,value
855,สะเดา,Songkhla Lake 3,คลองอู่ตะเภา,Hydro – Informatics Institute (Public Organization),Thale Sap Songkhla Basin,2026-09-07 21:50,null,null,value,value,null,value,value
858,บางกล่ำ,Songkhla 7,คลองบางกล่ำ,Hydro – Informatics Institute (Public Organization),Thale Sap Songkhla Basin,2026-09-07 21:50,null,null,value,value,null,value,value
859,ปากรอ,Songkhla Lake 5,คลองปากรอ,Hydro – Informatics Institute (Public Organization),Thale Sap Songkhla Basin,2026-09-07 21:50,null,null,value,value,null,value,value
860,คลองหอยโข่ง,Song Khla Lake 2,คลองอู่ตะเภา,Hydro – Informatics Institute (Public Organization),Thale Sap Songkhla Basin,2026-09-07 21:50,null,null,value,value,null,value,value
861,เมืองสตูล,Satun 1,คลองน้ำพระ,Hydro – Informatics Institute (Public Organization),Peninsula - West Coast Basin,2026-09-07 21:50,null,null,value,value,null,value,value
865,เมืองตรัง,Trang 2,แม่น้ำตรัง,Hydro – Informatics Institute (Public Organization),Peninsula - West Coast Basin,2026-09-07 21:50,null,null,value,value,null,value,value
869,ท่าสะบ้า,Trang 1,แม่น้ำตรัง,Hydro – Informatics Institute (Public Organization),Peninsula - West Coast Basin,2026-09-07 21:50,null,null,value,value,null,value,value
870,คลองนาท่อม,Khlong Na Thom,คลองลำ,Hydro – Informatics Institute (Public Organization),Thale Sap Songkhla Basin,2026-09-07 21:50,null,null,value,value,null,value,value
901,เมืองยะลา,Patthani 2,เขื่อนปัตตานี,Hydro – Informatics Institute (Public Organization),Peninsula - Lower East Coast Basin,2026-09-07 21:50,null,null,value,value,null,value,value
905,บันนังสตา,Patthani 1,แม่น้ำปัตตานี,Hydro – Informatics Institute (Public Organization),Peninsula - Lower East Coast Basin,2026-09-07 21:50,null,null,value,value,null,value,value
922,ศรีสาคร,Sai Buri 2,แม่น้ำสายบุรี,Hydro – Informatics Institute (Public Organization),Peninsula - Lower East Coast Basin,2026-09-07 21:50,null,null,value,value,null,value,value
2559,บริเวณสะพานลันตู,,แม่น้ำโก-ลก,Royal Irrigation Department,Peninsula - Lower East Coast Basin,2026-09-07 21:00,value,null,value,value,null,value,value
2561,บ้านวังพระเคียน,,คลองละงู,Royal Irrigation Department,Peninsula - West Coast Basin,2026-09-07 06:00,value,null,value,value,null,value,value
2562,บ้านย่านตาขาว,,คลองปะเหลียน,Royal Irrigation Department,Peninsula - West Coast Basin,2026-09-07 21:00,value,null,value,value,null,value,value
2563,บ้านท่าแค,,คลองท่าแค,Royal Irrigation Department,Thale Sap Songkhla Basin,2026-09-07 21:00,value,null,value,value,null,value,value
2565,บ้านบางตง,,คลองพังงา,Royal Irrigation Department,Peninsula - West Coast Basin,2026-09-07 21:00,null,null,value,value,null,value,value
2567,บ้านวังไผ่,,คลองชุมพร,Royal Irrigation Department,Peninsula - Upper East Coast Basin,2026-09-07 21:00,null,null,value,value,null,value,value
2568,บ้านศรีบัวทอง,,แม่น้ำเขาสมิง,Royal Irrigation Department,East Coast Gulf Basin,2026-09-07 21:00,value,null,value,value,null,value,value
2569,บ้านสองพี่น้อง,,แม่น้ำเพชรบุรี,Royal Irrigation Department,Phetchaburi - Prachuap Khiri Khan Basin,2026-09-07 21:00,value,null,value,value,null,value,value
2571,บ้านวังเย็น,,แม่น้ำแควน้อย,Royal Irrigation Department,Mae Klong Basin,2026-09-07 21:00,value,null,value,value,null,value,value
2572,บ้านลุ่มสุ่ม,,แม่น้ำแควน้อย,Royal Irrigation Department,Mae Klong Basin,2026-09-07 21:00,value,null,value,value,null,value,value
2573,ตลิ่ง ณ สถานี K.31 บ้านน้ำโจน,,ห้วยแม่น้ำน้อย,Royal Irrigation Department,Mae Klong Basin,2026-09-07 20:00,value,null,value,value,null,value,value
2575,ประปายโสธร,,แม่น้ำชี,Royal Irrigation Department,Chi Basin Basin,2026-09-07 21:00,null,null,value,value,null,value,value
2576,ต.ตาลเดี่ยว,,แม่น้ำป่าสัก,Royal Irrigation Department,Pasak Basin,2026-09-07 21:00,value,null,value,value,null,value,value
2578,บ้านสบวิน,,น้ำแม่วาง,Royal Irrigation Department,Ping Basin,2026-09-07 21:00,value,null,value,value,null,value,value
2579,บ้านร่องเคาะ,,แม่น้ำวัง,Royal Irrigation Department,Wang Basin,2026-09-07 21:00,value,null,value,value,null,value,value
2580,บ้านหนองผำ,,น้ำแม่ลาว,Royal Irrigation Department,North Khong Basin,2026-09-07 21:00,value,null,value,value,null,value,value
2581,บ้านซากอ,,แม่น้ำสายบุรี,Royal Irrigation Department,Peninsula - Lower East Coast Basin,2026-09-07 21:00,value,null,value,value,null,value,value
2582,บ้านตันหยงมัส,,คลองตันหยงมัส,Royal Irrigation Department,Peninsula - Lower East Coast Basin,2026-09-07 21:00,value,null,value,value,null,value,value
2583,บ้านท่าสาบ, ,แม่น้ำปัตตานี,Royal Irrigation Department,Peninsula - Lower East Coast Basin,2026-09-07 21:00,value,null,value,value,null,value,value
2584,บ้านฉลุงเหนือ,,คลองน้ำพระ,Royal Irrigation Department,Peninsula - West Coast Basin,2026-09-07 21:00,value,null,value,value,null,value,value
2585,บ้านม่วงก็อง,,คลองอู่ตะเภา,Royal Irrigation Department,Thale Sap Songkhla Basin,2026-09-07 21:00,value,null,value,value,null,value,value
2587,สะพานเดชานุชิต,,แม่น้ำปัตตานี,Royal Irrigation Department,Peninsula - Lower East Coast Basin,2026-09-07 21:00,null,null,value,value,null,value,value
2589,บ้านบางศาลา,,คลองอู่ตะเภา,Royal Irrigation Department,Thale Sap Songkhla Basin,2026-09-07 21:00,value,null,value,value,null,value,value
2590,บ้านคลองหวะ,,คลองหวะ,Royal Irrigation Department,Thale Sap Songkhla Basin,2026-09-07 21:00,value,null,value,value,null,value,value
2591,บ้านหาดใหญ่ใน,,คลองอู่ตะเภา,Royal Irrigation Department,Thale Sap Songkhla Basin,2026-09-07 21:00,value,null,value,value,null,value,value
2594,บ้านแม่ขรี,,คลองท่าเชียด,Royal Irrigation Department,Thale Sap Songkhla Basin,2026-09-07 06:00,null,null,value,value,null,value,value
2596,บ้านท่าจีน,,แม่น้ำตรัง,Royal Irrigation Department,Peninsula - West Coast Basin,2026-09-07 21:00,null,null,value,value,null,value,value
2597,บ้านคลองลำ,,คลองลำ,Royal Irrigation Department,Thale Sap Songkhla Basin,2026-09-07 21:00,value,null,value,value,null,value,value
2599,กรมชลประทานสามเสน,,แม่น้ำเจ้าพระยา,Royal Irrigation Department,Chao Phraya Basin,2026-09-07 21:00,null,null,value,value,null,value,value
2607,สะพานปรีดี-ธำรง,,แม่น้ำป่าสัก,Royal Irrigation Department,Chao Phraya Basin,2026-09-07 21:00,null,null,value,value,null,value,value
2608,บ้านบางบาล,,คลองบางบาล,Royal Irrigation Department,Chao Phraya Basin,2026-09-07 21:00,null,null,value,value,null,value,value
2609,บ้านป้อม,,แม่น้ำเจ้าพระยา,Royal Irrigation Department,Chao Phraya Basin,2026-09-07 21:00,null,null,value,value,null,value,value
2611,บ้านบางหลวงโดด,,แม่น้ำน้อย,Royal Irrigation Department,Chao Phraya Basin,2026-09-07 21:00,null,null,value,value,null,value,value
2618,บ้านวังตะเคียนทอง,,ลำพระเพลิง,Royal Irrigation Department,Mun Basin,2026-09-07 06:00,value,null,value,value,null,value,value
2620,บ้านโนนสาวเอ้,,ลำพระเพลิง,Royal Irrigation Department,Mun Basin,2026-09-07 21:00,value,null,value,value,null,value,value
2621,บ้านท่ามะปรางค์,,คลองลำตะคอง,Royal Irrigation Department,Mun Basin,2026-09-07 21:00,value,null,value,value,null,value,value
2623,สถานีแพดับเพลิง,,แม่น้ำป่าสัก,Royal Irrigation Department,Pasak Basin,2026-09-07 21:00,null,null,value,value,null,value,value
2624,ท้ายเขื่อนพระรามหก,,แม่น้ำป่าสัก,Royal Irrigation Department,Pasak Basin,2026-09-07 21:00,null,null,value,value,null,value,value
2626,บ้านบางแก้ว,,แม่น้ำเจ้าพระยา,Royal Irrigation Department,Chao Phraya Basin,2026-09-07 21:00,null,null,value,value,null,value,value
2632,บ้านป่า,,แม่น้ำป่าสัก,Royal Irrigation Department,Pasak Basin,2026-09-07 21:00,null,null,value,value,null,value,value
2634,บ้านป่าหมาก,,แม่น้ำตรัง,Royal Irrigation Department,Peninsula - West Coast Basin,2026-09-07 21:00,value,null,value,value,null,value,value
2635,หน้าวัดภูผาพิมุข,,คลองบ้านแร่,Royal Irrigation Department,Thale Sap Songkhla Basin,2026-09-07 21:00,null,null,value,value,null,value,value
2636,บ้านท่าประดู่,,แม่น้ำตรัง,Royal Irrigation Department,Peninsula - West Coast Basin,2026-09-07 18:00,value,null,value,value,null,value,value
2638,บ้านเก็ตโฮ่,,คลองเก็ตโฮ,Royal Irrigation Department,Peninsula - West Coast Basin,2026-09-07 21:00,value,null,value,value,null,value,value
2639,บ้านนาป่า,,คลองท่าดี,Royal Irrigation Department,Peninsula - Upper East Coast Basin,2026-09-07 21:00,value,null,value,value,null,value,value
2641,บ้านวังไทร,,คลองท่าดี,Royal Irrigation Department,Peninsula - Upper East Coast Basin,2026-09-07 21:00,value,null,value,value,null,value,value
2643,บ้านย่านดินแดง,,แม่น้ำตาปี,Royal Irrigation Department,Peninsula - Upper East Coast Basin,2026-09-07 21:00,value,null,value,value,null,value,value
2644,บ้านท้า่ยนา,,คลองกลาย,Royal Irrigation Department,Peninsula - Upper East Coast Basin,2026-09-07 21:00,null,null,value,value,null,value,value
2645,บ้านหินดาน,,คลองตะกั่วป่า,Royal Irrigation Department,Peninsula - West Coast Basin,2026-09-07 21:00,value,null,value,value,null,value,value
2647,บ้านตลาดเก่า,,คลองตะกั่วป่า,Royal Irrigation Department,Peninsula - West Coast Basin,2026-09-07 21:00,null,null,value,value,null,value,value
2648,บ้านเคียนซา,,แม่น้ำตาปี,Royal Irrigation Department,Peninsula - Upper East Coast Basin,2026-09-07 21:00,value,null,value,value,null,value,value
2650,ถนนลูกเสือ,,คลองหลังสวน,Royal Irrigation Department,Peninsula - Upper East Coast Basin,2026-09-07 21:00,value,null,value,value,null,value,value
2651,คลองหาดส้มแป้น,,คลองหาดส้มแป้น,Royal Irrigation Department,Peninsula - West Coast Basin,2026-09-07 21:00,value,null,value,value,null,value,value
2654,สะพานเทศบาล 2,,คลองท่าตะเภา,Royal Irrigation Department,Peninsula - Upper East Coast Basin,2026-09-07 21:00,null,null,value,value,null,value,value
2655,บ้านวังครก,,คลองท่าตะเภา,Royal Irrigation Department,Peninsula - Upper East Coast Basin,2026-09-07 21:00,value,null,value,value,null,value,value
2658,บ้านหนองหญ้าปล้อง,,คลองหนองหญ้าปล้อง,Royal Irrigation Department,Phetchaburi - Prachuap Khiri Khan Basin,2026-09-07 21:00,value,null,value,value,null,null,value
2659,บ้านกลาง,,คลองทับสะแก,Royal Irrigation Department,Phetchaburi - Prachuap Khiri Khan Basin,2026-09-07 21:00,null,null,value,value,null,null,value
2661,บ้านเขาสมิง,,แม่น้ำเขาสมิง,Royal Irrigation Department,East Coast Gulf Basin,2026-09-07 21:00,null,null,value,value,null,value,value
2662,สะพานวัดจันทนาราม,,คลองจันทบุรี,Royal Irrigation Department,East Coast Gulf Basin,2026-09-07 21:00,null,null,value,value,null,value,value
2663,บ้านฉมัน,,คลองฉมัน,Royal Irrigation Department,East Coast Gulf Basin,2026-09-07 21:00,value,null,value,value,null,value,value
2664,บ้านปึก,,คลองจันทบุรี,Royal Irrigation Department,East Coast Gulf Basin,2026-09-07 21:00,value,null,value,value,null,value,value
2665,บ้านโป่งโรงเซ็น,,คลองทับนคร,Royal Irrigation Department,East Coast Gulf Basin,2026-09-07 21:00,value,null,value,value,null,value,value
2666,บ้านโพรงเข้,,ห้วยผาก,Royal Irrigation Department,Phetchaburi - Prachuap Khiri Khan Basin,2026-09-07 21:00,null,null,value,value,null,value,value
2668,บ้านซำฆ้อ,,คลองโพล้,Royal Irrigation Department,East Coast Gulf Basin,2026-09-07 06:00,null,null,value,value,null,value,value
2669,บ้านเขาวังไทร,,แม่น้ำประแสร์,Royal Irrigation Department,East Coast Gulf Basin,2026-09-07 21:00,value,null,value,value,null,value,value
2671,ตลาดท่ายาง,,แม่น้ำเพชรบุรี,Royal Irrigation Department,Phetchaburi - Prachuap Khiri Khan Basin,2026-09-07 21:00,value,null,value,value,null,value,value
2672,บ้านขุนซ่อง,,คลองโตนด,Royal Irrigation Department,East Coast Gulf Basin,2026-09-07 21:00,value,null,value,value,null,value,value
2675,บ้านเขาฉกรรจ์,,คลองพระสะทึง,Royal Irrigation Department,Bang Pakong Basin,2026-09-07 21:00,value,null,value,value,null,value,value
2676,ที่ว่าการอ.นครชัยศรี,,แม่น้ำท่าจีน,Royal Irrigation Department,Tha Chin Basin,2026-09-07 21:00,null,null,value,value,null,value,value
2677,บ้านเนินผาสุก,,คลองพระสะทึง,Royal Irrigation Department,Bang Pakong Basin,2026-09-07 21:00,value,null,value,value,null,value,value
2679,บ้านวังขนาย,,แม่น้ำแม่กลอง,Royal Irrigation Department,Mae Klong Basin,2026-09-07 21:00,value,null,value,value,null,value,value
2680,สะพานต้นน้ำบางปะกง,,แม่น้ำบางปะกง,Royal Irrigation Department,Bang Pakong Basin,2026-09-07 21:00,value,null,value,value,null,value,value
2682,บ้านหนองบัว,,แม่น้ำแควใหญ่,Royal Irrigation Department,Mae Klong Basin,2026-09-07 21:00,value,null,value,value,null,value,value
2683,สะพานณรงค์ดำริ,,แม่น้ำบางปะกง,Royal Irrigation Department,Bang Pakong Basin,2026-09-07 21:00,null,null,value,value,null,value,value
2686,บ้านทุ่งนานางหรอก,,ลำตะเพิน,Royal Irrigation Department,Mae Klong Basin,2026-09-07 21:00,null,null,value,value,null,value,value
2687,บ้านเขานางบวช,,แม่น้ำนครนายก,Royal Irrigation Department,Bang Pakong Basin,2026-09-07 21:00,value,null,value,value,null,value,value
2688,บ้านบ้องตี้น้อย,,ห้วยบ้องตี้,Royal Irrigation Department,Mae Klong Basin,2026-09-07 21:00,value,null,value,value,null,value,value
2689,บ้านป่าขะ,,คลองห้วยถ่าน,Royal Irrigation Department,Bang Pakong Basin,2026-09-07 21:00,null,null,value,value,null,null,value
2694,บ้านท่าเยี่ยม,,ลำพระเพลิง,Royal Irrigation Department,Mun Basin,2026-09-07 21:00,null,null,value,value,null,value,value
2695,บ้านวังชมภู,,ห้วยขะยุง,Royal Irrigation Department,Mun Basin,2026-09-07 21:00,value,null,value,value,null,value,value
2698,สำนักเทคโนโลยีชีวภัณฑ์สัตว์,,คลองลำตะคอง,Royal Irrigation Department,Mun Basin,2026-09-07 21:00,value,null,value,value,null,value,value
2700,บ้านโนนสะอาด,,แม่น้ำมูล,Royal Irrigation Department,Mun Basin,2026-09-07 21:00,value,null,value,value,null,value,value
2707,บ้านคำสำราญ,,ลำโดมใหญ่,Royal Irrigation Department,Mun Basin,2026-09-07 21:00,value,null,value,value,null,value,value
2712,ท้ายเขื่อนป่าสักชลสิทธิ์,,แม่น้ำป่าสัก,Royal Irrigation Department,Pasak Basin,2026-09-07 21:00,value,null,value,value,null,value,value
2713,บ้านลาดบัวขาว,,ลำตะคอง,Royal Irrigation Department,Mun Basin,2026-09-07 21:00,value,null,value,value,null,value,value
2714,ศูนย์วิจัยและพัฒนาประมงน้ำจืดสุรินทร์,,ห้วยเสนง,Royal Irrigation Department,Mun Basin,2026-09-07 21:00,value,null,value,value,null,value,value
2723,บ้านบางพุทรา,,แม่น้ำเจ้าพระยา,Royal Irrigation Department,Chao Phraya Basin,2026-09-07 21:00,null,null,value,value,null,value,value
2725,บ้านด่านกะตา,,แม่น้ำมูล,Royal Irrigation Department,Mun Basin,2026-09-07 21:00,value,null,value,value,null,value,value
2726,ตำบลในเมือง,,ลำตะคองเก่า,Royal Irrigation Department,Mun Basin,2026-09-07 21:00,value,null,value,value,null,value,value
2729,บ้านโนนสีไคล,,ห้วยขะยุง,Royal Irrigation Department,Mun Basin,2026-09-07 21:00,value,null,value,value,null,value,value
2731,บ้านเขวา,,ห้วยสำราญ,Royal Irrigation Department,Mun Basin,2026-09-07 21:00,null,null,value,value,null,value,value
2737,ชุมชนสะพานขาว,,ห้วยสำราญ,Royal Irrigation Department,Mun Basin,2026-09-07 21:00,null,null,value,value,null,value,value
2739,บ้านสีถาน,,แม่น้ำมูล,Royal Irrigation Department,Mun Basin,2026-09-07 21:00,value,null,value,value,null,value,value
2740,บ้านหลุมดิน,,ลำชี,Royal Irrigation Department,Mun Basin,2026-09-07 21:00,value,null,value,value,null,value,value
2744,ท้ายเขื่อนเจ้าพระยา,,แม่น้ำเจ้าพระยา,Royal Irrigation Department,Chao Phraya Basin,2026-09-07 21:00,value,null,value,value,null,value,value
2750,บ้านซึม,,แม่น้ำมูล,Royal Irrigation Department,Mun Basin,2026-09-07 21:00,value,null,value,value,null,value,value
2752,สะพานเสรีประชาธิปไตย,,แม่น้ำมูล,Royal Irrigation Department,Mun Basin,2026-09-07 21:00,value,null,value,value,null,value,value
2753,บ้านท่ารวก,,ลำสนธิ,Royal Irrigation Department,Pasak Basin,2026-09-07 21:00,null,null,value,value,null,value,value
2755,บ้านโพธิ์ตาก,,แม่น้ำมูล,Royal Irrigation Department,Mun Basin,2026-09-07 21:00,value,null,value,value,null,value,value
2760,บ้านสตึก,,แม่น้ำมูล,Royal Irrigation Department,Mun Basin,2026-09-07 21:00,value,null,value,value,null,value,value
2763,บ้านพงสวาย,,แม่น้ำมูล,Royal Irrigation Department,Mun Basin,2026-09-07 21:00,value,null,value,value,null,value,value
2764,บ้านเมืองคง,,แม่น้ำมูล,Royal Irrigation Department,Mun Basin,2026-09-07 21:00,value,null,value,value,null,value,value
2770,บ้านหาดทนง,,แม่น้ำสะแกกรัง,Royal Irrigation Department,Sakae Krang Basin,2026-09-07 21:00,null,null,value,value,null,value,value
2773,บ้านวังปลัด,,แม่น้ำมูล,Royal Irrigation Department,Mun Basin,2026-09-07 21:00,value,null,value,value,null,null,value
2777,บ้านดอนใหญ่,,น้ำตากแดด,Royal Irrigation Department,Sakae Krang Basin,2026-09-07 21:00,null,null,value,value,null,value,value
2780,บ้านท่าบอแบง,,ลำเซบก,Royal Irrigation Department,Mun Basin,2026-09-07 06:00,value,null,value,value,null,value,value
2781,บ้านบุ่งอ้ายเจี้ยม,,ห้วยทับเสลา,Royal Irrigation Department,Sakae Krang Basin,2026-09-07 21:00,null,null,value,value,null,value,value
2782,บ้านฟ้าหยาด,,แม่น้ำชี,Royal Irrigation Department,Chi Basin Basin,2026-09-07 21:00,value,null,value,value,null,value,value
2795,ค่ายจิรประวัติ,,แม่น้ำเจ้าพระยา,Royal Irrigation Department,Chao Phraya Basin,2026-09-07 21:00,value,null,value,value,null,value,value
2797,บ้านค่าย,,แม่น้ำชี,Royal Irrigation Department,Chi Basin Basin,2026-09-07 21:00,value,null,value,value,null,value,value
2799,บ้านบ่อวัง,,แม่น้ำป่าสัก,Royal Irrigation Department,Pasak Basin,2026-09-07 21:00,value,null,value,value,null,value,value
2808,บ้านแก่งโก,,แม่น้ำชี,Royal Irrigation Department,Chi Basin Basin,2026-09-07 21:00,value,null,value,value,null,value,value
2809,บ้านโนนเชือก,,แม่น้ำชี,Royal Irrigation Department,Chi Basin Basin,2026-09-07 21:00,value,null,value,value,null,value,value
2811,บ้านศาลเจ้าไก่ต่อ,,แม่น้ำวังม้า,Royal Irrigation Department,Sakae Krang Basin,2026-09-07 21:00,null,null,value,value,null,value,value
2814,บ้านนิคม,,ลำโพง,Royal Irrigation Department,Mun Basin,2026-09-07 21:00,value,null,value,value,null,value,value
2820,บ้านเชียงเพ็ง,,ลำเซบาย,Royal Irrigation Department,Mun Basin,2026-09-07 21:00,value,null,value,value,null,value,value
2821,วัดเกยไชยเหนือ,,แม่น้ำน่าน,Royal Irrigation Department,Nan Basin,2026-09-07 21:00,value,null,value,value,null,value,value
2828,บ้านหนองอ้อ,,แม่น้ำชี,Royal Irrigation Department,Chi Basin Basin,2026-09-07 21:00,value,null,value,value,null,value,value
2830,บ้านปางมะค่า,,แม่น้ำแม่วงก์,Royal Irrigation Department,Sakae Krang Basin,2026-09-07 21:00,null,null,value,value,null,value,value
2832,บ้านท่างิ้ว,,แม่น้ำปิง,Royal Irrigation Department,Ping Basin,2026-09-07 21:00,value,null,value,value,null,value,value
2836,บ้านตาดโตน,,ห้วยตาดโตน,Royal Irrigation Department,Chi Basin Basin,2026-09-07 21:00,value,null,value,value,null,value,value
2845,บ้านท่าสะแบง,,แม่น้ำชี,Royal Irrigation Department,Chi Basin Basin,2026-09-07 21:00,value,null,value,value,null,value,value
2847,บ้านแสนตอ,,แม่น้ำปิง,Royal Irrigation Department,Ping Basin,2026-09-07 21:00,value,null,value,value,null,value,value
2851,หน้าอำเภอโพทะเล,,แม่น้ำยม,Royal Irrigation Department,Yom Basin,2026-09-07 21:00,null,null,value,value,null,value,value
2852,บ้านท่านางเลื่อน,,แม่น้ำชี,Royal Irrigation Department,Chi Basin Basin,2026-09-07 21:00,value,null,value,value,null,value,value
2855,บ้านสามเรือน,,คลองขลุง,Royal Irrigation Department,Ping Basin,2026-09-07 21:00,value,null,value,value,null,value,value
2857,บ้านม่วงลาด,,แม่น้ำชี,Royal Irrigation Department,Chi Basin Basin,2026-09-07 21:00,value,null,value,value,null,value,value
2860,หน้าวัดศรีภิรมย์,,แม่น้ำปิง,Royal Irrigation Department,Ping Basin,2026-09-07 21:00,value,null,value,value,null,value,value
2863,บ้านดินดำ,,แม่น้ำชี,Royal Irrigation Department,Chi Basin Basin,2026-09-07 21:00,value,null,value,value,null,value,value
2867,บ้านกุดก่วง,,ลำน้ำยัง,Royal Irrigation Department,Chi Basin Basin,2026-09-07 21:00,value,null,value,value,null,value,value
2869,บ้านวังโป่ง,,คลองวังโปง,Royal Irrigation Department,Nan Basin,2026-09-07 21:00,value,null,value,value,null,value,value
2872,บ้านวังหิน,,ลำปาว,Royal Irrigation Department,Chi Basin Basin,2026-09-07 21:00,value,null,value,value,null,value,value
2874,บ้านกุดกว้าง,,แม่น้ำชี,Royal Irrigation Department,Chi Basin Basin,2026-09-07 21:00,value,null,value,value,null,value,value
2875,บ้านดอนขนวน,,แม่น้ำชี,Royal Irrigation Department,Chi Basin Basin,2026-09-07 21:00,value,null,value,value,null,value,value
2881,ต.ในเมือง,,แม่น้ำป่าสัก,Royal Irrigation Department,Pasak Basin,2026-09-07 21:00,value,null,value,value,null,value,value
2888,บ้านแก่งยาว,,ลำน้ำยัง,Royal Irrigation Department,Chi Basin Basin,2026-09-07 17:00,value,null,value,value,null,value,value
2895,บ้านราชช้างขวัญ,,แม่น้ำน่าน,Royal Irrigation Department,Nan Basin,2026-09-07 21:00,value,null,value,value,null,value,value
2900,ต.ในเมือง,,แม่น้ำปิง,Royal Irrigation Department,Ping Basin,2026-09-07 21:00,null,null,value,value,null,value,value
2905,บ้านยาง,,ห้วยหิน,Royal Irrigation Department,Chi Basin Basin,2026-09-07 06:00,value,null,value,value,null,value,value
2906,สามง่าม,,แม่น้ำยม,Royal Irrigation Department,Yom Basin,2026-09-07 21:00,null,null,value,value,null,value,value
2914,คลองวังเจ้า,,คลองวังเจ้า,Royal Irrigation Department,Ping Basin,2026-09-07 21:00,value,null,value,value,null,value,value
2915,บ้านทานตะวัน,,น้ำเข็ก,Royal Irrigation Department,Nan Basin,2026-09-07 21:00,value,null,value,value,null,value,value
2918,บ้านหนองม่วง,,ลำปาว,Royal Irrigation Department,Chi Basin Basin,2026-09-07 21:00,value,null,value,value,null,value,value
2920,บ้านโนนหัน,,ลำเชิญ,Royal Irrigation Department,Chi Basin Basin,2026-09-07 21:00,value,null,value,value,null,value,value
2924,บ้านท่าเม่า,,ลำน้ำพอง,Royal Irrigation Department,Chi Basin Basin,2026-09-07 21:00,value,null,value,value,null,value,value
2925,บ้านหนองริวหนัง,,ห้วยลำหนองแสน,Royal Irrigation Department,Chi Basin Basin,2026-09-07 06:00,value,null,value,value,null,value,value
2941,บางระกำ,,แม่น้ำยม,Royal Irrigation Department,Yom Basin,2026-09-07 21:00,null,null,value,value,null,value,value
2948,เนินยางใต้,,ห้วยสังเคียบ,Royal Irrigation Department,Chi Basin Basin,2026-09-07 06:00,value,null,value,value,null,value,value
2953,สะพานสุพรรณกัลยา ,,แม่น้ำน่าน,Royal Irrigation Department,Nan Basin,2026-09-07 21:00,value,null,value,value,null,value,value
2957,บ้านดงสวรรค์,,ห้วยมูล,Royal Irrigation Department,Chi Basin Basin,2026-09-07 06:00,value,null,value,value,null,value,value
2963,บ้านท่าแค,,แม่น้ำปิง,Royal Irrigation Department,Ping Basin,2026-09-07 21:00,value,null,value,value,null,value,value
2964,บ้านโพน,,ห้วยสังกะ,Royal Irrigation Department,Chi Basin Basin,2026-09-07 21:00,value,null,value,value,null,value,value
2972,บ้านกง,,แม่น้ำยม,Royal Irrigation Department,Yom Basin,2026-09-07 21:00,null,null,value,value,null,value,value
2975,บ้านท่าไฮ,,ห้วยลำปาว,Royal Irrigation Department,Chi Basin Basin,2026-09-07 21:00,value,null,value,value,null,value,value
2976,บ้านท่างาม,,ลำพันชาด,Royal Irrigation Department,Chi Basin Basin,2026-09-07 21:00,value,null,value,value,null,value,value
2985,ต.ตาดกลอย,,แม่น้ำป่าสัก,Royal Irrigation Department,Pasak Basin,2026-09-07 21:00,value,null,value,value,null,value,value
2986,ต.ธานี,,แม่น้ำยม,Royal Irrigation Department,Yom Basin,2026-09-07 21:00,value,null,value,value,null,value,value
2993,ท้ายเขื่อนนเรศวร,,แม่น้ำน่าน,Royal Irrigation Department,Nan Basin,2026-09-07 21:00,value,null,value,value,null,value,value
3000,บ้านตองโขบ,,ลำน้ำพุง,Royal Irrigation Department,Northeast Khong Basin,2026-09-07 21:00,value,null,value,value,null,value,value
3002,บ้านข้องโป้,,ลำพะเนียง,Royal Irrigation Department,Chi Basin Basin,2026-09-07 21:00,value,null,value,value,null,value,value
3003,บ้านหนองกระท้าว,,น้ำแควน้อย,Royal Irrigation Department,Nan Basin,2026-09-07 21:00,value,null,value,value,null,value,value
3014,บ้านแก่งบง,,แม่น้ำเลย,Royal Irrigation Department,Northeast Khong Basin,2026-09-07 21:00,value,null,value,value,null,value,value
3017,บ้านคลองตาล,,แม่น้ำยม,Royal Irrigation Department,Yom Basin,2026-09-07 21:00,value,null,value,value,null,value,value
3018,บ้านวังหมัน,,แม่น้ำวัง,Royal Irrigation Department,Wang Basin,2026-09-07 21:00,value,null,value,value,null,value,value
3025,บ้านย่านรี,,แม่น้ำปิง,Royal Irrigation Department,Ping Basin,2026-09-07 21:00,value,null,value,value,null,value,value
3029,บ้านท่าสะแก,,น้ำภาค,Royal Irrigation Department,Nan Basin,2026-09-07 21:00,value,null,value,value,null,value,value
3032,บ้านหนองวัวซอ,,ห้วยหลวง,Royal Irrigation Department,Northeast Khong Basin,2026-09-07 21:00,value,null,value,value,null,value,value
3041,บ้านวังขอนไม้,,แม่น้ำยม,Royal Irrigation Department,Yom Basin,2026-09-07 21:00,value,null,value,value,null,value,value
3044,บ้านนาหลัก,,แม่น้ำเลย,Royal Irrigation Department,Northeast Khong Basin,2026-09-07 21:00,value,null,value,value,null,value,value
3047,บ้านท่าไผ่,,แม่น้ำวัง,Royal Irrigation Department,Wang Basin,2026-09-07 21:00,value,null,value,value,null,value,value
3049,ห้วยแม่มอก,,ห้วยแม่มอก,Royal Irrigation Department,Yom Basin,2026-09-07 21:00,value,null,value,value,null,value,value
3059,บ้านแม่เชียงราย,,แม่น้ำวัง,Royal Irrigation Department,Wang Basin,2026-09-07 21:00,value,null,value,value,null,value,value
3065,บ้านเด่นสำโรง,,แม่น้ำน่าน,Royal Irrigation Department,Nan Basin,2026-09-07 21:00,value,null,value,value,null,value,value
3076,บ้านโนนตูม,,ห้วยหลวง,Royal Irrigation Department,Northeast Khong Basin,2026-09-07 21:00,value,null,value,value,null,value,value
3082,บ้านฟากเลย,,แม่น้ำเลย,Royal Irrigation Department,Northeast Khong Basin,2026-09-07 21:00,value,null,value,value,null,value,value
3085,บ้านโคกคำไหล,,แม่น้ำสงคราม,Royal Irrigation Department,Northeast Khong Basin,2026-09-07 21:00,value,null,value,value,null,value,value
3095,ต.ในเมือง,,แม่น้ำน่าน,Royal Irrigation Department,Nan Basin,2026-09-07 21:00,value,null,value,value,null,value,value
3102,บ้านดอนชัย,,แม่น้ำวัง,Royal Irrigation Department,Wang Basin,2026-09-07 21:00,value,null,value,value,null,value,value
3107,บ้านหาดไผ่,,แม่น้ำน่าน,Royal Irrigation Department,Nan Basin,2026-09-07 21:00,value,null,value,value,null,value,value
3112,บ้านหลวง,,น้ำแม่ตื่น,Royal Irrigation Department,Ping Basin,2026-09-07 06:00,value,null,value,value,null,value,value
3113,ห้วยแม่สิน,,ห้วยแม่สิน,Royal Irrigation Department,Yom Basin,2026-09-07 21:00,value,null,value,value,null,value,value
3117,บ้านท่าห้วยหลัว,,แม่น้ำสงคราม,Royal Irrigation Department,Northeast Khong Basin,2026-09-07 21:00,value,null,value,value,null,value,value
3122,บ้านท่ากกแดง,,แม่น้ำสงคราม,Royal Irrigation Department,Northeast Khong Basin,2026-09-07 19:00,value,null,value,value,null,value,value
3127,บ้านวังชิ้น,,แม่น้ำยม,Royal Irrigation Department,Yom Basin,2026-09-07 21:00,value,null,value,value,null,value,value
3134,บ้านฟากท่า,,น้ำปาด,Royal Irrigation Department,Nan Basin,2026-09-07 21:00,null,null,value,value,null,value,value
3146,บ้านน้ำโค้ง,,แม่น้ำยม,Royal Irrigation Department,Yom Basin,2026-09-07 21:00,value,null,value,value,null,value,value
3149,บ้านแม่อีไฮ,,น้ำแม่ลี้,Royal Irrigation Department,Ping Basin,2026-09-07 21:00,value,null,value,value,null,value,value
3152,บ้านวังพร้าว,,แม่น้ำจาง,Royal Irrigation Department,Wang Basin,2026-09-07 21:00,value,null,value,value,null,value,value
3154,บ้านเกาะคา,,แม่น้ำวัง,Royal Irrigation Department,Wang Basin,2026-09-07 21:00,null,null,value,value,null,value,value
3156,สะพานท่าข้าม,,น้ำแม่แจ่ม,Royal Irrigation Department,Ping Basin,2026-09-07 21:00,value,null,value,value,null,value,value
3157,บ้านแม่หล่าย,,น้ำแม่หล่าย,Royal Irrigation Department,Yom Basin,2026-09-07 21:00,value,null,value,value,null,value,value
3163,บ้านแม่คำมีตำหนักธรรม,,น้ำแม่คำมี,Royal Irrigation Department,Yom Basin,2026-09-07 21:00,value,null,value,value,null,value,value
3164,บ้านสบสอย,,แม่น้ำปิง,Royal Irrigation Department,Ping Basin,2026-09-07 21:00,null,null,value,value,null,value,value
3168,สะพานเสตุวารี,,แม่น้ำวัง,Royal Irrigation Department,Wang Basin,2026-09-07 21:00,value,null,value,value,null,value,value
3171,บ้านท่าล้อ,,น้ำแม่ตุ๋ย,Royal Irrigation Department,Wang Basin,2026-09-07 21:00,value,null,value,value,null,value,value
3172,บ้านท่าเดื่อ,,แม่น้ำวัง,Royal Irrigation Department,Wang Basin,2026-09-07 21:00,value,null,value,value,null,value,value
3174,บ้านหล่ายแก้ว,,น้ำแม่ลี้,Royal Irrigation Department,Ping Basin,2026-09-07 21:00,value,null,value,value,null,value,value
3186,บ้านสบแม่สะป๊วด,,น้ำแม่ทา,Royal Irrigation Department,Ping Basin,2026-09-07 21:00,value,null,value,value,null,value,value
3205,บ้านห้วยสัก,,แม่น้ำยม,Royal Irrigation Department,Yom Basin,2026-09-07 21:00,value,null,value,value,null,value,value
3212,บ้านโป่ง,,น้ำแม่กวง,Royal Irrigation Department,Ping Basin,2026-09-07 21:00,value,null,value,value,null,value,value
3213,บ้านโป่ง,,น้ำแม่หวด,Royal Irrigation Department,Yom Basin,2026-09-07 06:00,null,null,value,value,null,value,value
3215,บ้านหนองนาว,,ห้วยเก้า,Royal Irrigation Department,Wang Basin,2026-09-07 21:00,value,null,value,value,null,value,value
3217,บ้านหลวงเหนือ,,น้ำแม่งาว,Royal Irrigation Department,Yom Basin,2026-09-07 21:00,value,null,value,value,null,value,value
3219,หน้าสำนักงานป่าไม้,,แม่น้ำน่าน,Royal Irrigation Department,Nan Basin,2026-09-07 21:00,value,null,value,value,null,value,value
3220,บ้านป่าซาง,,น้ำแม่ทา,Royal Irrigation Department,Ping Basin,2026-09-07 21:00,value,null,value,value,null,value,value
3221,สะพานท่าลี่,,แม่น้ำน้ำว้า,Royal Irrigation Department,Nan Basin,2026-09-07 21:00,value,null,value,value,null,value,value
3222,บ้านพันตน,,น้ำแม่วาง,Royal Irrigation Department,Ping Basin,2026-09-07 21:00,value,null,value,value,null,value,value
3223,บ้านโห้ง,,เหมืองฮอ,Royal Irrigation Department,Ping Basin,2026-09-07 21:00,value,null,value,value,null,value,value
3224,บ้านไฮ,,แม่น้ำวัง,Royal Irrigation Department,Wang Basin,2026-09-07 21:00,value,null,value,value,null,value,value
3226,สะพานนวรัฐ,,แม่น้ำปิง,Royal Irrigation Department,Ping Basin,2026-09-07 21:00,value,null,value,value,null,value,value
3233,บ้านมาง,,น้ำปี้,Royal Irrigation Department,Yom Basin,2026-09-07 21:00,value,null,value,value,null,value,value
3237,บ้านโป่งดิน,,ห้วยแม่วะ,Royal Irrigation Department,Ping Basin,2026-09-07 21:00,value,null,value,value,null,value,value
3240,บ้านริมใต้,,น้ำเหมือง,Royal Irrigation Department,Ping Basin,2026-09-07 21:00,value,null,value,value,null,value,value
3243,บ้านทุ่งหนอง,,แม่น้ำยม,Royal Irrigation Department,Yom Basin,2026-09-07 21:00,value,null,value,value,null,value,value
3244,บ้านแม่หวาน,,น้ำแม่กวง,Royal Irrigation Department,Ping Basin,2026-09-07 21:00,value,null,value,value,null,value,value
3245,บ้านน้ำยาว,,น้ำยาว,Royal Irrigation Department,Nan Basin,2026-09-07 21:00,value,null,value,value,null,value,value
3246,บ้านผาขวาง,,แม่น้ำน่าน,Royal Irrigation Department,Nan Basin,2026-09-07 21:00,value,null,value,value,null,value,value
3247,บ้านแม่แต,,แม่น้ำปิง,Royal Irrigation Department,Ping Basin,2026-09-07 21:00,value,null,value,value,null,value,value
3251,บ้านแม่แตง,,แม่น้ำแม่แตง,Royal Irrigation Department,Ping Basin,2026-09-07 21:00,value,null,value,value,null,value,value
3253,บ้านช่อแล,,เหมืองสายล่าง,Royal Irrigation Department,Ping Basin,2026-09-07 21:00,value,null,value,value,null,value,value
3267,บ้านปางสา,,น้ำยาว,Royal Irrigation Department,Nan Basin,2026-09-07 21:00,value,null,value,value,null,value,value
3269,บ้านสหกรณ์ร่มเกล้า,,น้ำแม่งัด,Royal Irrigation Department,Ping Basin,2026-09-07 06:00,value,null,value,value,null,value,value
3271,บ้านเชียงดาว,,ห้วยแม่มาด,Royal Irrigation Department,Ping Basin,2026-09-07 21:00,value,null,value,value,null,value,value
3277,บ้านม่วงป๊อก,,ห้วยมะยมเหม็น,Royal Irrigation Department,Ping Basin,2026-09-07 16:00,value,null,value,value,null,value,value
3281,บ้านเมืองมาย,,ห้วยแม่คิ,Royal Irrigation Department,Wang Basin,2026-09-07 21:00,value,null,value,value,null,value,value
3283,บ้านกลาง,,น้ำแม่ขาน,Royal Irrigation Department,Ping Basin,2026-09-07 21:00,value,null,value,value,null,value,value
3285,บ้านสลวงนอก,,น้ำแม่ริม,Royal Irrigation Department,Ping Basin,2026-09-07 06:00,value,null,value,value,null,value,value
3286,บ้านเมืองกึ๊ด,,แม่น้ำแม่แตง,Royal Irrigation Department,Ping Basin,2026-09-07 21:00,value,null,value,value,null,value,value
3288,บ้านสันปู่เลย,,น้ำแม่ขอด,Royal Irrigation Department,Ping Basin,2026-09-07 21:00,value,null,value,value,null,value,value
3292,บ้านท่างาม,,น้ำแควน้อย,Royal Irrigation Department,Nan Basin,2026-09-07 21:00,value,null,value,value,null,value,value
3294,บ้านท่าโป่งแดง,,แม่น้ำปาย,Royal Irrigation Department,Salawin Basin,2026-09-07 18:00,value,null,value,value,null,null,value
3295,บ้านวังนกแอ่น,,น้ำเข็ก,Royal Irrigation Department,Nan Basin,2026-09-07 21:00,value,null,value,value,null,value,value
3296,บ้านเจดีย์งาม,,ร่องค้าน,Royal Irrigation Department,North Khong Basin,2026-09-07 06:00,value,null,value,value,null,null,value
3298,บ้านดอนสลี,,น้ำแม่ลาว,Royal Irrigation Department,North Khong Basin,2026-09-07 06:00,value,null,value,value,null,value,value
3299,บ้านกระเหรี่ยงทุ่งพร้าว,,น้ำแม่สรวย,Royal Irrigation Department,North Khong Basin,2026-09-07 06:00,value,null,value,value,null,value,value
3303,บ้านหัวสะพาน,,น้ำแม่จัน,Royal Irrigation Department,North Khong Basin,2026-09-07 21:00,value,null,value,value,null,value,value
3304,บ้านแม่คำหลักเจ็ด,,แม่น้ำคำ,Royal Irrigation Department,North Khong Basin,2026-09-07 21:00,value,null,value,value,null,value,value
3441,น้ำพรม อ.เกษตรสมบูรณ์,,น้ำพรม,Electricity Generating Authority of Thailand,Chi Basin Basin,2026-09-07 21:00,value,null,value,value,value,value,value
3459,ลำเชิญ อ.ชุมแพ (ท้ายฝายโครงการชลประทานน้ำเชิญ),,ห้วยพรม,Electricity Generating Authority of Thailand,Chi Basin Basin,2026-09-03 12:00,value,null,value,value,value,value,value
3476,แม่น้ำมูล วัดปากโดม,,แม่น้ำมูล,Electricity Generating Authority of Thailand,Mun Basin,2026-09-07 21:00,null,null,value,value,null,value,value
3509,น้ำพอง อ.สีชมพู,,ลำน้ำพอง,Electricity Generating Authority of Thailand,Chi Basin Basin,2026-09-07 14:00,value,null,value,value,value,value,value
3510,ลำพะเนียง อ.เมือง,,ลำพะเนียง,Electricity Generating Authority of Thailand,Chi Basin Basin,2026-09-07 21:00,value,null,value,value,value,value,value
3519,น้ำพอง บ้านผานกเค้า (E.29),,น้ำพอง,Electricity Generating Authority of Thailand,Chi Basin Basin,2026-09-07 21:00,value,null,value,value,value,value,value
3523,ลำน้ำพอง (เหนือฝายหนองหวาย),,ลำน้ำพอง,Electricity Generating Authority of Thailand,Chi Basin Basin,2026-09-07 21:00,null,null,value,value,null,value,value
3524,ลำน้ำพอง โรงเรียนลำน้ำพอง,,ลำน้ำพอง,Electricity Generating Authority of Thailand,Chi Basin Basin,2026-09-07 21:00,value,null,value,value,value,value,value
3525,แม่น้ำชี บ้านหินกอง,,แม่น้ำชี,Electricity Generating Authority of Thailand,Chi Basin Basin,2026-09-07 21:00,value,null,value,value,value,value,value
3526,แม่น้ำชี ฝายมหาสารคาม(เหนือ),,แม่น้ำชี,Electricity Generating Authority of Thailand,Chi Basin Basin,2026-09-07 21:00,null,null,value,value,value,value,value
3529,แม่น้ำมูล อ.ราษีไศล (M.5),,แม่น้ำมูล,Electricity Generating Authority of Thailand,Mun Basin,2026-09-07 21:00,null,null,value,value,null,value,value
3531,แม่น้ำมูล ท้ายแก่งสะพือ (M.11B),,แม่น้ำมูล,Electricity Generating Authority of Thailand,Mun Basin,2026-09-07 21:00,value,null,value,value,null,value,value
3533,ลำโดมใหญ่ บ้านนาเยีย,,ลำโดมใหญ่,Electricity Generating Authority of Thailand,Mun Basin,2026-09-07 21:00,value,null,value,value,null,value,value
3542,แม่น้ำมูล บ้านคันไร่,,แม่น้ำมูล,Electricity Generating Authority of Thailand,Mun Basin,2026-09-07 21:00,value,null,value,value,null,value,value
3543,แม่น้ำมูล เมืองอุบลราชธานี (M.7),,แม่น้ำมูล,Electricity Generating Authority of Thailand,Mun Basin,2026-09-07 21:00,value,null,value,value,null,value,value
3544,หน้าเขื่อนปากมูล,,แม่น้ำมูล,Electricity Generating Authority of Thailand,Mun Basin,2026-09-07 21:00,null,null,value,value,null,value,value
12349,ควนกาหลง,Khuan Kalong,คลองลำโลน,Hydro – Informatics Institute (Public Organization),Peninsula - West Coast Basin,2026-09-07 21:50,null,null,value,value,null,value,value
12350,รัษฎา,Trang 6,แม่น้ำตรัง,Hydro – Informatics Institute (Public Organization),Peninsula - West Coast Basin,2026-09-07 21:50,null,null,value,value,null,value,value
12474,มะนัง,Manang,คลองละงู,Hydro – Informatics Institute (Public Organization),Peninsula - West Coast Basin,2026-09-07 21:50,null,null,value,value,null,value,value
12475,ปะเหลียน,Trang 4,คลองปะเหลียน,Hydro – Informatics Institute (Public Organization),Peninsula - West Coast Basin,2026-09-07 21:50,null,null,value,value,null,value,value
12476,ลิ่นถิ่น,Lin Thin,แม่น้ำแควน้อย,Hydro – Informatics Institute (Public Organization),Mae Klong Basin,2026-09-07 21:50,null,null,value,value,null,value,value
12477,หัวหิน,Pran Buri 2,ห้วยมงคล,Hydro – Informatics Institute (Public Organization),Phetchaburi - Prachuap Khiri Khan Basin,2026-09-07 21:50,null,null,value,value,null,value,value
12478,ท่ายาง,Tha Yang,แม่น้ำเพชรบุรี,Hydro – Informatics Institute (Public Organization),Phetchaburi - Prachuap Khiri Khan Basin,2026-09-07 21:50,null,null,value,value,null,value,value
12479,คลองขนาน,Khlong Khanan,คลองบางสะพาน,Hydro – Informatics Institute (Public Organization),Phetchaburi - Prachuap Khiri Khan Basin,2026-09-07 21:50,null,null,value,value,null,value,value
12480,คลองนางน้อย,Trang 3,คลองนางน้อย,Hydro – Informatics Institute (Public Organization),Peninsula - West Coast Basin,2026-09-07 21:50,null,null,value,value,null,value,value
12481,ละงู,La-ngu,คลองละงู,Hydro – Informatics Institute (Public Organization),Peninsula - West Coast Basin,2026-09-07 21:50,null,null,value,value,null,value,value
12483,ถ้ำพรรณรา,Nakhon Si Thammarat 3,แม่น้ำตาปี,Hydro – Informatics Institute (Public Organization),Peninsula - Upper East Coast Basin,2026-09-07 21:50,null,null,value,value,null,value,value
12484,พระแสง,Tapi 6,คลองอิปัน,Hydro – Informatics Institute (Public Organization),Peninsula - Upper East Coast Basin,2026-09-07 21:50,null,null,value,value,null,value,value
13892,ฝายคลองท่าเลา,Na Luang Sen,คลองท่าเลา,Hydro – Informatics Institute (Public Organization),Peninsula - West Coast Basin,2026-09-07 21:30,null,null,value,value,null,value,value
13906,วังวิเศษ,Trang 5,คลองยวนปลา,Hydro – Informatics Institute (Public Organization),Peninsula - West Coast Basin,2026-09-07 21:50,null,null,value,value,null,value,value
385579,ฝ่ายส่งน้ำและบำรุงรักษาที่ 2,Water Transmission and Maintenance 2,น้ำแม่ดู,Hydro – Informatics Institute (Public Organization),Ping Basin,2026-09-07 21:50,null,null,value,value,null,value,value
385582,สะพานข้ามลำปะเทีย,Lam Pathia Bridge,ลำปะเทีย,Hydro – Informatics Institute (Public Organization),Mun Basin,2026-09-07 19:00,null,null,value,value,null,value,value
385586,สะพานมิตรภาพรับร่อ-หินแก้ว,Rap Ro - Hin Kaeo Bridge,คลองรับรอ,Hydro – Informatics Institute (Public Organization),Peninsula - Upper East Coast Basin,2026-09-07 21:50,null,null,value,value,null,value,value
471583,คลองช่องสะเดา,Chong Sa Dao,คลองช่องสะเดา,Hydro – Informatics Institute (Public Organization),Chao Phraya Basin,2026-09-07 21:50,null,null,value,value,null,value,value
471584,วัดขนอนใต้,Khanon Ti Temple,คลองโพธิ์,Hydro – Informatics Institute (Public Organization),Chao Phraya Basin,2026-09-07 21:50,null,null,value,value,null,value,value
479230,สะพานแม่ฟ้าหลวง,Kok1,แม่น้ำกก,Hydro – Informatics Institute (Public Organization),North Khong Basin,2026-09-07 21:50,null,null,value,value,null,value,value
479231,คลองแม่พุง,Ing 3,น้ำแม่พุง,Hydro – Informatics Institute (Public Organization),North Khong Basin,2026-09-07 21:50,null,null,value,value,null,value,value
479232,สะพานอิงอุดม,Ing 1,แม่น้ำอิง,Hydro – Informatics Institute (Public Organization),North Khong Basin,2026-09-07 21:50,null,null,value,value,null,value,value
479233,คลองปาว,Chi 1-1,ลำปาว,Hydro – Informatics Institute (Public Organization),Chi Basin Basin,2026-09-07 21:50,null,null,value,value,null,value,value
479234,ห้วยยัง,Chi 11-1,ลำพะยัง,Hydro – Informatics Institute (Public Organization),Chi Basin Basin,2026-09-07 21:50,null,null,value,value,null,value,value
479235,ลำน้ำอูน,Songkhram 2,ลำน้ำอูน,Hydro – Informatics Institute (Public Organization),Northeast Khong Basin,2026-09-07 21:50,null,null,value,value,null,value,value
479236,บ้านโพธิ์ชัยทอง,Songkhram 3,ลำน้ำยาม,Hydro – Informatics Institute (Public Organization),Northeast Khong Basin,2026-09-07 21:50,null,null,value,value,null,value,value
479238,ลำน้ำพุง,Num Pung,ลำน้ำพุง,Hydro – Informatics Institute (Public Organization),Northeast Khong Basin,2026-09-07 21:50,null,null,value,value,null,value,value
479241,ลำเซบาย,Yasothon 1,ลำเซบาย,Hydro – Informatics Institute (Public Organization),Mun Basin,2026-09-07 21:50,null,null,value,value,null,value,value
504679,สะพานวงแหวนรอบ 3,,แม่น้ำปิง,Royal Irrigation Department,Ping Basin,2026-09-07 21:00,value,null,value,value,null,value,value
504708,บ้านสบแปะ,,แม่น้ำปิง,Royal Irrigation Department,Ping Basin,2026-09-07 21:00,value,null,value,value,null,value,value
504897,บางระกำ,,แม่น้ำยม,Royal Irrigation Department,Yom Basin,2026-09-07 21:00,null,null,value,value,null,value,value
504945,บ้านโคกกรวด,,คลองมอญ,Royal Irrigation Department,Mun Basin,2026-09-07 21:00,value,null,value,value,null,value,value
504962,บ้านป่าก่อ,,ลำเซบาย,Royal Irrigation Department,Mun Basin,2026-09-07 21:00,value,null,value,value,null,value,value
504982,บ้านพูลทรัพย์,,แม่น้ำป่าสัก,Royal Irrigation Department,Pasak Basin,2026-09-07 21:00,value,null,value,value,null,value,value
504990,บ้านทาม,,แม่น้ำบางปะกง,Royal Irrigation Department,Bang Pakong Basin,2026-09-07 21:00,null,null,value,value,null,value,value
504994,บ้านโนนสุขภูมิ,,คลองพระปรง,Royal Irrigation Department,Bang Pakong Basin,2026-09-07 21:00,value,null,value,value,null,value,value
504997,บ้านท่าบุญมี,,คลองท่าบุญมี,Royal Irrigation Department,Bang Pakong Basin,2026-09-07 21:00,value,null,value,value,null,value,value
504999,บ้านนาแขม,,แควหนุมาน,Royal Irrigation Department,Bang Pakong Basin,2026-09-07 21:00,value,null,value,value,null,value,value
505003,สะพานหน้าจวนผู้ว่าฯ,,แม่น้ำนครนายก,Royal Irrigation Department,Bang Pakong Basin,2026-09-07 21:00,null,null,value,value,null,value,value
505011,บ้านเขาโบสถ์,,คลองกระเฉด,Royal Irrigation Department,East Coast Gulf Basin,2026-09-07 21:00,value,null,value,value,null,value,value
505018,บ้านปากแซง,,แม่น้ำแควน้อย,Royal Irrigation Department,Mae Klong Basin,2026-09-07 21:00,value,null,value,value,null,value,value
505025,สะพานข้ามแม่น้ำแม่กลองหน้าศาลากลางจ.กาญจนบุรี,,แม่น้ำแม่กลอง,Royal Irrigation Department,Mae Klong Basin,2026-09-07 21:00,null,null,value,value,null,value,value
505027,บ้านสาระเห็ด,,แม่น้ำเพชรบุรี,Royal Irrigation Department,Phetchaburi - Prachuap Khiri Khan Basin,2026-09-07 21:00,value,null,value,value,null,value,value
505029,สะพานบ้านลาด,,แม่น้ำเพชรบุรี,Royal Irrigation Department,Phetchaburi - Prachuap Khiri Khan Basin,2026-09-07 21:00,value,null,value,value,null,value,value
505030,ข้างจวนผู้ว่าฯ,,แม่น้ำเพชรบุรี,Royal Irrigation Department,Phetchaburi - Prachuap Khiri Khan Basin,2026-09-07 21:00,null,null,value,value,null,value,value
505037,สะพานรถยนต์ ร.ร.อนุบาลบางสะพาน,,คลองบางกระจอง,Royal Irrigation Department,Phetchaburi - Prachuap Khiri Khan Basin,2026-09-07 21:00,null,null,value,value,null,value,value
505038,บ้านวัดพระรูป,,แม่น้ำสุพรรณ,Royal Irrigation Department,Tha Chin Basin,2026-09-07 21:00,null,null,value,value,null,value,value
505039,บ้านบางการ้อง,,แม่น้ำท่าจีน,Royal Irrigation Department,Tha Chin Basin,2026-09-07 21:00,null,null,value,value,null,value,value
505041,ร.ร.บ้านสามพราน,,แม่น้ำท่าจีน,Royal Irrigation Department,Tha Chin Basin,2026-09-07 21:00,null,null,value,value,null,value,value
505050,บ้านบูเก๊ะตา,,แม่น้ำโก-ลก,Royal Irrigation Department,Peninsula - Lower East Coast Basin,2026-09-07 21:00,value,null,value,value,null,value,value
505052,บ้านมูโน๊ะ,,แม่น้ำโก-ลก,Royal Irrigation Department,Peninsula - Lower East Coast Basin,2026-09-07 21:00,null,null,value,value,null,value,value
505056,บ้านท่าข้าม,,แม่น้ำตาปี,Royal Irrigation Department,Peninsula - Upper East Coast Basin,2026-09-07 21:00,null,null,value,value,null,value,value
505069,บ้านปะเหลียนใน,,คลองปะเหลียน,Royal Irrigation Department,Peninsula - West Coast Basin,2026-09-07 21:00,value,null,value,value,null,value,value
505072,ชุมชนประชาบำรุง,,คลองละงู,Royal Irrigation Department,Peninsula - West Coast Basin,2026-09-07 21:00,null,null,value,value,null,value,value
508035,บ้านผานกเค้า,,น้ำพอง,Royal Irrigation Department,Chi Basin Basin,2026-09-07 21:00,value,null,value,value,null,value,value
516213,ลำน้ำกูน,Lamnam Kun,น้ำคูณ,Friend in Need (of “Pa”) Volunteers Foundation,Nan Basin,2026-09-07 21:50,null,null,value,value,null,value,value
516216,สะพานน้ำมวบ (บ้านภูแยง),Nam Muap (Ban Phu Yaeng) Bridge ,น้ำมวบ,Friend in Need (of “Pa”) Volunteers Foundation,Nan Basin,2026-09-07 21:50,null,null,value,value,null,value,value
516218,บ้านตอง,Ban Tong,น้ำมวบ,Friend in Need (of “Pa”) Volunteers Foundation,Nan Basin,2026-09-07 21:50,null,null,value,value,null,value,value
527828,บ้านชมพู,,คลองชมพู,Royal Irrigation Department,Nan Basin,2026-09-07 21:00,value,null,value,value,null,value,value
528052,วัดบางไผ่นารถ,,แม่น้ำท่าจีน,Royal Irrigation Department,Tha Chin Basin,2026-09-07 21:00,null,null,value,value,null,value,value
529399,สะพานลำน้ำยาม,Lamnam Yam Bridge,ลำน้ำยาม,Friend in Need (of “Pa”) Volunteers Foundation,Northeast Khong Basin,2026-09-07 21:50,null,null,value,value,null,value,value
558654,น้ำพรม บ้านกุดเลาะ    ,Ban Kut Lo,น้ำพรม,Electricity Generating Authority of Thailand,Chi Basin Basin,2026-09-07 21:00,null,null,value,value,null,value,value
558658,เขื่อนน้ำพุง บ้านคำเพิ่ม ,,ห้วยน้ำพุง,Electricity Generating Authority of Thailand,Northeast Khong Basin,2026-09-07 21:00,null,null,value,value,null,null,value
558661,วัดศิริมังคละเต่างอย ,,ลำน้ำพุง,Electricity Generating Authority of Thailand,Northeast Khong Basin,2026-09-07 21:00,null,null,value,value,null,null,value
562796,สะพานบ้าน กม.29 อ.เบตง จ.ยะลา,,แม่น้ำปัตตานี,Electricity Generating Authority of Thailand,Peninsula - Lower East Coast Basin,2026-09-07 21:00,value,null,value,value,null,value,value
562799,สะพานท้ายเขื่อนบางลาง อ.บันนังสตา จ.ยะลา,,แม่น้ำปัตตานี,Electricity Generating Authority of Thailand,Peninsula - Lower East Coast Basin,2026-09-07 21:00,value,null,value,value,null,value,value
562800,สะพานหัวสะพาน อ.บันนังสตา จ.ยะลา,,แม่น้ำปัตตานี,Electricity Generating Authority of Thailand,Peninsula - Lower East Coast Basin,2026-09-07 21:00,null,null,value,value,null,value,value
562802,อาคารสูบน้ำดิบ กปภ. อ.ยะหา จ.ยะลา,,คลองเล็ก,Electricity Generating Authority of Thailand,Peninsula - Lower East Coast Basin,2026-09-07 21:00,null,null,value,value,null,value,value
562803,สะพานเมืองปัตตานี อ.เมือง จ.ปัตตานี,,แม่น้ำปัตตานี,Electricity Generating Authority of Thailand,Peninsula - Lower East Coast Basin,2026-09-07 21:00,null,null,value,value,null,value,value
562804,ฝายละแอ อ.บันนังสตา จ.ยะลา,,คลองละแอ,Electricity Generating Authority of Thailand,Peninsula - Lower East Coast Basin,2026-09-07 21:00,null,null,value,value,null,null,value
562808,เขื่อนบางลาง อ.บันนังสตา จ.ยะลา,,แม่น้ำปัตตานี,Electricity Generating Authority of Thailand,Peninsula - Lower East Coast Basin,2026-09-07 21:00,null,null,value,value,null,null,value
575566,ปตร.วัดบางกระเจ้านอก,Wat Bangkachao Nok Gate,คลองบางกะเจ้า,Hydro – Informatics Institute (Public Organization),Chao Phraya Basin,2026-09-07 21:50,null,null,value,value,null,value,value
575567,ปตร. คลองลัดบางยอ 1,Khlong Lat Bang Yo 1 Gate,แม่น้ำเจ้าพระยา,Hydro – Informatics Institute (Public Organization),Chao Phraya Basin,2026-09-07 21:50,null,null,value,value,null,value,value
575568,ปตร. คลองลัดบางยอ 2,Khlong Lat Bang Yo 2 Gate,แม่น้ำเจ้าพระยา,Hydro – Informatics Institute (Public Organization),Chao Phraya Basin,2026-09-07 21:50,null,null,value,value,null,value,value
595071,สะพานน้ำแม่สา,Mae Sa Bridge Bridge,น้ำแม่สา,Friend in Need (of “Pa”) Volunteers Foundation,Ping Basin,2026-09-07 21:50,null,null,value,value,null,value,value
595072,สะพานห้วยแม่ตาช้าง,Mae Ta Chang Bridge,ห้วยแม่ท่าช้าง,Friend in Need (of “Pa”) Volunteers Foundation,Ping Basin,2026-09-07 21:50,null,null,value,value,null,value,value
632505,บ้านแก่งบัวคำ,,น้ำแควน้อย,Royal Irrigation Department,Nan Basin,2026-09-07 21:00,value,null,value,value,null,value,value
632511,ต.น้ำปาด,,น้ำปาด,Royal Irrigation Department,Nan Basin,2026-09-07 21:00,value,null,value,value,null,value,value
638734,คลองแม่รำพัน 1,Khlong Mae Ramphan 1,คลองแม่รำพัน,Friend in Need (of “Pa”) Volunteers Foundation,Yom Basin,2026-09-07 21:50,null,null,value,value,null,value,value
642740,สะพานห้วยแม่สาว,Mae Sao bridge,น้ำแม่สาว,Friend in Need (of “Pa”) Volunteers Foundation,North Khong Basin,2026-09-07 21:50,null,null,value,value,null,value,value
642750,สะพานแม่น้ำน่าน บ้านเปียงก่อ,Mae Nam Nan (Ban Piang Ko) Bridge,น้ำราง,Friend in Need (of “Pa”) Volunteers Foundation,Nan Basin,2026-09-07 21:50,null,null,value,value,null,value,value
642753,สะพานน้ำขว้าง บ้านร้องแง,Nam Khwang (Ban Rong Ngae) Bridge,น้ำขว้าง,Friend in Need (of “Pa”) Volunteers Foundation,Nan Basin,2026-09-07 21:50,null,null,value,value,null,value,value
648042,สะพานน้ำยาว บ้านสองแคว,Ban SongKhwae Bridge,น้ำยาว,Friend in Need (of “Pa”) Volunteers Foundation,Nan Basin,2026-09-07 21:50,null,null,value,value,null,value,value
670714,ลำน้ำกวงสะพานศรีดอนชัย,Si Don Chai Bridge,น้ำแม่กวง,Friend in Need (of “Pa”) Volunteers Foundation,Ping Basin,2026-09-07 21:50,null,null,value,value,null,value,value
670715,ลำน้ำสานบ้านทุ่งยาวเหนือ,Ban Thung Yao Nuea Bridge,น้ำแม่สาร,Friend in Need (of “Pa”) Volunteers Foundation,Ping Basin,2026-09-07 21:50,null,null,value,value,null,value,value
685637,สะพานน้ำกอน บ้านพญาแก้ว,Nam Kon (Ban Phaya Kaeo) Bridge,น้ำกอน,Friend in Need (of “Pa”) Volunteers Foundation,Nan Basin,2026-09-07 21:50,null,null,value,value,null,value,value
685643,สะพานห้วยน้ำสาย,Nam Sai Birgde,น้ำสบสาย,Friend in Need (of “Pa”) Volunteers Foundation,Nan Basin,2026-09-07 21:50,null,null,value,value,null,value,value
685650,สะพานน้ำว้า บ้านน้ำว้า,Nam Wa (Ban Nam Wa),แม่น้ำน้ำว้า,Friend in Need (of “Pa”) Volunteers Foundation,Nan Basin,2026-09-07 21:50,null,null,value,value,null,value,value
685653,สะพานห้วยแม่ถาบ้านปาหุ่ง,Ban Pa Hung Birdge,ห้วยแม่ถา,Friend in Need (of “Pa”) Volunteers Foundation,Nan Basin,2026-09-07 21:50,null,null,value,value,null,value,value
685658,สะพานน้ำมวบ บ้านน้ำมวบ,Nam Muab (Ban Nam Muab) Birdge,น้ำมวบ,Friend in Need (of “Pa”) Volunteers Foundation,Nan Basin,2026-09-07 21:50,null,null,value,value,null,value,value
685678,สะพานแม่ตื่น,Mae Tuen Bridge,แม่น้ำตื่น,Friend in Need (of “Pa”) Volunteers Foundation,Ping Basin,2026-09-07 21:30,null,null,value,value,null,value,value
700551,เขื่อนท่าทุ่งนา,,อ่างเก็บน้ำท่าทุ่งนา,Electricity Generating Authority of Thailand,Mae Klong Basin,2026-09-07 21:00,null,null,value,value,null,null,value
700552,บ้านหนองบัว (K.35A),,แม่น้ำแควใหญ่,Electricity Generating Authority of Thailand,Mae Klong Basin,2026-09-07 21:00,value,null,value,value,null,value,value
700553,วัดไชยชุมพลชนะสงคราม (วัดใต้),,แม่น้ำแม่กลอง,Electricity Generating Authority of Thailand,Mae Klong Basin,2026-09-07 21:00,null,null,value,value,null,value,value
700555,วัดหนองปรือ,,ลำตะเพิน,Electricity Generating Authority of Thailand,Mae Klong Basin,2026-09-07 21:00,value,null,value,value,null,value,value
700556,โรงเรียนบ้านทุ่งนานางหรอก,,ลำตะเพิน,Electricity Generating Authority of Thailand,Mae Klong Basin,2026-09-07 21:00,value,null,value,value,null,value,value
700559,หน่วยพิทักษ์ป่าเขาบันได,,ห้วยแม่ดี,Electricity Generating Authority of Thailand,Mae Klong Basin,2026-09-07 21:00,null,null,value,value,null,null,value
700584,อ.ทองผาภูมิ,,แม่น้ำแควน้อย,Electricity Generating Authority of Thailand,Mae Klong Basin,2026-09-07 21:00,value,null,value,value,null,value,value
700585,บ้านหินดาด,,แม่น้ำแควน้อย,Electricity Generating Authority of Thailand,Mae Klong Basin,2026-09-07 21:00,value,null,value,value,null,value,value
700586,บ้านลิ่นถิ่น (K.54),,แม่น้ำแควน้อย,Electricity Generating Authority of Thailand,Mae Klong Basin,2026-09-07 21:00,value,null,value,value,null,value,value
700587,บ้านปากแซง (K.58),,แม่น้ำแควน้อย,Electricity Generating Authority of Thailand,Mae Klong Basin,2026-09-07 21:00,value,null,value,value,null,value,value
700588,บ้านลุ่มสุ่ม (K.10),,แม่น้ำแควน้อย,Electricity Generating Authority of Thailand,Mae Klong Basin,2026-09-07 21:00,value,null,value,value,null,value,value
700589,บ้านวังเย็น (K.37),,แม่น้ำแควน้อย,Electricity Generating Authority of Thailand,Mae Klong Basin,2026-09-07 21:00,value,null,value,value,null,value,value
700590,บ้านแม่น้ำน้อย,,ห้วยแม่น้ำน้อย,Electricity Generating Authority of Thailand,Mae Klong Basin,2026-09-07 21:00,value,null,value,value,null,value,value
700591,สะพานมิตรภาพชุมพล,,แม่น้ำภาชี,Electricity Generating Authority of Thailand,Mae Klong Basin,2026-09-07 21:00,value,null,value,value,null,value,value
709863,สะพานท่าสาป อ.เมือง จ.ยะลา,,แม่น้ำปัตตานี,Electricity Generating Authority of Thailand,Peninsula - Lower East Coast Basin,2026-09-07 21:00,value,null,value,value,null,value,value
726653,บ้านเสาธง,,คลองเสาธง,Royal Irrigation Department,Peninsula - Upper East Coast Basin,2026-09-07 21:00,value,null,value,value,null,value,value
726656,บ้านควนกลาง (1),,แม่น้ำตาปี,Royal Irrigation Department,Peninsula - Upper East Coast Basin,2026-09-07 21:00,value,null,value,value,null,value,value
726667,บ้านอาพาธ,,คลองอิปัน,Royal Irrigation Department,Peninsula - Upper East Coast Basin,2026-09-07 06:00,value,null,value,value,null,value,value
726673,บ้านนาสีทอง,,คลองรัตภูมิ,Royal Irrigation Department,Thale Sap Songkhla Basin,2026-09-07 21:00,value,null,value,value,null,value,value
726680,บ้านหูแร่,,คลองวาด,Royal Irrigation Department,Thale Sap Songkhla Basin,2026-09-07 21:00,value,null,value,value,null,value,value
726684,บ้านบริดอ,,แม่น้ำปัตตานี,Royal Irrigation Department,Peninsula - Lower East Coast Basin,2026-09-07 21:00,null,null,value,value,null,value,value
726686,บ้านท่านา,,คลองกะปง,Royal Irrigation Department,Peninsula - West Coast Basin,2026-09-07 21:00,value,null,value,value,null,value,value
740532,สะพานลำน้ำเลย,Nam Loei Bridge,แม่น้ำเลย,Hydro – Informatics Institute (Public Organization),Northeast Khong Basin,2026-09-07 21:50,null,null,value,value,null,value,value
740533,สะพานห้วยน้ำฮวย,Huay Nam Huay Bridge,ห้วยน้ำฮวย,Hydro – Informatics Institute (Public Organization),Northeast Khong Basin,2026-09-07 15:30,null,null,value,value,null,value,value
740537,สะพานห้วยมุก,Huay Muk Bridge,ห้วยมุก,Hydro – Informatics Institute (Public Organization),Northeast Khong Basin,2026-09-07 21:50,null,null,value,value,null,value,value
740538,สะพานบังอี่,Bang Ee Bridge,ห้วยบังอี,Hydro – Informatics Institute (Public Organization),Northeast Khong Basin,2026-09-07 18:40,null,null,value,value,null,value,value
740540,สะพานข้ามน้ำมูล,Nam Mun Bridge,แม่น้ำมูล,Hydro – Informatics Institute (Public Organization),Mun Basin,2026-09-07 21:50,null,null,value,value,null,value,value
740720,คลองสรอย วัดแม่ขมวก,Klong Soi Wat Mae Muak,ห้วยแม่สรอย,Friend in Need (of “Pa”) Volunteers Foundation,Yom Basin,2026-09-07 21:50,null,null,value,value,null,value,value
740723,สะพานวัดมงคลร่วมใจ (บ้านวังสาร),Wat Mongkhon Ruamchai Bridge,คลองวังน้ำใส,Friend in Need (of “Pa”) Volunteers Foundation,Nan Basin,2026-09-07 21:50,null,null,value,value,null,value,value
740726,สะพานบางไตประชาบริรักษ์,Bang Tai Pracha Borirak Bridge,คลองยัน,Friend in Need (of “Pa”) Volunteers Foundation,Peninsula - Upper East Coast Basin,2026-09-07 21:50,null,null,value,value,null,value,value
740727,สะพานคลองพาย,Khlong Phai Bridge,ห้วยแวัะ,Friend in Need (of “Pa”) Volunteers Foundation,Peninsula - Upper East Coast Basin,2026-09-07 21:50,null,null,value,value,null,value,value
740729,สะพานทางเข้าชุมชนบ้านปากซวด,Ban Pak Suat Community Bridge,คลองบางครก,Friend in Need (of “Pa”) Volunteers Foundation,Peninsula - Upper East Coast Basin,2026-09-07 21:50,null,null,value,value,null,value,value
740730,สะพานบ้านสวนปราง,Ban Suan Prang Bridge,คลองสระ,Friend in Need (of “Pa”) Volunteers Foundation,Peninsula - Upper East Coast Basin,2026-09-07 21:50,null,null,value,value,null,value,value
740731,สะพานข้ามคลองหวาด,Kham Khlong Wat Bridge,คลองหวาด,Friend in Need (of “Pa”) Volunteers Foundation,Peninsula - Upper East Coast Basin,2026-09-07 21:50,null,null,value,value,null,value,value
740736,สะพานข้ามคลองวังเคียน,Khlong Wang Khian Bridge,คลองวังเคียน,Friend in Need (of “Pa”) Volunteers Foundation,Peninsula - Upper East Coast Basin,2026-09-07 21:50,null,null,value,value,null,value,value
740737,สะพานห้วยน้ำใส,Huai Nam Sai Bridge,คลองไม้เสียบ,Friend in Need (of “Pa”) Volunteers Foundation,Peninsula - Upper East Coast Basin,2026-09-07 21:50,null,null,value,value,null,value,value
740738,สะพานข้ามคลองห้วยกรวด,Kham Khlong Huai Kruat Bridge,คลองห้วยกรวด,Friend in Need (of “Pa”) Volunteers Foundation,Thale Sap Songkhla Basin,2026-09-07 21:50,null,null,value,value,null,value,value
740739,สะพานบ้านแหลมโตนด,Ban Laem Tanot Bridge,คลองคุ้ง,Friend in Need (of “Pa”) Volunteers Foundation,Thale Sap Songkhla Basin,2026-09-07 21:50,null,null,value,value,null,value,value
740740,สะพานท่าสำเภา,Tha Samphao Bridge,คลองปากประ,Friend in Need (of “Pa”) Volunteers Foundation,Thale Sap Songkhla Basin,2026-09-07 21:50,null,null,value,value,null,value,value
740742,คลองสุหงาบารู หมู่ที่ 4,Su Nga Ba Ru 4,คลองสุหงาบารู,Friend in Need (of “Pa”) Volunteers Foundation,Peninsula - Lower East Coast Basin,2026-09-07 21:50,null,null,value,value,null,value,value
740746,สะพานข้ามแม่น้ำปัตตานี,Kham Maenam Pattani Bridge,แม่น้ำปัตตานี,Friend in Need (of “Pa”) Volunteers Foundation,Peninsula - Lower East Coast Basin,2026-09-07 21:50,null,null,value,value,null,value,value
745748,สะพานห้วยบังบาต,Huay Bang Bat Bridge,ห้วยบางบาตร,Hydro – Informatics Institute (Public Organization),Northeast Khong Basin,2026-09-07 21:50,null,null,value,value,null,value,value
832057,บ้านหนองไผ่,,ลำภาชี,Royal Irrigation Department,Mae Klong Basin,2026-09-07 21:00,null,null,value,value,null,value,value
832059,บ้านยางสูง,,ลำตะเพิน,Royal Irrigation Department,Mae Klong Basin,2026-09-07 21:00,null,null,value,value,null,value,value
832066,สะพานค่ายหลวง,,แม่น้ำแม่กลอง,Royal Irrigation Department,Mae Klong Basin,2026-09-07 21:00,value,null,value,value,null,value,value
832084,บ้านทุ่งแฝก,,แม่น้ำกุยบุรี,Royal Irrigation Department,Phetchaburi - Prachuap Khiri Khan Basin,2026-09-07 21:00,value,null,value,value,null,null,value
852087,อโศก,Asok,คลองแสนแสบ,Hydro – Informatics Institute (Public Organization),Chao Phraya Basin,2026-09-07 21:50,null,null,value,value,null,value,value
999395,บ้านหาดใน ,,คลองรับรอ,Royal Irrigation Department,Peninsula - Upper East Coast Basin,2026-09-07 21:00,null,null,value,value,null,value,value
999405,วัดถลุงทอง อำเภอร่อนพิบูลย์ ,,คลองเสาธง,Royal Irrigation Department,Peninsula - Upper East Coast Basin,2026-09-07 21:00,value,null,value,value,null,value,value
1035512,บ้านคลองหินลับ,,ห้วยหินลับ,Royal Irrigation Department,Mun Basin,2026-09-07 21:00,value,null,value,value,null,value,value
1035516,บ้านบัว,,ลำเชิงไกร,Royal Irrigation Department,Mun Basin,2026-09-07 21:00,null,null,value,value,null,value,value
1035518,บ้านหินโคนเก่า,,ลำปลายมาศ,Royal Irrigation Department,Mun Basin,2026-09-07 10:00,null,null,value,value,null,value,value
1035521,บ้านดอนยาง,,ลำเสียว,Royal Irrigation Department,Mun Basin,2026-09-07 21:00,value,null,value,value,null,value,value
1066916,บ้านชะอม,,แควหนุมาน,Royal Irrigation Department,Bang Pakong Basin,2026-09-07 21:00,value,null,value,value,null,value,value
1079844,บ้านโนนค่า,,ห้วยดินดำ,Royal Irrigation Department,Mun Basin,2026-09-07 21:00,null,null,value,value,null,value,value
1079932,ตำบลท่าหลวง,,คลองบ้านปากคลองใหญ่,Royal Irrigation Department,East Coast Gulf Basin,2026-09-07 21:00,value,null,value,value,null,value,value
1079995,บ้านไสหาร,,แม่น้ำตรัง,Royal Irrigation Department,Peninsula - West Coast Basin,2026-09-07 21:00,value,null,value,value,null,value,value
1082427,บ่อดินขาว,Bo Din Khao,คลองอนุศาสนนันท์,Hydro – Informatics Institute (Public Organization),Chao Phraya Basin,2026-09-07 21:50,null,null,value,value,null,value,value
1085209,สะพานไอร์ปาโจ,Ai Pa Cho Bridge,คลองไอร์ปาโจ,Hydro – Informatics Institute (Public Organization),Peninsula - Lower East Coast Basin,2026-09-07 21:50,null,null,value,value,null,value,value
1085210,สะพานตาบัว บ้านยาเด๊ะ,Bua Ban Ya De Bridge,คลองอัยดาลอ,Hydro – Informatics Institute (Public Organization),Peninsula - Lower East Coast Basin,2026-09-07 21:30,null,null,value,value,null,value,value
1085211,สะพานกะลูบี บ้านสายปารี,Ka Lu Bi Ban Sai Pa Ri Bridge,แม่น้ำสายบุรี,Hydro – Informatics Institute (Public Organization),Peninsula - Lower East Coast Basin,2026-09-07 21:50,null,null,value,value,null,value,value
1087618,บ้านปายอยือนิ ,,แม่น้ำสายบุรี,Royal Irrigation Department,Peninsula - Lower East Coast Basin,2026-09-07 21:00,null,null,value,value,null,value,value
1091551,เขาวง,Khao Wong,คลองอนุศาสนนันท์,Hydro – Informatics Institute (Public Organization),Chao Phraya Basin,2026-09-07 21:50,null,null,value,value,null,value,value
1093079,คลองชะอวด,Khlong Cha Uat,คลองชะอวด,Hydro – Informatics Institute (Public Organization),Peninsula - Upper East Coast Basin,2026-09-07 21:50,null,null,value,value,null,value,value
1093312,บ้านเขาน้อย,,แม่น้ำปราณบุรี,Royal Irrigation Department,Phetchaburi - Prachuap Khiri Khan Basin,2026-09-07 21:00,null,null,value,value,null,null,value
1094448,โรงเรียนวัดโคกโพธิ์สถิตย์,Wat Khok Pho Sathit School,คลองท่าดี,Hydro – Informatics Institute (Public Organization),Peninsula - Upper East Coast Basin,2026-09-07 21:50,null,null,value,value,null,null,value
1095455,สะพานบ้านตรังพัฒนา,Trang Phatthana Bridge,คลองหลังสวน,Hydro – Informatics Institute (Public Organization),Peninsula - Upper East Coast Basin,2026-09-07 21:50,null,null,value,value,null,value,value
1095849,สะพานหัวเวียง,,,Royal Irrigation Department,Chao Phraya Basin,2026-09-07 21:00,null,null,value,value,null,value,value
1095872,บ้านท่าไม้ลาย,,คลองชุมพร,Royal Irrigation Department,Peninsula - Upper East Coast Basin,2026-09-07 21:00,value,null,value,value,null,value,value
1095875,บ้านทุ่งปราบ,,คลองหล้าปัง,Royal Irrigation Department,Thale Sap Songkhla Basin,2026-09-07 21:00,value,null,value,value,null,value,value
1095876,บ้านเขาปู่,,คลองใหญ่,Royal Irrigation Department,Thale Sap Songkhla Basin,2026-09-07 21:00,value,null,value,value,null,value,value
1095877,บ้านหัวสะพาน,,คลองใหญ่,Royal Irrigation Department,Peninsula - Lower East Coast Basin,2026-09-07 21:00,value,null,value,value,null,value,value
1095878,บ้านปรีกี,,แม่น้ำปัตตานี,Royal Irrigation Department,Peninsula - Lower East Coast Basin,2026-09-07 21:00,null,null,value,value,null,value,value
1095879,บ้านกลาง,,แม่น้ำตรัง,Royal Irrigation Department,Peninsula - West Coast Basin,2026-09-07 21:00,value,null,value,value,null,value,value
1095881,บ้านปันจอร์,,คลองดุสน,Royal Irrigation Department,Peninsula - West Coast Basin,2026-09-07 21:00,value,null,value,value,null,value,value
1095882,บ้านรมณีย์,,คลองรมณีย์,Royal Irrigation Department,Peninsula - West Coast Basin,2026-09-07 21:00,value,null,value,value,null,value,value
1097520,บ้านช้างแรก,,ห้วยหินปิด,Royal Irrigation Department,Phetchaburi - Prachuap Khiri Khan Basin,2026-09-07 21:00,null,null,value,value,null,value,value
1098852,บ้านสัมฤทธิ์,,แม่น้ำมูล,Royal Irrigation Department,Mun Basin,2026-09-07 21:00,null,null,value,value,null,value,value
1098871,บ้านโนนสมบูรณ์,,ลำสะแทต,Royal Irrigation Department,Mun Basin,2026-09-07 21:00,null,null,value,value,null,value,value
1098950,บ้านแก้ง,,คลองพระปรง,Royal Irrigation Department,Bang Pakong Basin,2026-09-07 21:00,value,null,value,value,null,value,value
1098952,เขาลูกช้าง,,แม่น้ำเพชรบุรี,Royal Irrigation Department,Phetchaburi - Prachuap Khiri Khan Basin,2026-09-07 21:00,value,null,value,value,null,value,value
1098955,บ้านทุ่งแฝก,,ห้วยยาง,Royal Irrigation Department,Bang Pakong Basin,2026-09-07 21:00,value,null,value,value,null,value,value
1098957,บ้านแก่งดินสอ,,แควโขมง,Royal Irrigation Department,Bang Pakong Basin,2026-09-07 21:00,value,null,value,value,null,value,value
1099005,บ้านแลง,,แม่น้ำวัง,Royal Irrigation Department,Wang Basin,2026-09-07 21:00,value,null,value,value,null,value,value
1101563,ห้วยแม่แจ่ม,Huai Mae Chaem School,น้ำแม่แจ่ม,Friend in Need (of “Pa”) Volunteers Foundation,Ping Basin,2026-09-07 21:50,null,null,value,value,null,value,value
1101565,สะพานแม่น้ำลาว,Maenam Lao Bridge,น้ำแม่ลาว,Friend in Need (of “Pa”) Volunteers Foundation,North Khong Basin,2026-09-07 21:50,null,null,value,value,null,value,value
1101566,คลองกั้ง,Khlong Kang,ห้วยกั้ง,Friend in Need (of “Pa”) Volunteers Foundation,Nan Basin,2026-09-07 21:50,null,null,value,value,null,value,value
1101568,บ้านประดู่,Ban Pradu,คลองท่าเลา,Friend in Need (of “Pa”) Volunteers Foundation,Peninsula - West Coast Basin,2026-09-07 21:50,null,null,value,value,null,value,value
1101569,บ้านใต้,Ban Tai,คลองท่าโลน,Friend in Need (of “Pa”) Volunteers Foundation,Peninsula - West Coast Basin,2026-09-07 21:50,null,null,value,value,null,value,value
1101572,บ้านคลองวาย หมู่ที่ 7,Ban Khlong Wai 7,คลองบางจิก,Friend in Need (of “Pa”) Volunteers Foundation,Peninsula - Upper East Coast Basin,2026-09-07 21:50,null,null,value,value,null,value,value
1101573,บ้านคลองใส หมู่ที่ 8,Ban Khlong Sai 8,คลองวาย,Friend in Need (of “Pa”) Volunteers Foundation,Peninsula - Upper East Coast Basin,2026-09-07 21:50,null,null,value,value,null,value,value
1101574,บ้านคลองมุย หมู่ที่ 13,Ban Khlong Mui 13,คลองมุย,Friend in Need (of “Pa”) Volunteers Foundation,Peninsula - Upper East Coast Basin,2026-09-07 21:30,null,null,value,value,null,value,value
1105332,ปตร กุฎิ (ทุ่งป่าโมก),Ku Ti,แม่น้ำน้อย,Hydro – Informatics Institute (Public Organization),Chao Phraya Basin,2026-09-07 21:50,null,null,value,value,null,value,value
1106448,ปตร.ปลายคลองบางซอ (ทุ่งเจ้าเจ็ด),Khlong Bang So,แม่น้ำสุพรรณ,Hydro – Informatics Institute (Public Organization),Tha Chin Basin,2026-09-07 21:50,null,null,value,value,null,value,value
1106449,ปตร.ลาดชะโด (ทุ่งผักไห่),Lat Chado,คลองบางคี่,Hydro – Informatics Institute (Public Organization),Chao Phraya Basin,2026-09-07 21:50,null,null,value,value,null,value,value
1106450,ปตร.ลาดชิด (ทุ่งผักไห่),Lat Chit,ลำรางยายสุข,Hydro – Informatics Institute (Public Organization),Chao Phraya Basin,2026-09-07 21:50,null,null,value,value,null,value,value
1106451,ปตร.บางแก้ว (ทุ่งผักไห่),BangKaeo,แม่น้ำน้อย,Hydro – Informatics Institute (Public Organization),Chao Phraya Basin,2026-09-07 21:50,null,null,value,value,null,value,value
1106453,ทุ่งโพธิ์พระยา,Thung PaMok,คลองดอนต้นคาง,Hydro – Informatics Institute (Public Organization),Tha Chin Basin,2026-09-07 21:50,null,null,value,value,null,value,value
1106454,สถานีสูบน้ำปากคลองสายห้วยแก้ว (ทุ่งซ้ายคลองชัยนาท),Khlong Sai Huai Kaeo Pumping Station,คลองท่าตะโก,Hydro – Informatics Institute (Public Organization),Chao Phraya Basin,2026-09-07 21:50,null,null,value,value,null,value,value
1106455,สถานีสูบน้ำปากคลองสระตาแวว (ทุ่งซ้ายคลองชัยนาท),Khlong Sa Ta Waeo Pumping Station,คลองโพนทอง,Hydro – Informatics Institute (Public Organization),Chao Phraya Basin,2026-09-07 21:50,null,null,value,value,null,value,value
1106456,ทรบ. ปากคลองห้าวา (ทุ่งท่าวุ้ง),Pak Khlong Ha Wa,คลองบางคะลาย,Hydro – Informatics Institute (Public Organization),Chao Phraya Basin,2026-09-07 21:50,null,null,value,value,null,value,value
1106457,สถานีสูบน้ำคลองระบายชัยนาท-ป่าสัก 2 (ทุ่งเชียงราก),Khlong Rabai Chai Nat Pa Sak Pumping Station,คลองบางโฉมศรี,Hydro – Informatics Institute (Public Organization),Chao Phraya Basin,2026-09-07 21:50,null,null,value,value,null,value,value
1107582,เสนา (ทุ่งบางบาล-บ้านแพน),Sena,แม่น้ำน้อย,Hydro – Informatics Institute (Public Organization),Chao Phraya Basin,2026-09-07 21:50,null,null,value,value,null,value,value
1109490,สะพานท่าน้ำ,Tha Nam Bridge,คลองกระบี่ใหญ่,Hydro – Informatics Institute (Public Organization),Peninsula - West Coast Basin,2026-09-07 21:50,null,null,value,value,null,value,value
1109491,สะพานข้ามคลองกระบี่ใหญ่ 1,Krabi Yai 1 Bridge,คลองกระบี่ใหญ่,Hydro – Informatics Institute (Public Organization),Peninsula - West Coast Basin,2026-09-07 19:00,null,null,value,value,null,value,value
1109492,สะพานคลองอิปัน,I Pan Bridge,คลองปันโตน,Hydro – Informatics Institute (Public Organization),Peninsula - Upper East Coast Basin,2026-09-07 21:50,null,null,value,value,null,value,value
1109493,สะพานข้ามคลองตะโก,Khlong Tako Bridge,คลองตะโก,Hydro – Informatics Institute (Public Organization),Peninsula - Upper East Coast Basin,2026-09-07 21:50,null,null,value,value,null,value,value
1109494,สะพานหนองจิก-วังปลา,Nong Chik - Wang Pla Bridge,คลองตะโก,Hydro – Informatics Institute (Public Organization),Peninsula - Upper East Coast Basin,2026-09-07 21:50,null,null,value,value,null,value,value
1109495,ปตร.ธรณิศนฤมิต-เหนือน้ำ,Upper Ni Naruemit Gate ,ลำน้ำกำ,Hydro – Informatics Institute (Public Organization),Northeast Khong Basin,2026-09-07 21:50,null,null,value,value,null,value,value
1109496,ปตร.ธรณิศนฤมิต-ท้ายน้ำ,Ni Naruemit Gate,ลำน้ำกำ,Hydro – Informatics Institute (Public Organization),Northeast Khong Basin,2026-09-07 21:50,null,null,value,value,null,value,value
1109497,ปตร. ห้วยแคน-เหนือน้ำ,Upper Huai Kean Upper Gate,ห้วยแคน,Hydro – Informatics Institute (Public Organization),Northeast Khong Basin,2026-09-07 21:50,null,null,value,value,null,value,value
1109498,ปตร. ห้วยแคน-ท้ายน้ำ,Huai Kean Gate,ห้วยแคน,Hydro – Informatics Institute (Public Organization),Northeast Khong Basin,2026-09-07 21:50,null,null,value,value,null,value,value
1109499,สะพานบ้านแก่งโพธิ์,Kaeng Pho Bridge,ลำน้ำกำ,Hydro – Informatics Institute (Public Organization),Northeast Khong Basin,2026-09-07 21:50,null,null,value,value,null,value,value
1109500,ปตร.บ้านนาคู่-เหนือน้ำ,Upper Ban Na Khu Gate,ลำน้ำกำ,Hydro – Informatics Institute (Public Organization),Northeast Khong Basin,2026-09-07 21:50,null,null,value,value,null,value,value
1109501,ปตร. บ้านนาคู่-ท้ายน้ำ,Ban Na Khu Gate,ลำน้ำกำ,Hydro – Informatics Institute (Public Organization),Northeast Khong Basin,2026-09-07 21:50,null,null,value,value,null,value,value
1109502,สะพานมิตรภาพท่าลาดปากบัง,Mittraphap Tha Lat Pak Bang,ลำน้ำกำ,Hydro – Informatics Institute (Public Organization),Northeast Khong Basin,2026-09-07 21:50,null,null,value,value,null,value,value
1109504,ปตร. บ้านนาขาม-ท้ายน้ำ,BanNa Kham Gate,ลำน้ำกำ,Hydro – Informatics Institute (Public Organization),Northeast Khong Basin,2026-09-07 21:50,null,null,value,value,null,value,value
1109505,สะพานน้ำก่ำ บ้านหนองแคน,Nam Kam Ban Nong Khaen,ลำน้ำกำ,Hydro – Informatics Institute (Public Organization),Northeast Khong Basin,2026-09-07 21:50,null,null,value,value,null,value,value
1109506,ปตร.บ้านนาบัว-เหนือน้ำ,Upper Na Bua Gate,ลำน้ำกำ,Hydro – Informatics Institute (Public Organization),Northeast Khong Basin,2026-09-07 21:50,null,null,value,value,null,value,value
1109508,ปตร.บ้านตับเต่า-เหนือน้ำ,Upper Ban Tap Tao Gate,ลำน้ำบัง,Hydro – Informatics Institute (Public Organization),Northeast Khong Basin,2026-09-07 21:50,null,null,value,value,null,value,value
1109509,ปตร. บ้านตับเต่า-ท้ายน้ำ,Ban Tap Tao Gate,ลำน้ำบัง,Hydro – Informatics Institute (Public Organization),Northeast Khong Basin,2026-09-07 21:50,null,null,value,value,null,value,value
1109511,คลองสามบาท บ้านกุดพิมาน,Khlong Sam Bat Ban Kut Phiman,ห้วยสามบาท,Hydro – Informatics Institute (Public Organization),Mun Basin,2026-09-07 21:50,null,null,value,value,null,value,value
1109512,สะพานข้ามคลองท่าแพ,Khlong ThaPhae Bridge,คลองเปิก,Hydro – Informatics Institute (Public Organization),Peninsula - West Coast Basin,2026-09-07 21:50,null,null,value,value,null,value,value
1109513,สะพานข้ามคลองบางม่วง,Khlong Bang Muang Bridge,ทะเลหลวง,Hydro – Informatics Institute (Public Organization),Thale Sap Songkhla Basin,2026-09-07 21:50,null,null,value,value,null,value,value
1109514,สะพานข้ามคลองลำปำ,Khlong Lampam Bridge,คลองลำปำ,Hydro – Informatics Institute (Public Organization),Thale Sap Songkhla Basin,2026-09-07 21:50,null,null,value,value,null,value,value
1109516,สะพานข้ามคลองกะเปอร์,Khlong Ka Poe Bridge,คลองกะเปอร์,Hydro – Informatics Institute (Public Organization),Peninsula - West Coast Basin,2026-09-07 21:50,null,null,value,value,null,value,value
1109519,สะพานข้ามคลองเดียก,Diak Bridge,ห้วยเดียก,Hydro – Informatics Institute (Public Organization),Northeast Khong Basin,2026-09-07 21:50,null,null,value,value,null,value,value
1109522,สะพานข้ามคลองโมง,Khlong Mong Bridge,ห้วยโมง,Hydro – Informatics Institute (Public Organization),Northeast Khong Basin,2026-09-07 21:50,null,null,value,value,null,value,value
1109523,สะพานข้ามห้วยสมอ,Huai Samo Bridge,ห้วยทราย,Hydro – Informatics Institute (Public Organization),Northeast Khong Basin,2026-09-07 21:50,null,null,value,value,null,value,value
1109524,สะพานข้ามคลองเทพา,Khlong Thepha Bridge,คลองเทพา,Hydro – Informatics Institute (Public Organization),Thale Sap Songkhla Basin,2026-09-07 21:50,null,null,value,value,null,value,value
1109525,สะพานเทพาสันติสุข,Thepha Santi Suk Bridge,คลองเทพา,Hydro – Informatics Institute (Public Organization),Thale Sap Songkhla Basin,2026-09-07 21:50,null,null,value,value,null,value,value
1109526,สะพานข้ามคลองอู่ตะเภา,Khlong U Taphao Bridge,คลองอู่ตะเภา,Hydro – Informatics Institute (Public Organization),Thale Sap Songkhla Basin,2026-09-07 21:50,null,null,value,value,null,value,value
1109527,สะพานสวนเฉลิมพระเกียรติ 72 พรรษามหาราชินี,Queen Bridge,ทะเลสาบสงขลา,Hydro – Informatics Institute (Public Organization),Thale Sap Songkhla Basin,2026-09-07 21:50,null,null,value,value,null,value,value
1109528,สะพานข้ามคลองระโนด,Khlong Ranot Bridge,คลองระโนด,Hydro – Informatics Institute (Public Organization),Thale Sap Songkhla Basin,2026-09-07 21:50,null,null,value,value,null,value,value
1109529,สะพานข้ามแม่น้ำยมสายเก่า-ตำบลไกรใน,Yom Sai Kao - Tambon Krai Nai Bridge,คลองวังทอง,Hydro – Informatics Institute (Public Organization),Yom Basin,2026-09-07 21:50,null,null,value,value,null,value,value
1109530,สะพานข้ามแม่น้ำยมสายเก่า-วัดปากน้ำ,Yom Sai Kao - Wat Paknam Bridge,คลองแม่น้ำเก่า,Hydro – Informatics Institute (Public Organization),Yom Basin,2026-09-07 21:50,null,null,value,value,null,value,value
1109531,สะพานคลองแม่น้ำเก่า,Khlong Nam Kao Bridge,คลองแม่น้ำเก่า,Hydro – Informatics Institute (Public Organization),Yom Basin,2026-09-07 21:50,null,null,value,value,null,value,value
1109533,สะพานข้ามคลองไชยา,Khlong Chaiya Bridge,คลองไชยา,Hydro – Informatics Institute (Public Organization),Peninsula - Upper East Coast Basin,2026-09-07 21:50,null,null,value,value,null,value,value
1109534,สะพานข้ามคลองปากหมาก,Khlong Pak Mak Bridge,คลองปากหมาก,Hydro – Informatics Institute (Public Organization),Peninsula - Upper East Coast Basin,2026-09-07 21:50,null,null,value,value,null,value,value
1109535,สะพานข้ามคลองท่าชนะ,Khlong Tha Chana Bridge,คลองท่าชนะ,Hydro – Informatics Institute (Public Organization),Peninsula - Upper East Coast Basin,2026-09-07 21:50,null,null,value,value,null,value,value
1109536,สะพานถนนสายเอเซีย 4265,Esia 4265 Bridge,คลองโสด,Hydro – Informatics Institute (Public Organization),Peninsula - Upper East Coast Basin,2026-09-07 21:50,null,null,value,value,null,value,value
1113280,บ้านผาจุก,,แม่น้ำน่าน,Electricity Generating Authority of Thailand,Nan Basin,2026-09-07 21:00,null,null,value,value,null,value,value
1113282,บ้านหาดสองแคว (N.60),,แม่น้ำน่าน,Electricity Generating Authority of Thailand,Nan Basin,2026-09-07 21:00,null,null,value,value,null,value,value
1113284,อ.น้ำปาด (N.33),,น้ำปาด,Electricity Generating Authority of Thailand,Nan Basin,2026-09-07 21:00,null,null,value,value,null,value,value
1113287,อ.วัดโบสถ์ (N.22A),,น้ำแควน้อย,Electricity Generating Authority of Thailand,Nan Basin,2026-09-07 21:00,null,null,value,value,null,value,value
1113288,บ้านแสนตอ,,น้ำแควน้อย,Electricity Generating Authority of Thailand,Nan Basin,2026-09-07 21:00,null,null,value,value,null,value,value
1113290,อ.ท่าวังผา (N.64),,แม่น้ำน่าน,Electricity Generating Authority of Thailand,Nan Basin,2026-09-07 21:00,null,null,value,value,null,value,value
1113291,อ.เมืองน่าน (N.1),,แม่น้ำน่าน,Electricity Generating Authority of Thailand,Nan Basin,2026-09-07 21:00,null,null,value,value,null,value,value
1113292,อ.เวียงสา (N.13A) น้ำน่าน,,แม่น้ำน่าน,Electricity Generating Authority of Thailand,Nan Basin,2026-09-07 21:00,null,null,value,value,null,value,value
1113295,อ.เวียงสา (N.75)  น้ำว้า,,แม่น้ำน้ำว้า,Electricity Generating Authority of Thailand,Nan Basin,2026-09-07 21:00,null,null,value,value,null,value,value
1116838,สะพานข้ามห้วยแม่รวม บ้านแม่รวม,Huai Mae Ruam Bridge,น้ำแม่รวม,Friend in Need (of “Pa”) Volunteers Foundation,Ping Basin,2026-09-07 21:50,null,null,value,value,null,value,value
1116839,สะพานข้ามแม่น้ำลาว-บ้านป่าสัก,Bridge over the Lao River - Ban Pa Sak,น้ำแม่ลาว,Friend in Need (of “Pa”) Volunteers Foundation,North Khong Basin,2026-09-07 21:50,null,null,value,value,null,value,value
1116840,สะพานช้ามแม่น้ำลาว - บ้านโฮ่ง ,Lao River Slow Bridge - Ban Hong,น้ำแม่ลาว,Friend in Need (of “Pa”) Volunteers Foundation,North Khong Basin,2026-09-07 21:50,null,null,value,value,null,value,value
1117430,สะพานบ้านต๋ำ,Ban Tam Bridge,ห้วยเคียน,Hydro – Informatics Institute (Public Organization),North Khong Basin,2026-09-07 21:50,null,null,value,value,null,value,value
1117431,สะพานบ้านเจดีย์งาม,Ban Chedi Ngam Bridge,แม่น้ำอิง,Hydro – Informatics Institute (Public Organization),North Khong Basin,2026-09-07 21:50,null,null,value,value,null,value,value
1117894,บ้านขนงพระเหนือ,,ลำโดมน้อย,Royal Irrigation Department,Mun Basin,2026-09-07 21:00,value,null,value,value,null,value,value
1119776,บ้านสมสนุก,,ลำพะยัง,Royal Irrigation Department,Chi Basin Basin,2026-09-07 21:00,value,null,value,value,null,value,value
1119854,บ้านธวัชดินแดง,,แม่น้ำชี,Royal Irrigation Department,Chi Basin Basin,2026-09-07 18:00,null,null,value,value,null,value,value
1120554,คลองเบตง (ชุมชนกุนุงจนอง),Betong Canal (Gu Nung Ja Nong community),คลองตาโล๊ะ,Friend in Need (of “Pa”) Volunteers Foundation,Peninsula - Lower East Coast Basin,2026-09-07 21:50,null,null,value,value,null,value,value
1120557,สะพานบ้านคีรีวง คลองท่าดี,Ban Khiri Wong (Khlong Tha Di) Bridge,คลองท่าดี,Friend in Need (of “Pa”) Volunteers Foundation,Peninsula - Upper East Coast Basin,2026-09-07 21:50,null,null,value,value,null,value,value
1121199,สะพานแม่น้ำงาว,Maenam Ngao bridge,แม่น้ำงาว,Friend in Need (of “Pa”) Volunteers Foundation,North Khong Basin,2026-09-07 21:50,null,null,value,value,null,value,value
1121228,สะพานน้ำแม่ต๋อม,Mae Tom Bridge,น้ำแม่ต๋อม,Friend in Need (of “Pa”) Volunteers Foundation,Ping Basin,2026-09-07 21:50,null,null,value,value,null,value,value
1121229,สะพานน้ำแม่แจ่ม บ้านแปะ,"Mae Chaem River Bridge, Ban Pae",น้ำแม่แจ่ม,Friend in Need (of “Pa”) Volunteers Foundation,Ping Basin,2026-09-07 21:50,null,null,value,value,null,value,value
1121234,สะพานน้ำวัง,Nam Wang Bridge,แม่น้ำวัง,Friend in Need (of “Pa”) Volunteers Foundation,Wang Basin,2026-09-07 21:50,null,null,value,value,null,value,value
1121239,สะพานน้ำงิม,Nam Ngim Bridge,น้ำงิม,Friend in Need (of “Pa”) Volunteers Foundation,Yom Basin,2026-09-07 21:50,null,null,value,value,null,value,value
1121240,สะพานน้ำเงิน,Namngoen Bridge,น้ำเงิน,Friend in Need (of “Pa”) Volunteers Foundation,Yom Basin,2026-09-07 21:50,null,null,value,value,null,value,value
1121242,สะพานคลองตรอน,Khlong Tron Bridge,คลองตรอน,Friend in Need (of “Pa”) Volunteers Foundation,Nan Basin,2026-09-07 21:50,null,null,value,value,null,value,value
1121243,สะพานคลองท่าสะแก,Tha Sa Kae Bridge,น้ำภาค,Friend in Need (of “Pa”) Volunteers Foundation,Nan Basin,2026-09-07 21:50,null,null,value,value,null,value,value
1121258,สะพานแม่น้ำแควใหญ่,Khwae Yai Bridge,แม่น้ำแควใหญ่,Friend in Need (of “Pa”) Volunteers Foundation,Mae Klong Basin,2026-09-07 21:50,null,null,value,value,null,value,value
1121265,สะพานคลองจันทเขลม,Khlong Chanthakloem Bridge,คลองจันทบุรี,Friend in Need (of “Pa”) Volunteers Foundation,East Coast Gulf Basin,2026-09-07 21:50,null,null,value,value,null,value,value
1121266,สะพานคลองวังโตนด,Wang Tanot Canal Bridge,คลองโตนด,Friend in Need (of “Pa”) Volunteers Foundation,East Coast Gulf Basin,2026-09-07 21:50,null,null,value,value,null,value,value
1121267,สะพานคลองสะตอ,Khlong Sato Bridge,คลองสะตอ,Friend in Need (of “Pa”) Volunteers Foundation,East Coast Gulf Basin,2026-09-07 21:30,null,null,value,value,null,value,value
1124040,บ้านบองอ ,,คลองบองอ,Royal Irrigation Department,Peninsula - Lower East Coast Basin,2026-09-07 21:00,null,null,value,value,null,value,value
1126506,สะพานข้ามคลองบ้านท่าวัง,Ban Tha Wang Bridge ,คลองอ้ายโต,Hydro – Informatics Institute (Public Organization),Thale Sap Songkhla Basin,2026-09-07 21:50,null,null,value,value,null,value,value
1129758,ฝายคลองท่าโลน,Tha Lone Canal Weir,คลองท่าเลา,Friend in Need (of “Pa”) Volunteers Foundation,Peninsula - West Coast Basin,2026-09-07 21:50,null,null,value,value,null,value,value
1130124,สะพานคลองปง (คีรีวง),Khlong Pong Bridge (Kiriwong),คลองท่าดี,Friend in Need (of “Pa”) Volunteers Foundation,Peninsula - Upper East Coast Basin,2026-09-07 21:50,null,null,value,value,null,value,value
1130137,น้ำตกโตนแพรทอง,Ton Phrae Thong Waterfall,คลองลำสิน,Friend in Need (of “Pa”) Volunteers Foundation,Thale Sap Songkhla Basin,2026-09-07 21:50,null,null,value,value,null,value,value
1139393,สะพานข้ามลำน้ำเชิญ (มิตรผลหนองเรือ),Kham Lamnam Choen Bridge (MitrPhol NongRuea),ลำเชิญ,Hydro – Informatics Institute (Public Organization),Chi Basin Basin,2026-09-07 21:50,null,null,value,value,null,value,value
1140845,ศาลเจ้าพ่อพญาอ้น,Chao Pho Phaya On Shrine,แม่น้ำยม,Hydro – Informatics Institute (Public Organization),Yom Basin,2026-09-07 21:30,null,null,value,value,null,value,value
1161514,บ้านน้ำจืด,,คลองทรายปู,Royal Irrigation Department,Peninsula - West Coast Basin,2026-09-07 21:00,null,null,value,value,null,value,value
1161516,บ้านหาดทรายแก้ว ,,แม่น้ำตาปี,Royal Irrigation Department,Peninsula - Upper East Coast Basin,2026-09-07 21:00,value,null,value,value,null,value,value
1197957,คลองห้วยยาง,Huai Yang Canal,ห้วยยาง,Hydro – Informatics Institute (Public Organization),Bang Pakong Basin,2026-09-07 21:50,null,null,value,value,null,value,value
1198081,แม่น้ำสา,Sa River,แม่น้ำสา,Hydro – Informatics Institute (Public Organization),Nan Basin,2026-09-07 21:50,null,null,value,value,null,value,value
1198082,น้ำสา,Sa water,แม่น้ำสา,Hydro – Informatics Institute (Public Organization),Nan Basin,2026-09-07 21:50,null,null,value,value,null,value,value
1198297,สะพานแม่น้ำทา,Tha River Bridge,น้ำแม่ทา,Hydro – Informatics Institute (Public Organization),Ping Basin,2026-09-07 21:50,null,null,value,value,null,value,value
1198298,แม่น้ำทา,Tha River,น้ำแม่ทา,Hydro – Informatics Institute (Public Organization),Ping Basin,2026-09-07 21:50,null,null,value,value,null,value,value
1198299,แม่น้ำลี้ บ้านโฮ่ง,Li River-Ban Hong,น้ำแม่ลี้,Hydro – Informatics Institute (Public Organization),Ping Basin,2026-09-07 21:50,null,null,value,value,null,value,value
1198300,ห้วยแม่ลี้,Huai Mae Li,น้ำแม่ลี้,Hydro – Informatics Institute (Public Organization),Ping Basin,2026-09-07 21:50,null,null,value,value,null,value,value
1198301,น้ำก้อ,Namko,ห้วยน้ำแม่ก้อ,Hydro – Informatics Institute (Public Organization),Ping Basin,2026-09-07 21:50,null,null,value,value,null,value,value
1198626,คลองประณีต บ.ตลุง,"Khlong Praneat, Talung Village",คลองประณีต,Hydro – Informatics Institute (Public Organization),East Coast Gulf Basin,2026-09-07 21:50,null,null,value,value,null,value,value
1198627,คลองโสน,Khlong Sano,คลองโสน,Hydro – Informatics Institute (Public Organization),East Coast Gulf Basin,2026-09-07 21:50,null,null,value,value,null,value,value
1198628,คลองเขาระกำ,Khao Rakam Canal,คลองบางพระ,Hydro – Informatics Institute (Public Organization),East Coast Gulf Basin,2026-09-07 21:50,null,null,value,value,null,value,value
1198760,สะพานหนองจันทร์,Nong Chan Bridge,แม่น้ำยม,Hydro – Informatics Institute (Public Organization),Yom Basin,2026-09-07 21:50,null,null,value,value,null,value,value
1198761,แม่ต้า,Mother Ta,น้ำแม่ต้า,Hydro – Informatics Institute (Public Organization),Yom Basin,2026-09-07 21:50,null,null,value,value,null,value,value
1225528,บ้านโจตาดา,Kyotada (Village),,Friend in Need (of “Pa”) Volunteers Foundation,,2026-09-07 21:50,null,null,value,value,null,value,value
1225529,บ้านดอยต่อคำ,Lawtawkhan (Village),,Friend in Need (of “Pa”) Volunteers Foundation,,2026-09-07 21:50,null,null,value,value,null,value,value
1225530,สะพานอูทูนอ่อง บ้านสบสาย,"U Thun Aung Bridge, Sopsai Ward",,Friend in Need (of “Pa”) Volunteers Foundation,,2026-09-07 21:50,null,null,value,value,null,value,value
1225531,สะพานมิตรภาพแม่น้ำสายแห่งที่ 1,The First Friendship Bridge at Mae Sai River,,Friend in Need (of “Pa”) Volunteers Foundation,North Khong Basin,2026-09-07 21:50,null,null,value,value,null,value,value
1373272,สะพานอนุสรณ์ 100 ปีสิงห์บุรี (สะพานหลวงพ่อแพ 89),Singburi 100th Anniversary Memorial Bridge (Luang Pho Phae 89 Bridge),,Hydro – Informatics Institute (Public Organization),Chao Phraya Basin,2026-09-07 21:50,value,null,value,value,null,value,value
1373273,สะพานค่ายบางระจัน,Bang Rachan Camp Bridge,,Hydro – Informatics Institute (Public Organization),Chao Phraya Basin,2026-09-07 21:50,value,null,value,value,null,value,value
1373274,สะพานคลองส่งน้ำชลประทาน บ้านตลาดใหม่,Khlong Chon Bridge (Ban Talat Mai),,Hydro – Informatics Institute (Public Organization),Chao Phraya Basin,2026-09-07 21:50,value,null,value,value,null,value,value
1373275,สะพานป่าโมก,Pa Mok Bridge,,Hydro – Informatics Institute (Public Organization),Chao Phraya Basin,2026-09-07 21:50,null,null,value,value,null,value,value
1373277,สะพานคลองส่งน้ำชลประทาน บ้านสร่างโศก,Khlong Chon Bridge (Ban Sang Sok),,Hydro – Informatics Institute (Public Organization),Pasak Basin,2026-09-07 21:50,value,null,value,value,null,value,value
1373278,สะพานแมน้ำปาสัก บ้านนาโฉง,"Managen Nam Nam Bridge, Ban Na Chong",,Hydro – Informatics Institute (Public Organization),Pasak Basin,2026-09-07 21:50,value,null,value,value,null,value,value
1373689,สะพานคลองปากแตระ ชุมชนทะเลสาบสงขลา,Pak Tae Canal Bridge Songkhla Lake community,,Hydro – Informatics Institute (Public Organization),Thale Sap Songkhla Basin,2026-09-07 21:50,null,null,value,value,null,value,value
1373690, สะพานข้ามคลองโคน,Khlong Khon Bridge ,,Hydro – Informatics Institute (Public Organization),Phetchaburi - Prachuap Khiri Khan Basin,2026-09-07 21:50,null,null,value,value,null,value,value
1373691,สะพานนางพระยา-บางหลวง ชุมชนปากนคร,Nang Phraya Bridge-Bang Luang Pak Nakhon Community,,Hydro – Informatics Institute (Public Organization),Peninsula - Upper East Coast Basin,2026-09-07 21:50,null,null,value,value,null,value,value
1373692,สะพานคลองปากกิ่ว ชุมชนบ้านหาดสมบูรณ์,Pak Kiew Canal Bridge Baan Hat Somboon Community,,Hydro – Informatics Institute (Public Organization),Peninsula - Upper East Coast Basin,2026-09-07 21:50,null,null,value,value,null,value,value
1394793,สะพานน้ำชี,Chi Bridge,,Friend in Need (of “Pa”) Volunteers Foundation,Chi Basin Basin,2026-09-07 21:50,null,null,value,value,null,value,value
1394808,สะพานน้ำลำตะคอง,Lam Takhong Nam Bridge,,Friend in Need (of “Pa”) Volunteers Foundation,Mun Basin,2026-09-07 21:50,null,null,value,value,null,value,value
1394937,สะพานคลองสนธิ,Khlong Sonthi Bridge,,Friend in Need (of “Pa”) Volunteers Foundation,Pasak Basin,2026-09-07 21:50,null,null,value,value,null,value,value
1396856,สะพานคลองลำพญาธาร,Lam Phaya Than Bridge,,Friend in Need (of “Pa”) Volunteers Foundation,Bang Pakong Basin,2026-09-07 21:50,null,null,value,value,null,value,value
1396858,สะพานคลองนางรอง,Khlong Nang Rong Bridge,,Friend in Need (of “Pa”) Volunteers Foundation,Bang Pakong Basin,2026-09-07 21:50,null,null,value,value,null,value,value
1396860,สะพานคลองวังตะไคร้,Khlong Takhrai Bridge,,Friend in Need (of “Pa”) Volunteers Foundation,Bang Pakong Basin,2026-09-07 21:50,null,null,value,value,null,value,value
1422294,แม่น้ำปิงที่ อ.สามเงา (P.12C),,,Electricity Generating Authority of Thailand,Ping Basin,2026-09-07 21:00,null,null,value,value,null,value,value
1422295,แม่น้ำปิงที่ อ.บ้านตาก,,,Electricity Generating Authority of Thailand,Ping Basin,2026-09-07 21:00,null,null,value,value,null,value,value
1422296,ห้วยตากที่ อ.บ้านตาก,,,Electricity Generating Authority of Thailand,Ping Basin,2026-09-07 17:00,null,null,value,value,null,value,value
1422297,แม่น้ำปิงที่ อ.เมืองตาก (P.2A),,,Electricity Generating Authority of Thailand,Ping Basin,2026-09-07 21:00,null,null,value,value,null,value,value
1422298,ห้วยแม่ท้อที่ อ.เมืองตาก,,,Electricity Generating Authority of Thailand,Ping Basin,2026-09-07 18:00,null,null,value,value,null,value,value
1422301,แม่น้ำปิงที่ อ.คลองขลุง (P.15),,,Electricity Generating Authority of Thailand,Ping Basin,2026-09-07 21:00,null,null,value,value,null,value,value
1422302,แม่น้ำวังที่ อ.เถิน (W.3A),,,Electricity Generating Authority of Thailand,Wang Basin,2026-09-07 17:00,null,null,value,value,null,value,value
1422303,แม่น้ำวังที่ อ.สามเงา (W.4A),,,Electricity Generating Authority of Thailand,Wang Basin,2026-09-07 21:00,null,null,value,value,null,value,value
1422304,แม่น้ำปิงที่ อ.จอมทอง,,,Electricity Generating Authority of Thailand,Ping Basin,2026-09-07 21:00,null,null,value,value,null,value,value
1422305,แม่น้ำปิงที่ อ.ฮอด,,,Electricity Generating Authority of Thailand,Ping Basin,2026-09-07 18:00,null,null,value,value,null,value,value
1422307,ห้วยแม่ตื่นที่ อ.อมก๋อย,,,Electricity Generating Authority of Thailand,Ping Basin,2026-09-07 21:00,null,null,value,value,null,value,value
1422361,สะพานคลองแสง อ.บ้านตาขุน,,,Electricity Generating Authority of Thailand,Peninsula - Upper East Coast Basin,2026-09-07 21:00,null,null,value,value,null,value,value
1422364,สะพานเชี่ยวไทร อ.พนม,,,Electricity Generating Authority of Thailand,Peninsula - Upper East Coast Basin,2026-09-07 21:00,null,null,value,value,null,value,value
1422365,สะพานพุมดวง (วัดตาขุน) อ.บ้านตาขุน,,,Electricity Generating Authority of Thailand,Peninsula - Upper East Coast Basin,2026-09-07 21:00,null,null,value,value,null,value,value
1422366,สะพานท่าขนอน (วัดปราการ)อ.คีรีรัฐนิคม (X.36),,,Electricity Generating Authority of Thailand,Peninsula - Upper East Coast Basin,2026-09-07 21:00,null,null,value,value,null,value,value
1422367,สะพานสิริกฤตานุกุล์ (บ้านท่านหญิง)อ.วิภาวดี ,,,Electricity Generating Authority of Thailand,Peninsula - Upper East Coast Basin,2026-09-07 21:00,null,null,value,value,null,value,value
1422368,สะพานบ้านปากคู่(วัดนิลาราม)อ.คีรีรัฐนิคม ท. 220903,,,Electricity Generating Authority of Thailand,Peninsula - Upper East Coast Basin,2026-09-07 21:00,null,null,value,value,null,value,value
1422369,สะพานท่าผาก อ.พุนพิน จ.สุราษฎร์ธานี,,,Electricity Generating Authority of Thailand,Peninsula - Upper East Coast Basin,2026-09-07 21:00,null,null,value,value,null,value,value
1422371,สะพานอิปัน อ.พระแสง (X.37A),,,Electricity Generating Authority of Thailand,Peninsula - Upper East Coast Basin,2026-09-07 21:00,null,null,value,value,null,value,value
1422372,สะพานเคียนซา (ปาล์มพาราวุ้ด) อ.เคียนซา (X.217),,,Electricity Generating Authority of Thailand,Peninsula - Upper East Coast Basin,2026-09-07 21:00,null,null,value,value,null,value,value
1422373,สะพานบ้างอ้อ อ.พุนพิน,,,Electricity Generating Authority of Thailand,Peninsula - Upper East Coast Basin,2026-09-07 21:00,null,null,value,value,null,value,value
1422374,สะพานจุลจอมเกล้า อ.พุนพิน (X.5C),,,Electricity Generating Authority of Thailand,Peninsula - Upper East Coast Basin,2026-09-07 21:00,null,null,value,value,null,value,value
1422375,วัดโชติการาม อ.เมืองสุราษฎร์ธานี,,,Electricity Generating Authority of Thailand,Peninsula - Upper East Coast Basin,2026-09-07 21:00,null,null,value,value,null,value,value
1475104,สะพานน้ำแม่ขาน,Mae Khan Bridge,,Friend in Need (of “Pa”) Volunteers Foundation,Ping Basin,2026-09-07 21:30,null,null,value,value,null,value,value
1475106,สะพานน้ำแม่กลาง,Mae Klang Nam Bridge,,Friend in Need (of “Pa”) Volunteers Foundation,Ping Basin,2026-09-07 21:50,null,null,value,value,null,value,value
1475118,สะพานน้ำแม่งัด,Ngad Bridge,,Friend in Need (of “Pa”) Volunteers Foundation,Ping Basin,2026-09-07 21:50,null,null,value,value,null,value,value
1475120,สะพานน้ำแม่แตง,Mae Taeng Bridge,,Friend in Need (of “Pa”) Volunteers Foundation,Ping Basin,2026-09-01 21:50,null,null,value,value,null,value,value
1475122,สะพานแม่น้ำปิง,Ping River Bridge,,Friend in Need (of “Pa”) Volunteers Foundation,Ping Basin,2026-09-07 21:50,null,null,value,value,null,value,value
1476456,สะพานน้ำคลองแม่สอย,Khlong Mae Soi Bridge,,Friend in Need (of “Pa”) Volunteers Foundation,Wang Basin,2026-09-07 21:50,null,null,value,value,null,value,value
1476461,สะพานพัฒนามิตรภาพแม่น้ำตุ๋ย,"Friendship Bridge, Tui River",,Friend in Need (of “Pa”) Volunteers Foundation,Wang Basin,2026-09-07 21:50,null,null,value,value,null,value,value
1481108,สะพานน้ำแม่คะ ,Mae Ka Bridge,,Friend in Need (of “Pa”) Volunteers Foundation,Yom Basin,2026-09-07 21:50,null,null,value,value,null,value,value
1481122,สะพานน้ำงาว,Nam Ngao Bridge,,Friend in Need (of “Pa”) Volunteers Foundation,Yom Basin,2026-09-07 21:50,null,null,value,value,null,value,value
1481128,สะพานบ้านตึก,Building Bridge,,Friend in Need (of “Pa”) Volunteers Foundation,Yom Basin,2026-09-07 21:50,null,null,value,value,null,value,value
1481146,สะพานน้ำแม่จั๊ว,Mae Chu Bridge,,Friend in Need (of “Pa”) Volunteers Foundation,Yom Basin,2026-09-07 21:50,null,null,value,value,null,value,value
1481153,สะพานน้ำแม่สิน,Mae Sin Nam Bridge,,Friend in Need (of “Pa”) Volunteers Foundation,Yom Basin,2026-09-07 21:50,null,null,value,value,null,value,value
1482445,สะพานน้ำปี้ เชียงม่วน,Nam Pi Chiang Bridge,,Friend in Need (of “Pa”) Volunteers Foundation,Yom Basin,2026-09-07 21:50,null,null,value,value,null,value,value
1483103,สะพานพญาอาทิตราช,Phaya Athitraj Bridge,,Friend in Need (of “Pa”) Volunteers Foundation,Ping Basin,2026-09-07 21:50,null,null,value,value,null,value,value
1483111,สะพานคลองแม่มอญ,Khlong Mae Mon Bridge,,Friend in Need (of “Pa”) Volunteers Foundation,Wang Basin,2026-09-07 21:50,null,null,value,value,null,value,value
1483127,สะพานพระร่วงข้ามน้ำแควน้อย,Phra Ruang Bridge across the Kwai Noi,,Friend in Need (of “Pa”) Volunteers Foundation,Nan Basin,2026-09-07 21:50,null,null,value,value,null,value,value
1483131,สะพานน้ำเข็ก,Khek Bridge,,Friend in Need (of “Pa”) Volunteers Foundation,Nan Basin,2026-09-07 21:50,null,null,value,value,null,value,value
1556820,สะพานน้ำแม่สรวย,Mae Suai Bridge,,Friend in Need (of “Pa”) Volunteers Foundation,North Khong Basin,2026-09-07 21:30,null,null,value,value,null,value,value
1556822,สะพานแม่ระมาด,Mae Ramat Bridge,,Friend in Need (of “Pa”) Volunteers Foundation,Salawin Basin,2026-09-07 21:50,null,null,value,value,null,value,value
1645475,น้ำแม่งาว,Mae Ngao bridge,,Hydro – Informatics Institute (Public Organization),Yom Basin,2026-09-07 21:50,null,null,value,value,null,value,value
1677418,สะพานข้ามน้ำอิง (I.17),Nam Ing Bridge (I.17),,Hydro – Informatics Institute (Public Organization),North Khong Basin,2026-09-07 21:50,null,null,value,value,null,value,value
1677419,สะพานคลองแม่ต๋ำ,Mae Tam Bridge,,Hydro – Informatics Institute (Public Organization),North Khong Basin,2026-09-07 21:50,null,null,value,value,null,value,value
1677420,สะพานคลองแม่กาหลง (ม.พะเยา),Mae Kalong Bridge (Phayao University),,Hydro – Informatics Institute (Public Organization),North Khong Basin,2026-09-07 21:50,null,null,value,value,null,value,value
9822342,โรงสูบน้ำแรงต่ำแม่ข่าย (แม่สาย),Main low pressure water pumping plant (Mae Sai),,Hydro – Informatics Institute (Public Organization),North Khong Basin,2026-09-07 13:20,null,null,value,value,null,value,value
9930854,คลองพระราชดำริ ซอยหัวหิน 10,"Phrarajadamri Canal, Hua Hin Soi 10",,Hydro – Informatics Institute (Public Organization),Phetchaburi - Prachuap Khiri Khan Basin,2026-09-07 21:50,null,null,value,value,null,value,value
9930856,คลองพระราชดำริ วัดเขาไกรลาศ,"Phrarajadamri Canal, Wat Khao Krailat",,Hydro – Informatics Institute (Public Organization),Phetchaburi - Prachuap Khiri Khan Basin,2026-09-07 21:50,null,null,value,value,null,value,value
9931002,บ้านหัวนาหนองจิก,Ban Hua Na Nong Chik,,Hydro – Informatics Institute (Public Organization),Mun Basin,2026-09-07 21:50,null,null,value,value,null,value,value
9931004,บ้านกำพี้ ,Ban Kamphi,,Hydro – Informatics Institute (Public Organization),Mun Basin,2026-09-07 21:50,null,null,value,value,null,value,value
9931006,บ้านน้ำผึ้ง,Ban Nam Phueng,,Hydro – Informatics Institute (Public Organization),Mun Basin,2026-09-07 21:50,null,null,value,value,null,value,value
9931008,บ้านกระยอม ,Ban Krayom,,Hydro – Informatics Institute (Public Organization),Mun Basin,2026-09-07 21:50,null,null,value,value,null,value,value
11648255,ห้วยแม่ท่าแพ,Huai Mae Tha Phae,,Hydro – Informatics Institute (Public Organization),Yom Basin,2026-09-07 21:50,null,null,value,value,null,value,value
11648256,คลองแม่มอก,Mae Mok Canal,,Hydro – Informatics Institute (Public Organization),Yom Basin,2026-09-07 21:50,null,null,value,value,null,value,value
11648257,คลองแม่รำพัน,Khlong Mae Ramphan,,Hydro – Informatics Institute (Public Organization),Yom Basin,2026-09-05 17:30,null,null,value,value,null,value,value
11648258,สะพานบ้านคันแม่น้ำบน,Ban Khan Maenam Bon Bridge,,Hydro – Informatics Institute (Public Organization),Yom Basin,2026-09-07 21:50,null,null,value,value,null,value,value
11648468,คลองดาน,Khlong Da,,Hydro – Informatics Institute (Public Organization),Northeast Khong Basin,2026-09-07 21:50,null,null,value,value,null,value,value
11648469,คลองน้ำงาว,Khlong Nam Ngao,,Hydro – Informatics Institute (Public Organization),Northeast Khong Basin,2026-09-07 21:50,null,null,value,value,null,value,value
11648470,คลองสงคราม,Khlong Songkhram,,Hydro – Informatics Institute (Public Organization),Northeast Khong Basin,2026-09-07 21:50,null,null,value,value,null,value,value
11688528,T.ปตร.มะขามเฒ่า,,,Royal Irrigation Department,Tha Chin Basin,2026-09-07 21:00,null,null,value,value,value,null,value
11688529,T.ปตร.พลเทพ,,,Royal Irrigation Department,Chao Phraya Basin,2026-09-07 21:00,null,null,value,value,value,null,value
11688530,TC.60,,,Royal Irrigation Department,Chao Phraya Basin,2026-09-07 21:00,null,null,value,value,value,null,value
11688531,T.ปตร.บรมธาตุ,,,Royal Irrigation Department,Chao Phraya Basin,2026-09-07 21:00,null,null,value,value,value,null,value
11688532,T.ปตร.ช่องแค,,,Royal Irrigation Department,Chao Phraya Basin,2026-09-07 21:00,null,null,value,value,value,null,value
11688533,T.ปตร.ผักไห่,,,Royal Irrigation Department,Chao Phraya Basin,2026-09-07 21:00,null,null,value,value,value,null,value
11688534,เขื่อนทับเสลา,,,Royal Irrigation Department,Sakae Krang Basin,2026-09-07 21:00,null,null,value,value,value,null,value
11688535,บ้านท่ามะนาว,,,Royal Irrigation Department,Sakae Krang Basin,2026-09-07 21:00,null,null,value,value,value,null,value
11688536,ฝายทับเสลา,,,Royal Irrigation Department,Sakae Krang Basin,2026-09-07 21:00,null,null,value,value,value,null,value
11688537,วัดผาลาดธาราราม,,,Royal Irrigation Department,Sakae Krang Basin,2026-09-07 21:00,null,null,value,value,value,null,value
11688538,อบต.ศาลเจ้าไก่ต่อ,,,Royal Irrigation Department,Sakae Krang Basin,2026-09-07 21:00,null,null,value,value,value,null,value
11688539,อบต.สว่างแจ้งสบายใจ,,,Royal Irrigation Department,Sakae Krang Basin,2026-09-07 21:00,null,null,value,value,value,null,value
11688540,วัดโคกหม้อ,,,Royal Irrigation Department,Sakae Krang Basin,2026-09-07 21:00,null,null,value,value,value,null,value
11688541,วัดเวฬุวนาราม,,,Royal Irrigation Department,Sakae Krang Basin,2026-09-07 21:00,null,null,value,value,value,null,value
11688542,เพชรบูรณ์,,,Royal Irrigation Department,Pasak Basin,2026-09-07 21:00,null,null,value,value,value,null,value
11688543,เหนือเขื่อนป่าสัก,,,Royal Irrigation Department,Pasak Basin,2026-09-07 21:00,null,null,value,value,value,null,value
11688544,วัดท่าแร่,,,Royal Irrigation Department,Pasak Basin,2026-09-07 21:00,null,null,value,value,value,null,value
11688545,คลองปู่เจ้า,,,Royal Irrigation Department,Pasak Basin,2026-09-07 21:00,null,null,value,value,value,null,value
11688546,คลองน้ำจู,,,Royal Irrigation Department,Pasak Basin,2026-09-07 21:00,null,null,value,value,value,null,value
11688547,คลองกองทูล,,,Royal Irrigation Department,Pasak Basin,2026-09-07 21:00,null,null,value,value,value,null,value
11688548,คลองท่าเสา,,,Royal Irrigation Department,Pasak Basin,2026-09-07 21:00,null,null,value,value,value,null,value
11688549,ฝายคลองสุคต,,,Royal Irrigation Department,Pasak Basin,2026-09-07 21:00,null,null,value,value,value,null,value
11688550,คลองส้ม,,,Royal Irrigation Department,Pasak Basin,2026-09-07 21:00,null,null,value,value,value,null,value
11688551,คลองเพรียว,,,Royal Irrigation Department,Pasak Basin,2026-09-07 21:00,null,null,value,value,value,null,value
11688552,วัดจอมเกษ,,,Royal Irrigation Department,Chao Phraya Basin,2026-09-07 21:00,null,null,value,value,value,null,value
11688553,สะพานฝายดินดำ,,,Royal Irrigation Department,North Khong Basin,2026-09-07 21:00,null,null,value,value,value,null,value
11688554,สะพานน้ำลาว,,,Royal Irrigation Department,North Khong Basin,2026-09-07 21:00,null,null,value,value,value,null,value
11688555,บ้านป่าย้าง,,,Royal Irrigation Department,North Khong Basin,2026-09-07 21:00,null,null,value,value,value,null,value
11688556,สะพานบ้านใหม่ริมฝาง,,,Royal Irrigation Department,North Khong Basin,2026-09-07 21:00,null,null,value,value,value,null,value
11688557,เทศบาลแม่ยาว,,,Royal Irrigation Department,North Khong Basin,2026-09-07 21:00,null,null,value,value,value,null,value
11688558,บ้านใหม่กือนา,,,Royal Irrigation Department,North Khong Basin,2026-09-07 21:00,null,null,value,value,value,null,value
11688559,บ้านสันกลาง,,,Royal Irrigation Department,North Khong Basin,2026-09-07 21:00,null,null,value,value,value,null,value
11688560,ท่าก่อบง,,,Royal Irrigation Department,North Khong Basin,2026-09-07 21:00,null,null,value,value,value,null,value
11688561,บ้านศรีวังมูล,,,Royal Irrigation Department,North Khong Basin,2026-09-07 21:00,null,null,value,value,value,null,value
11688562,สถานีน้ำแม่แตง (ฝายแม่แตงเหนือน้ำ),,,Royal Irrigation Department,Ping Basin,2026-09-07 21:00,null,null,value,value,value,null,value
11688563,สถานีแม่น้ำปิงที่ฝายหนองสลีก,,,Royal Irrigation Department,Ping Basin,2026-09-07 21:00,null,null,value,value,value,null,value
11688564,สถานีน้ำแม่งัดที่ท้ายเขื่อนแม่งัดสมบูรณ์ชล,,,Royal Irrigation Department,Ping Basin,2026-09-07 21:00,null,null,value,value,value,null,value
11688565,เขื่อนแม่กวงอุดมธารา,,,Royal Irrigation Department,Ping Basin,2026-09-07 21:00,null,null,value,value,value,null,value
11688566,สถานีแม่น้ำปิงที่โครงการส่งน้ำและบำรุงรักษาแม่แฝก-แม่งัด,,,Royal Irrigation Department,Ping Basin,2026-09-07 21:00,null,null,value,value,value,null,value
11688567,สถานีเขื่อนแม่งัดสมบูรณ์ชล,,,Royal Irrigation Department,Ping Basin,2026-09-07 21:00,null,null,value,value,value,null,value
11688568,สถานีโครงการชลประทานแม่ปิงเก่า,,,Royal Irrigation Department,Ping Basin,2026-09-07 21:00,null,null,value,value,value,null,value
11688569,สถานีคลองส่งน้ำแม่แตง,,,Royal Irrigation Department,Ping Basin,2026-09-07 21:00,null,null,value,value,value,null,value
11688570,สถานีฝายวังปาน,,,Royal Irrigation Department,Ping Basin,2026-09-07 21:00,null,null,value,value,value,null,value
11688571,สถานีน้ำแม่ปิง (P.90) บ้านทับเดื่อ,,,Royal Irrigation Department,Ping Basin,2026-09-07 21:00,null,null,value,value,value,null,value
11688572,บ้านแม่ปั๋ง,,,Royal Irrigation Department,Ping Basin,2026-09-07 21:00,null,null,value,value,value,null,value
11688573,บ้านท้องฟ้า,,,Royal Irrigation Department,Ping Basin,2026-09-07 21:00,null,null,value,value,value,null,value
11688574,บ้านปากร้อง,,,Royal Irrigation Department,Ping Basin,2026-09-07 14:00,null,null,value,value,value,null,value
11688575,บ้านวังชะโอน,,,Royal Irrigation Department,Ping Basin,2026-09-07 21:00,null,null,value,value,value,null,value
11688576,บ้านเกาะตาล,,,Royal Irrigation Department,Ping Basin,2026-09-07 21:00,null,null,value,value,value,null,value
11688577,ฝายคลองสวนหมาก,,,Royal Irrigation Department,Ping Basin,2026-09-07 21:00,null,null,value,value,value,null,value
11688578,บ้านโป่งน้ำร้อน,,,Royal Irrigation Department,Ping Basin,2026-09-07 21:00,null,null,value,value,value,null,value
11688579,คลองวังหิน,,,Royal Irrigation Department,Ping Basin,2026-09-07 21:00,null,null,value,value,value,null,value
11688580,บ้านโชคชัยพัฒนา-หินดาต,,,Royal Irrigation Department,Ping Basin,2026-09-07 21:00,null,null,value,value,value,null,value
11688581,ศูนย์พัฒนาสังคมหน่วยที่ 4,,,Royal Irrigation Department,Ping Basin,2026-09-07 21:00,null,null,value,value,value,null,value
11688582,สำนักสงฆ์มอหินเพลิง,,,Royal Irrigation Department,Ping Basin,2026-09-07 21:00,null,null,value,value,value,null,value
11688583,บ้านคลองน้ำไหลใต้,,,Royal Irrigation Department,Ping Basin,2026-09-07 21:00,null,null,value,value,value,null,value
11688584,บ้านคลองสีนวล,,,Royal Irrigation Department,Ping Basin,2026-09-07 21:00,null,null,value,value,value,null,value
11688585,บ้านหัวฝาย( P.26A เดิม),,,Royal Irrigation Department,Ping Basin,2026-09-07 21:00,null,null,value,value,value,null,value
11688586,บ้านใหม่เสรีธรรม,,,Royal Irrigation Department,Ping Basin,2026-09-07 21:00,null,null,value,value,value,null,value
11688587,อุทยานแห่งชาติคลองวังเจ้า,,,Royal Irrigation Department,Ping Basin,2026-09-07 21:00,null,null,value,value,value,null,value
11688588,วัดเขาแก้วสวรรค์,,,Royal Irrigation Department,Ping Basin,2026-09-07 21:00,null,null,value,value,value,null,value
11688589,น้ำแม่สอย  W.17A,,,Royal Irrigation Department,Wang Basin,2026-09-07 21:00,null,null,value,value,value,null,value
11688590,TW.27,,,Royal Irrigation Department,Wang Basin,2026-09-07 21:00,null,null,value,value,value,null,value
11688591,TW.28,,,Royal Irrigation Department,Wang Basin,2026-09-07 21:00,null,null,value,value,value,null,value
11688592,TW.29,,,Royal Irrigation Department,Wang Basin,2026-09-07 21:00,null,null,value,value,value,null,value
11688593,TW.30,,,Royal Irrigation Department,Wang Basin,2026-09-07 21:00,null,null,value,value,value,null,value
11688594,TW.31,,,Royal Irrigation Department,Wang Basin,2026-09-07 21:00,null,null,value,value,value,null,value
11688595,TW.32,,,Royal Irrigation Department,Wang Basin,2026-09-07 21:00,null,null,value,value,value,null,value
11688596,TW.34,,,Royal Irrigation Department,Wang Basin,2026-09-07 21:00,null,null,value,value,value,null,value
11688597,TW.35,,,Royal Irrigation Department,Wang Basin,2026-09-07 21:00,null,null,value,value,value,null,value
11688598,อำเภอโพธิ์ประทับช้าง จ.พิจิตร,,,Royal Irrigation Department,Yom Basin,2026-09-07 21:00,null,null,value,value,value,null,value
11688599,วัดวังเคียน จ.แพร่,,,Royal Irrigation Department,Yom Basin,2026-09-07 21:00,null,null,value,value,value,null,value
11688600,ตำบลต้าผาหมอก จ.แพร่,,,Royal Irrigation Department,Yom Basin,2026-09-07 21:00,null,null,value,value,value,null,value
11688601,บ้านไผ่โทน จ.แพร่,,,Royal Irrigation Department,Yom Basin,2026-09-01 12:00,null,null,value,value,value,null,value
11688602,บ้านหลวงเหนือ จ.ลำปาง,,,Royal Irrigation Department,Yom Basin,2026-09-07 21:00,null,null,value,value,value,null,value
11688603,บ้านวังยาว จ.น่าน,,,Royal Irrigation Department,Yom Basin,2026-09-07 21:00,null,null,value,value,value,null,value
11688604,อำเภอปง จ.พะเยา,,,Royal Irrigation Department,Yom Basin,2026-09-07 21:00,null,null,value,value,value,null,value
11688605,บ้านแฮะ จ.พะเยา,,,Royal Irrigation Department,Yom Basin,2026-09-07 21:00,null,null,value,value,value,null,value
11688606,วัดท่าไม้,,,Royal Irrigation Department,Yom Basin,2026-09-07 21:00,null,null,value,value,value,null,value
11688607,ปตร.บ้านวังสะตือ,,,Royal Irrigation Department,Yom Basin,2026-09-07 21:00,null,null,value,value,value,null,value
11688608,สะพานเขาโค้ง,,,Royal Irrigation Department,Yom Basin,2026-09-07 21:00,null,null,value,value,value,null,value
11688609,แม่น้ำยม ปากคลองเข้า ปตร.บางพระ,,,Royal Irrigation Department,Yom Basin,2026-09-07 21:00,null,null,value,value,value,null,value
11688611,ห้วยแม่ลาน เทศบาลแม่ลานนา,,,Royal Irrigation Department,Yom Basin,2026-09-07 18:00,null,null,value,value,value,null,value
11688612,ฝายแม่ยม อ.สอง จ.แพร่,,,Royal Irrigation Department,Yom Basin,2026-09-07 21:00,null,null,value,value,value,null,value
11688613,ฝายบ้านน้ำขุ่น,,,Royal Irrigation Department,East Coast Gulf Basin,2026-09-07 21:00,null,null,value,value,value,null,value
11688614,ชลประทานวังกระแจะ,,,Royal Irrigation Department,East Coast Gulf Basin,2026-09-07 21:00,null,null,value,value,value,null,value
11688615,ชลประทานตราด,,,Royal Irrigation Department,East Coast Gulf Basin,2026-09-07 21:00,null,null,value,value,value,null,value
11688616,บ้านปลายคลอง,,,Royal Irrigation Department,East Coast Gulf Basin,2026-09-07 21:00,null,null,value,value,value,null,value
11688617,บ้านไร่ป่า,,,Royal Irrigation Department,East Coast Gulf Basin,2026-09-07 21:00,null,null,value,value,value,null,value
11688618,เขาสมิง,,,Royal Irrigation Department,East Coast Gulf Basin,2026-09-07 21:00,null,null,value,value,value,null,value
11688619,วัดเทพนิมิต,,,Royal Irrigation Department,East Coast Gulf Basin,2026-09-07 21:00,null,null,value,value,value,null,value
11688620,วัดคลองขุด,,,Royal Irrigation Department,East Coast Gulf Basin,2026-09-07 21:00,null,null,value,value,value,null,value
11688621,วัดวุรุณดิตถาราม,,,Royal Irrigation Department,East Coast Gulf Basin,2026-09-07 21:00,null,null,value,value,value,null,value
11688622,ปากแม่น้ำบางปะกง,,,Royal Irrigation Department,Bang Pakong Basin,2026-09-07 21:00,null,null,value,value,value,null,value
11688623,บ้านโพธิ์,,,Royal Irrigation Department,Bang Pakong Basin,2026-09-07 21:00,null,null,value,value,value,null,value
11688624,เขื่อนทดน้ำบางปะกง,,,Royal Irrigation Department,Bang Pakong Basin,2026-09-07 21:00,null,null,value,value,value,null,value
11688625,ฝายท่าลาด,,,Royal Irrigation Department,Bang Pakong Basin,2026-09-07 21:00,null,null,value,value,value,null,value
11688626,บางขนาก,,,Royal Irrigation Department,Bang Pakong Basin,2026-09-07 21:00,null,null,value,value,value,null,value
11688627,หอทอง,,,Royal Irrigation Department,Bang Pakong Basin,2026-09-07 21:00,null,null,value,value,value,null,value
11688628,ศรีมหาโพธิ์,,,Royal Irrigation Department,Bang Pakong Basin,2026-09-07 21:00,null,null,value,value,value,null,value
11688629,สมบูรณ์,,,Royal Irrigation Department,Bang Pakong Basin,2026-09-07 21:00,null,null,value,value,value,null,value
11688630,คลองแม่น้ำใน(โพธิ์แทน),,,Royal Irrigation Department,Chao Phraya Basin,2026-09-07 21:00,null,null,value,value,value,null,value
11688631,เขื่อนนายก,,,Royal Irrigation Department,Bang Pakong Basin,2026-09-07 21:00,null,null,value,value,value,null,value
11688632,บ้านตะเภาลาย,,,Royal Irrigation Department,Bang Pakong Basin,2026-09-07 21:00,null,null,value,value,value,null,value
11688633,วัดสง่างาม,,,Royal Irrigation Department,Bang Pakong Basin,2026-09-07 21:00,null,null,value,value,value,null,value
11688634,ประจันตคาม,,,Royal Irrigation Department,Bang Pakong Basin,2026-09-07 21:00,null,null,value,value,value,null,value
11688635,บ้านเนินหินกอง,,,Royal Irrigation Department,Bang Pakong Basin,2026-09-07 21:00,null,null,value,value,value,null,value
11688636,บ้านป่าเต็ง,,,Royal Irrigation Department,Phetchaburi - Prachuap Khiri Khan Basin,2026-09-07 21:00,null,null,value,value,value,null,value
11688637,เขื่อนปราณบุรี,,,Royal Irrigation Department,Phetchaburi - Prachuap Khiri Khan Basin,2026-09-07 21:00,null,null,value,value,value,null,value
11688638,บ้านเขาน้ำตก,,,Royal Irrigation Department,Phetchaburi - Prachuap Khiri Khan Basin,2026-09-07 21:00,null,null,value,value,value,null,value
11688639,บ้านห้วยมงคล,,,Royal Irrigation Department,Phetchaburi - Prachuap Khiri Khan Basin,2026-09-07 21:00,null,null,value,value,value,null,value
11688640,อ่างเก็บน้ำโป่งสามสิบ,,,Royal Irrigation Department,Phetchaburi - Prachuap Khiri Khan Basin,2026-09-07 21:00,null,null,value,value,value,null,value
11688641,อ่างเก็บน้ำยางชุม,,,Royal Irrigation Department,Phetchaburi - Prachuap Khiri Khan Basin,2026-09-07 21:00,null,null,value,value,value,null,value
11688642,วัดปากแพรก,,,Royal Irrigation Department,Phetchaburi - Prachuap Khiri Khan Basin,2026-09-07 21:00,null,null,value,value,value,null,value
11688643,บ้านห้วยกวางจริง,,,Royal Irrigation Department,Phetchaburi - Prachuap Khiri Khan Basin,2026-09-07 21:00,null,null,value,value,value,null,value
11688644,เขื่อนแก่งกระจาน (เหนือน้ำ),,,Royal Irrigation Department,Phetchaburi - Prachuap Khiri Khan Basin,2026-09-07 21:00,null,null,value,value,value,null,value
11688645,เขื่อนแก่งกระจาน (ท้ายน้ำ),,,Royal Irrigation Department,Phetchaburi - Prachuap Khiri Khan Basin,2026-09-07 21:00,null,null,value,value,value,null,value
11688646,บ้านแหลม,,,Royal Irrigation Department,Phetchaburi - Prachuap Khiri Khan Basin,2026-09-07 21:00,null,null,value,value,value,null,value
11688647,สถานีเขื่อนเพชร (เหนือน้ำ),,,Royal Irrigation Department,Phetchaburi - Prachuap Khiri Khan Basin,2026-09-07 21:00,null,null,value,value,value,null,value
11688648,สถานีเขื่อนเพชร (ท้ายน้ำ),,,Royal Irrigation Department,Phetchaburi - Prachuap Khiri Khan Basin,2026-09-07 21:00,null,null,value,value,value,null,value
11688649,ปตร.พลเทพ,,,Royal Irrigation Department,Chao Phraya Basin,2026-09-07 21:00,null,null,value,value,value,null,value
11688650,ปตร.ท่าโบสถ์,,,Royal Irrigation Department,Tha Chin Basin,2026-09-07 21:00,null,null,value,value,value,null,value
11688651,ปตร.สามชุก,,,Royal Irrigation Department,Tha Chin Basin,2026-09-07 20:00,null,null,value,value,value,null,value
11688652,วัดมณีวรรณ,,,Royal Irrigation Department,Tha Chin Basin,2026-09-07 20:00,null,null,value,value,value,null,value
11688653,โรงเรียนวัดบางปลา,,,Royal Irrigation Department,Tha Chin Basin,2026-09-07 21:00,null,null,value,value,value,null,value
11688654,วัดท่ากระบือ,,,Royal Irrigation Department,Tha Chin Basin,2026-09-07 19:00,null,null,value,value,value,null,value
11688655,วัดช่องลม,,,Royal Irrigation Department,Tha Chin Basin,2026-09-07 20:00,null,null,value,value,value,null,value
11688656,บ้านผาทั่ง,,,Royal Irrigation Department,Tha Chin Basin,2026-09-07 20:00,null,null,value,value,value,null,value
11688657,บ้านด่านช้าง,,,Royal Irrigation Department,Tha Chin Basin,2026-09-07 21:00,null,null,value,value,value,null,value
11688658,ไซฟอนกระเสียว,,,Royal Irrigation Department,Tha Chin Basin,2026-09-07 21:00,null,null,value,value,value,null,value
11688659,วัดหนองปลิง,,,Royal Irrigation Department,Tha Chin Basin,2026-09-07 21:00,null,null,value,value,value,null,value
11688660,วัดท่าขนุน,,,Royal Irrigation Department,Mae Klong Basin,2026-09-07 21:00,null,null,value,value,value,null,value
11688661,บ้านท่ามะนาว,,,Royal Irrigation Department,Mae Klong Basin,2026-09-07 21:00,null,null,value,value,value,null,value
11688662,วัดยางเกาะ,,,Royal Irrigation Department,Mae Klong Basin,2026-09-07 21:00,null,null,value,value,value,null,value
11688663,วัดท่าแย้,,,Royal Irrigation Department,Mae Klong Basin,2026-09-07 21:00,null,null,value,value,value,null,value
11688665,ฝายทดน้ำลำเหย,,,Royal Irrigation Department,Mae Klong Basin,2026-09-07 21:00,null,null,value,value,value,null,value
11688666,ห้วยลำอีซู,,,Royal Irrigation Department,Mae Klong Basin,2026-09-07 21:00,null,null,value,value,value,null,value
11688667,วัดหนองไม้เอื้อย,,,Royal Irrigation Department,Mae Klong Basin,2026-09-07 21:00,null,null,value,value,value,null,value
11688668,สะพานข้ามลำภาชี,,,Royal Irrigation Department,Mae Klong Basin,2026-09-07 21:00,null,null,value,value,value,null,value
11688669,วัดศรีมงคล,,,Royal Irrigation Department,Mae Klong Basin,2026-09-07 21:00,null,null,value,value,value,null,value
11688670,วัดลิ่นถิ่น,,,Royal Irrigation Department,Mae Klong Basin,2026-09-07 21:00,null,null,value,value,value,null,value
11688672,วัดบางคนฑีใน,,,Royal Irrigation Department,Mae Klong Basin,2026-09-07 21:00,null,null,value,value,value,null,value
11688673,โรงเรียนบ้านลาดใหญ่สามัคคี,,,Royal Irrigation Department,Mae Klong Basin,2026-09-07 21:00,null,null,value,value,value,null,value
11688674,สำนักงานประปา  อบต.ท่ากระดาน สาขาแก่งแคบ,,,Royal Irrigation Department,Mae Klong Basin,2026-09-07 21:00,null,null,value,value,value,null,value
11688675,บ้านเลยวังไสย์,,,Royal Irrigation Department,Northeast Khong Basin,2026-09-07 21:00,null,null,value,value,value,null,value
11688676,บ้านฟากเลย,,,Royal Irrigation Department,Northeast Khong Basin,2026-09-07 21:00,null,null,value,value,value,null,value
11688677,บ้านหนองบอน,,,Royal Irrigation Department,Northeast Khong Basin,2026-09-07 21:00,null,null,value,value,value,null,value
11688678,บ้านไร่ม่วง,,,Royal Irrigation Department,Northeast Khong Basin,2026-09-07 21:00,null,null,value,value,value,null,value
11688679,บ้านเพีย,,,Royal Irrigation Department,Northeast Khong Basin,2026-09-07 21:00,null,null,value,value,value,null,value
11688680,บ้านโป่ง,,,Royal Irrigation Department,Northeast Khong Basin,2026-09-07 21:00,null,null,value,value,value,null,value
11688681,บ้านโพธิ์ชัยทอง,,,Royal Irrigation Department,Northeast Khong Basin,2026-09-07 21:00,null,null,value,value,value,null,value
11688682,บ้านพันนา,,,Royal Irrigation Department,Northeast Khong Basin,2026-09-07 21:00,null,null,value,value,value,null,value
11688683,เขื่อนน้ำอูน,,,Royal Irrigation Department,Northeast Khong Basin,2026-09-07 21:00,null,null,value,value,value,null,value
11688684,บ้านโป่งเปื่อย,,,Royal Irrigation Department,Northeast Khong Basin,2026-09-07 20:00,null,null,value,value,value,null,value
11688685,บ้านสุขสำราญ,,,Royal Irrigation Department,Northeast Khong Basin,2026-09-07 21:00,null,null,value,value,value,null,value
11688686,บ้านดงหนองบัว,,,Royal Irrigation Department,Northeast Khong Basin,2026-09-07 21:00,null,null,value,value,value,null,value
11688687,บ้านป่งไฮ,,,Royal Irrigation Department,Northeast Khong Basin,2026-09-07 21:00,null,null,value,value,value,null,value
11688688,ปตร.ห้วยหลวง,,,Royal Irrigation Department,Northeast Khong Basin,2026-09-07 21:00,null,null,value,value,value,null,value
11688689,สะพานห้วยลม,,,Royal Irrigation Department,Northeast Khong Basin,2026-09-07 21:00,null,null,value,value,value,null,value
11688690,สะพานห้วยบ้าน,,,Royal Irrigation Department,Northeast Khong Basin,2026-09-07 21:00,null,null,value,value,value,null,value
11688691,ศูนย์การเรียนรู้ อบต.เตาไห,,,Royal Irrigation Department,Northeast Khong Basin,2026-09-07 21:00,null,null,value,value,value,null,value
11688692,สะพานห้วยน้ำขุ่น,,,Royal Irrigation Department,Northeast Khong Basin,2026-09-07 21:00,null,null,value,value,value,null,value
11688693,อบต. บ้านแมด,,,Royal Irrigation Department,Northeast Khong Basin,2026-09-07 21:00,null,null,value,value,value,null,value
11688694,อ่างเก็บน้ำห้วยหลวง,,,Royal Irrigation Department,Northeast Khong Basin,2026-09-07 21:00,null,null,value,value,value,null,value
11688695,สบลำกระจวนแม่น้ำชี,,,Royal Irrigation Department,Chi Basin Basin,2026-09-07 21:00,null,null,value,value,value,null,value
11688696,ท้ายเขื่อนลำปะทาว,,,Royal Irrigation Department,Chi Basin Basin,2026-09-07 21:00,null,null,value,value,value,null,value
11688697,(บ้านโนนสมอ),,,Royal Irrigation Department,Chi Basin Basin,2026-09-07 21:00,null,null,value,value,value,null,value
11688698,สบห้วยสามหมอแม่น้ำชี (บ.วังสามหมอ),,,Royal Irrigation Department,Chi Basin Basin,2026-09-07 21:00,null,null,value,value,value,null,value
11688699,สบแม่น้ำชีห้วยสามหมอ (บ.วังสามหมอ),,,Royal Irrigation Department,Chi Basin Basin,2026-09-07 21:00,null,null,value,value,value,null,value
11688700,ฝายมหาสารคาม (บ้านคุยเชือก),,,Royal Irrigation Department,Chi Basin Basin,2026-09-07 21:00,null,null,value,value,value,null,value
11688701,บ้านไผ่ล้อม,,,Royal Irrigation Department,Chi Basin Basin,2026-09-07 21:00,null,null,value,value,value,null,value
11688702,วัดเสมาท่าค้อ,,,Royal Irrigation Department,Chi Basin Basin,2026-09-07 21:00,null,null,value,value,value,null,value
11688703,ฝายยโสธร,,,Royal Irrigation Department,Chi Basin Basin,2026-09-07 21:00,null,null,value,value,value,null,value
11688704,วัดอัมพวันนาราม,,,Royal Irrigation Department,Chi Basin Basin,2026-09-07 21:00,null,null,value,value,value,null,value
11688705,บ้านหนองเป็ด,,,Royal Irrigation Department,Chi Basin Basin,2026-09-07 21:00,null,null,value,value,value,null,value
11688706,บ้านโนนเขวา,,,Royal Irrigation Department,Chi Basin Basin,2026-09-07 21:00,null,null,value,value,value,null,value
11688707,โรงเรียนบ้านหนองหอย,,,Royal Irrigation Department,Chi Basin Basin,2026-09-07 21:00,null,null,value,value,value,null,value
11688708,หอทะหลา มเหศักดิ์,,,Royal Irrigation Department,Chi Basin Basin,2026-09-07 21:00,null,null,value,value,value,null,value
11688709,กุดน้ำใส,,,Royal Irrigation Department,Chi Basin Basin,2026-09-07 21:00,null,null,value,value,value,null,value
11688710,วัดศรีแก้ว,,,Royal Irrigation Department,Chi Basin Basin,2026-09-07 21:00,null,null,value,value,value,null,value
11688711,วัดท่าประทาย,,,Royal Irrigation Department,Chi Basin Basin,2026-09-07 21:00,null,null,value,value,value,null,value
11688712,ฝายพรม-เชิญ,,,Royal Irrigation Department,Chi Basin Basin,2026-09-07 21:00,null,null,value,value,value,null,value
11688713,บ้านนางใย,,,Royal Irrigation Department,Chi Basin Basin,2026-09-07 21:00,null,null,value,value,value,null,value
11688714,วัดโพธิ์ศรีท่าแห่,,,Royal Irrigation Department,Chi Basin Basin,2026-09-07 21:00,null,null,value,value,value,null,value
11688715,ฝายยางลำน้ำยัง,,,Royal Irrigation Department,Chi Basin Basin,2026-09-07 21:00,null,null,value,value,value,null,value
11688716,บุ่งเลิศ,,,Royal Irrigation Department,Chi Basin Basin,2026-09-07 21:00,null,null,value,value,value,null,value
11688717,ฝายบ้านดอนปอ,,,Royal Irrigation Department,Chi Basin Basin,2026-09-07 21:00,null,null,value,value,value,null,value
11688718,สถานีฝายกุมภวาปี,,,Royal Irrigation Department,Chi Basin Basin,2026-09-07 20:00,null,null,value,value,value,null,value
11688719,สถานีเขื่อนลำปาว,,,Royal Irrigation Department,Chi Basin Basin,2026-09-07 21:00,null,null,value,value,value,null,value
11688720,TM.50 (วัดแชะ),,,Royal Irrigation Department,Mun Basin,2026-09-07 21:00,null,null,value,value,value,null,value
11688721,TM.145,,,Royal Irrigation Department,Mun Basin,2026-09-07 21:00,null,null,value,value,value,null,value
11688722,T สะพานบ้านหัน,,,Royal Irrigation Department,Mun Basin,2026-09-07 21:00,null,null,value,value,value,null,value
11688723,"T ขรน.มะเกลือใหม่ (U/S), (D/S)",,,Royal Irrigation Department,Mun Basin,2026-09-07 21:00,null,null,value,value,value,null,value
11688724,TM.1A (วัดใหม่อัมพร),,,Royal Irrigation Department,Mun Basin,2026-09-07 21:00,null,null,value,value,value,null,value
11688725,"T ขรน.กันผม (U/S), (D/S)",,,Royal Irrigation Department,Mun Basin,2026-09-07 21:00,null,null,value,value,value,null,value
11688726,"Tฝายยางบ้านส้ม (U/S), (D/S)",,,Royal Irrigation Department,Mun Basin,2026-09-07 21:00,null,null,value,value,value,null,value
11688727,T ปตร.น้ำเค็ม (D/S),,,Royal Irrigation Department,Mun Basin,2026-09-07 21:00,null,null,value,value,value,null,value
11688728,"Tเขื่อนพิมาย (U/S), (D/S)",,,Royal Irrigation Department,Mun Basin,2026-09-07 21:00,null,null,value,value,value,null,value
11688729,T-MUN3 (ฝายโคกตอง),,,Royal Irrigation Department,Mun Basin,2026-09-07 21:00,null,null,value,value,value,null,value
11688730,"Tฝายชุมพวง (U/S), (D/S)",,,Royal Irrigation Department,Mun Basin,2026-09-07 21:00,null,null,value,value,value,null,value
11688731,T หลุมข้าว,,,Royal Irrigation Department,Mun Basin,2026-09-06 16:00,null,null,value,value,value,null,value
11688732,T ปตร.ลำสะแทด (D/S),,,Royal Irrigation Department,Mun Basin,2026-09-07 21:00,null,null,value,value,value,null,value
11688733,"Tฝายยางบ้านเขว้า  (U/S), (D/S)",,,Royal Irrigation Department,Mun Basin,2026-09-07 21:00,null,null,value,value,value,null,value
11688734,TM.4,,,Royal Irrigation Department,Mun Basin,2026-09-07 21:00,null,null,value,value,value,null,value
11688735,"Tฝายยางบ้านตะลุง (U/S), (D/S)",,,Royal Irrigation Department,Mun Basin,2026-09-07 21:00,null,null,value,value,value,null,value
11688736,Tสบห้วยเหนือ+ห้วยสำราญ,,,Royal Irrigation Department,Mun Basin,2026-09-07 21:00,null,null,value,value,value,null,value
11688737,TM.182,,,Royal Irrigation Department,Mun Basin,2026-09-07 21:00,null,null,value,value,value,null,value
11688738,Tใต้ฝายห้วยขะยุง,,,Royal Irrigation Department,Mun Basin,2026-09-07 21:00,null,null,value,value,value,null,value
11688739,TM.176 (วัดลือชัย),,,Royal Irrigation Department,Mun Basin,2026-09-07 21:00,null,null,value,value,value,null,value
11688740,ฝายราษีไศล,,,Royal Irrigation Department,Mun Basin,2026-09-07 21:00,null,null,value,value,value,null,value
11688741,บ้านวังยาง,,,Royal Irrigation Department,Mun Basin,2026-09-07 21:00,null,null,value,value,value,null,value
11688742,ฝายอำนาจเจริญ,,,Royal Irrigation Department,Mun Basin,2026-09-07 21:00,null,null,value,value,value,null,value
11688743,ฝายลำเซบก,,,Royal Irrigation Department,Mun Basin,2026-09-07 21:00,null,null,value,value,value,null,value
11688744,วัดนิกรวราราม (ย่านยาว),,,Royal Irrigation Department,Peninsula - West Coast Basin,2026-09-07 21:00,null,null,value,value,value,null,value
11688745,บ้านสะพานเสือ,,,Royal Irrigation Department,Peninsula - West Coast Basin,2026-09-07 21:00,null,null,value,value,value,null,value
11688746,บ้านเหล,,,Royal Irrigation Department,Peninsula - West Coast Basin,2026-09-07 21:00,null,null,value,value,value,null,value
11688747,บ้านนาข่าเหนือ,,,Royal Irrigation Department,Peninsula - West Coast Basin,2026-09-07 21:00,null,null,value,value,value,null,value
11688748,บ้านอุใดใต้,,,Royal Irrigation Department,Peninsula - West Coast Basin,2026-09-07 21:00,null,null,value,value,value,null,value
11688750,บ้านผังปาล์ม 1,,,Royal Irrigation Department,Peninsula - West Coast Basin,2026-09-07 21:00,null,null,value,value,value,null,value
11688751,บ้านวังปราง,,,Royal Irrigation Department,Peninsula - West Coast Basin,2026-09-07 21:00,null,null,value,value,value,null,value
11688752,บ้านปากมูด,,,Royal Irrigation Department,Peninsula - West Coast Basin,2026-09-07 21:00,null,null,value,value,value,null,value
11688753,บ้านนิคม,,,Royal Irrigation Department,Peninsula - West Coast Basin,2026-09-07 21:00,null,null,value,value,value,null,value
11688754,บ้านลำภูรา,,,Royal Irrigation Department,Peninsula - West Coast Basin,2026-09-07 21:00,null,null,value,value,value,null,value
11688755,ฝายคลองนางน้อย,,,Royal Irrigation Department,Peninsula - West Coast Basin,2026-09-07 21:00,null,null,value,value,value,null,value
11688756,บ้านท่าปาบ(X.230),,,Royal Irrigation Department,Peninsula - West Coast Basin,2026-09-07 21:00,null,null,value,value,value,null,value
11688757,วัดนาเมืองเพชร,,,Royal Irrigation Department,Peninsula - West Coast Basin,2026-09-07 21:00,null,null,value,value,value,null,value
11688758,บ้านเกาะเคี่ยม,,,Royal Irrigation Department,Peninsula - West Coast Basin,2026-09-07 21:00,null,null,value,value,value,null,value
11688759,บ้านปากแครง,,,Royal Irrigation Department,Peninsula - West Coast Basin,2026-09-07 21:00,null,null,value,value,value,null,value
11688760,คลองท่าแซะ,,,Royal Irrigation Department,Peninsula - Upper East Coast Basin,2026-09-07 21:00,null,null,value,value,value,null,value
11688761,ประตูระบายน้ำหัววัง,,,Royal Irrigation Department,Peninsula - Upper East Coast Basin,2026-09-07 21:00,null,null,value,value,value,null,value
11688762,ประตูระบายน้ำสามแก้ว,,,Royal Irrigation Department,Peninsula - Upper East Coast Basin,2026-09-07 21:00,null,null,value,value,value,null,value
11688763,คลองวัดหญ้า,,,Royal Irrigation Department,Peninsula - Upper East Coast Basin,2026-09-07 21:00,null,null,value,value,value,null,value
11688764,คลองนอกท่า,,,Royal Irrigation Department,Peninsula - Upper East Coast Basin,2026-09-07 21:00,null,null,value,value,value,null,value
11688765,ฝายท่าดี,,,Royal Irrigation Department,Peninsula - Upper East Coast Basin,2026-09-07 21:00,null,null,value,value,value,null,value
11688766,บ้านโคกข่อย,,,Royal Irrigation Department,Peninsula - Upper East Coast Basin,2026-09-07 21:00,null,null,value,value,value,null,value
11688767,บ้านปากพญา,,,Royal Irrigation Department,Peninsula - Upper East Coast Basin,2026-09-07 21:00,null,null,value,value,value,null,value
11688768,ปตร.อุทกวิภาชประสิทธิ,,,Royal Irrigation Department,Peninsula - Upper East Coast Basin,2026-09-07 21:00,null,null,value,value,value,null,value
11688769,บ้านสองพี่น้อง,,,Royal Irrigation Department,Peninsula - Upper East Coast Basin,2026-09-07 21:00,null,null,value,value,value,null,value
11688770,ปตร.บางไทร,,,Royal Irrigation Department,Peninsula - Upper East Coast Basin,2026-09-07 21:00,null,null,value,value,value,null,value
11688771,บ้านปากแพรก,,,Royal Irrigation Department,Peninsula - Upper East Coast Basin,2026-09-07 21:00,null,null,value,value,value,null,value
11688772,ปตร.เชียรใหญ่,,,Royal Irrigation Department,Peninsula - Upper East Coast Basin,2026-09-07 21:00,null,null,value,value,value,null,value
11688773,ฝายเสาธง,,,Royal Irrigation Department,Peninsula - Upper East Coast Basin,2026-09-07 21:00,null,null,value,value,value,null,value
11688774,บ้านตูล,,,Royal Irrigation Department,Peninsula - Upper East Coast Basin,2026-09-07 21:00,null,null,value,value,value,null,value
11688775,บ้านการะเกด,,,Royal Irrigation Department,Peninsula - Upper East Coast Basin,2026-09-07 21:00,null,null,value,value,value,null,value
11688776,ปตร.แพรกเมือง,,,Royal Irrigation Department,Peninsula - Upper East Coast Basin,2026-09-07 21:00,null,null,value,value,value,null,value
11688777,ปตร.บางนราตอนบน,,,Royal Irrigation Department,Peninsula - Lower East Coast Basin,2026-09-07 21:00,null,null,value,value,value,null,value
11688778,ปตร.น้ำแบ่ง,,,Royal Irrigation Department,Peninsula - Lower East Coast Basin,2026-09-07 21:00,null,null,value,value,value,null,value
11688779,ปตร.บางนราตอนล่าง,,,Royal Irrigation Department,Peninsula - Lower East Coast Basin,2026-09-07 21:00,null,null,value,value,value,null,value
11688780,สะพานยะกัง,,,Royal Irrigation Department,Peninsula - Lower East Coast Basin,2026-09-07 21:00,null,null,value,value,value,null,value
11688781,สถานี ชป.คลองวาด,,,Royal Irrigation Department,Thale Sap Songkhla Basin,2026-09-07 21:00,null,null,value,value,value,null,value
11688782,สถานี X.181,,,Royal Irrigation Department,Thale Sap Songkhla Basin,2026-09-07 21:00,null,null,value,value,value,null,value
11688783,สถานีคลองต่ำ,,,Royal Irrigation Department,Thale Sap Songkhla Basin,2026-09-07 21:00,null,null,value,value,value,null,value
11688784,สถานีคลองหวะ,,,Royal Irrigation Department,Thale Sap Songkhla Basin,2026-09-07 21:00,null,null,value,value,value,null,value
11688785,สถานีคลองรำใหญ่,,,Royal Irrigation Department,Thale Sap Songkhla Basin,2026-09-07 21:00,null,null,value,value,value,null,value
11688786,สถานี X.112,,,Royal Irrigation Department,Thale Sap Songkhla Basin,2026-09-07 21:00,null,null,value,value,value,null,value
11688787,สถานีโรงสูบน้ำระโนด,,,Royal Irrigation Department,Thale Sap Songkhla Basin,2026-09-07 21:00,null,null,value,value,value,null,value
11688788,สถานีปากคลองระโนด,,,Royal Irrigation Department,Thale Sap Songkhla Basin,2026-09-07 21:00,null,null,value,value,value,null,value
11688789,สถานีบ้านลำปำ,,,Royal Irrigation Department,Thale Sap Songkhla Basin,2026-09-07 21:00,null,null,value,value,value,null,value
11688790,สถานีบ่อยาง,,,Royal Irrigation Department,Thale Sap Songkhla Basin,2026-09-07 21:00,null,null,value,value,value,null,value
11688791,ปตร.คลองท่าแนะ,,,Royal Irrigation Department,Thale Sap Songkhla Basin,2026-09-07 21:00,null,null,value,value,value,null,value
11688792,เขาชัยสน,,,Royal Irrigation Department,Thale Sap Songkhla Basin,2026-09-07 21:00,null,null,value,value,value,null,value
11688793,ปตร.อู่ตะเภา,,,Royal Irrigation Department,Thale Sap Songkhla Basin,2026-09-07 21:00,null,null,value,value,value,null,value
11688794,ปตร.คลอง 1ซ-ร1,,,Royal Irrigation Department,Thale Sap Songkhla Basin,2026-09-07 21:00,null,null,value,value,value,null,value
11688795,ปตร.ท่าช้าง-บางกล่ำ,,,Royal Irrigation Department,Thale Sap Songkhla Basin,2026-09-07 21:00,null,null,value,value,value,null,value
11688796,คลองนาท่อม,,,Royal Irrigation Department,Thale Sap Songkhla Basin,2026-09-07 21:00,null,null,value,value,value,null,value
11688797,คลองลำเบ็ดบน,,,Royal Irrigation Department,Thale Sap Songkhla Basin,2026-09-07 21:00,null,null,value,value,value,null,value
11688798,คลองลำเบ็ดล่าง,,,Royal Irrigation Department,Thale Sap Songkhla Basin,2026-09-07 21:00,null,null,value,value,value,null,value
11688799,คลองเหมืองตะกั่ว,,,Royal Irrigation Department,Thale Sap Songkhla Basin,2026-09-07 21:00,null,null,value,value,value,null,value
11688800,คลองห้วยเผยอ,,,Royal Irrigation Department,Thale Sap Songkhla Basin,2026-09-07 21:00,null,null,value,value,value,null,value
11688801,คลองตงตอนบน,,,Royal Irrigation Department,Thale Sap Songkhla Basin,2026-09-07 21:00,null,null,value,value,value,null,value
11688802,คลองตงตอนล่าง,,,Royal Irrigation Department,Thale Sap Songkhla Basin,2026-09-07 21:00,null,null,value,value,value,null,value
11688803,คลองหวะตอนบน,,,Royal Irrigation Department,Thale Sap Songkhla Basin,2026-09-07 21:00,null,null,value,value,value,null,value
11688804,คลองหวะตอนล่าง,,,Royal Irrigation Department,Thale Sap Songkhla Basin,2026-09-07 21:00,null,null,value,value,value,null,value
11688805,บ้านควนอินนอโม,,,Royal Irrigation Department,Thale Sap Songkhla Basin,2026-09-07 21:00,null,null,value,value,value,null,value
11688806,ฝายนาท่อม,,,Royal Irrigation Department,Thale Sap Songkhla Basin,2026-09-07 21:00,null,null,value,value,value,null,value
11688807,ฝายท่าเชียด,,,Royal Irrigation Department,Thale Sap Songkhla Basin,2026-09-07 21:00,null,null,value,value,value,null,value
11688808,บ้านพรุพร้อ,,,Royal Irrigation Department,Thale Sap Songkhla Basin,2026-09-07 21:00,null,null,value,value,value,null,value
11688809,บ้านวังตลับ,,,Royal Irrigation Department,Peninsula - Upper East Coast Basin,2026-09-07 21:00,null,null,value,value,value,null,value
11688810,บ้านนาสาร (X.81),,,Royal Irrigation Department,Peninsula - Upper East Coast Basin,2026-09-07 21:00,null,null,value,value,value,null,value
11688811,บ้านต้นสะท้อน,,,Royal Irrigation Department,Peninsula - Upper East Coast Basin,2026-09-07 21:00,null,null,value,value,value,null,value
11688812,วัดตาขุน (X.38A),,,Royal Irrigation Department,Peninsula - Upper East Coast Basin,2026-09-07 21:00,null,null,value,value,value,null,value
11688813,บ้านโพธิ์น้อย,,,Royal Irrigation Department,Peninsula - Upper East Coast Basin,2026-09-07 21:00,null,null,value,value,value,null,value
11688814,สถานีบ้านมอเก็ต,,,Royal Irrigation Department,Peninsula - Upper East Coast Basin,2026-09-07 21:00,null,null,value,value,value,null,value
11688815,สถานีบ้านบางน้ำเย็น,,,Royal Irrigation Department,Peninsula - Upper East Coast Basin,2026-09-07 21:00,null,null,value,value,value,null,value
11688816,สถานีวัดสองพี่น้อง,,,Royal Irrigation Department,Peninsula - Upper East Coast Basin,2026-09-07 21:00,null,null,value,value,value,null,value
11688817,สถานีบ้านทุ่งกรวด,,,Royal Irrigation Department,Peninsula - Upper East Coast Basin,2026-09-07 21:00,null,null,value,value,value,null,value
11688818,สถานีวัดบางเงิน,,,Royal Irrigation Department,Peninsula - Upper East Coast Basin,2026-09-07 21:00,null,null,value,value,value,null,value
11688819,ปากแม่น้ำปัตตานี,,,Royal Irrigation Department,Peninsula - Lower East Coast Basin,2026-09-07 21:00,null,null,value,value,value,null,value
11688820,เทศบาลเมืองปัตตานี,,,Royal Irrigation Department,Peninsula - Lower East Coast Basin,2026-09-07 21:00,null,null,value,value,value,null,value
11688821,บ้านบาซาเอ,,,Royal Irrigation Department,Peninsula - Lower East Coast Basin,2026-09-07 21:00,null,null,value,value,value,null,value
11688822,ท้ายเขื่อนบางลาง,,,Royal Irrigation Department,Peninsula - Lower East Coast Basin,2026-09-07 18:00,null,null,value,value,value,null,value
11688824,บ้านอาบอ,,,Royal Irrigation Department,Peninsula - Lower East Coast Basin,2026-09-07 21:00,null,null,value,value,value,null,value
11688825,บ้านกูหมัง,,,Royal Irrigation Department,Peninsula - Lower East Coast Basin,2026-09-07 21:00,null,null,value,value,value,null,value
11688827,บ้านแว้ง,,,Royal Irrigation Department,Peninsula - Lower East Coast Basin,2026-09-07 21:00,null,null,value,value,value,null,value
11688828,บ้านกาวะ,,,Royal Irrigation Department,Peninsula - Lower East Coast Basin,2026-09-07 21:00,null,null,value,value,value,null,value
11688829,ปตร.ปลายคลองโต๊ะแดง,,,Royal Irrigation Department,Peninsula - Lower East Coast Basin,2026-09-07 21:00,null,null,value,value,value,null,value
11688830,บ้านลาแล,,,Royal Irrigation Department,Peninsula - Lower East Coast Basin,2026-09-07 21:00,null,null,value,value,value,null,value
11688831,ทรบ.คลองระบายสายที่ 13,,,Royal Irrigation Department,Peninsula - Lower East Coast Basin,2026-09-07 21:00,null,null,value,value,value,null,value
11688832,บ้านหนองน้ำใส,,,Royal Irrigation Department,Tonle Sap Basin,2026-09-07 21:00,null,null,value,value,value,null,value
11688833,บ้านฟากห้วย,,,Royal Irrigation Department,Tonle Sap Basin,2026-09-07 21:00,null,null,value,value,value,null,value
11688834,อ่างเก็บน้ำห้วยยาง,,,Royal Irrigation Department,Tonle Sap Basin,2026-09-07 21:00,null,null,value,value,value,null,value
11688835,บ้านทุ่งกร่าง,,,Royal Irrigation Department,Tonle Sap Basin,2026-09-07 21:00,null,null,value,value,value,null,value
11688836,บ้านวังกระแพร่,,,Royal Irrigation Department,Tonle Sap Basin,2026-09-07 21:00,null,null,value,value,value,null,value
11688837,บ้านคลองตานี,,,Royal Irrigation Department,Tonle Sap Basin,2026-09-07 21:00,null,null,value,value,value,null,value
11688838,อ่างเก็บน้ำห้วยแม่สอด,,,Royal Irrigation Department,Salawin Basin,2026-09-07 21:00,null,null,value,value,value,null,value
11688839,ห้วยแม่สอด,,,Royal Irrigation Department,Salawin Basin,2026-09-07 21:00,null,null,value,value,value,null,value
11688840,บ้านแม่กึ๊ดสามท่า,,,Royal Irrigation Department,Salawin Basin,2026-09-07 21:00,null,null,value,value,value,null,value
11688841,บ้านวังผา,,,Royal Irrigation Department,Salawin Basin,2026-09-07 21:00,null,null,value,value,value,null,value
11688842,บ้านท่าสองแคว,,,Royal Irrigation Department,Salawin Basin,2026-09-07 21:00,null,null,value,value,value,null,value
11688843,บ้านพะมอลอ,,,Royal Irrigation Department,Salawin Basin,2026-09-07 21:00,null,null,value,value,value,null,value
11688844,บ้านแม่ตะควน,,,Royal Irrigation Department,Salawin Basin,2026-09-07 21:00,null,null,value,value,value,null,value
11688845,บ้านสบสา,,,Royal Irrigation Department,Salawin Basin,2026-09-07 21:00,null,null,value,value,value,null,value
11688846,ห้วยน้ำของ,,,Royal Irrigation Department,Salawin Basin,2026-09-07 21:00,null,null,value,value,value,null,value
11688847,ปางหมู,,,Royal Irrigation Department,Salawin Basin,2026-09-07 21:00,null,null,value,value,value,null,value
11688848,บ้านหนองผำ,,,Royal Irrigation Department,North Khong Basin,2026-09-03 10:00,null,null,value,value,value,null,value
11688854,บ้านโนนตูม,,,Royal Irrigation Department,Northeast Khong Basin,2026-09-03 10:00,null,null,value,value,value,null,value
11688855,วัดศรีบุญเรือง,,,Royal Irrigation Department,Northeast Khong Basin,2026-09-03 10:00,null,null,value,value,value,null,value
11688856,บ้านท่าควาย,,,Royal Irrigation Department,Northeast Khong Basin,2026-09-03 10:00,null,null,value,value,value,null,value
11688867,การประปายโสธร,,,Royal Irrigation Department,Chi Basin Basin,2026-09-03 10:00,null,null,value,value,value,null,value
11688872,บ้านหนองขนวน,,,Royal Irrigation Department,Chi Basin Basin,2026-09-03 10:00,null,null,value,value,value,null,value
11688873,บ้านท่างาม,,,Royal Irrigation Department,Chi Basin Basin,2026-09-03 10:00,null,null,value,value,value,null,value
11688874,บ้านธวัชดินแดง,,,Royal Irrigation Department,Chi Basin Basin,2026-09-03 10:00,null,null,value,value,value,null,value
11688875,บ้านดอนขยอม,,,Royal Irrigation Department,Chi Basin Basin,2026-09-03 06:00,null,null,value,value,value,null,value
11688876,บ้านแดงหม้อ,,,Royal Irrigation Department,Chi Basin Basin,2026-09-03 06:00,null,null,value,value,value,null,value
11688877,บ้านวังปรัด,,,Royal Irrigation Department,Mun Basin,2026-09-03 10:00,null,null,value,value,value,null,value
11688878,บ้านโพธิ์ตาก,,,Royal Irrigation Department,Mun Basin,2026-09-03 10:00,null,null,value,value,value,null,value
11688879,บ้านนิคม,,,Royal Irrigation Department,Mun Basin,2026-09-03 10:00,null,null,value,value,value,null,value
11688880,บ้านหลุมดิน,,,Royal Irrigation Department,Mun Basin,2026-09-03 10:00,null,null,value,value,value,null,value
11688881,ตำบลในเมือง,,,Royal Irrigation Department,Mun Basin,2026-09-03 10:00,null,null,value,value,value,null,value
11688882,บ้านคำสำราญ,,,Royal Irrigation Department,Mun Basin,2026-09-03 10:00,null,null,value,value,value,null,value
11688883,บ้านโนนสาวเอ้,,,Royal Irrigation Department,Mun Basin,2026-09-03 10:00,null,null,value,value,value,null,value
11688884,บ้านโนนสะอาด,,,Royal Irrigation Department,Mun Basin,2026-09-03 10:00,null,null,value,value,value,null,value
11688885,โนนสมบูรณ์,,,Royal Irrigation Department,Mun Basin,2026-09-03 10:00,null,null,value,value,value,null,value
11688886,บ้านโนนศรีไคล,,,Royal Irrigation Department,Mun Basin,2026-09-03 10:00,null,null,value,value,value,null,value
11688887,บ้านโนนสว่าง,,,Royal Irrigation Department,Mun Basin,2026-09-03 10:00,null,null,value,value,value,null,value
11688888,บ้านป่าก่อ,,,Royal Irrigation Department,Mun Basin,2026-09-03 10:00,null,null,value,value,value,null,value
11688889,บ้านท่าเยี่ยม,,,Royal Irrigation Department,Mun Basin,2026-09-03 10:00,null,null,value,value,value,null,value
11688890,บ้านสีถาน,,,Royal Irrigation Department,Mun Basin,2026-09-03 10:00,null,null,value,value,value,null,value
11688891,บ้านหินเพิง,,,Royal Irrigation Department,Mun Basin,2026-09-03 10:00,null,null,value,value,value,null,value
11688892,บ้านซึม,,,Royal Irrigation Department,Mun Basin,2026-09-03 10:00,null,null,value,value,value,null,value
11688893,บ้านหินโคน,,,Royal Irrigation Department,Mun Basin,2026-09-03 06:00,null,null,value,value,value,null,value
11688894,บ้านโนนคอย,,,Royal Irrigation Department,Mun Basin,2026-09-03 10:00,null,null,value,value,value,null,value
11688895,ใกล้สถานีประมงน้ำจืด,,,Royal Irrigation Department,Mun Basin,2026-09-03 10:00,null,null,value,value,value,null,value
11688896,บ้านเพิ่ม,,,Royal Irrigation Department,Mun Basin,2026-09-03 10:00,null,null,value,value,value,null,value
11688897,บ้านขวาว,,,Royal Irrigation Department,Mun Basin,2026-09-03 10:00,null,null,value,value,value,null,value
11688898,บ้านโคกกรวด,,,Royal Irrigation Department,Mun Basin,2026-09-03 10:00,null,null,value,value,value,null,value
11688899,บ้านโนนค่า,,,Royal Irrigation Department,Mun Basin,2026-09-03 10:00,null,null,value,value,value,null,value
11688900,บ้านสำเร็จ,,,Royal Irrigation Department,Mun Basin,2026-09-03 10:00,null,null,value,value,value,null,value
11688901,บ้านขนงพระเหนือ,,,Royal Irrigation Department,Mun Basin,2026-09-03 10:00,null,null,value,value,value,null,value
11688902,บ้านละลูน,,,Royal Irrigation Department,Mun Basin,2026-09-03 10:00,null,null,value,value,value,null,value
11688903,บ้านด่านตะกา,,,Royal Irrigation Department,Mun Basin,2026-09-03 10:00,null,null,value,value,value,null,value
11688904,บ้านเชียงเพ็ง,,,Royal Irrigation Department,Mun Basin,2026-09-03 10:00,null,null,value,value,value,null,value
11688905,บ้านพงสวาย,,,Royal Irrigation Department,Mun Basin,2026-09-03 10:00,null,null,value,value,value,null,value
11688906,บ้านห้วยทับทัน,,,Royal Irrigation Department,Mun Basin,2026-09-03 10:00,null,null,value,value,value,null,value
11688907,บ้านท่ามะปรางค์,,,Royal Irrigation Department,Mun Basin,2026-09-03 10:00,null,null,value,value,value,null,value
11688908,บ้านเมืองคง,,,Royal Irrigation Department,Mun Basin,2026-09-03 10:00,null,null,value,value,value,null,value
11688909,บ้านท่าบอแบง,,,Royal Irrigation Department,Mun Basin,2026-09-03 10:00,null,null,value,value,value,null,value
11688910,บ้านสตึก,,,Royal Irrigation Department,Mun Basin,2026-09-03 10:00,null,null,value,value,value,null,value
11688911,สะพานเสรีประชาธิปไตย,,,Royal Irrigation Department,Mun Basin,2026-09-03 10:00,null,null,value,value,value,null,value
11688912,สะพานอาคารเซรุ่ม,,,Royal Irrigation Department,Mun Basin,2026-09-03 10:00,null,null,value,value,value,null,value
11688913,ชุมชนสะพานขาว,,,Royal Irrigation Department,Mun Basin,2026-09-03 10:00,null,null,value,value,value,null,value
11688914,บ้านดอนยาง,,,Royal Irrigation Department,Mun Basin,2026-09-03 10:00,null,null,value,value,value,null,value
11688915,สะพานนวรัฐ,,,Royal Irrigation Department,Ping Basin,2026-09-03 10:00,null,null,value,value,value,null,value
11688916,บ้านป่าข่อยใต้ ,,,Royal Irrigation Department,Ping Basin,2026-09-03 10:00,null,null,value,value,value,null,value
11688917,บ้านย่านรี,,,Royal Irrigation Department,Ping Basin,2026-09-03 11:00,null,null,value,value,value,null,value
11688918,หน้าวัดศรีภิรมย์,,,Royal Irrigation Department,Ping Basin,2026-09-03 11:00,null,null,value,value,value,null,value
11688919,บ้านแสนตอ,,,Royal Irrigation Department,Ping Basin,2026-09-03 11:00,null,null,value,value,value,null,value
11688920,บ้านท่างิ้ว,,,Royal Irrigation Department,Ping Basin,2026-09-03 10:00,null,null,value,value,value,null,value
11688921,บ้านน้ำโท้ง,,,Royal Irrigation Department,Ping Basin,2026-09-03 11:00,null,null,value,value,value,null,value
11688922,บ้านท่าแค,,,Royal Irrigation Department,Ping Basin,2026-09-03 11:00,null,null,value,value,value,null,value
11688923,บ้านโปร่งน้ำร้อน,,,Royal Irrigation Department,Ping Basin,2026-09-03 11:00,null,null,value,value,value,null,value
11688924,สะพานท่านาง,,,Royal Irrigation Department,Ping Basin,2026-09-03 10:00,null,null,value,value,value,null,value
11688925,บ้านไทยทวี,,,Royal Irrigation Department,Ping Basin,2026-09-03 11:00,null,null,value,value,value,null,value
11688926,บ้านแม่แต,,,Royal Irrigation Department,Ping Basin,2026-09-03 10:00,null,null,value,value,value,null,value
11688927,บ้านช่อแล,,,Royal Irrigation Department,Ping Basin,2026-09-03 10:00,null,null,value,value,value,null,value
11688928,บ้านแม่อีไฮ,,,Royal Irrigation Department,Ping Basin,2026-09-03 10:00,null,null,value,value,value,null,value
11688929,บ้านสบแม่สะป๊วด,,,Royal Irrigation Department,Ping Basin,2026-09-03 10:00,null,null,value,value,value,null,value
11688930,บ้านสามเรือน,,,Royal Irrigation Department,Ping Basin,2026-09-03 11:00,null,null,value,value,value,null,value
11688931,ในเมือง,,,Royal Irrigation Department,Ping Basin,2026-09-03 11:00,null,null,value,value,value,null,value
11688932,บ้านโป่ง,,,Royal Irrigation Department,Ping Basin,2026-09-03 10:00,null,null,value,value,value,null,value
11688933,บ้านสบวิน,,,Royal Irrigation Department,Ping Basin,2026-09-03 10:00,null,null,value,value,value,null,value
11688934,บ้านพันตน,,,Royal Irrigation Department,Ping Basin,2026-09-03 10:00,null,null,value,value,value,null,value
11688935,บ้านหล่ายแก้ว,,,Royal Irrigation Department,Ping Basin,2026-09-03 10:00,null,null,value,value,value,null,value
11688936,บ้านป่าซาง,,,Royal Irrigation Department,Ping Basin,2026-09-03 10:00,null,null,value,value,value,null,value
11688937,บ้านดอนมูล,,,Royal Irrigation Department,Wang Basin,2026-09-03 10:00,null,null,value,value,value,null,value
11688938,สะพานเสตุวารี,,,Royal Irrigation Department,Wang Basin,2026-09-03 10:00,null,null,value,value,value,null,value
11688939,บ้านแม่เชียงราย,,,Royal Irrigation Department,Wang Basin,2026-09-03 11:00,null,null,value,value,value,null,value
11688940,บ้านท่าไผ่,,,Royal Irrigation Department,Wang Basin,2026-09-03 11:00,null,null,value,value,value,null,value
11688941,บ้านดอนชัย,,,Royal Irrigation Department,Wang Basin,2026-09-03 10:00,null,null,value,value,value,null,value
11688942,บ้านวังหมัน,,,Royal Irrigation Department,Wang Basin,2026-09-03 11:00,null,null,value,value,value,null,value
11688943,บ้านป่างิ้ว,,,Royal Irrigation Department,Yom Basin,2026-09-03 11:00,null,null,value,value,value,null,value
11688944,บ้านกง,,,Royal Irrigation Department,Yom Basin,2026-09-03 11:00,null,null,value,value,value,null,value
11688945,บางระกำ,,,Royal Irrigation Department,Yom Basin,2026-09-03 11:00,null,null,value,value,value,null,value
11688946,สามง่าม,,,Royal Irrigation Department,Yom Basin,2026-09-03 11:00,null,null,value,value,value,null,value
11688947,บ้านน้ำโค้ง,,,Royal Irrigation Department,Yom Basin,2026-09-03 10:00,null,null,value,value,value,null,value
11688948,บ้านห้วยสัก,,,Royal Irrigation Department,Yom Basin,2026-09-03 10:00,null,null,value,value,value,null,value
11688949,บ้านนาปลากลั้ง,,,Royal Irrigation Department,Yom Basin,2026-09-03 11:00,null,null,value,value,value,null,value
11688950,บ้านแม่พุ,,,Royal Irrigation Department,Yom Basin,2026-09-03 11:00,null,null,value,value,value,null,value
11688951,บ้านคลองตาล,,,Royal Irrigation Department,Yom Basin,2026-09-03 11:00,null,null,value,value,value,null,value
11688952,บ้านวังชิ้น,,,Royal Irrigation Department,Yom Basin,2026-09-03 10:00,null,null,value,value,value,null,value
11688953,บ้านวังไม้ขอน,,,Royal Irrigation Department,Yom Basin,2026-09-03 11:00,null,null,value,value,value,null,value
11688954,ในเมือง,,,Royal Irrigation Department,Yom Basin,2026-09-03 11:00,null,null,value,value,value,null,value
11688955,บ้านท่านางงาม,,,Royal Irrigation Department,Yom Basin,2026-09-03 11:00,null,null,value,value,value,null,value
11688956,บ้านท่าแห,,,Royal Irrigation Department,Yom Basin,2026-09-03 11:00,null,null,value,value,value,null,value
11688957,บ้านวังจิก,,,Royal Irrigation Department,Yom Basin,2026-09-03 11:00,null,null,value,value,value,null,value
11688958,บางระกำ,,,Royal Irrigation Department,Yom Basin,2026-09-03 11:00,null,null,value,value,value,null,value
11688959,บ้านป่ากล้วย,,,Royal Irrigation Department,Yom Basin,2026-09-03 11:00,null,null,value,value,value,null,value
11688960,หน้าสำนักงานป่าไม้,,,Royal Irrigation Department,Nan Basin,2026-09-03 10:00,null,null,value,value,value,null,value
11688961,บ้านหาดไผ่,,,Royal Irrigation Department,Nan Basin,2026-09-03 11:00,null,null,value,value,value,null,value
11688962,บ้านไผ่งาม,,,Royal Irrigation Department,Nan Basin,2026-09-03 10:00,null,null,value,value,value,null,value
11688963,บ้านท่างาม,,,Royal Irrigation Department,Nan Basin,2026-09-03 11:00,null,null,value,value,value,null,value
11688964,บ้านวังนกแอ่น,,,Royal Irrigation Department,Nan Basin,2026-09-03 11:00,null,null,value,value,value,null,value
11688965,ท้ายเขื่อนนเรศวร,,,Royal Irrigation Department,Nan Basin,2026-09-03 11:00,null,null,value,value,value,null,value
11688966,ในเมือง,,,Royal Irrigation Department,Nan Basin,2026-09-03 11:00,null,null,value,value,value,null,value
11688967,บ้านหนองกระท้าว,,,Royal Irrigation Department,Nan Basin,2026-09-03 11:00,null,null,value,value,value,null,value
11688968,บ้านฟากท่า,,,Royal Irrigation Department,Nan Basin,2026-09-03 11:00,null,null,value,value,value,null,value
11688969,บ้านชมพู,,,Royal Irrigation Department,Nan Basin,2026-09-03 11:00,null,null,value,value,value,null,value
11688970,บ้านน้ำยาว,,,Royal Irrigation Department,Nan Basin,2026-09-03 10:00,null,null,value,value,value,null,value
11688971,บ้านวังโป่ง,,,Royal Irrigation Department,Nan Basin,2026-09-03 11:00,null,null,value,value,value,null,value
11688972,บ้านท่าสะแก,,,Royal Irrigation Department,Nan Basin,2026-09-03 11:00,null,null,value,value,value,null,value
11688973,ในเมือง,,,Royal Irrigation Department,Nan Basin,2026-09-03 11:00,null,null,value,value,value,null,value
11688974,บ้านเด่นสำโรง,,,Royal Irrigation Department,Nan Basin,2026-09-03 11:00,null,null,value,value,value,null,value
11688975,บ้านผาขวาง,,,Royal Irrigation Department,Nan Basin,2026-09-03 10:00,null,null,value,value,value,null,value
11688976,บ้านปางสา,,,Royal Irrigation Department,Nan Basin,2026-09-03 10:00,null,null,value,value,value,null,value
11688977,วัดเกยไชยเหนือ,,,Royal Irrigation Department,Nan Basin,2026-09-03 10:00,null,null,value,value,value,null,value
11688978,บ้านทานตะวัน,,,Royal Irrigation Department,Nan Basin,2026-09-03 11:00,null,null,value,value,value,null,value
11688979,บ้านราชช้างขวัญ,,,Royal Irrigation Department,Nan Basin,2026-09-03 11:00,null,null,value,value,value,null,value
11688980,บ้านแก่งบัวคำ,,,Royal Irrigation Department,Nan Basin,2026-09-03 11:00,null,null,value,value,value,null,value
11688981,น้ำปาด,,,Royal Irrigation Department,Nan Basin,2026-09-03 11:00,null,null,value,value,value,null,value
11688982,ต.หาดงิ้ว,,,Royal Irrigation Department,Nan Basin,2026-09-03 11:00,null,null,value,value,value,null,value
11688983,บางมูลนาก,,,Royal Irrigation Department,Nan Basin,2026-09-03 11:00,null,null,value,value,value,null,value
11688984,กรมชลประทานสามเสน,,,Royal Irrigation Department,Chao Phraya Basin,2026-09-03 10:00,null,null,value,value,value,null,value
11688985,ท้ายเขื่อนเจ้าพระยา,,,Royal Irrigation Department,Chao Phraya Basin,2026-09-03 10:00,null,null,value,value,value,null,value
11688986,ค่ายจิรประวัติ,,,Royal Irrigation Department,Chao Phraya Basin,2026-09-03 10:00,null,null,value,value,value,null,value
11688987,กรมชลประทานปากเกร็ด,,,Royal Irrigation Department,Chao Phraya Basin,2026-09-03 10:00,null,null,value,value,value,null,value
11688988,วัดกร่าง,,,Royal Irrigation Department,Chao Phraya Basin,2026-09-03 10:00,null,null,value,value,value,null,value
11688989,บ้านบางพุดทรา,,,Royal Irrigation Department,Chao Phraya Basin,2026-09-03 10:00,null,null,value,value,value,null,value
11688990,บ้านป้อม,,,Royal Irrigation Department,Chao Phraya Basin,2026-09-03 10:00,null,null,value,value,value,null,value
11688991,บ้านบางหลวงโดด,,,Royal Irrigation Department,Chao Phraya Basin,2026-09-03 10:00,null,null,value,value,value,null,value
11688992,บ้านบางบาล,,,Royal Irrigation Department,Chao Phraya Basin,2026-09-03 10:00,null,null,value,value,value,null,value
11688993,โรงเรียนคณะราษฎร์บำรุง,,,Royal Irrigation Department,Chao Phraya Basin,2026-09-03 10:00,null,null,value,value,value,null,value
11688994,หัวเวียง,,,Royal Irrigation Department,Chao Phraya Basin,2026-09-03 10:00,null,null,value,value,value,null,value
11688995,เสนา,,,Royal Irrigation Department,Chao Phraya Basin,2026-09-03 10:00,null,null,value,value,value,null,value
11688996,บ้านบางแก้ว,,,Royal Irrigation Department,Chao Phraya Basin,2026-09-03 10:00,null,null,value,value,value,null,value
11688997,บ้านดอนใหญ่,,,Royal Irrigation Department,Sakae Krang Basin,2026-09-03 10:00,null,null,value,value,value,null,value
11688998,สะพานวังร่มเกล้า,,,Royal Irrigation Department,Sakae Krang Basin,2026-09-03 06:00,null,null,value,value,value,null,value
11688999,บ้านหาดทนง,,,Royal Irrigation Department,Sakae Krang Basin,2026-09-03 10:00,null,null,value,value,value,null,value
11689000,บ้านศาลเจ้าไก่ต่อ,,,Royal Irrigation Department,Sakae Krang Basin,2026-09-03 10:00,null,null,value,value,value,null,value
11689001,บ้านปางมะค่า,,,Royal Irrigation Department,Sakae Krang Basin,2026-09-03 10:00,null,null,value,value,value,null,value
11689003,บ้านท่ารวก,,,Royal Irrigation Department,Pasak Basin,2026-09-03 10:00,null,null,value,value,value,null,value
11689004,ท้ายเขื่อนพระรามหก,,,Royal Irrigation Department,Pasak Basin,2026-09-03 10:00,null,null,value,value,value,null,value
11689005,ท้ายเขื่อนป่าสักชลสิทธิ์,,,Royal Irrigation Department,Pasak Basin,2026-09-03 10:00,null,null,value,value,value,null,value
11689006,บ้านตาลเดี่ยว,,,Royal Irrigation Department,Pasak Basin,2026-09-03 11:00,null,null,value,value,value,null,value
11689007,สถานีแพดับเพลิง,,,Royal Irrigation Department,Pasak Basin,2026-09-03 10:00,null,null,value,value,value,null,value
11689008,บ้านท่าไฮหยอง,,,Royal Irrigation Department,Pasak Basin,2026-09-03 11:00,null,null,value,value,value,null,value
11689009,บ้านบ่อรัง,,,Royal Irrigation Department,Pasak Basin,2026-09-03 11:00,null,null,value,value,value,null,value
11689010,บ้านพูลทรัพย์,,,Royal Irrigation Department,Pasak Basin,2026-09-03 10:00,null,null,value,value,value,null,value
11689011,ในเมือง,,,Royal Irrigation Department,Pasak Basin,2026-09-03 11:00,null,null,value,value,value,null,value
11689012,สะพานปรีดี-ธำรง,,,Royal Irrigation Department,Chao Phraya Basin,2026-09-03 10:00,null,null,value,value,value,null,value
11689013,บ้านใหม่วังสีมา,,,Royal Irrigation Department,Pasak Basin,2026-09-03 11:00,null,null,value,value,value,null,value
11689014,บ้านท่าไม้ทอง,,,Royal Irrigation Department,Pasak Basin,2026-09-03 11:00,null,null,value,value,value,null,value
11689015,บ้านป่า,,,Royal Irrigation Department,Pasak Basin,2026-09-03 10:00,null,null,value,value,value,null,value
11689016,หน้าที่ว่าการอำเภอ,,,Royal Irrigation Department,Tha Chin Basin,2026-09-03 10:00,null,null,value,value,value,null,value
11689017,บ้านวัดพระรูป,,,Royal Irrigation Department,Tha Chin Basin,2026-09-03 10:00,null,null,value,value,value,null,value
11689018,บ้านบางการ้อง,,,Royal Irrigation Department,Tha Chin Basin,2026-09-03 10:00,null,null,value,value,value,null,value
11689019,รร.บ้านสามพราน,,,Royal Irrigation Department,Tha Chin Basin,2026-09-03 10:00,null,null,value,value,value,null,value
11689020,วัดบางไผ่นารถ,,,Royal Irrigation Department,Tha Chin Basin,2026-09-03 10:00,null,null,value,value,value,null,value
11689021,บ้านลุ่มสุ่ม,,,Royal Irrigation Department,Mae Klong Basin,2026-09-03 10:00,null,null,value,value,value,null,value
11689022,บ้านวังขนาย,,,Royal Irrigation Department,Mae Klong Basin,2026-09-03 10:00,null,null,value,value,value,null,value
11689023,บ้านทุ่งนานางหรอก,,,Royal Irrigation Department,Mae Klong Basin,2026-09-03 10:00,null,null,value,value,value,null,value
11689024,บ้านคา,,,Royal Irrigation Department,Mae Klong Basin,2026-09-03 10:00,null,null,value,value,value,null,value
11689025,สะพานธนะรัชต์,,,Royal Irrigation Department,Mae Klong Basin,2026-09-03 10:00,null,null,value,value,value,null,value
11689026,บ้านน้ำโจน,,,Royal Irrigation Department,Mae Klong Basin,2026-09-03 10:00,null,null,value,value,value,null,value
11689027,บ้านบ้องตี้น้อย,,,Royal Irrigation Department,Mae Klong Basin,2026-09-03 10:00,null,null,value,value,value,null,value
11689028,บ้านหนองบัว,,,Royal Irrigation Department,Mae Klong Basin,2026-09-03 10:00,null,null,value,value,value,null,value
11689029,บ้านวังเย็น,,,Royal Irrigation Department,Mae Klong Basin,2026-09-03 10:00,null,null,value,value,value,null,value
11689030,บ้านลุ่มดงกระเบา,,,Royal Irrigation Department,Mae Klong Basin,2026-09-03 10:00,null,null,value,value,value,null,value
11689031,บ้านยางสูง,,,Royal Irrigation Department,Mae Klong Basin,2026-09-03 10:00,null,null,value,value,value,null,value
11689032,บ้านลิ่นถิ่น,,,Royal Irrigation Department,Mae Klong Basin,2026-09-03 10:00,null,null,value,value,value,null,value
11689033,สะพานค่ายหลวง,,,Royal Irrigation Department,Mae Klong Basin,2026-09-03 10:00,null,null,value,value,value,null,value
11689034,บ้านหม้อ,,,Royal Irrigation Department,Mae Klong Basin,2026-09-03 10:00,null,null,value,value,value,null,value
11689035,บ้านกระดังงา,,,Royal Irrigation Department,Mae Klong Basin,2026-09-03 10:00,null,null,value,value,value,null,value
11689036,บ้านท่าเสา,,,Royal Irrigation Department,Mae Klong Basin,2026-09-03 10:00,null,null,value,value,value,null,value
11689038,บ้านหนองไผ่,,,Royal Irrigation Department,Mae Klong Basin,2026-09-03 10:00,null,null,value,value,value,null,value
11689039,สะพานณรงค์ดำริ,,,Royal Irrigation Department,Bang Pakong Basin,2026-09-03 10:00,null,null,value,value,value,null,value
11689040,บ้านเนินผาสุก,,,Royal Irrigation Department,Bang Pakong Basin,2026-09-03 10:00,null,null,value,value,value,null,value
11689041,บ้านแก้ง,,,Royal Irrigation Department,Bang Pakong Basin,2026-09-03 10:00,null,null,value,value,value,null,value
11689042,บ้านโนนสุขภูมิ,,,Royal Irrigation Department,Bang Pakong Basin,2026-09-03 10:00,null,null,value,value,value,null,value
11689043,บ้านทุ่งแฝก,,,Royal Irrigation Department,Bang Pakong Basin,2026-09-03 10:00,null,null,value,value,value,null,value
11689044,บ้านแก่งดินสอ,,,Royal Irrigation Department,Bang Pakong Basin,2026-09-03 10:00,null,null,value,value,value,null,value
11689045,บ้านท่าบุญมี,,,Royal Irrigation Department,Bang Pakong Basin,2026-09-03 10:00,null,null,value,value,value,null,value
11689046,สะพานต้นน้ำบางปะกง,,,Royal Irrigation Department,Bang Pakong Basin,2026-09-03 10:00,null,null,value,value,value,null,value
11689047,สะพานหน้าสถานีดับเพลิงจังหวัด,,,Royal Irrigation Department,Bang Pakong Basin,2026-09-03 10:00,null,null,value,value,value,null,value
11689048,บ้านชะอม,,,Royal Irrigation Department,Bang Pakong Basin,2026-09-03 10:00,null,null,value,value,value,null,value
11689049,บ้านนาแขม,,,Royal Irrigation Department,Bang Pakong Basin,2026-09-03 10:00,null,null,value,value,value,null,value
11689050,บ้านทาม,,,Royal Irrigation Department,Bang Pakong Basin,2026-09-03 10:00,null,null,value,value,value,null,value
11689051,บ้านเขาฉกรรจ์,,,Royal Irrigation Department,Bang Pakong Basin,2026-09-03 10:00,null,null,value,value,value,null,value
11689052,บ้านเขานางบวช,,,Royal Irrigation Department,Bang Pakong Basin,2026-09-03 10:00,null,null,value,value,value,null,value
11689053,บ้านป่าขะ,,,Royal Irrigation Department,Bang Pakong Basin,2026-09-03 10:00,null,null,value,value,value,null,value
11689054,สะพานหน้าจวนผู้ว่าฯ,,,Royal Irrigation Department,Bang Pakong Basin,2026-09-03 10:00,null,null,value,value,value,null,value
11689055,บ้านศรีบัวทอง,,,Royal Irrigation Department,East Coast Gulf Basin,2026-09-03 10:00,null,null,value,value,value,null,value
11689056,บ้านเขาวังไทร,,,Royal Irrigation Department,East Coast Gulf Basin,2026-09-03 10:00,null,null,value,value,value,null,value
11689057,บ้านปึก,,,Royal Irrigation Department,East Coast Gulf Basin,2026-09-03 10:00,null,null,value,value,value,null,value
11689058,บ้านฉมัน,,,Royal Irrigation Department,East Coast Gulf Basin,2026-09-03 10:00,null,null,value,value,value,null,value
11689059,บ้านโป่งโรงเซ็น,,,Royal Irrigation Department,East Coast Gulf Basin,2026-09-03 10:00,null,null,value,value,value,null,value
11689060,บ้านขุนซ่อง,,,Royal Irrigation Department,East Coast Gulf Basin,2026-09-03 10:00,null,null,value,value,value,null,value
11689061,บ้านเขาโบสถ์,,,Royal Irrigation Department,East Coast Gulf Basin,2026-09-03 10:00,null,null,value,value,value,null,value
11689062,สะพานวัดจันทนาราม,,,Royal Irrigation Department,East Coast Gulf Basin,2026-09-03 10:00,null,null,value,value,value,null,value
11689063,บ้านเขาสมิง,,,Royal Irrigation Department,East Coast Gulf Basin,2026-09-03 10:00,null,null,value,value,value,null,value
11689064,บ้านค่าย,,,Royal Irrigation Department,East Coast Gulf Basin,2026-09-03 10:00,null,null,value,value,value,null,value
11689065,บ้านท่าหลวง,,,Royal Irrigation Department,East Coast Gulf Basin,2026-09-03 10:00,null,null,value,value,value,null,value
11689066,ตลาดท่ายาง,,,Royal Irrigation Department,Phetchaburi - Prachuap Khiri Khan Basin,2026-09-03 10:00,null,null,value,value,value,null,value
11689068,ข้างจวนผู้ว่าฯ,,,Royal Irrigation Department,Phetchaburi - Prachuap Khiri Khan Basin,2026-09-03 10:00,null,null,value,value,value,null,value
11689069,สะพานบ้านลาด,,,Royal Irrigation Department,Phetchaburi - Prachuap Khiri Khan Basin,2026-09-03 10:00,null,null,value,value,value,null,value
11689070,เขาลูกช้าง,,,Royal Irrigation Department,Phetchaburi - Prachuap Khiri Khan Basin,2026-09-03 10:00,null,null,value,value,value,null,value
11689071,บ้านสองพี่น้อง,,,Royal Irrigation Department,Phetchaburi - Prachuap Khiri Khan Basin,2026-09-03 10:00,null,null,value,value,value,null,value
11689073,บ้านโพรงเข้,,,Royal Irrigation Department,Phetchaburi - Prachuap Khiri Khan Basin,2026-09-03 10:00,null,null,value,value,value,null,value
11689074,บ้านสาระเห็ด,,,Royal Irrigation Department,Phetchaburi - Prachuap Khiri Khan Basin,2026-09-03 10:00,null,null,value,value,value,null,value
11689075,บ้านหนองหญ้าปล้อง,,,Royal Irrigation Department,Phetchaburi - Prachuap Khiri Khan Basin,2026-09-03 10:00,null,null,value,value,value,null,value
11689076,บ้านช้างแรก,,,Royal Irrigation Department,Phetchaburi - Prachuap Khiri Khan Basin,2026-09-03 10:00,null,null,value,value,value,null,value
11689077,สะพานรถยนต์ ร.ร.อนุบาลบางสะพาน,,,Royal Irrigation Department,Phetchaburi - Prachuap Khiri Khan Basin,2026-09-03 10:00,null,null,value,value,value,null,value
11689078,บ้านบางสะพาน,,,Royal Irrigation Department,Phetchaburi - Prachuap Khiri Khan Basin,2026-09-03 10:00,null,null,value,value,value,null,value
11689079,บ้านวังยาว,,,Royal Irrigation Department,Phetchaburi - Prachuap Khiri Khan Basin,2026-09-03 10:00,null,null,value,value,value,null,value
11689080,บ้านกลาง,,,Royal Irrigation Department,Phetchaburi - Prachuap Khiri Khan Basin,2026-09-03 10:00,null,null,value,value,value,null,value
11689081,บ้านทุ่งแฝก,,,Royal Irrigation Department,Phetchaburi - Prachuap Khiri Khan Basin,2026-09-03 10:00,null,null,value,value,value,null,value
11689082,บ้านเขาน้อย,,,Royal Irrigation Department,Phetchaburi - Prachuap Khiri Khan Basin,2026-09-03 10:00,null,null,value,value,value,null,value
11689083,บ้านท้ายนา,,,Royal Irrigation Department,Peninsula - Upper East Coast Basin,2026-09-03 10:00,null,null,value,value,value,null,value
11689084,บ้านวังครก,,,Royal Irrigation Department,Peninsula - Upper East Coast Basin,2026-09-03 10:00,null,null,value,value,value,null,value
11689085,บ้านเสาธง,,,Royal Irrigation Department,Peninsula - Upper East Coast Basin,2026-09-03 10:00,null,null,value,value,value,null,value
11689086,บ้านหาดทรายแก้ว,,,Royal Irrigation Department,Peninsula - Upper East Coast Basin,2026-09-03 10:00,null,null,value,value,value,null,value
11689087,สะพานเทศบาล 2,,,Royal Irrigation Department,Peninsula - Upper East Coast Basin,2026-09-03 10:00,null,null,value,value,value,null,value
11689088,บ้านวังไทร,,,Royal Irrigation Department,Peninsula - Upper East Coast Basin,2026-09-03 10:00,null,null,value,value,value,null,value
11689089,บ้านท่าไม้ลาย,,,Royal Irrigation Department,Peninsula - Upper East Coast Basin,2026-09-03 10:00,null,null,value,value,value,null,value
11689090,บ้านนาป่า,,,Royal Irrigation Department,Peninsula - Upper East Coast Basin,2026-09-03 10:00,null,null,value,value,value,null,value
11689091,ถนนลูกเสือ,,,Royal Irrigation Department,Peninsula - Upper East Coast Basin,2026-09-03 10:00,null,null,value,value,value,null,value
11689092,บ้านพะโต๊ะ,,,Royal Irrigation Department,Peninsula - Upper East Coast Basin,2026-09-03 10:00,null,null,value,value,value,null,value
11689093,บ้านเคียนซา,,,Royal Irrigation Department,Peninsula - Upper East Coast Basin,2026-09-03 10:00,null,null,value,value,value,null,value
11689094,บ้านควนกลาง (1),,,Royal Irrigation Department,Peninsula - Upper East Coast Basin,2026-09-03 09:00,null,null,value,value,value,null,value
11689095,บ้านหาดใน,,,Royal Irrigation Department,Peninsula - Upper East Coast Basin,2026-09-03 10:00,null,null,value,value,value,null,value
11689096,สนามหน้าเมือง,,,Royal Irrigation Department,Peninsula - Upper East Coast Basin,2026-09-03 10:00,null,null,value,value,value,null,value
11689097,วัดถลุงทอง,,,Royal Irrigation Department,Peninsula - Upper East Coast Basin,2026-09-03 10:00,null,null,value,value,value,null,value
11689098,บ้านนา,,,Royal Irrigation Department,Peninsula - Upper East Coast Basin,2026-09-03 10:00,null,null,value,value,value,null,value
11689099,บ้านท่าขนอน,,,Royal Irrigation Department,Peninsula - Upper East Coast Basin,2026-09-03 10:00,null,null,value,value,value,null,value
11689100,บ้านย่านดินแดง,,,Royal Irrigation Department,Peninsula - Upper East Coast Basin,2026-09-03 10:00,null,null,value,value,value,null,value
11689101,บ้านวังไผ่,,,Royal Irrigation Department,Peninsula - Upper East Coast Basin,2026-09-03 10:00,null,null,value,value,value,null,value
11689102,บ้านท่าข้าม,,,Royal Irrigation Department,Peninsula - Upper East Coast Basin,2026-09-03 10:00,null,null,value,value,value,null,value
11689103,บ้านท่าแซะ,,,Royal Irrigation Department,Peninsula - Upper East Coast Basin,2026-09-03 06:00,null,null,value,value,value,null,value
11689104,บ้านทุ่งปราบ,,,Royal Irrigation Department,Thale Sap Songkhla Basin,2026-09-03 10:00,null,null,value,value,value,null,value
11689105,บ้านคลองลำ,,,Royal Irrigation Department,Thale Sap Songkhla Basin,2026-09-03 10:00,null,null,value,value,value,null,value
11689106,บ้านม่วงก็อง,,,Royal Irrigation Department,Thale Sap Songkhla Basin,2026-09-03 10:00,null,null,value,value,value,null,value
11689107,บ้านคลองหวะ,,,Royal Irrigation Department,Thale Sap Songkhla Basin,2026-09-03 10:00,null,null,value,value,value,null,value
11689108,หน้าวัดภูผาพิมุข,,,Royal Irrigation Department,Thale Sap Songkhla Basin,2026-09-03 10:00,null,null,value,value,value,null,value
11689109,บ้านเขาปู่,,,Royal Irrigation Department,Thale Sap Songkhla Basin,2026-09-03 10:00,null,null,value,value,value,null,value
11689110,บ้านพิกุลทอง,,,Royal Irrigation Department,Thale Sap Songkhla Basin,2026-09-03 10:00,null,null,value,value,value,null,value
11689111,หน้าวัดห้วยหลาด,,,Royal Irrigation Department,Thale Sap Songkhla Basin,2026-09-03 10:00,null,null,value,value,value,null,value
11689112,บ้านหาดใหญ่ใน,,,Royal Irrigation Department,Thale Sap Songkhla Basin,2026-09-03 10:00,null,null,value,value,value,null,value
11689113,บ้านนาสีทอง,,,Royal Irrigation Department,Thale Sap Songkhla Basin,2026-09-03 10:00,null,null,value,value,value,null,value
11689114,บ้านท่าแค,,,Royal Irrigation Department,Thale Sap Songkhla Basin,2026-09-03 10:00,null,null,value,value,value,null,value
11689115,บ้านบางศาลา,,,Royal Irrigation Department,Thale Sap Songkhla Basin,2026-09-03 10:00,null,null,value,value,value,null,value
11689116,สะพานเดชานุชิต,,,Royal Irrigation Department,Peninsula - Lower East Coast Basin,2026-09-03 10:00,null,null,value,value,value,null,value
11689117,บ้านมูโน๊ะ,,,Royal Irrigation Department,Peninsula - Lower East Coast Basin,2026-09-03 10:00,null,null,value,value,value,null,value
11689119,บ้านซากอ,,,Royal Irrigation Department,Peninsula - Lower East Coast Basin,2026-09-03 10:00,null,null,value,value,value,null,value
11689120,บ้านท่าเรือ,,,Royal Irrigation Department,Peninsula - Lower East Coast Basin,2026-09-03 10:00,null,null,value,value,value,null,value
11689121,บ้านลาคอ,,,Royal Irrigation Department,Peninsula - Lower East Coast Basin,2026-09-03 10:00,null,null,value,value,value,null,value
11689122,บ้านปายอยือนิ,,,Royal Irrigation Department,Peninsula - Lower East Coast Basin,2026-09-03 10:00,null,null,value,value,value,null,value
11689124,บ้านบริดอ,,,Royal Irrigation Department,Peninsula - Lower East Coast Basin,2026-09-03 10:00,null,null,value,value,value,null,value
11689125,บ้านปรีกี,,,Royal Irrigation Department,Peninsula - Lower East Coast Basin,2026-09-03 10:00,null,null,value,value,value,null,value
11689126,บ้านท่าสาป,,,Royal Irrigation Department,Peninsula - Lower East Coast Basin,2026-09-03 10:00,null,null,value,value,value,null,value
11689127,บ้านตันหยงมัส,,,Royal Irrigation Department,Peninsula - Lower East Coast Basin,2026-09-03 10:00,null,null,value,value,value,null,value
11689128,บ้านบองอ,,,Royal Irrigation Department,Peninsula - Lower East Coast Basin,2026-09-03 10:00,null,null,value,value,value,null,value
11689129,บ้านหัวสะพาน,,,Royal Irrigation Department,Peninsula - Lower East Coast Basin,2026-09-03 10:00,null,null,value,value,value,null,value
11689130,บ้านปะเหลียนใน,,,Royal Irrigation Department,Peninsula - West Coast Basin,2026-09-03 10:00,null,null,value,value,value,null,value
11689131,บ้านวังพระเคียน,,,Royal Irrigation Department,Peninsula - West Coast Basin,2026-09-03 06:00,null,null,value,value,value,null,value
11689132,บ้านตลาดเก่า,,,Royal Irrigation Department,Peninsula - West Coast Basin,2026-09-03 10:00,null,null,value,value,value,null,value
11689133,บ้านหินดาน,,,Royal Irrigation Department,Peninsula - West Coast Basin,2026-09-03 10:00,null,null,value,value,value,null,value
11689134,บ้านรมณีย์,,,Royal Irrigation Department,Peninsula - West Coast Basin,2026-09-03 10:00,null,null,value,value,value,null,value
11689135,บ้านเก็ตโฮ่,,,Royal Irrigation Department,Peninsula - West Coast Basin,2026-09-03 10:00,null,null,value,value,value,null,value
11689136,โรงเรียนสตรีภูเก็ต,,,Royal Irrigation Department,Peninsula - West Coast Basin,2026-09-03 10:00,null,null,value,value,value,null,value
11689137,บ้านท่านา,,,Royal Irrigation Department,Peninsula - West Coast Basin,2026-09-03 10:00,null,null,value,value,value,null,value
11689138,บ้านน้ำจืด,,,Royal Irrigation Department,Peninsula - West Coast Basin,2026-09-03 10:00,null,null,value,value,value,null,value
11689139,ถนนเพชรเกษม,,,Royal Irrigation Department,Peninsula - West Coast Basin,2026-09-03 10:00,null,null,value,value,value,null,value
11689140,บ้านกลาง,,,Royal Irrigation Department,Peninsula - West Coast Basin,2026-09-03 10:00,null,null,value,value,value,null,value
11689141,ชุมชนประชาบำรุง,,,Royal Irrigation Department,Peninsula - West Coast Basin,2026-09-03 10:00,null,null,value,value,value,null,value
11689142,บ้านไสหาร,,,Royal Irrigation Department,Peninsula - West Coast Basin,2026-09-03 10:00,null,null,value,value,value,null,value
11689143,บ้านป่าหมาก,,,Royal Irrigation Department,Peninsula - West Coast Basin,2026-09-03 10:00,null,null,value,value,value,null,value
11689144,บ้านย่านตาขาว,,,Royal Irrigation Department,Peninsula - West Coast Basin,2026-09-03 10:00,null,null,value,value,value,null,value
11689145,บ้านฉลุงเหนือ,,,Royal Irrigation Department,Peninsula - West Coast Basin,2026-09-03 10:00,null,null,value,value,value,null,value
11689146,บ้านปันจอร์,,,Royal Irrigation Department,Peninsula - West Coast Basin,2026-09-03 10:00,null,null,value,value,value,null,value
11689147,ซอยทรายทอง,,,Royal Irrigation Department,Peninsula - West Coast Basin,2026-09-03 10:00,null,null,value,value,value,null,value
11689148,บ้านดุสน,,,Royal Irrigation Department,Peninsula - West Coast Basin,2026-09-03 10:00,null,null,value,value,value,null,value
11689149,บ้านสองแพรก,,,Royal Irrigation Department,Peninsula - West Coast Basin,2026-09-03 10:00,null,null,value,value,value,null,value
11689151,บ้านท่าจีน,,,Royal Irrigation Department,Peninsula - West Coast Basin,2026-09-03 10:00,null,null,value,value,value,null,value
11689152,บ้านท่าประดู่,,,Royal Irrigation Department,Peninsula - West Coast Basin,2026-09-03 06:00,null,null,value,value,value,null,value
11689153,บ้านกุดกว้าง,,,Royal Irrigation Department,Chi Basin Basin,2026-09-03 10:00,null,null,value,value,value,null,value
11689154,บ้านเกาะคา,,,Royal Irrigation Department,Wang Basin,2026-09-03 10:00,null,null,value,value,value,null,value
11689155,หน้าอำเภอโพทะเล,,,Royal Irrigation Department,Yom Basin,2026-09-03 11:00,null,null,value,value,value,null,value
