station_id,station_name,agency,window_start,window_end,http_status,result,rows,nonnull_value,nonnull_discharge,first_datetime,last_datetime,request_error,probed_at
1,Klong Ladprao Bang Bua Temple,Hydro – Informatics Institute (Public Organization),2026-08-31,2026-09-06,200,OK,1008,1005,0,2026-08-31 00:00,2026-09-06 23:50,,2026-09-07T15:11:43.360318Z
10,Krung Thep 5,Hydro – Informatics Institute (Public Organization),2026-08-31,2026-09-06,200,OK,1008,1005,0,2026-08-31 00:00,2026-09-06 23:50,,2026-09-07T15:11:45.057682Z
1035512,nan,Royal Irrigation Department,2026-08-31,2026-09-06,200,OK,168,157,157,2026-08-31 00:00,2026-09-06 23:00,,2026-09-07T15:11:46.200920Z
1035516,nan,Royal Irrigation Department,2026-08-31,2026-09-06,200,OK,168,157,88,2026-08-31 00:00,2026-09-06 23:00,,2026-09-07T15:11:47.327997Z
1035518,nan,Royal Irrigation Department,2026-08-31,2026-09-06,200,OK,168,7,0,2026-08-31 00:00,2026-09-06 23:00,,2026-09-07T15:11:48.449649Z
1035521,nan,Royal Irrigation Department,2026-08-31,2026-09-06,200,OK,168,157,157,2026-08-31 00:00,2026-09-06 23:00,,2026-09-07T15:11:49.596094Z
1066916,nan,Royal Irrigation Department,2026-08-31,2026-09-06,200,OK,168,161,161,2026-08-31 00:00,2026-09-06 23:00,,2026-09-07T15:11:50.735667Z
1079844,nan,Royal Irrigation Department,2026-08-31,2026-09-06,200,OK,168,157,0,2026-08-31 00:00,2026-09-06 23:00,,2026-09-07T15:11:51.854645Z
1079932,nan,Royal Irrigation Department,2026-08-31,2026-09-06,200,OK,168,161,161,2026-08-31 00:00,2026-09-06 23:00,,2026-09-07T15:11:53.016985Z
1079995,nan,Royal Irrigation Department,2026-08-31,2026-09-06,200,OK,168,148,148,2026-08-31 00:00,2026-09-06 23:00,,2026-09-07T15:11:54.144580Z
1082427,Bo Din Khao,Hydro – Informatics Institute (Public Organization),2026-08-31,2026-09-06,200,OK,1008,839,0,2026-08-31 00:00,2026-09-06 23:50,,2026-09-07T15:11:55.759978Z
1085210,Bua Ban Ya De Bridge,Hydro – Informatics Institute (Public Organization),2026-08-31,2026-09-06,200,OK,1008,321,0,2026-08-31 00:00,2026-09-06 23:50,,2026-09-07T15:11:57.155539Z
1085211,Ka Lu Bi Ban Sai Pa Ri Bridge,Hydro – Informatics Institute (Public Organization),2026-08-31,2026-09-06,200,OK,1008,1000,0,2026-08-31 00:00,2026-09-06 23:50,,2026-09-07T15:11:58.550020Z
1087618,nan,Royal Irrigation Department,2026-08-31,2026-09-06,200,OK,168,148,0,2026-08-31 00:00,2026-09-06 23:00,,2026-09-07T15:11:59.639286Z
1091551,Khao Wong,Hydro – Informatics Institute (Public Organization),2026-08-31,2026-09-06,200,OK,1008,998,0,2026-08-31 00:00,2026-09-06 23:50,,2026-09-07T15:12:01.166075Z
1093079,Khlong Cha Uat,Hydro – Informatics Institute (Public Organization),2026-08-31,2026-09-06,200,OK,1008,1005,0,2026-08-31 00:00,2026-09-06 23:50,,2026-09-07T15:12:02.731595Z
1093312,nan,Royal Irrigation Department,2026-08-31,2026-09-06,200,OK,168,152,0,2026-08-31 00:00,2026-09-06 23:00,,2026-09-07T15:12:03.928901Z
1094448,Wat Khok Pho Sathit School,Hydro – Informatics Institute (Public Organization),2026-08-31,2026-09-06,200,OK,1008,1005,0,2026-08-31 00:00,2026-09-06 23:50,,2026-09-07T15:12:05.489900Z
1095455,Trang Phatthana Bridge,Hydro – Informatics Institute (Public Organization),2026-08-31,2026-09-06,200,OK,1008,1005,0,2026-08-31 00:00,2026-09-06 23:50,,2026-09-07T15:12:06.920964Z
1095849,nan,Royal Irrigation Department,2026-08-31,2026-09-06,200,OK,168,161,0,2026-08-31 00:00,2026-09-06 23:00,,2026-09-07T15:12:08.072123Z
1095872,nan,Royal Irrigation Department,2026-08-31,2026-09-06,200,OK,168,148,148,2026-08-31 00:00,2026-09-06 23:00,,2026-09-07T15:12:09.222391Z
1095875,nan,Royal Irrigation Department,2026-08-31,2026-09-06,200,OK,168,148,136,2026-08-31 00:00,2026-09-06 23:00,,2026-09-07T15:12:10.353880Z
1095876,nan,Royal Irrigation Department,2026-08-31,2026-09-06,200,OK,168,148,148,2026-08-31 00:00,2026-09-06 23:00,,2026-09-07T15:12:11.474664Z
1095877,nan,Royal Irrigation Department,2026-08-31,2026-09-06,200,OK,168,148,148,2026-08-31 00:00,2026-09-06 23:00,,2026-09-07T15:12:12.591139Z
1095878,nan,Royal Irrigation Department,2026-08-31,2026-09-06,200,OK,168,148,0,2026-08-31 00:00,2026-09-06 23:00,,2026-09-07T15:12:13.749135Z
1095879,nan,Royal Irrigation Department,2026-08-31,2026-09-06,200,OK,168,148,148,2026-08-31 00:00,2026-09-06 23:00,,2026-09-07T15:12:14.897310Z
1095881,nan,Royal Irrigation Department,2026-08-31,2026-09-06,200,OK,168,148,148,2026-08-31 00:00,2026-09-06 23:00,,2026-09-07T15:12:16.024707Z
1095882,nan,Royal Irrigation Department,2026-08-31,2026-09-06,200,OK,168,120,120,2026-08-31 00:00,2026-09-06 23:00,,2026-09-07T15:12:17.167071Z
1097520,nan,Royal Irrigation Department,2026-08-31,2026-09-06,200,OK,168,152,113,2026-08-31 00:00,2026-09-06 23:00,,2026-09-07T15:12:18.280163Z
1098852,nan,Royal Irrigation Department,2026-08-31,2026-09-06,200,OK,168,157,0,2026-08-31 00:00,2026-09-06 23:00,,2026-09-07T15:12:19.354897Z
1098871,nan,Royal Irrigation Department,2026-08-31,2026-09-06,200,OK,168,157,0,2026-08-31 00:00,2026-09-06 23:00,,2026-09-07T15:12:20.483643Z
1098950,nan,Royal Irrigation Department,2026-08-31,2026-09-06,200,OK,168,161,161,2026-08-31 00:00,2026-09-06 23:00,,2026-09-07T15:12:21.581342Z
1098952,nan,Royal Irrigation Department,2026-08-31,2026-09-06,200,OK,168,152,152,2026-08-31 00:00,2026-09-06 23:00,,2026-09-07T15:12:22.706272Z
1098955,nan,Royal Irrigation Department,2026-08-31,2026-09-06,200,OK,168,161,161,2026-08-31 00:00,2026-09-06 23:00,,2026-09-07T15:12:23.836648Z
1098957,nan,Royal Irrigation Department,2026-08-31,2026-09-06,200,OK,168,161,161,2026-08-31 00:00,2026-09-06 23:00,,2026-09-07T15:12:25.000390Z
1099005,nan,Royal Irrigation Department,2026-08-31,2026-09-06,200,OK,168,161,161,2026-08-31 00:00,2026-09-06 23:00,,2026-09-07T15:12:26.122990Z
11,Krung Thep 1,Hydro – Informatics Institute (Public Organization),2026-08-31,2026-09-06,200,OK,1008,1005,0,2026-08-31 00:00,2026-09-06 23:50,,2026-09-07T15:12:27.668422Z
1101563,Huai Mae Chaem School,Friend in Need (of “Pa”) Volunteers Foundation,2026-08-31,2026-09-06,200,OK,1008,1002,0,2026-08-31 00:00,2026-09-06 23:50,,2026-09-07T15:12:29.171973Z
1101565,Maenam Lao Bridge,Friend in Need (of “Pa”) Volunteers Foundation,2026-08-31,2026-09-06,200,OK,1008,1000,0,2026-08-31 00:00,2026-09-06 23:50,,2026-09-07T15:12:30.708310Z
1101566,Khlong Kang,Friend in Need (of “Pa”) Volunteers Foundation,2026-08-31,2026-09-06,200,OK,1008,998,0,2026-08-31 00:00,2026-09-06 23:50,,2026-09-07T15:12:32.103580Z
1101568,Ban Pradu,Friend in Need (of “Pa”) Volunteers Foundation,2026-08-31,2026-09-06,200,OK,1008,1000,0,2026-08-31 00:00,2026-09-06 23:50,,2026-09-07T15:12:33.581283Z
1101569,Ban Tai,Friend in Need (of “Pa”) Volunteers Foundation,2026-08-31,2026-09-06,200,OK,1008,523,0,2026-08-31 00:00,2026-09-06 23:50,,2026-09-07T15:12:35.026214Z
1101572,Ban Khlong Wai 7,Friend in Need (of “Pa”) Volunteers Foundation,2026-08-31,2026-09-06,200,OK,1008,1002,0,2026-08-31 00:00,2026-09-06 23:50,,2026-09-07T15:12:36.496447Z
1101573,Ban Khlong Sai 8,Friend in Need (of “Pa”) Volunteers Foundation,2026-08-31,2026-09-06,200,OK,1008,997,0,2026-08-31 00:00,2026-09-06 23:50,,2026-09-07T15:12:37.958185Z
1101574,Ban Khlong Mui 13,Friend in Need (of “Pa”) Volunteers Foundation,2026-08-31,2026-09-06,200,OK,1008,320,0,2026-08-31 00:00,2026-09-06 23:50,,2026-09-07T15:12:39.332919Z
1105332,Ku Ti,Hydro – Informatics Institute (Public Organization),2026-08-31,2026-09-06,200,OK,1008,1002,0,2026-08-31 00:00,2026-09-06 23:50,,2026-09-07T15:12:40.778472Z
1106448,Khlong Bang So,Hydro – Informatics Institute (Public Organization),2026-08-31,2026-09-06,200,OK,1008,1001,0,2026-08-31 00:00,2026-09-06 23:50,,2026-09-07T15:12:42.267011Z
1106449,Lat Chado,Hydro – Informatics Institute (Public Organization),2026-08-31,2026-09-06,200,OK,1008,996,0,2026-08-31 00:00,2026-09-06 23:50,,2026-09-07T15:12:43.683620Z
1106450,Lat Chit,Hydro – Informatics Institute (Public Organization),2026-08-31,2026-09-06,200,OK,1008,994,0,2026-08-31 00:00,2026-09-06 23:50,,2026-09-07T15:12:45.180345Z
1106454,Khlong Sai Huai Kaeo Pumping Station,Hydro – Informatics Institute (Public Organization),2026-08-31,2026-09-06,200,OK,1008,999,0,2026-08-31 00:00,2026-09-06 23:50,,2026-09-07T15:12:46.701865Z
1106455,Khlong Sa Ta Waeo Pumping Station,Hydro – Informatics Institute (Public Organization),2026-08-31,2026-09-06,200,OK,1008,948,0,2026-08-31 00:00,2026-09-06 23:50,,2026-09-07T15:12:48.159636Z
1106456,Pak Khlong Ha Wa,Hydro – Informatics Institute (Public Organization),2026-08-31,2026-09-06,200,OK,1008,914,0,2026-08-31 00:00,2026-09-06 23:50,,2026-09-07T15:12:49.657573Z
1106457,Khlong Rabai Chai Nat Pa Sak Pumping Station,Hydro – Informatics Institute (Public Organization),2026-08-31,2026-09-06,200,OK,1008,1002,0,2026-08-31 00:00,2026-09-06 23:50,,2026-09-07T15:12:51.207632Z
1107582,Sena,Hydro – Informatics Institute (Public Organization),2026-08-31,2026-09-06,200,OK,1008,1003,0,2026-08-31 00:00,2026-09-06 23:50,,2026-09-07T15:12:52.605025Z
1109490,Tha Nam Bridge,Hydro – Informatics Institute (Public Organization),2026-08-31,2026-09-06,200,OK,1008,1001,0,2026-08-31 00:00,2026-09-06 23:50,,2026-09-07T15:12:54.140236Z
1109491,Krabi Yai 1 Bridge,Hydro – Informatics Institute (Public Organization),2026-08-31,2026-09-06,200,OK,1008,676,0,2026-08-31 00:00,2026-09-06 23:50,,2026-09-07T15:12:55.587848Z
1109492,I Pan Bridge,Hydro – Informatics Institute (Public Organization),2026-08-31,2026-09-06,200,OK,1008,1003,0,2026-08-31 00:00,2026-09-06 23:50,,2026-09-07T15:12:57.043890Z
1109493,Khlong Tako Bridge,Hydro – Informatics Institute (Public Organization),2026-08-31,2026-09-06,200,OK,1008,1002,0,2026-08-31 00:00,2026-09-06 23:50,,2026-09-07T15:12:58.505635Z
1109494,Nong Chik - Wang Pla Bridge,Hydro – Informatics Institute (Public Organization),2026-08-31,2026-09-06,200,OK,1008,999,0,2026-08-31 00:00,2026-09-06 23:50,,2026-09-07T15:13:00.084432Z
1109495,Upper Ni Naruemit Gate ,Hydro – Informatics Institute (Public Organization),2026-08-31,2026-09-06,200,OK,1008,1002,0,2026-08-31 00:00,2026-09-06 23:50,,2026-09-07T15:13:01.603597Z
1109496,Ni Naruemit Gate,Hydro – Informatics Institute (Public Organization),2026-08-31,2026-09-06,200,OK,1008,997,0,2026-08-31 00:00,2026-09-06 23:50,,2026-09-07T15:13:03.052091Z
1109497,Upper Huai Kean Upper Gate,Hydro – Informatics Institute (Public Organization),2026-08-31,2026-09-06,200,OK,1008,1001,0,2026-08-31 00:00,2026-09-06 23:50,,2026-09-07T15:13:04.549953Z
1109498,Huai Kean Gate,Hydro – Informatics Institute (Public Organization),2026-08-31,2026-09-06,200,OK,1008,998,0,2026-08-31 00:00,2026-09-06 23:50,,2026-09-07T15:13:06.005557Z
1109499,Kaeng Pho Bridge,Hydro – Informatics Institute (Public Organization),2026-08-31,2026-09-06,200,OK,1008,1001,0,2026-08-31 00:00,2026-09-06 23:50,,2026-09-07T15:13:07.464600Z
1109500,Upper Ban Na Khu Gate,Hydro – Informatics Institute (Public Organization),2026-08-31,2026-09-06,200,OK,1008,998,0,2026-08-31 00:00,2026-09-06 23:50,,2026-09-07T15:13:08.897356Z
1109501,Ban Na Khu Gate,Hydro – Informatics Institute (Public Organization),2026-08-31,2026-09-06,200,OK,1008,998,0,2026-08-31 00:00,2026-09-06 23:50,,2026-09-07T15:13:10.403016Z
1109502,Mittraphap Tha Lat Pak Bang,Hydro – Informatics Institute (Public Organization),2026-08-31,2026-09-06,200,OK,1008,1003,0,2026-08-31 00:00,2026-09-06 23:50,,2026-09-07T15:13:11.996600Z
1109504,BanNa Kham Gate,Hydro – Informatics Institute (Public Organization),2026-08-31,2026-09-06,200,OK,1008,980,0,2026-08-31 00:00,2026-09-06 23:50,,2026-09-07T15:13:13.505005Z
1109505,Nam Kam Ban Nong Khaen,Hydro – Informatics Institute (Public Organization),2026-08-31,2026-09-06,200,OK,1008,975,0,2026-08-31 00:00,2026-09-06 23:50,,2026-09-07T15:13:14.965611Z
1109506,Upper Na Bua Gate,Hydro – Informatics Institute (Public Organization),2026-08-31,2026-09-06,200,OK,1008,1001,0,2026-08-31 00:00,2026-09-06 23:50,,2026-09-07T15:13:16.527555Z
1109508,Upper Ban Tap Tao Gate,Hydro – Informatics Institute (Public Organization),2026-08-31,2026-09-06,200,OK,1008,1003,0,2026-08-31 00:00,2026-09-06 23:50,,2026-09-07T15:13:18.011210Z
1109509,Ban Tap Tao Gate,Hydro – Informatics Institute (Public Organization),2026-08-31,2026-09-06,200,OK,1008,1000,0,2026-08-31 00:00,2026-09-06 23:50,,2026-09-07T15:13:19.387047Z
1109511,Khlong Sam Bat Ban Kut Phiman,Hydro – Informatics Institute (Public Organization),2026-08-31,2026-09-06,200,OK,1008,1000,0,2026-08-31 00:00,2026-09-06 23:50,,2026-09-07T15:13:20.856305Z
1109512,Khlong ThaPhae Bridge,Hydro – Informatics Institute (Public Organization),2026-08-31,2026-09-06,200,OK,1008,1003,0,2026-08-31 00:00,2026-09-06 23:50,,2026-09-07T15:13:22.310450Z
1109513,Khlong Bang Muang Bridge,Hydro – Informatics Institute (Public Organization),2026-08-31,2026-09-06,200,OK,1008,998,0,2026-08-31 00:00,2026-09-06 23:50,,2026-09-07T15:13:23.802697Z
1109514,Khlong Lampam Bridge,Hydro – Informatics Institute (Public Organization),2026-08-31,2026-09-06,200,OK,1008,999,0,2026-08-31 00:00,2026-09-06 23:50,,2026-09-07T15:13:25.263084Z
1109516,Khlong Ka Poe Bridge,Hydro – Informatics Institute (Public Organization),2026-08-31,2026-09-06,200,OK,1008,1003,0,2026-08-31 00:00,2026-09-06 23:50,,2026-09-07T15:13:26.701315Z
1109519,Diak Bridge,Hydro – Informatics Institute (Public Organization),2026-08-31,2026-09-06,200,OK,1008,1001,0,2026-08-31 00:00,2026-09-06 23:50,,2026-09-07T15:13:28.168401Z
1109522,Khlong Mong Bridge,Hydro – Informatics Institute (Public Organization),2026-08-31,2026-09-06,200,OK,1008,1000,0,2026-08-31 00:00,2026-09-06 23:50,,2026-09-07T15:13:29.600822Z
1109523,Huai Samo Bridge,Hydro – Informatics Institute (Public Organization),2026-08-31,2026-09-06,200,OK,1008,1003,0,2026-08-31 00:00,2026-09-06 23:50,,2026-09-07T15:13:31.064602Z
1109524,Khlong Thepha Bridge,Hydro – Informatics Institute (Public Organization),2026-08-31,2026-09-06,200,OK,1008,1000,0,2026-08-31 00:00,2026-09-06 23:50,,2026-09-07T15:13:32.609758Z
1109525,Thepha Santi Suk Bridge,Hydro – Informatics Institute (Public Organization),2026-08-31,2026-09-06,200,OK,1008,1001,0,2026-08-31 00:00,2026-09-06 23:50,,2026-09-07T15:13:34.049309Z
1109526,Khlong U Taphao Bridge,Hydro – Informatics Institute (Public Organization),2026-08-31,2026-09-06,200,OK,1008,1000,0,2026-08-31 00:00,2026-09-06 23:50,,2026-09-07T15:13:35.466904Z
1109527,Queen Bridge,Hydro – Informatics Institute (Public Organization),2026-08-31,2026-09-06,200,OK,1008,999,0,2026-08-31 00:00,2026-09-06 23:50,,2026-09-07T15:13:36.945092Z
1109528,Khlong Ranot Bridge,Hydro – Informatics Institute (Public Organization),2026-08-31,2026-09-06,200,OK,1008,1002,0,2026-08-31 00:00,2026-09-06 23:50,,2026-09-07T15:13:38.428648Z
1109529,Yom Sai Kao - Tambon Krai Nai Bridge,Hydro – Informatics Institute (Public Organization),2026-08-31,2026-09-06,200,OK,1008,1002,0,2026-08-31 00:00,2026-09-06 23:50,,2026-09-07T15:13:39.817850Z
1109530,Yom Sai Kao - Wat Paknam Bridge,Hydro – Informatics Institute (Public Organization),2026-08-31,2026-09-06,200,OK,1008,988,0,2026-08-31 00:00,2026-09-06 23:50,,2026-09-07T15:13:41.348778Z
1109531,Khlong Nam Kao Bridge,Hydro – Informatics Institute (Public Organization),2026-08-31,2026-09-06,200,OK,1008,1003,0,2026-08-31 00:00,2026-09-06 23:50,,2026-09-07T15:13:42.725690Z
1109533,Khlong Chaiya Bridge,Hydro – Informatics Institute (Public Organization),2026-08-31,2026-09-06,200,OK,1008,1002,0,2026-08-31 00:00,2026-09-06 23:50,,2026-09-07T15:13:44.186917Z
1109534,Khlong Pak Mak Bridge,Hydro – Informatics Institute (Public Organization),2026-08-31,2026-09-06,200,OK,1008,998,0,2026-08-31 00:00,2026-09-06 23:50,,2026-09-07T15:13:45.683753Z
1109535,Khlong Tha Chana Bridge,Hydro – Informatics Institute (Public Organization),2026-08-31,2026-09-06,200,OK,1008,1002,0,2026-08-31 00:00,2026-09-06 23:50,,2026-09-07T15:13:47.065030Z
1109536,Esia 4265 Bridge,Hydro – Informatics Institute (Public Organization),2026-08-31,2026-09-06,200,OK,1008,1000,0,2026-08-31 00:00,2026-09-06 23:50,,2026-09-07T15:13:48.567881Z
1113280,nan,Electricity Generating Authority of Thailand,2026-08-31,2026-09-06,200,OK,168,168,0,2026-08-31 00:00,2026-09-06 23:00,,2026-09-07T15:13:49.694631Z
1113282,nan,Electricity Generating Authority of Thailand,2026-08-31,2026-09-06,200,OK,168,168,0,2026-08-31 00:00,2026-09-06 23:00,,2026-09-07T15:13:50.769649Z
1113284,nan,Electricity Generating Authority of Thailand,2026-08-31,2026-09-06,200,OK,168,168,0,2026-08-31 00:00,2026-09-06 23:00,,2026-09-07T15:13:51.872453Z
1113287,nan,Electricity Generating Authority of Thailand,2026-08-31,2026-09-06,200,OK,168,168,0,2026-08-31 00:00,2026-09-06 23:00,,2026-09-07T15:13:52.988944Z
1113288,nan,Electricity Generating Authority of Thailand,2026-08-31,2026-09-06,200,OK,168,168,0,2026-08-31 00:00,2026-09-06 23:00,,2026-09-07T15:13:54.106692Z
1113290,nan,Electricity Generating Authority of Thailand,2026-08-31,2026-09-06,200,OK,168,168,0,2026-08-31 00:00,2026-09-06 23:00,,2026-09-07T15:13:55.167935Z
1113291,nan,Electricity Generating Authority of Thailand,2026-08-31,2026-09-06,200,OK,168,168,0,2026-08-31 00:00,2026-09-06 23:00,,2026-09-07T15:13:56.320799Z
1113292,nan,Electricity Generating Authority of Thailand,2026-08-31,2026-09-06,200,OK,168,168,0,2026-08-31 00:00,2026-09-06 23:00,,2026-09-07T15:13:57.477806Z
1113295,nan,Electricity Generating Authority of Thailand,2026-08-31,2026-09-06,200,OK,168,168,0,2026-08-31 00:00,2026-09-06 23:00,,2026-09-07T15:13:58.541072Z
1116838,Huai Mae Ruam Bridge,Friend in Need (of “Pa”) Volunteers Foundation,2026-08-31,2026-09-06,200,OK,1008,999,0,2026-08-31 00:00,2026-09-06 23:50,,2026-09-07T15:13:59.978256Z
1116839,Bridge over the Lao River - Ban Pa Sak,Friend in Need (of “Pa”) Volunteers Foundation,2026-08-31,2026-09-06,200,OK,1008,1002,0,2026-08-31 00:00,2026-09-06 23:50,,2026-09-07T15:14:01.493420Z
1116840,Lao River Slow Bridge - Ban Hong,Friend in Need (of “Pa”) Volunteers Foundation,2026-08-31,2026-09-06,200,OK,1008,1000,0,2026-08-31 00:00,2026-09-06 23:50,,2026-09-07T15:14:02.993621Z
1117430,Ban Tam Bridge,Hydro – Informatics Institute (Public Organization),2026-08-31,2026-09-06,200,OK,1008,1002,0,2026-08-31 00:00,2026-09-06 23:50,,2026-09-07T15:14:04.505094Z
1117431,Ban Chedi Ngam Bridge,Hydro – Informatics Institute (Public Organization),2026-08-31,2026-09-06,200,OK,1008,1003,0,2026-08-31 00:00,2026-09-06 23:50,,2026-09-07T15:14:05.954204Z
1117894,nan,Royal Irrigation Department,2026-08-31,2026-09-06,200,OK,168,157,157,2026-08-31 00:00,2026-09-06 23:00,,2026-09-07T15:14:07.132017Z
1119776,nan,Royal Irrigation Department,2026-08-31,2026-09-06,200,OK,168,160,160,2026-08-31 00:00,2026-09-06 23:00,,2026-09-07T15:14:08.250753Z
1119854,nan,Royal Irrigation Department,2026-08-31,2026-09-06,200,OK,168,160,0,2026-08-31 00:00,2026-09-06 23:00,,2026-09-07T15:14:09.417711Z
1119916,nan,Royal Irrigation Department,2026-08-31,2026-09-06,200,OK,168,41,41,2026-08-31 00:00,2026-09-06 23:00,,2026-09-07T15:14:10.540771Z
1120554,Betong Canal (Gu Nung Ja Nong community),Friend in Need (of “Pa”) Volunteers Foundation,2026-08-31,2026-09-06,200,OK,1008,1001,0,2026-08-31 00:00,2026-09-06 23:50,,2026-09-07T15:14:12.117044Z
1120557,Ban Khiri Wong (Khlong Tha Di) Bridge,Friend in Need (of “Pa”) Volunteers Foundation,2026-08-31,2026-09-06,200,OK,1008,1000,0,2026-08-31 00:00,2026-09-06 23:50,,2026-09-07T15:14:13.680883Z
1121199,Maenam Ngao bridge,Friend in Need (of “Pa”) Volunteers Foundation,2026-08-31,2026-09-06,200,OK,1008,1001,0,2026-08-31 00:00,2026-09-06 23:50,,2026-09-07T15:14:15.188850Z
1121218,Huai Samran Bridge,Friend in Need (of “Pa”) Volunteers Foundation,2026-08-31,2026-09-06,200,OK,1008,0,0,2026-08-31 00:00,2026-09-06 23:50,,2026-09-07T15:14:16.694319Z
1121228,Mae Tom Bridge,Friend in Need (of “Pa”) Volunteers Foundation,2026-08-31,2026-09-06,200,OK,1008,987,0,2026-08-31 00:00,2026-09-06 23:50,,2026-09-07T15:14:18.197550Z
1121229,"Mae Chaem River Bridge, Ban Pae",Friend in Need (of “Pa”) Volunteers Foundation,2026-08-31,2026-09-06,200,OK,1008,998,0,2026-08-31 00:00,2026-09-06 23:50,,2026-09-07T15:14:19.611076Z
1121234,Nam Wang Bridge,Friend in Need (of “Pa”) Volunteers Foundation,2026-08-31,2026-09-06,200,OK,1008,998,0,2026-08-31 00:00,2026-09-06 23:50,,2026-09-07T15:14:21.110914Z
1121239,Nam Ngim Bridge,Friend in Need (of “Pa”) Volunteers Foundation,2026-08-31,2026-09-06,200,OK,1008,896,0,2026-08-31 00:00,2026-09-06 23:50,,2026-09-07T15:14:22.486333Z
1121240,Namngoen Bridge,Friend in Need (of “Pa”) Volunteers Foundation,2026-08-31,2026-09-06,200,OK,1008,989,0,2026-08-31 00:00,2026-09-06 23:50,,2026-09-07T15:14:23.986412Z
1121242,Khlong Tron Bridge,Friend in Need (of “Pa”) Volunteers Foundation,2026-08-31,2026-09-06,200,OK,1008,986,0,2026-08-31 00:00,2026-09-06 23:50,,2026-09-07T15:14:25.429570Z
1121243,Tha Sa Kae Bridge,Friend in Need (of “Pa”) Volunteers Foundation,2026-08-31,2026-09-06,200,OK,1008,973,0,2026-08-31 00:00,2026-09-06 23:50,,2026-09-07T15:14:26.966286Z
1121258,Khwae Yai Bridge,Friend in Need (of “Pa”) Volunteers Foundation,2026-08-31,2026-09-06,200,OK,1008,998,0,2026-08-31 00:00,2026-09-06 23:50,,2026-09-07T15:14:28.461392Z
1121265,Khlong Chanthakloem Bridge,Friend in Need (of “Pa”) Volunteers Foundation,2026-08-31,2026-09-06,200,OK,1008,998,0,2026-08-31 00:00,2026-09-06 23:50,,2026-09-07T15:14:29.929956Z
1121266,Wang Tanot Canal Bridge,Friend in Need (of “Pa”) Volunteers Foundation,2026-08-31,2026-09-06,200,OK,1008,972,0,2026-08-31 00:00,2026-09-06 23:50,,2026-09-07T15:14:31.435117Z
1121267,Khlong Sato Bridge,Friend in Need (of “Pa”) Volunteers Foundation,2026-08-31,2026-09-06,200,OK,1008,314,0,2026-08-31 00:00,2026-09-06 23:50,,2026-09-07T15:14:32.874467Z
1124040,nan,Royal Irrigation Department,2026-08-31,2026-09-06,200,OK,168,148,0,2026-08-31 00:00,2026-09-06 23:00,,2026-09-07T15:14:34.004990Z
1126506,Ban Tha Wang Bridge ,Hydro – Informatics Institute (Public Organization),2026-08-31,2026-09-06,200,OK,1008,1005,0,2026-08-31 00:00,2026-09-06 23:50,,2026-09-07T15:14:35.465859Z
1129758,Tha Lone Canal Weir,Friend in Need (of “Pa”) Volunteers Foundation,2026-08-31,2026-09-06,200,OK,1008,1004,0,2026-08-31 00:00,2026-09-06 23:50,,2026-09-07T15:14:36.928287Z
1130124,Khlong Pong Bridge (Kiriwong),Friend in Need (of “Pa”) Volunteers Foundation,2026-08-31,2026-09-06,200,OK,1008,1003,0,2026-08-31 00:00,2026-09-06 23:50,,2026-09-07T15:14:38.389379Z
1130137,Ton Phrae Thong Waterfall,Friend in Need (of “Pa”) Volunteers Foundation,2026-08-31,2026-09-06,200,OK,1008,677,0,2026-08-31 00:00,2026-09-06 23:50,,2026-09-07T15:14:39.840037Z
1139393,Kham Lamnam Choen Bridge (MitrPhol NongRuea),Hydro – Informatics Institute (Public Organization),2026-08-31,2026-09-06,200,OK,1008,1002,0,2026-08-31 00:00,2026-09-06 23:50,,2026-09-07T15:14:41.285722Z
1140845,Chao Pho Phaya On Shrine,Hydro – Informatics Institute (Public Organization),2026-08-31,2026-09-06,200,OK,1008,330,0,2026-08-31 00:00,2026-09-06 23:50,,2026-09-07T15:14:42.717422Z
115,Mueang Klaeng,Hydro – Informatics Institute (Public Organization),2026-08-31,2026-09-06,200,OK,1008,958,0,2026-08-31 00:00,2026-09-06 23:50,,2026-09-07T15:14:44.264026Z
11568367,Main low pressure water pumping plant (Mae Sai),Friend in Need (of “Pa”) Volunteers Foundation,2026-08-31,2026-09-06,200,OK,1008,0,0,2026-08-31 00:00,2026-09-06 23:50,,2026-09-07T15:14:45.700633Z
1161514,nan,Royal Irrigation Department,2026-08-31,2026-09-06,200,OK,168,148,0,2026-08-31 00:00,2026-09-06 23:00,,2026-09-07T15:14:46.770708Z
1161516,nan,Royal Irrigation Department,2026-08-31,2026-09-06,200,OK,168,148,148,2026-08-31 00:00,2026-09-06 23:00,,2026-09-07T15:14:47.873125Z
11688546,nan,Royal Irrigation Department,2026-08-31,2026-09-06,200,OK,168,0,0,2026-08-31 00:00,2026-09-06 23:00,,2026-09-07T15:14:49.009472Z
11688685,nan,Royal Irrigation Department,2026-08-31,2026-09-06,200,OK,168,0,0,2026-08-31 00:00,2026-09-06 23:00,,2026-09-07T15:14:50.175878Z
11688715,nan,Royal Irrigation Department,2026-08-31,2026-09-06,200,OK,168,0,0,2026-08-31 00:00,2026-09-06 23:00,,2026-09-07T15:14:51.249289Z
11688749,nan,Royal Irrigation Department,2026-08-31,2026-09-06,200,OK,168,0,0,2026-08-31 00:00,2026-09-06 23:00,,2026-09-07T15:14:52.348453Z
11688817,nan,Royal Irrigation Department,2026-08-31,2026-09-06,200,OK,168,0,0,2026-08-31 00:00,2026-09-06 23:00,,2026-09-07T15:14:53.464711Z
11688823,nan,Royal Irrigation Department,2026-08-31,2026-09-06,200,OK,168,0,0,2026-08-31 00:00,2026-09-06 23:00,,2026-09-07T15:14:54.622004Z
11688849,nan,Royal Irrigation Department,2026-08-31,2026-09-06,200,OK,168,0,0,2026-08-31 00:00,2026-09-06 23:00,,2026-09-07T15:14:55.753598Z
11689002,nan,Royal Irrigation Department,2026-08-31,2026-09-06,200,OK,168,0,0,2026-08-31 00:00,2026-09-06 23:00,,2026-09-07T15:14:56.820167Z
11689003,nan,Royal Irrigation Department,2026-08-31,2026-09-06,200,OK,168,0,0,2026-08-31 00:00,2026-09-06 23:00,,2026-09-07T15:14:57.937455Z
11689067,nan,Royal Irrigation Department,2026-08-31,2026-09-06,200,OK,168,0,0,2026-08-31 00:00,2026-09-06 23:00,,2026-09-07T15:14:59.054580Z
11689072,nan,Royal Irrigation Department,2026-08-31,2026-09-06,200,OK,168,0,0,2026-08-31 00:00,2026-09-06 23:00,,2026-09-07T15:15:00.122103Z
11689150,nan,Royal Irrigation Department,2026-08-31,2026-09-06,200,OK,168,0,0,2026-08-31 00:00,2026-09-06 23:00,,2026-09-07T15:15:01.292667Z
118,Nong Bua,Hydro – Informatics Institute (Public Organization),2026-08-31,2026-09-06,200,OK,1008,1002,0,2026-08-31 00:00,2026-09-06 23:50,,2026-09-07T15:15:03.560653Z
1197957,Huai Yang Canal,Hydro – Informatics Institute (Public Organization),2026-08-31,2026-09-06,200,OK,1008,961,0,2026-08-31 00:00,2026-09-06 23:50,,2026-09-07T15:15:05.069269Z
1198081,Sa River,Hydro – Informatics Institute (Public Organization),2026-08-31,2026-09-06,200,OK,1008,973,0,2026-08-31 00:00,2026-09-06 23:50,,2026-09-07T15:15:06.614590Z
1198082,Sa water,Hydro – Informatics Institute (Public Organization),2026-08-31,2026-09-06,200,OK,1008,836,0,2026-08-31 00:00,2026-09-06 23:50,,2026-09-07T15:15:08.117473Z
1198297,Tha River Bridge,Hydro – Informatics Institute (Public Organization),2026-08-31,2026-09-06,200,OK,1008,998,0,2026-08-31 00:00,2026-09-06 23:50,,2026-09-07T15:15:09.656367Z
1198298,Tha River,Hydro – Informatics Institute (Public Organization),2026-08-31,2026-09-06,200,OK,1008,998,0,2026-08-31 00:00,2026-09-06 23:50,,2026-09-07T15:15:11.137154Z
1198299,Li River-Ban Hong,Hydro – Informatics Institute (Public Organization),2026-08-31,2026-09-06,200,OK,1008,1001,0,2026-08-31 00:00,2026-09-06 23:50,,2026-09-07T15:15:12.671295Z
1198300,Huai Mae Li,Hydro – Informatics Institute (Public Organization),2026-08-31,2026-09-06,200,OK,1008,995,0,2026-08-31 00:00,2026-09-06 23:50,,2026-09-07T15:15:14.194537Z
1198301,Namko,Hydro – Informatics Institute (Public Organization),2026-08-31,2026-09-06,200,OK,1008,882,0,2026-08-31 00:00,2026-09-06 23:50,,2026-09-07T15:15:15.703157Z
1198626,"Khlong Praneat, Talung Village",Hydro – Informatics Institute (Public Organization),2026-08-31,2026-09-06,200,OK,1008,900,0,2026-08-31 00:00,2026-09-06 23:50,,2026-09-07T15:15:17.158646Z
1198627,Khlong Sano,Hydro – Informatics Institute (Public Organization),2026-08-31,2026-09-06,200,OK,1008,969,0,2026-08-31 00:00,2026-09-06 23:50,,2026-09-07T15:15:18.687839Z
1198628,Khao Rakam Canal,Hydro – Informatics Institute (Public Organization),2026-08-31,2026-09-06,200,OK,1008,966,0,2026-08-31 00:00,2026-09-06 23:50,,2026-09-07T15:15:20.075077Z
1198760,Nong Chan Bridge,Hydro – Informatics Institute (Public Organization),2026-08-31,2026-09-06,200,OK,1008,1001,0,2026-08-31 00:00,2026-09-06 23:50,,2026-09-07T15:15:21.571698Z
1198761,Mother Ta,Hydro – Informatics Institute (Public Organization),2026-08-31,2026-09-06,200,OK,1008,974,0,2026-08-31 00:00,2026-09-06 23:50,,2026-09-07T15:15:23.072525Z
120,Chanthaburi 1,Hydro – Informatics Institute (Public Organization),2026-08-31,2026-09-06,200,OK,1008,962,0,2026-08-31 00:00,2026-09-06 23:50,,2026-09-07T15:15:24.630240Z
1225528,Kyotada (Village),Friend in Need (of “Pa”) Volunteers Foundation,2026-08-31,2026-09-06,200,OK,1008,999,0,2026-08-31 00:00,2026-09-06 23:50,,2026-09-07T15:15:26.147769Z
1225529,Lawtawkhan (Village),Friend in Need (of “Pa”) Volunteers Foundation,2026-08-31,2026-09-06,200,OK,1008,952,0,2026-08-31 00:00,2026-09-06 23:50,,2026-09-07T15:15:27.566865Z
1225530,"U Thun Aung Bridge, Sopsai Ward",Friend in Need (of “Pa”) Volunteers Foundation,2026-08-31,2026-09-06,200,OK,1008,999,0,2026-08-31 00:00,2026-09-06 23:50,,2026-09-07T15:15:29.029462Z
1225531,The First Friendship Bridge at Mae Sai River,Friend in Need (of “Pa”) Volunteers Foundation,2026-08-31,2026-09-06,200,OK,1008,999,0,2026-08-31 00:00,2026-09-06 23:50,,2026-09-07T15:15:30.550236Z
12349,Khuan Kalong,Hydro – Informatics Institute (Public Organization),2026-08-31,2026-09-06,200,OK,1008,1003,0,2026-08-31 00:00,2026-09-06 23:50,,2026-09-07T15:15:32.053101Z
12350,Trang 6,Hydro – Informatics Institute (Public Organization),2026-08-31,2026-09-06,200,OK,1008,1005,0,2026-08-31 00:00,2026-09-06 23:50,,2026-09-07T15:15:33.616264Z
12474,Manang,Hydro – Informatics Institute (Public Organization),2026-08-31,2026-09-06,200,OK,1008,1004,0,2026-08-31 00:00,2026-09-06 23:50,,2026-09-07T15:15:35.082719Z
12475,Trang 4,Hydro – Informatics Institute (Public Organization),2026-08-31,2026-09-06,200,OK,1008,985,0,2026-08-31 00:00,2026-09-06 23:50,,2026-09-07T15:15:36.575461Z
12476,Lin Thin,Hydro – Informatics Institute (Public Organization),2026-08-31,2026-09-06,200,OK,1008,1005,0,2026-08-31 00:00,2026-09-06 23:50,,2026-09-07T15:15:38.147647Z
12477,Pran Buri 2,Hydro – Informatics Institute (Public Organization),2026-08-31,2026-09-06,200,OK,1008,999,0,2026-08-31 00:00,2026-09-06 23:50,,2026-09-07T15:15:39.556547Z
12478,Tha Yang,Hydro – Informatics Institute (Public Organization),2026-08-31,2026-09-06,200,OK,1008,1005,0,2026-08-31 00:00,2026-09-06 23:50,,2026-09-07T15:15:41.018211Z
12479,Khlong Khanan,Hydro – Informatics Institute (Public Organization),2026-08-31,2026-09-06,200,OK,1008,1005,0,2026-08-31 00:00,2026-09-06 23:50,,2026-09-07T15:15:42.434178Z
12480,Trang 3,Hydro – Informatics Institute (Public Organization),2026-08-31,2026-09-06,200,OK,1008,1005,0,2026-08-31 00:00,2026-09-06 23:50,,2026-09-07T15:15:43.851982Z
12481,La-ngu,Hydro – Informatics Institute (Public Organization),2026-08-31,2026-09-06,200,OK,1008,1002,0,2026-08-31 00:00,2026-09-06 23:50,,2026-09-07T15:15:45.354713Z
12483,Nakhon Si Thammarat 3,Hydro – Informatics Institute (Public Organization),2026-08-31,2026-09-06,200,OK,1008,995,0,2026-08-31 00:00,2026-09-06 23:50,,2026-09-07T15:15:46.833018Z
12484,Tapi 6,Hydro – Informatics Institute (Public Organization),2026-08-31,2026-09-06,200,OK,1008,988,0,2026-08-31 00:00,2026-09-06 23:50,,2026-09-07T15:15:48.304521Z
12485,Nakhon Si Thammarat 4,Hydro – Informatics Institute (Public Organization),2026-08-31,2026-09-06,200,OK,1008,0,0,2026-08-31 00:00,2026-09-06 23:50,,2026-09-07T15:15:49.792120Z
128,Kaeng Hang Maeo,Hydro – Informatics Institute (Public Organization),2026-08-31,2026-09-06,200,OK,1008,941,0,2026-08-31 00:00,2026-09-06 23:50,,2026-09-07T15:15:51.338280Z
131,Na Yai Am,Hydro – Informatics Institute (Public Organization),2026-08-31,2026-09-06,200,OK,1008,1000,0,2026-08-31 00:00,2026-09-06 23:50,,2026-09-07T15:15:52.869382Z
136,Trat 3,Hydro – Informatics Institute (Public Organization),2026-08-31,2026-09-06,200,OK,1008,1005,0,2026-08-31 00:00,2026-09-06 23:50,,2026-09-07T15:15:54.266032Z
137,Trat 1,Hydro – Informatics Institute (Public Organization),2026-08-31,2026-09-06,200,OK,1008,1005,0,2026-08-31 00:00,2026-09-06 23:50,,2026-09-07T15:15:55.770087Z
1373272,"100 Years Memorial Bridge, Singha Buri (Luang Pho Phae Bridge 89)",Hydro – Informatics Institute (Public Organization),2026-08-31,2026-09-06,200,OK,1008,1003,1002,2026-08-31 00:00,2026-09-06 23:50,,2026-09-07T15:15:57.232047Z
1373273,Bang Rachan Camp Bridge,Hydro – Informatics Institute (Public Organization),2026-08-31,2026-09-06,200,OK,1008,1002,1001,2026-08-31 00:00,2026-09-06 23:50,,2026-09-07T15:15:58.729241Z
1373274,Khlong Chon Bridge (Ban Talat Mai),Hydro – Informatics Institute (Public Organization),2026-08-31,2026-09-06,200,OK,1008,998,997,2026-08-31 00:00,2026-09-06 23:50,,2026-09-07T15:16:00.542499Z
1373275,Pa Mok Bridge,Hydro – Informatics Institute (Public Organization),2026-08-31,2026-09-06,200,OK,1008,1003,0,2026-08-31 00:00,2026-09-06 23:50,,2026-09-07T15:16:02.166659Z
1373277,Khlong Chon Bridge (Ban Sang Sok),Hydro – Informatics Institute (Public Organization),2026-08-31,2026-09-06,200,OK,1008,1002,1001,2026-08-31 00:00,2026-09-06 23:50,,2026-09-07T15:16:03.855157Z
1373278,"Managen Nam Nam Bridge, Ban Na Chong",Hydro – Informatics Institute (Public Organization),2026-08-31,2026-09-06,200,OK,1008,988,987,2026-08-31 00:00,2026-09-06 23:50,,2026-09-07T15:16:05.683695Z
1373689,Pak Tae Canal Bridge Songkhla Lake community,Hydro – Informatics Institute (Public Organization),2026-08-31,2026-09-06,200,OK,1008,999,0,2026-08-31 00:00,2026-09-06 23:50,,2026-09-07T15:16:07.411185Z
1373690,Khlong Khon Bridge ,Hydro – Informatics Institute (Public Organization),2026-08-31,2026-09-06,200,OK,1008,1003,0,2026-08-31 00:00,2026-09-06 23:50,,2026-09-07T15:16:09.173287Z
1373691,Nang Phraya Bridge-Bang Luang Pak Nakhon Community,Hydro – Informatics Institute (Public Organization),2026-08-31,2026-09-06,200,OK,1008,1004,0,2026-08-31 00:00,2026-09-06 23:50,,2026-09-07T15:16:10.806465Z
1373692,Pak Kiew Canal Bridge Baan Hat Somboon Community,Hydro – Informatics Institute (Public Organization),2026-08-31,2026-09-06,200,OK,1008,1003,0,2026-08-31 00:00,2026-09-06 23:50,,2026-09-07T15:16:12.476201Z
138,Trat 2,Hydro – Informatics Institute (Public Organization),2026-08-31,2026-09-06,200,OK,1008,993,0,2026-08-31 00:00,2026-09-06 23:50,,2026-09-07T15:16:14.245696Z
13892,Na Luang Sen,Hydro – Informatics Institute (Public Organization),2026-08-31,2026-09-06,200,OK,1008,330,0,2026-08-31 00:00,2026-09-06 23:50,,2026-09-07T15:16:16.079949Z
13906,Trang 5,Hydro – Informatics Institute (Public Organization),2026-08-31,2026-09-06,200,OK,1008,993,0,2026-08-31 00:00,2026-09-06 23:50,,2026-09-07T15:16:17.804124Z
1394793,Chi Bridge,Friend in Need (of “Pa”) Volunteers Foundation,2026-08-31,2026-09-06,200,OK,1008,991,0,2026-08-31 00:00,2026-09-06 23:50,,2026-09-07T15:16:19.474152Z
1394808,Lam Takhong Nam Bridge,Friend in Need (of “Pa”) Volunteers Foundation,2026-08-31,2026-09-06,200,OK,1008,962,0,2026-08-31 00:00,2026-09-06 23:50,,2026-09-07T15:16:21.204781Z
1394937,Khlong Sonthi Bridge,Friend in Need (of “Pa”) Volunteers Foundation,2026-08-31,2026-09-06,200,OK,1008,978,0,2026-08-31 00:00,2026-09-06 23:50,,2026-09-07T15:16:22.868187Z
1396856,Lam Phaya Than Bridge,Friend in Need (of “Pa”) Volunteers Foundation,2026-08-31,2026-09-06,200,OK,1008,968,0,2026-08-31 00:00,2026-09-06 23:50,,2026-09-07T15:16:24.578562Z
1396858,Khlong Nang Rong Bridge,Friend in Need (of “Pa”) Volunteers Foundation,2026-08-31,2026-09-06,200,OK,1008,958,0,2026-08-31 00:00,2026-09-06 23:50,,2026-09-07T15:16:26.243331Z
1396860,Khlong Takhrai Bridge,Friend in Need (of “Pa”) Volunteers Foundation,2026-08-31,2026-09-06,200,OK,1008,957,0,2026-08-31 00:00,2026-09-06 23:50,,2026-09-07T15:16:27.864203Z
14,Krung Thep 4,Hydro – Informatics Institute (Public Organization),2026-08-31,2026-09-06,200,OK,1008,0,0,2026-08-31 00:00,2026-09-06 23:50,,2026-09-07T15:16:29.447857Z
1422294,nan,Electricity Generating Authority of Thailand,2026-08-31,2026-09-06,200,OK,168,156,0,2026-08-31 00:00,2026-09-06 23:00,,2026-09-07T15:16:30.582078Z
1422295,nan,Electricity Generating Authority of Thailand,2026-08-31,2026-09-06,200,OK,168,168,0,2026-08-31 00:00,2026-09-06 23:00,,2026-09-07T15:16:31.661560Z
1422296,nan,Electricity Generating Authority of Thailand,2026-08-31,2026-09-06,200,OK,168,33,0,2026-08-31 00:00,2026-09-06 23:00,,2026-09-07T15:16:32.774239Z
1422297,nan,Electricity Generating Authority of Thailand,2026-08-31,2026-09-06,200,OK,168,168,0,2026-08-31 00:00,2026-09-06 23:00,,2026-09-07T15:16:33.894766Z
1422298,nan,Electricity Generating Authority of Thailand,2026-08-31,2026-09-06,200,OK,168,73,0,2026-08-31 00:00,2026-09-06 23:00,,2026-09-07T15:16:35.010883Z
1422301,nan,Electricity Generating Authority of Thailand,2026-08-31,2026-09-06,200,OK,168,168,0,2026-08-31 00:00,2026-09-06 23:00,,2026-09-07T15:16:36.157000Z
1422302,nan,Electricity Generating Authority of Thailand,2026-08-31,2026-09-06,200,OK,168,69,0,2026-08-31 00:00,2026-09-06 23:00,,2026-09-07T15:16:37.269032Z
1422303,nan,Electricity Generating Authority of Thailand,2026-08-31,2026-09-06,200,OK,168,168,0,2026-08-31 00:00,2026-09-06 23:00,,2026-09-07T15:16:38.380126Z
1422304,nan,Electricity Generating Authority of Thailand,2026-08-31,2026-09-06,200,OK,168,168,0,2026-08-31 00:00,2026-09-06 23:00,,2026-09-07T15:16:39.505449Z
1422305,nan,Electricity Generating Authority of Thailand,2026-08-31,2026-09-06,200,OK,168,63,0,2026-08-31 00:00,2026-09-06 23:00,,2026-09-07T15:16:40.595014Z
1422307,nan,Electricity Generating Authority of Thailand,2026-08-31,2026-09-06,200,OK,168,168,0,2026-08-31 00:00,2026-09-06 23:00,,2026-09-07T15:16:41.653141Z
1422361,nan,Electricity Generating Authority of Thailand,2026-08-31,2026-09-06,200,OK,168,149,0,2026-08-31 00:00,2026-09-06 23:00,,2026-09-07T15:16:42.716083Z
1422364,nan,Electricity Generating Authority of Thailand,2026-08-31,2026-09-06,200,OK,168,149,0,2026-08-31 00:00,2026-09-06 23:00,,2026-09-07T15:16:43.785980Z
1422365,nan,Electricity Generating Authority of Thailand,2026-08-31,2026-09-06,200,OK,168,149,0,2026-08-31 00:00,2026-09-06 23:00,,2026-09-07T15:16:44.905209Z
1422366,nan,Electricity Generating Authority of Thailand,2026-08-31,2026-09-06,200,OK,168,149,0,2026-08-31 00:00,2026-09-06 23:00,,2026-09-07T15:16:46.002165Z
1422367,nan,Electricity Generating Authority of Thailand,2026-08-31,2026-09-06,200,OK,168,149,0,2026-08-31 00:00,2026-09-06 23:00,,2026-09-07T15:16:47.068895Z
1422368,nan,Electricity Generating Authority of Thailand,2026-08-31,2026-09-06,200,OK,168,149,0,2026-08-31 00:00,2026-09-06 23:00,,2026-09-07T15:16:48.189177Z
1422369,nan,Electricity Generating Authority of Thailand,2026-08-31,2026-09-06,200,OK,168,149,0,2026-08-31 00:00,2026-09-06 23:00,,2026-09-07T15:16:49.306364Z
1422371,nan,Electricity Generating Authority of Thailand,2026-08-31,2026-09-06,200,OK,168,147,0,2026-08-31 00:00,2026-09-06 23:00,,2026-09-07T15:16:50.376933Z
1422372,nan,Electricity Generating Authority of Thailand,2026-08-31,2026-09-06,200,OK,168,149,0,2026-08-31 00:00,2026-09-06 23:00,,2026-09-07T15:16:51.494608Z
1422373,nan,Electricity Generating Authority of Thailand,2026-08-31,2026-09-06,200,OK,168,149,0,2026-08-31 00:00,2026-09-06 23:00,,2026-09-07T15:16:52.616669Z
1422374,nan,Electricity Generating Authority of Thailand,2026-08-31,2026-09-06,200,OK,168,149,0,2026-08-31 00:00,2026-09-06 23:00,,2026-09-07T15:16:53.735025Z
1422375,nan,Electricity Generating Authority of Thailand,2026-08-31,2026-09-06,200,OK,168,149,0,2026-08-31 00:00,2026-09-06 23:00,,2026-09-07T15:16:54.857015Z
1475104,Mae Khan Bridge,Friend in Need (of “Pa”) Volunteers Foundation,2026-08-31,2026-09-06,200,OK,1008,318,0,2026-08-31 00:00,2026-09-06 23:50,,2026-09-07T15:16:56.492295Z
1475106,Mae Klang Nam Bridge,Friend in Need (of “Pa”) Volunteers Foundation,2026-08-31,2026-09-06,200,OK,1008,1002,0,2026-08-31 00:00,2026-09-06 23:50,,2026-09-07T15:16:58.131409Z
1475118,Ngad Bridge,Friend in Need (of “Pa”) Volunteers Foundation,2026-08-31,2026-09-06,200,OK,1008,1001,0,2026-08-31 00:00,2026-09-06 23:50,,2026-09-07T15:16:59.823399Z
1475120,Mae Taeng Bridge,Friend in Need (of “Pa”) Volunteers Foundation,2026-08-31,2026-09-06,200,OK,1008,269,0,2026-08-31 00:00,2026-09-06 23:50,,2026-09-07T15:17:01.536581Z
1475122,Ping River Bridge,Friend in Need (of “Pa”) Volunteers Foundation,2026-08-31,2026-09-06,200,OK,1008,1000,0,2026-08-31 00:00,2026-09-06 23:50,,2026-09-07T15:17:03.164188Z
1476456,Khlong Mae Soi Bridge,Friend in Need (of “Pa”) Volunteers Foundation,2026-08-31,2026-09-06,200,OK,1008,987,0,2026-08-31 00:00,2026-09-06 23:50,,2026-09-07T15:17:04.902119Z
1476459,Mae Tam Bridge,Friend in Need (of “Pa”) Volunteers Foundation,2026-08-31,2026-09-06,200,OK,1008,0,0,2026-08-31 00:00,2026-09-06 23:50,,2026-09-07T15:17:06.527775Z
1476461,"Friendship Bridge, Tui River",Friend in Need (of “Pa”) Volunteers Foundation,2026-08-31,2026-09-06,200,OK,1008,1000,0,2026-08-31 00:00,2026-09-06 23:50,,2026-09-07T15:17:08.246401Z
1481108,Mae Ka Bridge,Friend in Need (of “Pa”) Volunteers Foundation,2026-08-31,2026-09-06,200,OK,1008,1003,0,2026-08-31 00:00,2026-09-06 23:50,,2026-09-07T15:17:09.964924Z
1481122,Nam Ngao Bridge,Friend in Need (of “Pa”) Volunteers Foundation,2026-08-31,2026-09-06,200,OK,1008,1000,0,2026-08-31 00:00,2026-09-06 23:50,,2026-09-07T15:17:11.559397Z
1481128,Building Bridge,Friend in Need (of “Pa”) Volunteers Foundation,2026-08-31,2026-09-06,200,OK,1008,1001,0,2026-08-31 00:00,2026-09-06 23:50,,2026-09-07T15:17:13.298447Z
1481146,Mae Chu Bridge,Friend in Need (of “Pa”) Volunteers Foundation,2026-08-31,2026-09-06,200,OK,1008,1000,0,2026-08-31 00:00,2026-09-06 23:50,,2026-09-07T15:17:14.844110Z
1481153,Mae Sin Nam Bridge,Friend in Need (of “Pa”) Volunteers Foundation,2026-08-31,2026-09-06,200,OK,1008,996,0,2026-08-31 00:00,2026-09-06 23:50,,2026-09-07T15:17:16.383067Z
1482445,Nam Pi Chiang Bridge,Friend in Need (of “Pa”) Volunteers Foundation,2026-08-31,2026-09-06,200,OK,1008,1001,0,2026-08-31 00:00,2026-09-06 23:50,,2026-09-07T15:17:17.967863Z
1483103,Phaya Athitraj Bridge,Friend in Need (of “Pa”) Volunteers Foundation,2026-08-31,2026-09-06,200,OK,1008,994,0,2026-08-31 00:00,2026-09-06 23:50,,2026-09-07T15:17:19.610892Z
1483111,Khlong Mae Mon Bridge,Friend in Need (of “Pa”) Volunteers Foundation,2026-08-31,2026-09-06,200,OK,1008,982,0,2026-08-31 00:00,2026-09-06 23:50,,2026-09-07T15:17:21.318664Z
1483127,Phra Ruang Bridge across the Kwai Noi,Friend in Need (of “Pa”) Volunteers Foundation,2026-08-31,2026-09-06,200,OK,1008,998,0,2026-08-31 00:00,2026-09-06 23:50,,2026-09-07T15:17:23.029242Z
1483131,Khek Bridge,Friend in Need (of “Pa”) Volunteers Foundation,2026-08-31,2026-09-06,200,OK,1008,998,0,2026-08-31 00:00,2026-09-06 23:50,,2026-09-07T15:17:24.571280Z
149,Bang Nam Priao,Hydro – Informatics Institute (Public Organization),2026-08-31,2026-09-06,200,OK,1008,999,0,2026-08-31 00:00,2026-09-06 23:50,,2026-09-07T15:17:26.288443Z
151,Bang Nam Priao,Hydro – Informatics Institute (Public Organization),2026-08-31,2026-09-06,200,OK,1008,1005,0,2026-08-31 00:00,2026-09-06 23:50,,2026-09-07T15:17:27.981674Z
154,Bangpakong 1,Hydro – Informatics Institute (Public Organization),2026-08-31,2026-09-06,200,OK,1008,1005,0,2026-08-31 00:00,2026-09-06 23:50,,2026-09-07T15:17:29.688221Z
1556820,Mae Suai Bridge,Friend in Need (of “Pa”) Volunteers Foundation,2026-08-31,2026-09-06,200,OK,1008,305,0,2026-08-31 00:00,2026-09-06 23:50,,2026-09-07T15:17:31.319545Z
1556822,Mae Ramat Bridge,Friend in Need (of “Pa”) Volunteers Foundation,2026-08-31,2026-09-06,200,OK,1008,1002,0,2026-08-31 00:00,2026-09-06 23:50,,2026-09-07T15:17:32.947754Z
156,Phanom Sarakham,Hydro – Informatics Institute (Public Organization),2026-08-31,2026-09-06,200,OK,1008,1005,0,2026-08-31 00:00,2026-09-06 23:50,,2026-09-07T15:17:34.618476Z
160,Prachinburi 2,Hydro – Informatics Institute (Public Organization),2026-08-31,2026-09-06,200,OK,1008,347,0,2026-08-31 00:00,2026-09-06 23:50,,2026-09-07T15:17:36.329418Z
162,Prachinburi 1,Hydro – Informatics Institute (Public Organization),2026-08-31,2026-09-06,200,OK,1008,990,0,2026-08-31 00:00,2026-09-06 23:50,,2026-09-07T15:17:37.994056Z
1645475,Mae Ngao bridge,Hydro – Informatics Institute (Public Organization),2026-08-31,2026-09-06,200,OK,1008,1005,0,2026-08-31 00:00,2026-09-06 23:50,,2026-09-07T15:17:39.715104Z
165,Na Di,Hydro – Informatics Institute (Public Organization),2026-08-31,2026-09-06,200,OK,1008,1005,0,2026-08-31 00:00,2026-09-06 23:50,,2026-09-07T15:17:41.424215Z
1677418,Nam Ing Bridge (I.17),Hydro – Informatics Institute (Public Organization),2026-08-31,2026-09-06,200,OK,1008,998,0,2026-08-31 00:00,2026-09-06 23:50,,2026-09-07T15:17:43.057755Z
1677419,Mae Tam Bridge,Hydro – Informatics Institute (Public Organization),2026-08-31,2026-09-06,200,OK,1008,1005,0,2026-08-31 00:00,2026-09-06 23:50,,2026-09-07T15:17:44.785555Z
1677420,Mae Kalong Bridge (Phayao University),Hydro – Informatics Institute (Public Organization),2026-08-31,2026-09-06,200,OK,1008,1005,0,2026-08-31 00:00,2026-09-06 23:50,,2026-09-07T15:17:46.524843Z
169,Prachinburi 4,Hydro – Informatics Institute (Public Organization),2026-08-31,2026-09-06,200,OK,1008,948,0,2026-08-31 00:00,2026-09-06 23:50,,2026-09-07T15:17:48.225476Z
170,Prachinburi 5,Hydro – Informatics Institute (Public Organization),2026-08-31,2026-09-06,200,OK,1008,932,0,2026-08-31 00:00,2026-09-06 23:50,,2026-09-07T15:17:50.004977Z
175,Khao Nang Buat Bridge,Hydro – Informatics Institute (Public Organization),2026-08-31,2026-09-06,200,OK,1008,994,0,2026-08-31 00:00,2026-09-06 23:50,,2026-09-07T15:17:51.643317Z
189,Ongkharak,Hydro – Informatics Institute (Public Organization),2026-08-31,2026-09-06,200,OK,1008,992,0,2026-08-31 00:00,2026-09-06 23:50,,2026-09-07T15:17:53.438842Z
190,Klong Pra Prong,Hydro – Informatics Institute (Public Organization),2026-08-31,2026-09-06,200,OK,1008,1005,0,2026-08-31 00:00,2026-09-06 23:50,,2026-09-07T15:17:55.117266Z
191,Mueang Sa Kaeo,Hydro – Informatics Institute (Public Organization),2026-08-31,2026-09-06,200,OK,1008,0,0,2026-08-31 00:00,2026-09-06 23:50,,2026-09-07T15:17:56.776435Z
192,Ta Phraya,Hydro – Informatics Institute (Public Organization),2026-08-31,2026-09-06,200,OK,1008,1002,0,2026-08-31 00:00,2026-09-06 23:50,,2026-09-07T15:17:58.385397Z
200,Klong Prom Hod,Hydro – Informatics Institute (Public Organization),2026-08-31,2026-09-06,200,OK,1008,1003,0,2026-08-31 00:00,2026-09-06 23:50,,2026-09-07T15:18:00.105148Z
21,Sri Varee Noi Temple,Hydro – Informatics Institute (Public Organization),2026-08-31,2026-09-06,200,OK,1008,1003,0,2026-08-31 00:00,2026-09-06 23:50,,2026-09-07T15:18:01.797729Z
218,Mun 3,Hydro – Informatics Institute (Public Organization),2026-08-31,2026-09-06,200,OK,1008,999,0,2026-08-31 00:00,2026-09-06 23:50,,2026-09-07T15:18:03.535568Z
228,Mun 2,Hydro – Informatics Institute (Public Organization),2026-08-31,2026-09-06,200,OK,1008,1005,0,2026-08-31 00:00,2026-09-06 23:50,,2026-09-07T15:18:05.242350Z
236,Mun 12,Hydro – Informatics Institute (Public Organization),2026-08-31,2026-09-06,200,OK,1008,690,0,2026-08-31 00:00,2026-09-06 23:50,,2026-09-07T15:18:06.972206Z
238,Mun 14,Hydro – Informatics Institute (Public Organization),2026-08-31,2026-09-06,200,OK,1008,885,0,2026-08-31 00:00,2026-09-06 23:50,,2026-09-07T15:18:08.693975Z
24,Phra Pimol Sai Noi,Hydro – Informatics Institute (Public Organization),2026-08-31,2026-09-06,200,OK,1008,1005,0,2026-08-31 00:00,2026-09-06 23:50,,2026-09-07T15:18:10.470674Z
245,Mun 9,Hydro – Informatics Institute (Public Organization),2026-08-31,2026-09-06,200,OK,1008,985,0,2026-08-31 00:00,2026-09-06 23:50,,2026-09-07T15:18:12.123059Z
255,Mueang Sisaket,Hydro – Informatics Institute (Public Organization),2026-08-31,2026-09-06,200,OK,1008,975,0,2026-08-31 00:00,2026-09-06 23:50,,2026-09-07T15:18:13.700614Z
2559,nan,Royal Irrigation Department,2026-08-31,2026-09-06,200,OK,168,147,147,2026-08-31 00:00,2026-09-06 23:00,,2026-09-07T15:18:14.831784Z
2561,nan,Royal Irrigation Department,2026-08-31,2026-09-06,200,OK,168,74,74,2026-08-31 00:00,2026-09-06 23:00,,2026-09-07T15:18:15.913488Z
2562,nan,Royal Irrigation Department,2026-08-31,2026-09-06,200,OK,168,148,148,2026-08-31 00:00,2026-09-06 23:00,,2026-09-07T15:18:17.095817Z
2563,nan,Royal Irrigation Department,2026-08-31,2026-09-06,200,OK,168,148,148,2026-08-31 00:00,2026-09-06 23:00,,2026-09-07T15:18:18.224645Z
2565,nan,Royal Irrigation Department,2026-08-31,2026-09-06,200,OK,168,148,0,2026-08-31 00:00,2026-09-06 23:00,,2026-09-07T15:18:19.294111Z
2567,nan,Royal Irrigation Department,2026-08-31,2026-09-06,200,OK,168,148,0,2026-08-31 00:00,2026-09-06 23:00,,2026-09-07T15:18:20.451959Z
2568,nan,Royal Irrigation Department,2026-08-31,2026-09-06,200,OK,168,161,161,2026-08-31 00:00,2026-09-06 23:00,,2026-09-07T15:18:21.542029Z
2569,nan,Royal Irrigation Department,2026-08-31,2026-09-06,200,OK,168,152,152,2026-08-31 00:00,2026-09-06 23:00,,2026-09-07T15:18:22.690174Z
2571,nan,Royal Irrigation Department,2026-08-31,2026-09-06,200,OK,168,151,151,2026-08-31 00:00,2026-09-06 23:00,,2026-09-07T15:18:23.837149Z
2572,nan,Royal Irrigation Department,2026-08-31,2026-09-06,200,OK,168,152,152,2026-08-31 00:00,2026-09-06 23:00,,2026-09-07T15:18:24.999266Z
2573,nan,Royal Irrigation Department,2026-08-31,2026-09-06,200,OK,168,152,152,2026-08-31 00:00,2026-09-06 23:00,,2026-09-07T15:18:26.070010Z
2575,nan,Royal Irrigation Department,2026-08-31,2026-09-06,200,OK,168,160,0,2026-08-31 00:00,2026-09-06 23:00,,2026-09-07T15:18:27.185528Z
2576,nan,Royal Irrigation Department,2026-08-31,2026-09-06,200,OK,168,161,161,2026-08-31 00:00,2026-09-06 23:00,,2026-09-07T15:18:28.298506Z
2578,nan,Royal Irrigation Department,2026-08-31,2026-09-06,200,OK,168,161,161,2026-08-31 00:00,2026-09-06 23:00,,2026-09-07T15:18:29.419351Z
2579,nan,Royal Irrigation Department,2026-08-31,2026-09-06,200,OK,168,161,161,2026-08-31 00:00,2026-09-06 23:00,,2026-09-07T15:18:30.477057Z
2580,nan,Royal Irrigation Department,2026-08-31,2026-09-06,200,OK,168,159,159,2026-08-31 00:00,2026-09-06 23:00,,2026-09-07T15:18:31.545248Z
2581,nan,Royal Irrigation Department,2026-08-31,2026-09-06,200,OK,168,148,148,2026-08-31 00:00,2026-09-06 23:00,,2026-09-07T15:18:32.661542Z
2582,nan,Royal Irrigation Department,2026-08-31,2026-09-06,200,OK,168,148,148,2026-08-31 00:00,2026-09-06 23:00,,2026-09-07T15:18:33.780823Z
2583, ,Royal Irrigation Department,2026-08-31,2026-09-06,200,OK,168,148,148,2026-08-31 00:00,2026-09-06 23:00,,2026-09-07T15:18:34.902778Z
2584,nan,Royal Irrigation Department,2026-08-31,2026-09-06,200,OK,168,148,148,2026-08-31 00:00,2026-09-06 23:00,,2026-09-07T15:18:35.961785Z
2585,nan,Royal Irrigation Department,2026-08-31,2026-09-06,200,OK,168,148,148,2026-08-31 00:00,2026-09-06 23:00,,2026-09-07T15:18:37.030344Z
2587,nan,Royal Irrigation Department,2026-08-31,2026-09-06,200,OK,168,148,0,2026-08-31 00:00,2026-09-06 23:00,,2026-09-07T15:18:38.146221Z
2589,nan,Royal Irrigation Department,2026-08-31,2026-09-06,200,OK,168,148,148,2026-08-31 00:00,2026-09-06 23:00,,2026-09-07T15:18:39.277492Z
2590,nan,Royal Irrigation Department,2026-08-31,2026-09-06,200,OK,168,148,148,2026-08-31 00:00,2026-09-06 23:00,,2026-09-07T15:18:40.410256Z
2591,nan,Royal Irrigation Department,2026-08-31,2026-09-06,200,OK,168,148,148,2026-08-31 00:00,2026-09-06 23:00,,2026-09-07T15:18:41.538885Z
2594,nan,Royal Irrigation Department,2026-08-31,2026-09-06,200,OK,168,7,1,2026-08-31 00:00,2026-09-06 23:00,,2026-09-07T15:18:42.605874Z
2596,nan,Royal Irrigation Department,2026-08-31,2026-09-06,200,OK,168,148,0,2026-08-31 00:00,2026-09-06 23:00,,2026-09-07T15:18:43.729670Z
2597,nan,Royal Irrigation Department,2026-08-31,2026-09-06,200,OK,168,148,148,2026-08-31 00:00,2026-09-06 23:00,,2026-09-07T15:18:44.891758Z
2599,nan,Royal Irrigation Department,2026-08-31,2026-09-06,200,OK,168,161,0,2026-08-31 00:00,2026-09-06 23:00,,2026-09-07T15:18:46.036106Z
26,Chao Phraya 14,Hydro – Informatics Institute (Public Organization),2026-08-31,2026-09-06,200,OK,1008,997,0,2026-08-31 00:00,2026-09-06 23:50,,2026-09-07T15:18:47.656366Z
2607,nan,Royal Irrigation Department,2026-08-31,2026-09-06,200,OK,168,161,0,2026-08-31 00:00,2026-09-06 23:00,,2026-09-07T15:18:48.713938Z
2608,nan,Royal Irrigation Department,2026-08-31,2026-09-06,200,OK,168,161,0,2026-08-31 00:00,2026-09-06 23:00,,2026-09-07T15:18:49.790718Z
2609,nan,Royal Irrigation Department,2026-08-31,2026-09-06,200,OK,168,161,0,2026-08-31 00:00,2026-09-06 23:00,,2026-09-07T15:18:50.926557Z
2611,nan,Royal Irrigation Department,2026-08-31,2026-09-06,200,OK,168,161,0,2026-08-31 00:00,2026-09-06 23:00,,2026-09-07T15:18:52.045179Z
2618,nan,Royal Irrigation Department,2026-08-31,2026-09-06,200,OK,168,7,7,2026-08-31 00:00,2026-09-06 23:00,,2026-09-07T15:18:53.172654Z
262,Mun 5,Hydro – Informatics Institute (Public Organization),2026-08-31,2026-09-06,200,OK,1008,1005,0,2026-08-31 00:00,2026-09-06 23:50,,2026-09-07T15:18:54.904845Z
2620,nan,Royal Irrigation Department,2026-08-31,2026-09-06,200,OK,168,157,157,2026-08-31 00:00,2026-09-06 23:00,,2026-09-07T15:18:56.015183Z
2621,nan,Royal Irrigation Department,2026-08-31,2026-09-06,200,OK,168,157,157,2026-08-31 00:00,2026-09-06 23:00,,2026-09-07T15:18:57.142565Z
2623,nan,Royal Irrigation Department,2026-08-31,2026-09-06,200,OK,168,161,0,2026-08-31 00:00,2026-09-06 23:00,,2026-09-07T15:18:58.222342Z
2624,nan,Royal Irrigation Department,2026-08-31,2026-09-06,200,OK,168,161,0,2026-08-31 00:00,2026-09-06 23:00,,2026-09-07T15:18:59.340272Z
2626,nan,Royal Irrigation Department,2026-08-31,2026-09-06,200,OK,168,161,29,2026-08-31 00:00,2026-09-06 23:00,,2026-09-07T15:19:00.442312Z
2632,nan,Royal Irrigation Department,2026-08-31,2026-09-06,200,OK,168,161,0,2026-08-31 00:00,2026-09-06 23:00,,2026-09-07T15:19:01.577832Z
2634,nan,Royal Irrigation Department,2026-08-31,2026-09-06,200,OK,168,148,148,2026-08-31 00:00,2026-09-06 23:00,,2026-09-07T15:19:02.696805Z
2635,nan,Royal Irrigation Department,2026-08-31,2026-09-06,200,OK,168,148,0,2026-08-31 00:00,2026-09-06 23:00,,2026-09-07T15:19:03.794658Z
2636,nan,Royal Irrigation Department,2026-08-31,2026-09-06,200,OK,168,129,129,2026-08-31 00:00,2026-09-06 23:00,,2026-09-07T15:19:04.878062Z
2638,nan,Royal Irrigation Department,2026-08-31,2026-09-06,200,OK,168,148,43,2026-08-31 00:00,2026-09-06 23:00,,2026-09-07T15:19:06.001828Z
2639,nan,Royal Irrigation Department,2026-08-31,2026-09-06,200,OK,168,148,148,2026-08-31 00:00,2026-09-06 23:00,,2026-09-07T15:19:07.114880Z
2641,nan,Royal Irrigation Department,2026-08-31,2026-09-06,200,OK,168,148,148,2026-08-31 00:00,2026-09-06 23:00,,2026-09-07T15:19:08.237658Z
2643,nan,Royal Irrigation Department,2026-08-31,2026-09-06,200,OK,168,148,148,2026-08-31 00:00,2026-09-06 23:00,,2026-09-07T15:19:09.338968Z
2644,nan,Royal Irrigation Department,2026-08-31,2026-09-06,200,OK,168,148,79,2026-08-31 00:00,2026-09-06 23:00,,2026-09-07T15:19:10.466864Z
2645,nan,Royal Irrigation Department,2026-08-31,2026-09-06,200,OK,168,148,148,2026-08-31 00:00,2026-09-06 23:00,,2026-09-07T15:19:11.591213Z
2647,nan,Royal Irrigation Department,2026-08-31,2026-09-06,200,OK,168,148,0,2026-08-31 00:00,2026-09-06 23:00,,2026-09-07T15:19:12.737854Z
2648,nan,Royal Irrigation Department,2026-08-31,2026-09-06,200,OK,168,148,148,2026-08-31 00:00,2026-09-06 23:00,,2026-09-07T15:19:13.846767Z
2650,nan,Royal Irrigation Department,2026-08-31,2026-09-06,200,OK,168,148,148,2026-08-31 00:00,2026-09-06 23:00,,2026-09-07T15:19:14.908873Z
2651,nan,Royal Irrigation Department,2026-08-31,2026-09-06,200,OK,168,148,148,2026-08-31 00:00,2026-09-06 23:00,,2026-09-07T15:19:15.986189Z
2654,nan,Royal Irrigation Department,2026-08-31,2026-09-06,200,OK,168,148,0,2026-08-31 00:00,2026-09-06 23:00,,2026-09-07T15:19:17.108731Z
2655,nan,Royal Irrigation Department,2026-08-31,2026-09-06,200,OK,168,148,148,2026-08-31 00:00,2026-09-06 23:00,,2026-09-07T15:19:18.264968Z
2656,nan,Royal Irrigation Department,2026-08-31,2026-09-06,200,OK,168,45,45,2026-08-31 00:00,2026-09-06 23:00,,2026-09-07T15:19:19.390572Z
2658,nan,Royal Irrigation Department,2026-08-31,2026-09-06,200,OK,168,152,152,2026-08-31 00:00,2026-09-06 23:00,,2026-09-07T15:19:20.457534Z
2659,nan,Royal Irrigation Department,2026-08-31,2026-09-06,200,OK,168,152,120,2026-08-31 00:00,2026-09-06 23:00,,2026-09-07T15:19:21.523723Z
2661,nan,Royal Irrigation Department,2026-08-31,2026-09-06,200,OK,168,161,0,2026-08-31 00:00,2026-09-06 23:00,,2026-09-07T15:19:22.643616Z
2662,nan,Royal Irrigation Department,2026-08-31,2026-09-06,200,OK,168,161,0,2026-08-31 00:00,2026-09-06 23:00,,2026-09-07T15:19:23.704542Z
2663,nan,Royal Irrigation Department,2026-08-31,2026-09-06,200,OK,168,161,161,2026-08-31 00:00,2026-09-06 23:00,,2026-09-07T15:19:24.787660Z
2664,nan,Royal Irrigation Department,2026-08-31,2026-09-06,200,OK,168,161,161,2026-08-31 00:00,2026-09-06 23:00,,2026-09-07T15:19:25.895857Z
2665,nan,Royal Irrigation Department,2026-08-31,2026-09-06,200,OK,168,161,161,2026-08-31 00:00,2026-09-06 23:00,,2026-09-07T15:19:27.010364Z
2666,nan,Royal Irrigation Department,2026-08-31,2026-09-06,200,OK,168,152,0,2026-08-31 00:00,2026-09-06 23:00,,2026-09-07T15:19:28.139999Z
2668,nan,Royal Irrigation Department,2026-08-31,2026-09-06,200,OK,168,6,0,2026-08-31 00:00,2026-09-06 23:00,,2026-09-07T15:19:29.268033Z
2669,nan,Royal Irrigation Department,2026-08-31,2026-09-06,200,OK,168,161,161,2026-08-31 00:00,2026-09-06 23:00,,2026-09-07T15:19:30.334442Z
2671,nan,Royal Irrigation Department,2026-08-31,2026-09-06,200,OK,168,152,152,2026-08-31 00:00,2026-09-06 23:00,,2026-09-07T15:19:31.459188Z
2672,nan,Royal Irrigation Department,2026-08-31,2026-09-06,200,OK,168,161,161,2026-08-31 00:00,2026-09-06 23:00,,2026-09-07T15:19:32.524672Z
2675,nan,Royal Irrigation Department,2026-08-31,2026-09-06,200,OK,168,161,161,2026-08-31 00:00,2026-09-06 23:00,,2026-09-07T15:19:33.597389Z
2676,nan,Royal Irrigation Department,2026-08-31,2026-09-06,200,OK,168,152,0,2026-08-31 00:00,2026-09-06 23:00,,2026-09-07T15:19:34.736172Z
2677,nan,Royal Irrigation Department,2026-08-31,2026-09-06,200,OK,168,161,161,2026-08-31 00:00,2026-09-06 23:00,,2026-09-07T15:19:35.798577Z
2679,nan,Royal Irrigation Department,2026-08-31,2026-09-06,200,OK,168,152,152,2026-08-31 00:00,2026-09-06 23:00,,2026-09-07T15:19:37.275641Z
2680,nan,Royal Irrigation Department,2026-08-31,2026-09-06,200,OK,168,161,161,2026-08-31 00:00,2026-09-06 23:00,,2026-09-07T15:19:38.407270Z
2682,nan,Royal Irrigation Department,2026-08-31,2026-09-06,200,OK,168,152,152,2026-08-31 00:00,2026-09-06 23:00,,2026-09-07T15:19:39.529907Z
2683,nan,Royal Irrigation Department,2026-08-31,2026-09-06,200,OK,168,161,0,2026-08-31 00:00,2026-09-06 23:00,,2026-09-07T15:19:40.655762Z
2686,nan,Royal Irrigation Department,2026-08-31,2026-09-06,200,OK,168,152,0,2026-08-31 00:00,2026-09-06 23:00,,2026-09-07T15:19:42.781657Z
2687,nan,Royal Irrigation Department,2026-08-31,2026-09-06,200,OK,168,161,161,2026-08-31 00:00,2026-09-06 23:00,,2026-09-07T15:19:43.922940Z
2688,nan,Royal Irrigation Department,2026-08-31,2026-09-06,200,OK,168,152,152,2026-08-31 00:00,2026-09-06 23:00,,2026-09-07T15:19:45.044243Z
2689,nan,Royal Irrigation Department,2026-08-31,2026-09-06,200,OK,168,161,80,2026-08-31 00:00,2026-09-06 23:00,,2026-09-07T15:19:46.180736Z
269,Chi 11,Hydro – Informatics Institute (Public Organization),2026-08-31,2026-09-06,200,OK,1008,1000,0,2026-08-31 00:00,2026-09-06 23:50,,2026-09-07T15:19:48.343313Z
2694,nan,Royal Irrigation Department,2026-08-31,2026-09-06,200,OK,168,157,0,2026-08-31 00:00,2026-09-06 23:00,,2026-09-07T15:19:49.445332Z
2695,nan,Royal Irrigation Department,2026-08-31,2026-09-06,200,OK,168,157,157,2026-08-31 00:00,2026-09-06 23:00,,2026-09-07T15:19:50.571222Z
2698,nan,Royal Irrigation Department,2026-08-31,2026-09-06,200,OK,168,157,157,2026-08-31 00:00,2026-09-06 23:00,,2026-09-07T15:19:51.724573Z
27,Krung Thep 2,Hydro – Informatics Institute (Public Organization),2026-08-31,2026-09-06,200,OK,1008,987,0,2026-08-31 00:00,2026-09-06 23:50,,2026-09-07T15:19:53.694852Z
2700,nan,Royal Irrigation Department,2026-08-31,2026-09-06,200,OK,168,157,157,2026-08-31 00:00,2026-09-06 23:00,,2026-09-07T15:19:54.829697Z
2707,nan,Royal Irrigation Department,2026-08-31,2026-09-06,200,OK,168,151,151,2026-08-31 00:00,2026-09-06 23:00,,2026-09-07T15:19:55.952511Z
2712,nan,Royal Irrigation Department,2026-08-31,2026-09-06,200,OK,168,161,161,2026-08-31 00:00,2026-09-06 23:00,,2026-09-07T15:19:57.024190Z
2713,nan,Royal Irrigation Department,2026-08-31,2026-09-06,200,OK,168,157,157,2026-08-31 00:00,2026-09-06 23:00,,2026-09-07T15:19:58.138551Z
2714,nan,Royal Irrigation Department,2026-08-31,2026-09-06,200,OK,168,157,157,2026-08-31 00:00,2026-09-06 23:00,,2026-09-07T15:19:59.265171Z
2723,nan,Royal Irrigation Department,2026-08-31,2026-09-06,200,OK,168,161,29,2026-08-31 00:00,2026-09-06 23:00,,2026-09-07T15:20:01.266850Z
2725,nan,Royal Irrigation Department,2026-08-31,2026-09-06,200,OK,168,138,91,2026-08-31 00:00,2026-09-06 23:00,,2026-09-07T15:20:03.081141Z
2726,nan,Royal Irrigation Department,2026-08-31,2026-09-06,200,OK,168,157,157,2026-08-31 00:00,2026-09-06 23:00,,2026-09-07T15:20:04.483857Z
2729,nan,Royal Irrigation Department,2026-08-31,2026-09-06,200,OK,168,157,157,2026-08-31 00:00,2026-09-06 23:00,,2026-09-07T15:20:05.621271Z
2731,nan,Royal Irrigation Department,2026-08-31,2026-09-06,200,OK,168,157,0,2026-08-31 00:00,2026-09-06 23:00,,2026-09-07T15:20:06.833629Z
2737,nan,Royal Irrigation Department,2026-08-31,2026-09-06,200,OK,168,157,0,2026-08-31 00:00,2026-09-06 23:00,,2026-09-07T15:20:08.048113Z
2739,nan,Royal Irrigation Department,2026-08-31,2026-09-06,200,OK,168,157,157,2026-08-31 00:00,2026-09-06 23:00,,2026-09-07T15:20:09.226786Z
2740,nan,Royal Irrigation Department,2026-08-31,2026-09-06,200,OK,168,157,157,2026-08-31 00:00,2026-09-06 23:00,,2026-09-07T15:20:10.427086Z
2744,nan,Royal Irrigation Department,2026-08-31,2026-09-06,200,OK,168,161,161,2026-08-31 00:00,2026-09-06 23:00,,2026-09-07T15:20:11.551818Z
2750,nan,Royal Irrigation Department,2026-08-31,2026-09-06,200,OK,168,157,157,2026-08-31 00:00,2026-09-06 23:00,,2026-09-07T15:20:12.679222Z
2752,nan,Royal Irrigation Department,2026-08-31,2026-09-06,200,OK,168,157,157,2026-08-31 00:00,2026-09-06 23:00,,2026-09-07T15:20:13.798894Z
2755,nan,Royal Irrigation Department,2026-08-31,2026-09-06,200,OK,168,157,157,2026-08-31 00:00,2026-09-06 23:00,,2026-09-07T15:20:14.883053Z
2760,nan,Royal Irrigation Department,2026-08-31,2026-09-06,200,OK,168,157,157,2026-08-31 00:00,2026-09-06 23:00,,2026-09-07T15:20:16.037907Z
2763,nan,Royal Irrigation Department,2026-08-31,2026-09-06,200,OK,168,157,157,2026-08-31 00:00,2026-09-06 23:00,,2026-09-07T15:20:17.200018Z
2764,nan,Royal Irrigation Department,2026-08-31,2026-09-06,200,OK,168,157,157,2026-08-31 00:00,2026-09-06 23:00,,2026-09-07T15:20:18.374445Z
2770,nan,Royal Irrigation Department,2026-08-31,2026-09-06,200,OK,168,161,0,2026-08-31 00:00,2026-09-06 23:00,,2026-09-07T15:20:19.482190Z
2773,nan,Royal Irrigation Department,2026-08-31,2026-09-06,200,OK,168,157,157,2026-08-31 00:00,2026-09-06 23:00,,2026-09-07T15:20:20.653843Z
2777,nan,Royal Irrigation Department,2026-08-31,2026-09-06,200,OK,168,161,0,2026-08-31 00:00,2026-09-06 23:00,,2026-09-07T15:20:21.778000Z
2780,nan,Royal Irrigation Department,2026-08-31,2026-09-06,200,OK,168,123,123,2026-08-31 00:00,2026-09-06 23:00,,2026-09-07T15:20:22.918328Z
2781,nan,Royal Irrigation Department,2026-08-31,2026-09-06,200,OK,168,161,0,2026-08-31 00:00,2026-09-06 23:00,,2026-09-07T15:20:24.253077Z
2782,nan,Royal Irrigation Department,2026-08-31,2026-09-06,200,OK,168,160,160,2026-08-31 00:00,2026-09-06 23:00,,2026-09-07T15:20:27.295995Z
2795,nan,Royal Irrigation Department,2026-08-31,2026-09-06,200,OK,168,161,161,2026-08-31 00:00,2026-09-06 23:00,,2026-09-07T15:20:28.432896Z
2797,nan,Royal Irrigation Department,2026-08-31,2026-09-06,200,OK,168,160,160,2026-08-31 00:00,2026-09-06 23:00,,2026-09-07T15:20:29.525991Z
2799,nan,Royal Irrigation Department,2026-08-31,2026-09-06,200,OK,168,161,161,2026-08-31 00:00,2026-09-06 23:00,,2026-09-07T15:20:30.765883Z
2808,nan,Royal Irrigation Department,2026-08-31,2026-09-06,200,OK,168,160,160,2026-08-31 00:00,2026-09-06 23:00,,2026-09-07T15:20:31.905445Z
2809,nan,Royal Irrigation Department,2026-08-31,2026-09-06,200,OK,168,160,160,2026-08-31 00:00,2026-09-06 23:00,,2026-09-07T15:20:33.148275Z
281,Mun 11,Hydro – Informatics Institute (Public Organization),2026-08-31,2026-09-06,200,OK,1008,863,0,2026-08-31 00:00,2026-09-06 23:50,,2026-09-07T15:20:35.923702Z
2811,nan,Royal Irrigation Department,2026-08-31,2026-09-06,200,OK,168,161,0,2026-08-31 00:00,2026-09-06 23:00,,2026-09-07T15:20:37.165936Z
2814,nan,Royal Irrigation Department,2026-08-31,2026-09-06,200,OK,168,157,157,2026-08-31 00:00,2026-09-06 23:00,,2026-09-07T15:20:39.299537Z
2820,nan,Royal Irrigation Department,2026-08-31,2026-09-06,200,OK,168,157,157,2026-08-31 00:00,2026-09-06 23:00,,2026-09-07T15:20:40.443418Z
2821,nan,Royal Irrigation Department,2026-08-31,2026-09-06,200,OK,168,161,161,2026-08-31 00:00,2026-09-06 23:00,,2026-09-07T15:20:43.309295Z
2828,nan,Royal Irrigation Department,2026-08-31,2026-09-06,200,OK,168,160,160,2026-08-31 00:00,2026-09-06 23:00,,2026-09-07T15:20:44.548616Z
2830,nan,Royal Irrigation Department,2026-08-31,2026-09-06,200,OK,168,161,0,2026-08-31 00:00,2026-09-06 23:00,,2026-09-07T15:20:46.007483Z
2832,nan,Royal Irrigation Department,2026-08-31,2026-09-06,200,OK,168,161,161,2026-08-31 00:00,2026-09-06 23:00,,2026-09-07T15:20:47.441927Z
2836,nan,Royal Irrigation Department,2026-08-31,2026-09-06,200,OK,168,160,160,2026-08-31 00:00,2026-09-06 23:00,,2026-09-07T15:20:48.693622Z
2845,nan,Royal Irrigation Department,2026-08-31,2026-09-06,200,OK,168,160,160,2026-08-31 00:00,2026-09-06 23:00,,2026-09-07T15:20:50.105786Z
2847,nan,Royal Irrigation Department,2026-08-31,2026-09-06,200,OK,168,161,161,2026-08-31 00:00,2026-09-06 23:00,,2026-09-07T15:20:51.596369Z
2851,nan,Royal Irrigation Department,2026-08-31,2026-09-06,200,OK,168,161,0,2026-08-31 00:00,2026-09-06 23:00,,2026-09-07T15:20:52.818552Z
2852,nan,Royal Irrigation Department,2026-08-31,2026-09-06,200,OK,168,160,160,2026-08-31 00:00,2026-09-06 23:00,,2026-09-07T15:20:54.097703Z
2855,nan,Royal Irrigation Department,2026-08-31,2026-09-06,200,OK,168,159,159,2026-08-31 00:00,2026-09-06 23:00,,2026-09-07T15:20:55.242813Z
2857,nan,Royal Irrigation Department,2026-08-31,2026-09-06,200,OK,168,160,160,2026-08-31 00:00,2026-09-06 23:00,,2026-09-07T15:20:56.320242Z
2860,nan,Royal Irrigation Department,2026-08-31,2026-09-06,200,OK,168,161,161,2026-08-31 00:00,2026-09-06 23:00,,2026-09-07T15:20:57.444423Z
2863,nan,Royal Irrigation Department,2026-08-31,2026-09-06,200,OK,168,160,160,2026-08-31 00:00,2026-09-06 23:00,,2026-09-07T15:20:58.616322Z
2867,nan,Royal Irrigation Department,2026-08-31,2026-09-06,200,OK,168,159,159,2026-08-31 00:00,2026-09-06 23:00,,2026-09-07T15:20:59.760786Z
2869,nan,Royal Irrigation Department,2026-08-31,2026-09-06,200,OK,168,161,161,2026-08-31 00:00,2026-09-06 23:00,,2026-09-07T15:21:00.941280Z
2872,nan,Royal Irrigation Department,2026-08-31,2026-09-06,200,OK,168,160,160,2026-08-31 00:00,2026-09-06 23:00,,2026-09-07T15:21:02.103422Z
2874,nan,Royal Irrigation Department,2026-08-31,2026-09-06,200,OK,168,160,160,2026-08-31 00:00,2026-09-06 23:00,,2026-09-07T15:21:03.252871Z
2875,nan,Royal Irrigation Department,2026-08-31,2026-09-06,200,OK,168,160,160,2026-08-31 00:00,2026-09-06 23:00,,2026-09-07T15:21:04.443999Z
2881,nan,Royal Irrigation Department,2026-08-31,2026-09-06,200,OK,168,161,161,2026-08-31 00:00,2026-09-06 23:00,,2026-09-07T15:21:05.627295Z
2888,nan,Royal Irrigation Department,2026-08-31,2026-09-06,200,OK,168,154,154,2026-08-31 00:00,2026-09-06 23:00,,2026-09-07T15:21:06.796715Z
2895,nan,Royal Irrigation Department,2026-08-31,2026-09-06,200,OK,168,161,161,2026-08-31 00:00,2026-09-06 23:00,,2026-09-07T15:21:07.859880Z
29,Rabibadhana West Section,Hydro – Informatics Institute (Public Organization),2026-08-31,2026-09-06,200,OK,1008,999,0,2026-08-31 00:00,2026-09-06 23:50,,2026-09-07T15:21:10.227604Z
2900,nan,Royal Irrigation Department,2026-08-31,2026-09-06,200,OK,168,161,156,2026-08-31 00:00,2026-09-06 23:00,,2026-09-07T15:21:11.356230Z
2905,nan,Royal Irrigation Department,2026-08-31,2026-09-06,200,OK,168,7,7,2026-08-31 00:00,2026-09-06 23:00,,2026-09-07T15:21:12.431660Z
2906,nan,Royal Irrigation Department,2026-08-31,2026-09-06,200,OK,168,161,0,2026-08-31 00:00,2026-09-06 23:00,,2026-09-07T15:21:13.575442Z
2914,nan,Royal Irrigation Department,2026-08-31,2026-09-06,200,OK,168,161,161,2026-08-31 00:00,2026-09-06 23:00,,2026-09-07T15:21:14.695339Z
2915,nan,Royal Irrigation Department,2026-08-31,2026-09-06,200,OK,168,161,161,2026-08-31 00:00,2026-09-06 23:00,,2026-09-07T15:21:15.854129Z
2918,nan,Royal Irrigation Department,2026-08-31,2026-09-06,200,OK,168,160,160,2026-08-31 00:00,2026-09-06 23:00,,2026-09-07T15:21:16.919443Z
2920,nan,Royal Irrigation Department,2026-08-31,2026-09-06,200,OK,168,160,160,2026-08-31 00:00,2026-09-06 23:00,,2026-09-07T15:21:17.993402Z
2924,nan,Royal Irrigation Department,2026-08-31,2026-09-06,200,OK,168,160,160,2026-08-31 00:00,2026-09-06 23:00,,2026-09-07T15:21:19.159470Z
2925,nan,Royal Irrigation Department,2026-08-31,2026-09-06,200,OK,168,8,8,2026-08-31 00:00,2026-09-06 23:00,,2026-09-07T15:21:20.249346Z
2941,nan,Royal Irrigation Department,2026-08-31,2026-09-06,200,OK,168,161,161,2026-08-31 00:00,2026-09-06 23:00,,2026-09-07T15:21:21.360563Z
2948,nan,Royal Irrigation Department,2026-08-31,2026-09-06,200,OK,168,7,7,2026-08-31 00:00,2026-09-06 23:00,,2026-09-07T15:21:22.464080Z
2953,nan,Royal Irrigation Department,2026-08-31,2026-09-06,200,OK,168,161,161,2026-08-31 00:00,2026-09-06 23:00,,2026-09-07T15:21:23.599981Z
2957,nan,Royal Irrigation Department,2026-08-31,2026-09-06,200,OK,168,8,8,2026-08-31 00:00,2026-09-06 23:00,,2026-09-07T15:21:24.728134Z
296,Chi 3,Hydro – Informatics Institute (Public Organization),2026-08-31,2026-09-06,200,OK,1008,1005,0,2026-08-31 00:00,2026-09-06 23:50,,2026-09-07T15:21:27.729115Z
2963,nan,Royal Irrigation Department,2026-08-31,2026-09-06,200,OK,168,161,161,2026-08-31 00:00,2026-09-06 23:00,,2026-09-07T15:21:28.854288Z
2964,nan,Royal Irrigation Department,2026-08-31,2026-09-06,200,OK,168,160,160,2026-08-31 00:00,2026-09-06 23:00,,2026-09-07T15:21:30.075723Z
2972,nan,Royal Irrigation Department,2026-08-31,2026-09-06,200,OK,168,161,0,2026-08-31 00:00,2026-09-06 23:00,,2026-09-07T15:21:31.243733Z
2975,nan,Royal Irrigation Department,2026-08-31,2026-09-06,200,OK,168,160,160,2026-08-31 00:00,2026-09-06 23:00,,2026-09-07T15:21:32.365946Z
2976,nan,Royal Irrigation Department,2026-08-31,2026-09-06,200,OK,168,160,160,2026-08-31 00:00,2026-09-06 23:00,,2026-09-07T15:21:33.453547Z
298,Chi 1,Hydro – Informatics Institute (Public Organization),2026-08-31,2026-09-06,200,OK,1008,998,0,2026-08-31 00:00,2026-09-06 23:50,,2026-09-07T15:21:35.623525Z
2985,nan,Royal Irrigation Department,2026-08-31,2026-09-06,200,OK,168,161,161,2026-08-31 00:00,2026-09-06 23:00,,2026-09-07T15:21:36.764412Z
2986,nan,Royal Irrigation Department,2026-08-31,2026-09-06,200,OK,168,161,161,2026-08-31 00:00,2026-09-06 23:00,,2026-09-07T15:21:37.850018Z
2993,nan,Royal Irrigation Department,2026-08-31,2026-09-06,200,OK,168,161,161,2026-08-31 00:00,2026-09-06 23:00,,2026-09-07T15:21:38.941426Z
3,Krung Thep 9,Hydro – Informatics Institute (Public Organization),2026-08-31,2026-09-06,200,OK,1008,1005,0,2026-08-31 00:00,2026-09-06 23:50,,2026-09-07T15:21:41.306986Z
3000,nan,Royal Irrigation Department,2026-08-31,2026-09-06,200,OK,168,160,160,2026-08-31 00:00,2026-09-06 23:00,,2026-09-07T15:21:42.380685Z
3002,nan,Royal Irrigation Department,2026-08-31,2026-09-06,200,OK,168,160,160,2026-08-31 00:00,2026-09-06 23:00,,2026-09-07T15:21:43.467942Z
3003,nan,Royal Irrigation Department,2026-08-31,2026-09-06,200,OK,168,161,161,2026-08-31 00:00,2026-09-06 23:00,,2026-09-07T15:21:44.551869Z
3014,nan,Royal Irrigation Department,2026-08-31,2026-09-06,200,OK,168,160,160,2026-08-31 00:00,2026-09-06 23:00,,2026-09-07T15:21:45.656695Z
3017,nan,Royal Irrigation Department,2026-08-31,2026-09-06,200,OK,168,161,161,2026-08-31 00:00,2026-09-06 23:00,,2026-09-07T15:21:46.767875Z
3018,nan,Royal Irrigation Department,2026-08-31,2026-09-06,200,OK,168,161,161,2026-08-31 00:00,2026-09-06 23:00,,2026-09-07T15:21:47.901767Z
3025,nan,Royal Irrigation Department,2026-08-31,2026-09-06,200,OK,168,161,161,2026-08-31 00:00,2026-09-06 23:00,,2026-09-07T15:21:48.968425Z
3029,nan,Royal Irrigation Department,2026-08-31,2026-09-06,200,OK,168,161,161,2026-08-31 00:00,2026-09-06 23:00,,2026-09-07T15:21:50.123018Z
3032,nan,Royal Irrigation Department,2026-08-31,2026-09-06,200,OK,168,160,159,2026-08-31 00:00,2026-09-06 23:00,,2026-09-07T15:21:51.197970Z
3041,nan,Royal Irrigation Department,2026-08-31,2026-09-06,200,OK,168,161,161,2026-08-31 00:00,2026-09-06 23:00,,2026-09-07T15:21:52.355288Z
3044,nan,Royal Irrigation Department,2026-08-31,2026-09-06,200,OK,168,160,160,2026-08-31 00:00,2026-09-06 23:00,,2026-09-07T15:21:53.537454Z
3047,nan,Royal Irrigation Department,2026-08-31,2026-09-06,200,OK,168,161,161,2026-08-31 00:00,2026-09-06 23:00,,2026-09-07T15:21:54.596287Z
3049,nan,Royal Irrigation Department,2026-08-31,2026-09-06,200,OK,168,161,161,2026-08-31 00:00,2026-09-06 23:00,,2026-09-07T15:21:55.699015Z
3059,nan,Royal Irrigation Department,2026-08-31,2026-09-06,200,OK,168,161,161,2026-08-31 00:00,2026-09-06 23:00,,2026-09-07T15:21:56.757776Z
3065,nan,Royal Irrigation Department,2026-08-31,2026-09-06,200,OK,168,161,161,2026-08-31 00:00,2026-09-06 23:00,,2026-09-07T15:21:57.871199Z
3076,nan,Royal Irrigation Department,2026-08-31,2026-09-06,200,OK,168,160,160,2026-08-31 00:00,2026-09-06 23:00,,2026-09-07T15:21:58.993677Z
3082,nan,Royal Irrigation Department,2026-08-31,2026-09-06,200,OK,168,160,160,2026-08-31 00:00,2026-09-06 23:00,,2026-09-07T15:22:00.138203Z
3085,nan,Royal Irrigation Department,2026-08-31,2026-09-06,200,OK,168,139,139,2026-08-31 00:00,2026-09-06 23:00,,2026-09-07T15:22:01.274740Z
3095,nan,Royal Irrigation Department,2026-08-31,2026-09-06,200,OK,168,161,161,2026-08-31 00:00,2026-09-06 23:00,,2026-09-07T15:22:02.348154Z
3102,nan,Royal Irrigation Department,2026-08-31,2026-09-06,200,OK,168,161,161,2026-08-31 00:00,2026-09-06 23:00,,2026-09-07T15:22:03.409311Z
3107,nan,Royal Irrigation Department,2026-08-31,2026-09-06,200,OK,168,161,161,2026-08-31 00:00,2026-09-06 23:00,,2026-09-07T15:22:04.538912Z
3112,nan,Royal Irrigation Department,2026-08-31,2026-09-06,200,OK,168,37,7,2026-08-31 00:00,2026-09-06 23:00,,2026-09-07T15:22:05.655355Z
3113,nan,Royal Irrigation Department,2026-08-31,2026-09-06,200,OK,168,161,161,2026-08-31 00:00,2026-09-06 23:00,,2026-09-07T15:22:06.738283Z
3117,nan,Royal Irrigation Department,2026-08-31,2026-09-06,200,OK,168,160,160,2026-08-31 00:00,2026-09-06 23:00,,2026-09-07T15:22:07.810446Z
3122,nan,Royal Irrigation Department,2026-08-31,2026-09-06,200,OK,168,160,160,2026-08-31 00:00,2026-09-06 23:00,,2026-09-07T15:22:08.945516Z
3127,nan,Royal Irrigation Department,2026-08-31,2026-09-06,200,OK,168,161,161,2026-08-31 00:00,2026-09-06 23:00,,2026-09-07T15:22:10.006398Z
3134,nan,Royal Irrigation Department,2026-08-31,2026-09-06,200,OK,168,161,0,2026-08-31 00:00,2026-09-06 23:00,,2026-09-07T15:22:11.141253Z
3146,nan,Royal Irrigation Department,2026-08-31,2026-09-06,200,OK,168,161,161,2026-08-31 00:00,2026-09-06 23:00,,2026-09-07T15:22:12.242350Z
3149,nan,Royal Irrigation Department,2026-08-31,2026-09-06,200,OK,168,161,161,2026-08-31 00:00,2026-09-06 23:00,,2026-09-07T15:22:13.347726Z
315,Khong 3,Hydro – Informatics Institute (Public Organization),2026-08-31,2026-09-06,200,OK,1008,998,0,2026-08-31 00:00,2026-09-06 23:50,,2026-09-07T15:22:15.674713Z
3152,nan,Royal Irrigation Department,2026-08-31,2026-09-06,200,OK,168,155,155,2026-08-31 00:00,2026-09-06 23:00,,2026-09-07T15:22:16.815704Z
3154,nan,Royal Irrigation Department,2026-08-31,2026-09-06,200,OK,168,149,0,2026-08-31 00:00,2026-09-06 23:00,,2026-09-07T15:22:17.951806Z
3156,nan,Royal Irrigation Department,2026-08-31,2026-09-06,200,OK,168,155,155,2026-08-31 00:00,2026-09-06 23:00,,2026-09-07T15:22:19.070783Z
3157,nan,Royal Irrigation Department,2026-08-31,2026-09-06,200,OK,168,161,161,2026-08-31 00:00,2026-09-06 23:00,,2026-09-07T15:22:20.228976Z
3163,nan,Royal Irrigation Department,2026-08-31,2026-09-06,200,OK,168,161,161,2026-08-31 00:00,2026-09-06 23:00,,2026-09-07T15:22:21.365294Z
3164,nan,Royal Irrigation Department,2026-08-31,2026-09-06,200,OK,168,155,0,2026-08-31 00:00,2026-09-06 23:00,,2026-09-07T15:22:22.531648Z
3168,nan,Royal Irrigation Department,2026-08-31,2026-09-06,200,OK,168,161,161,2026-08-31 00:00,2026-09-06 23:00,,2026-09-07T15:22:23.654400Z
3171,nan,Royal Irrigation Department,2026-08-31,2026-09-06,200,OK,168,155,155,2026-08-31 00:00,2026-09-06 23:00,,2026-09-07T15:22:24.793511Z
3172,nan,Royal Irrigation Department,2026-08-31,2026-09-06,200,OK,168,155,155,2026-08-31 00:00,2026-09-06 23:00,,2026-09-07T15:22:27.331108Z
3174,nan,Royal Irrigation Department,2026-08-31,2026-09-06,200,OK,168,161,161,2026-08-31 00:00,2026-09-06 23:00,,2026-09-07T15:22:28.475516Z
3186,nan,Royal Irrigation Department,2026-08-31,2026-09-06,200,OK,168,161,161,2026-08-31 00:00,2026-09-06 23:00,,2026-09-07T15:22:29.621376Z
319,Mueang Khon Kaen,Hydro – Informatics Institute (Public Organization),2026-08-31,2026-09-06,200,OK,1008,999,0,2026-08-31 00:00,2026-09-06 23:50,,2026-09-07T15:22:31.793763Z
3205,nan,Royal Irrigation Department,2026-08-31,2026-09-06,200,OK,168,161,161,2026-08-31 00:00,2026-09-06 23:00,,2026-09-07T15:22:32.907100Z
3212,nan,Royal Irrigation Department,2026-08-31,2026-09-06,200,OK,168,160,160,2026-08-31 00:00,2026-09-06 23:00,,2026-09-07T15:22:34.029421Z
3213,nan,Royal Irrigation Department,2026-08-31,2026-09-06,200,OK,168,7,7,2026-08-31 00:00,2026-09-06 23:00,,2026-09-07T15:22:35.120244Z
3215,nan,Royal Irrigation Department,2026-08-31,2026-09-06,200,OK,168,161,161,2026-08-31 00:00,2026-09-06 23:00,,2026-09-07T15:22:36.262050Z
3217,nan,Royal Irrigation Department,2026-08-31,2026-09-06,200,OK,168,160,160,2026-08-31 00:00,2026-09-06 23:00,,2026-09-07T15:22:37.329684Z
3219,nan,Royal Irrigation Department,2026-08-31,2026-09-06,200,OK,168,161,161,2026-08-31 00:00,2026-09-06 23:00,,2026-09-07T15:22:38.459892Z
3220,nan,Royal Irrigation Department,2026-08-31,2026-09-06,200,OK,168,161,161,2026-08-31 00:00,2026-09-06 23:00,,2026-09-07T15:22:39.539565Z
3221,nan,Royal Irrigation Department,2026-08-31,2026-09-06,200,OK,168,161,161,2026-08-31 00:00,2026-09-06 23:00,,2026-09-07T15:22:40.664451Z
3222,nan,Royal Irrigation Department,2026-08-31,2026-09-06,200,OK,168,161,161,2026-08-31 00:00,2026-09-06 23:00,,2026-09-07T15:22:41.757227Z
3223,nan,Royal Irrigation Department,2026-08-31,2026-09-06,200,OK,168,155,155,2026-08-31 00:00,2026-09-06 23:00,,2026-09-07T15:22:42.903484Z
3224,nan,Royal Irrigation Department,2026-08-31,2026-09-06,200,OK,168,161,161,2026-08-31 00:00,2026-09-06 23:00,,2026-09-07T15:22:43.997454Z
3226,nan,Royal Irrigation Department,2026-08-31,2026-09-06,200,OK,168,161,161,2026-08-31 00:00,2026-09-06 23:00,,2026-09-07T15:22:46.128895Z
3233,nan,Royal Irrigation Department,2026-08-31,2026-09-06,200,OK,168,149,149,2026-08-31 00:00,2026-09-06 23:00,,2026-09-07T15:22:47.264515Z
3237,nan,Royal Irrigation Department,2026-08-31,2026-09-06,200,OK,168,155,155,2026-08-31 00:00,2026-09-06 23:00,,2026-09-07T15:22:48.383866Z
3240,nan,Royal Irrigation Department,2026-08-31,2026-09-06,200,OK,168,161,161,2026-08-31 00:00,2026-09-06 23:00,,2026-09-07T15:22:49.534632Z
3243,nan,Royal Irrigation Department,2026-08-31,2026-09-06,200,OK,168,161,161,2026-08-31 00:00,2026-09-06 23:00,,2026-09-07T15:22:50.625517Z
3244,nan,Royal Irrigation Department,2026-08-31,2026-09-06,200,OK,168,155,155,2026-08-31 00:00,2026-09-06 23:00,,2026-09-07T15:22:51.745843Z
3245,nan,Royal Irrigation Department,2026-08-31,2026-09-06,200,OK,168,161,161,2026-08-31 00:00,2026-09-06 23:00,,2026-09-07T15:22:52.880065Z
3246,nan,Royal Irrigation Department,2026-08-31,2026-09-06,200,OK,168,161,161,2026-08-31 00:00,2026-09-06 23:00,,2026-09-07T15:22:54.015679Z
3247,nan,Royal Irrigation Department,2026-08-31,2026-09-06,200,OK,168,161,161,2026-08-31 00:00,2026-09-06 23:00,,2026-09-07T15:22:55.172209Z
3251,nan,Royal Irrigation Department,2026-08-31,2026-09-06,200,OK,168,161,161,2026-08-31 00:00,2026-09-06 23:00,,2026-09-07T15:22:56.296239Z
3253,nan,Royal Irrigation Department,2026-08-31,2026-09-06,200,OK,168,161,161,2026-08-31 00:00,2026-09-06 23:00,,2026-09-07T15:22:57.410981Z
3267,nan,Royal Irrigation Department,2026-08-31,2026-09-06,200,OK,168,161,161,2026-08-31 00:00,2026-09-06 23:00,,2026-09-07T15:22:58.511936Z
3269,nan,Royal Irrigation Department,2026-08-31,2026-09-06,200,OK,168,7,7,2026-08-31 00:00,2026-09-06 23:00,,2026-09-07T15:22:59.587577Z
3271,nan,Royal Irrigation Department,2026-08-31,2026-09-06,200,OK,168,160,160,2026-08-31 00:00,2026-09-06 23:00,,2026-09-07T15:23:00.712509Z
3281,nan,Royal Irrigation Department,2026-08-31,2026-09-06,200,OK,168,152,152,2026-08-31 00:00,2026-09-06 23:00,,2026-09-07T15:23:01.835976Z
3283,nan,Royal Irrigation Department,2026-08-31,2026-09-06,200,OK,168,161,161,2026-08-31 00:00,2026-09-06 23:00,,2026-09-07T15:23:02.985884Z
3285,nan,Royal Irrigation Department,2026-08-31,2026-09-06,200,OK,168,7,7,2026-08-31 00:00,2026-09-06 23:00,,2026-09-07T15:23:04.115865Z
3286,nan,Royal Irrigation Department,2026-08-31,2026-09-06,200,OK,168,161,161,2026-08-31 00:00,2026-09-06 23:00,,2026-09-07T15:23:05.241248Z
3288,nan,Royal Irrigation Department,2026-08-31,2026-09-06,200,OK,168,155,155,2026-08-31 00:00,2026-09-06 23:00,,2026-09-07T15:23:06.369689Z
3292,nan,Royal Irrigation Department,2026-08-31,2026-09-06,200,OK,168,161,161,2026-08-31 00:00,2026-09-06 23:00,,2026-09-07T15:23:07.505329Z
3294,nan,Royal Irrigation Department,2026-08-31,2026-09-06,200,OK,168,20,20,2026-08-31 00:00,2026-09-06 23:00,,2026-09-07T15:23:08.625558Z
3295,nan,Royal Irrigation Department,2026-08-31,2026-09-06,200,OK,168,161,161,2026-08-31 00:00,2026-09-06 23:00,,2026-09-07T15:23:09.892244Z
3296,nan,Royal Irrigation Department,2026-08-31,2026-09-06,200,OK,168,7,7,2026-08-31 00:00,2026-09-06 23:00,,2026-09-07T15:23:11.041832Z
3298,nan,Royal Irrigation Department,2026-08-31,2026-09-06,200,OK,168,7,7,2026-08-31 00:00,2026-09-06 23:00,,2026-09-07T15:23:12.176571Z
3299,nan,Royal Irrigation Department,2026-08-31,2026-09-06,200,OK,168,7,7,2026-08-31 00:00,2026-09-06 23:00,,2026-09-07T15:23:13.316402Z
330,Chi 5,Hydro – Informatics Institute (Public Organization),2026-08-31,2026-09-06,200,OK,1008,1005,0,2026-08-31 00:00,2026-09-06 23:50,,2026-09-07T15:23:15.485262Z
3303,nan,Royal Irrigation Department,2026-08-31,2026-09-06,200,OK,168,159,159,2026-08-31 00:00,2026-09-06 23:00,,2026-09-07T15:23:16.644425Z
3304,nan,Royal Irrigation Department,2026-08-31,2026-09-06,200,OK,168,159,159,2026-08-31 00:00,2026-09-06 23:00,,2026-09-07T15:23:17.707667Z
333,Chi 6,Hydro – Informatics Institute (Public Organization),2026-08-31,2026-09-06,200,OK,1008,1005,0,2026-08-31 00:00,2026-09-06 23:50,,2026-09-07T15:23:19.750974Z
335,Khong 4,Hydro – Informatics Institute (Public Organization),2026-08-31,2026-09-06,200,OK,1008,938,0,2026-08-31 00:00,2026-09-06 23:50,,2026-09-07T15:23:21.745911Z
342,Khong 2,Hydro – Informatics Institute (Public Organization),2026-08-31,2026-09-06,200,OK,1008,1004,0,2026-08-31 00:00,2026-09-06 23:50,,2026-09-07T15:23:23.823332Z
3441,nan,Electricity Generating Authority of Thailand,2026-08-31,2026-09-06,200,OK,168,168,168,2026-08-31 00:00,2026-09-06 23:00,,2026-09-07T15:23:24.988777Z
3459,nan,Electricity Generating Authority of Thailand,2026-08-31,2026-09-06,200,OK,168,85,85,2026-08-31 00:00,2026-09-06 23:00,,2026-09-07T15:23:26.111023Z
3476,nan,Electricity Generating Authority of Thailand,2026-08-31,2026-09-06,200,OK,168,94,0,2026-08-31 00:00,2026-09-06 23:00,,2026-09-07T15:23:27.237742Z
348,Khong 1,Hydro – Informatics Institute (Public Organization),2026-08-31,2026-09-06,200,OK,1008,959,0,2026-08-31 00:00,2026-09-06 23:50,,2026-09-07T15:23:29.194999Z
3509,nan,Electricity Generating Authority of Thailand,2026-08-31,2026-09-06,200,OK,168,160,160,2026-08-31 00:00,2026-09-06 23:00,,2026-09-07T15:23:30.318940Z
3510,nan,Electricity Generating Authority of Thailand,2026-08-31,2026-09-06,200,OK,168,168,168,2026-08-31 00:00,2026-09-06 23:00,,2026-09-07T15:23:31.446145Z
3519,nan,Electricity Generating Authority of Thailand,2026-08-31,2026-09-06,200,OK,168,168,168,2026-08-31 00:00,2026-09-06 23:00,,2026-09-07T15:23:32.539751Z
3523,nan,Electricity Generating Authority of Thailand,2026-08-31,2026-09-06,200,OK,168,168,0,2026-08-31 00:00,2026-09-06 23:00,,2026-09-07T15:23:33.598640Z
3524,nan,Electricity Generating Authority of Thailand,2026-08-31,2026-09-06,200,OK,168,168,168,2026-08-31 00:00,2026-09-06 23:00,,2026-09-07T15:23:34.750992Z
3525,nan,Electricity Generating Authority of Thailand,2026-08-31,2026-09-06,200,OK,168,168,168,2026-08-31 00:00,2026-09-06 23:00,,2026-09-07T15:23:35.836554Z
3526,nan,Electricity Generating Authority of Thailand,2026-08-31,2026-09-06,200,OK,168,168,0,2026-08-31 00:00,2026-09-06 23:00,,2026-09-07T15:23:36.976488Z
3529,nan,Electricity Generating Authority of Thailand,2026-08-31,2026-09-06,200,OK,168,168,0,2026-08-31 00:00,2026-09-06 23:00,,2026-09-07T15:23:38.101114Z
3531,nan,Electricity Generating Authority of Thailand,2026-08-31,2026-09-06,200,OK,168,168,0,2026-08-31 00:00,2026-09-06 23:00,,2026-09-07T15:23:39.216727Z
3533,nan,Electricity Generating Authority of Thailand,2026-08-31,2026-09-06,200,OK,168,168,0,2026-08-31 00:00,2026-09-06 23:00,,2026-09-07T15:23:40.281506Z
3542,nan,Electricity Generating Authority of Thailand,2026-08-31,2026-09-06,200,OK,168,168,0,2026-08-31 00:00,2026-09-06 23:00,,2026-09-07T15:23:41.354779Z
3543,nan,Electricity Generating Authority of Thailand,2026-08-31,2026-09-06,200,OK,168,168,0,2026-08-31 00:00,2026-09-06 23:00,,2026-09-07T15:23:42.502200Z
3544,nan,Electricity Generating Authority of Thailand,2026-08-31,2026-09-06,200,OK,168,168,0,2026-08-31 00:00,2026-09-06 23:00,,2026-09-07T15:23:43.620035Z
358,Mueang Maha Sarakham,Hydro – Informatics Institute (Public Organization),2026-08-31,2026-09-06,200,OK,1008,1005,0,2026-08-31 00:00,2026-09-06 23:50,,2026-09-07T15:23:45.826728Z
36,Rabibadhana Nong Suea,Hydro – Informatics Institute (Public Organization),2026-08-31,2026-09-06,200,OK,1008,1005,0,2026-08-31 00:00,2026-09-06 23:50,,2026-09-07T15:23:47.741594Z
37,Lam Luk Ka Klong8,Hydro – Informatics Institute (Public Organization),2026-08-31,2026-09-06,200,OK,1008,1005,0,2026-08-31 00:00,2026-09-06 23:50,,2026-09-07T15:23:49.789055Z
380,Yang Talad,Hydro – Informatics Institute (Public Organization),2026-08-31,2026-09-06,200,OK,1008,978,0,2026-08-31 00:00,2026-09-06 23:50,,2026-09-07T15:23:51.729766Z
385579,Water Transmission and Maintenance 2,Hydro – Informatics Institute (Public Organization),2026-08-31,2026-09-06,200,OK,1008,1005,0,2026-08-31 00:00,2026-09-06 23:50,,2026-09-07T15:23:53.928995Z
385582,Lam Pathia Bridge,Hydro – Informatics Institute (Public Organization),2026-08-31,2026-09-06,200,OK,1008,458,0,2026-08-31 00:00,2026-09-06 23:50,,2026-09-07T15:23:55.990700Z
385586,Rap Ro - Hin Kaeo Bridge,Hydro – Informatics Institute (Public Organization),2026-08-31,2026-09-06,200,OK,1008,1004,0,2026-08-31 00:00,2026-09-06 23:50,,2026-09-07T15:23:57.968341Z
39,Chao Phraya 11,Hydro – Informatics Institute (Public Organization),2026-08-31,2026-09-06,200,OK,1008,1005,0,2026-08-31 00:00,2026-09-06 23:50,,2026-09-07T15:23:59.966281Z
393,Song Kram 3,Hydro – Informatics Institute (Public Organization),2026-08-31,2026-09-06,200,OK,1008,0,0,2026-08-31 00:00,2026-09-06 23:50,,2026-09-07T15:24:02.077277Z
395,Nathom Bridge,Hydro – Informatics Institute (Public Organization),2026-08-31,2026-09-06,200,OK,1008,990,0,2026-08-31 00:00,2026-09-06 23:50,,2026-09-07T15:24:04.128019Z
396,Sawang Daen Din,Hydro – Informatics Institute (Public Organization),2026-08-31,2026-09-06,200,OK,1008,874,0,2026-08-31 00:00,2026-09-06 23:50,,2026-09-07T15:24:06.233878Z
4,Chao Phraya 15,Hydro – Informatics Institute (Public Organization),2026-08-31,2026-09-06,200,OK,1008,985,0,2026-08-31 00:00,2026-09-06 23:50,,2026-09-07T15:24:08.181824Z
40,Pa Sak 8,Hydro – Informatics Institute (Public Organization),2026-08-31,2026-09-06,200,OK,1008,1005,0,2026-08-31 00:00,2026-09-06 23:50,,2026-09-07T15:24:10.313455Z
405,Sri Songkram,Hydro – Informatics Institute (Public Organization),2026-08-31,2026-09-06,200,OK,1008,947,0,2026-08-31 00:00,2026-09-06 23:50,,2026-09-07T15:24:12.419822Z
414,Chiang Mai 4,Hydro – Informatics Institute (Public Organization),2026-08-31,2026-09-06,200,OK,1008,1005,0,2026-08-31 00:00,2026-09-06 23:50,,2026-09-07T15:24:14.577511Z
418,Chiang Mai 5,Hydro – Informatics Institute (Public Organization),2026-08-31,2026-09-06,200,OK,1008,1005,0,2026-08-31 00:00,2026-09-06 23:50,,2026-09-07T15:24:16.599611Z
422,Chiang Mai 7,Hydro – Informatics Institute (Public Organization),2026-08-31,2026-09-06,200,OK,1008,1004,0,2026-08-31 00:00,2026-09-06 23:50,,2026-09-07T15:24:18.592200Z
424,Chiang Mai 3,Hydro – Informatics Institute (Public Organization),2026-08-31,2026-09-06,200,OK,1008,1005,0,2026-08-31 00:00,2026-09-06 23:50,,2026-09-07T15:24:20.629580Z
427,Civil Bridge,Hydro – Informatics Institute (Public Organization),2026-08-31,2026-09-06,200,OK,1008,1005,0,2026-08-31 00:00,2026-09-06 23:50,,2026-09-07T15:24:22.646761Z
430,Chiang Mai 1,Hydro – Informatics Institute (Public Organization),2026-08-31,2026-09-06,200,OK,1008,1005,0,2026-08-31 00:00,2026-09-06 23:50,,2026-09-07T15:24:24.761598Z
434,Chiang Mai 2,Hydro – Informatics Institute (Public Organization),2026-08-31,2026-09-06,200,OK,1008,1005,0,2026-08-31 00:00,2026-09-06 23:50,,2026-09-07T15:24:26.748374Z
44,Pa Sak 9,Hydro – Informatics Institute (Public Organization),2026-08-31,2026-09-06,200,OK,1008,1005,0,2026-08-31 00:00,2026-09-06 23:50,,2026-09-07T15:24:28.772841Z
454,Wang 4,Hydro – Informatics Institute (Public Organization),2026-08-31,2026-09-06,200,OK,1008,1005,0,2026-08-31 00:00,2026-09-06 23:50,,2026-09-07T15:24:30.919572Z
463,Wang 3,Hydro – Informatics Institute (Public Organization),2026-08-31,2026-09-06,200,OK,1008,1005,0,2026-08-31 00:00,2026-09-06 23:50,,2026-09-07T15:24:32.879037Z
464,Wang 2,Hydro – Informatics Institute (Public Organization),2026-08-31,2026-09-06,200,OK,1008,1005,0,2026-08-31 00:00,2026-09-06 23:50,,2026-09-07T15:24:35.044595Z
47,Chao Phraya 10,Hydro – Informatics Institute (Public Organization),2026-08-31,2026-09-06,200,OK,1008,999,0,2026-08-31 00:00,2026-09-06 23:50,,2026-09-07T15:24:37.105003Z
471583,Chong Sa Dao,Hydro – Informatics Institute (Public Organization),2026-08-31,2026-09-06,200,OK,1008,995,0,2026-08-31 00:00,2026-09-06 23:50,,2026-09-07T15:24:39.186412Z
472,Nan 11,Hydro – Informatics Institute (Public Organization),2026-08-31,2026-09-06,200,OK,1008,999,0,2026-08-31 00:00,2026-09-06 23:50,,2026-09-07T15:24:41.343188Z
475,NAN 14,Hydro – Informatics Institute (Public Organization),2026-08-31,2026-09-06,200,OK,1008,1005,0,2026-08-31 00:00,2026-09-06 23:50,,2026-09-07T15:24:43.327154Z
478,Nan 10,Hydro – Informatics Institute (Public Organization),2026-08-31,2026-09-06,200,OK,1008,1005,0,2026-08-31 00:00,2026-09-06 23:50,,2026-09-07T15:24:45.505595Z
479230,Kok1,Hydro – Informatics Institute (Public Organization),2026-08-31,2026-09-06,200,OK,1008,1005,0,2026-08-31 00:00,2026-09-06 23:50,,2026-09-07T15:24:47.549967Z
479231,Ing 3,Hydro – Informatics Institute (Public Organization),2026-08-31,2026-09-06,200,OK,1008,1005,0,2026-08-31 00:00,2026-09-06 23:50,,2026-09-07T15:24:49.586695Z
479232,Ing 1,Hydro – Informatics Institute (Public Organization),2026-08-31,2026-09-06,200,OK,1008,1005,0,2026-08-31 00:00,2026-09-06 23:50,,2026-09-07T15:24:51.730204Z
479233,Chi 1-1,Hydro – Informatics Institute (Public Organization),2026-08-31,2026-09-06,200,OK,1008,1003,0,2026-08-31 00:00,2026-09-06 23:50,,2026-09-07T15:24:54.846630Z
479234,Chi 11-1,Hydro – Informatics Institute (Public Organization),2026-08-31,2026-09-06,200,OK,1008,1005,0,2026-08-31 00:00,2026-09-06 23:50,,2026-09-07T15:24:56.778889Z
479235,Songkhram 2,Hydro – Informatics Institute (Public Organization),2026-08-31,2026-09-06,200,OK,1008,1004,0,2026-08-31 00:00,2026-09-06 23:50,,2026-09-07T15:24:58.909206Z
479236,Songkhram 3,Hydro – Informatics Institute (Public Organization),2026-08-31,2026-09-06,200,OK,1008,992,0,2026-08-31 00:00,2026-09-06 23:50,,2026-09-07T15:25:01.022595Z
479237,Chi 10-1,Hydro – Informatics Institute (Public Organization),2026-08-31,2026-09-06,200,OK,1008,0,0,2026-08-31 00:00,2026-09-06 23:50,,2026-09-07T15:25:03.127578Z
479238,Num Pung,Hydro – Informatics Institute (Public Organization),2026-08-31,2026-09-06,200,OK,1008,1000,0,2026-08-31 00:00,2026-09-06 23:50,,2026-09-07T15:25:05.214766Z
479240,Num Kum 1,Hydro – Informatics Institute (Public Organization),2026-08-31,2026-09-06,200,OK,1008,0,0,2026-08-31 00:00,2026-09-06 23:50,,2026-09-07T15:25:07.264628Z
479241,Yasothon 1,Hydro – Informatics Institute (Public Organization),2026-08-31,2026-09-06,200,OK,1008,1005,0,2026-08-31 00:00,2026-09-06 23:50,,2026-09-07T15:25:09.439010Z
48,Chao Phraya 9,Hydro – Informatics Institute (Public Organization),2026-08-31,2026-09-06,200,OK,1008,1002,0,2026-08-31 00:00,2026-09-06 23:50,,2026-09-07T15:25:11.524061Z
482,Nan 4,Hydro – Informatics Institute (Public Organization),2026-08-31,2026-09-06,200,OK,1008,1005,0,2026-08-31 00:00,2026-09-06 23:50,,2026-09-07T15:25:13.543641Z
483,Yom-Nan 3,Hydro – Informatics Institute (Public Organization),2026-08-31,2026-09-06,200,OK,1008,1005,0,2026-08-31 00:00,2026-09-06 23:50,,2026-09-07T15:25:15.696058Z
489,Yom 10,Hydro – Informatics Institute (Public Organization),2026-08-31,2026-09-06,200,OK,1008,1005,0,2026-08-31 00:00,2026-09-06 23:50,,2026-09-07T15:25:17.766516Z
49,Chao Phraya 12,Hydro – Informatics Institute (Public Organization),2026-08-31,2026-09-06,200,OK,1008,996,0,2026-08-31 00:00,2026-09-06 23:50,,2026-09-07T15:25:19.825936Z
493,Yom 4,Hydro – Informatics Institute (Public Organization),2026-08-31,2026-09-06,200,OK,1008,1005,0,2026-08-31 00:00,2026-09-06 23:50,,2026-09-07T15:25:21.819406Z
499,Yom 3,Hydro – Informatics Institute (Public Organization),2026-08-31,2026-09-06,200,OK,1008,1005,0,2026-08-31 00:00,2026-09-06 23:50,,2026-09-07T15:25:23.776892Z
5,Krung Thep 3,Hydro – Informatics Institute (Public Organization),2026-08-31,2026-09-06,200,OK,1008,250,0,2026-08-31 00:00,2026-09-06 23:50,,2026-09-07T15:25:25.750044Z
50,Lop Buri 1,Hydro – Informatics Institute (Public Organization),2026-08-31,2026-09-06,200,OK,1008,1005,0,2026-08-31 00:00,2026-09-06 23:50,,2026-09-07T15:25:27.705356Z
504679,nan,Royal Irrigation Department,2026-08-31,2026-09-06,200,OK,168,161,161,2026-08-31 00:00,2026-09-06 23:00,,2026-09-07T15:25:28.856491Z
504708,nan,Royal Irrigation Department,2026-08-31,2026-09-06,200,OK,168,161,161,2026-08-31 00:00,2026-09-06 23:00,,2026-09-07T15:25:29.940797Z
504897,nan,Royal Irrigation Department,2026-08-31,2026-09-06,200,OK,168,161,161,2026-08-31 00:00,2026-09-06 23:00,,2026-09-07T15:25:31.217245Z
504940,nan,Royal Irrigation Department,2026-08-31,2026-09-06,200,OK,168,63,63,2026-08-31 00:00,2026-09-06 23:00,,2026-09-07T15:25:32.360010Z
504945,nan,Royal Irrigation Department,2026-08-31,2026-09-06,200,OK,168,157,157,2026-08-31 00:00,2026-09-06 23:00,,2026-09-07T15:25:33.544219Z
504962,nan,Royal Irrigation Department,2026-08-31,2026-09-06,200,OK,168,157,157,2026-08-31 00:00,2026-09-06 23:00,,2026-09-07T15:25:34.716511Z
504982,nan,Royal Irrigation Department,2026-08-31,2026-09-06,200,OK,168,161,161,2026-08-31 00:00,2026-09-06 23:00,,2026-09-07T15:25:35.894555Z
504990,nan,Royal Irrigation Department,2026-08-31,2026-09-06,200,OK,168,161,0,2026-08-31 00:00,2026-09-06 23:00,,2026-09-07T15:25:36.994461Z
504994,nan,Royal Irrigation Department,2026-08-31,2026-09-06,200,OK,168,161,161,2026-08-31 00:00,2026-09-06 23:00,,2026-09-07T15:25:38.136376Z
504997,nan,Royal Irrigation Department,2026-08-31,2026-09-06,200,OK,168,161,161,2026-08-31 00:00,2026-09-06 23:00,,2026-09-07T15:25:39.280582Z
504999,nan,Royal Irrigation Department,2026-08-31,2026-09-06,200,OK,168,161,161,2026-08-31 00:00,2026-09-06 23:00,,2026-09-07T15:25:40.432025Z
505003,nan,Royal Irrigation Department,2026-08-31,2026-09-06,200,OK,168,161,0,2026-08-31 00:00,2026-09-06 23:00,,2026-09-07T15:25:41.553978Z
505011,nan,Royal Irrigation Department,2026-08-31,2026-09-06,200,OK,168,161,161,2026-08-31 00:00,2026-09-06 23:00,,2026-09-07T15:25:42.651565Z
505018,nan,Royal Irrigation Department,2026-08-31,2026-09-06,200,OK,168,152,152,2026-08-31 00:00,2026-09-06 23:00,,2026-09-07T15:25:43.779531Z
505025,nan,Royal Irrigation Department,2026-08-31,2026-09-06,200,OK,168,152,0,2026-08-31 00:00,2026-09-06 23:00,,2026-09-07T15:25:44.950491Z
505027,nan,Royal Irrigation Department,2026-08-31,2026-09-06,200,OK,168,152,152,2026-08-31 00:00,2026-09-06 23:00,,2026-09-07T15:25:46.033770Z
505029,nan,Royal Irrigation Department,2026-08-31,2026-09-06,200,OK,168,152,152,2026-08-31 00:00,2026-09-06 23:00,,2026-09-07T15:25:47.138498Z
505030,nan,Royal Irrigation Department,2026-08-31,2026-09-06,200,OK,168,152,0,2026-08-31 00:00,2026-09-06 23:00,,2026-09-07T15:25:48.262149Z
505037,nan,Royal Irrigation Department,2026-08-31,2026-09-06,200,OK,168,151,0,2026-08-31 00:00,2026-09-06 23:00,,2026-09-07T15:25:49.361825Z
505038,nan,Royal Irrigation Department,2026-08-31,2026-09-06,200,OK,168,152,0,2026-08-31 00:00,2026-09-06 23:00,,2026-09-07T15:25:50.491849Z
505039,nan,Royal Irrigation Department,2026-08-31,2026-09-06,200,OK,168,152,0,2026-08-31 00:00,2026-09-06 23:00,,2026-09-07T15:25:51.624292Z
505041,nan,Royal Irrigation Department,2026-08-31,2026-09-06,200,OK,168,152,0,2026-08-31 00:00,2026-09-06 23:00,,2026-09-07T15:25:52.721894Z
505050,nan,Royal Irrigation Department,2026-08-31,2026-09-06,200,OK,168,148,148,2026-08-31 00:00,2026-09-06 23:00,,2026-09-07T15:25:53.836208Z
505052,nan,Royal Irrigation Department,2026-08-31,2026-09-06,200,OK,168,148,0,2026-08-31 00:00,2026-09-06 23:00,,2026-09-07T15:25:54.917164Z
505056,nan,Royal Irrigation Department,2026-08-31,2026-09-06,200,OK,168,148,0,2026-08-31 00:00,2026-09-06 23:00,,2026-09-07T15:25:56.039220Z
505069,nan,Royal Irrigation Department,2026-08-31,2026-09-06,200,OK,168,148,148,2026-08-31 00:00,2026-09-06 23:00,,2026-09-07T15:25:57.175652Z
505072,nan,Royal Irrigation Department,2026-08-31,2026-09-06,200,OK,168,148,0,2026-08-31 00:00,2026-09-06 23:00,,2026-09-07T15:25:58.261838Z
508035,nan,Royal Irrigation Department,2026-08-31,2026-09-06,200,OK,168,160,160,2026-08-31 00:00,2026-09-06 23:00,,2026-09-07T15:25:59.342392Z
510,Nan 1,Hydro – Informatics Institute (Public Organization),2026-08-31,2026-09-06,200,OK,1008,1005,0,2026-08-31 00:00,2026-09-06 23:50,,2026-09-07T15:26:01.456423Z
512,Wieng Sa,Hydro – Informatics Institute (Public Organization),2026-08-31,2026-09-06,200,OK,1008,1005,0,2026-08-31 00:00,2026-09-06 23:50,,2026-09-07T15:26:03.541080Z
516210,Lamnam Khwang,Friend in Need (of “Pa”) Volunteers Foundation,2026-08-31,2026-09-06,200,OK,1008,0,0,2026-08-31 00:00,2026-09-06 23:50,,2026-09-07T15:26:05.558560Z
516213,Lamnam Kun,Friend in Need (of “Pa”) Volunteers Foundation,2026-08-31,2026-09-06,200,OK,1008,995,0,2026-08-31 00:00,2026-09-06 23:50,,2026-09-07T15:26:07.671392Z
516216,Nam Muap (Ban Phu Yaeng) Bridge ,Friend in Need (of “Pa”) Volunteers Foundation,2026-08-31,2026-09-06,200,OK,1008,995,0,2026-08-31 00:00,2026-09-06 23:50,,2026-09-07T15:26:09.659858Z
516218,Ban Tong,Friend in Need (of “Pa”) Volunteers Foundation,2026-08-31,2026-09-06,200,OK,1008,987,0,2026-08-31 00:00,2026-09-06 23:50,,2026-09-07T15:26:11.739355Z
522,Nan 2,Hydro – Informatics Institute (Public Organization),2026-08-31,2026-09-06,200,OK,1008,1002,0,2026-08-31 00:00,2026-09-06 23:50,,2026-09-07T15:26:13.646548Z
523,Nan 3,Hydro – Informatics Institute (Public Organization),2026-08-31,2026-09-06,200,OK,1008,1005,0,2026-08-31 00:00,2026-09-06 23:50,,2026-09-07T15:26:15.682183Z
526,Kwan Phayao,Hydro – Informatics Institute (Public Organization),2026-08-31,2026-09-06,200,OK,1008,1005,0,2026-08-31 00:00,2026-09-06 23:50,,2026-09-07T15:26:17.783624Z
527828,nan,Royal Irrigation Department,2026-08-31,2026-09-06,200,OK,168,161,161,2026-08-31 00:00,2026-09-06 23:00,,2026-09-07T15:26:18.941107Z
528052,nan,Royal Irrigation Department,2026-08-31,2026-09-06,200,OK,168,152,0,2026-08-31 00:00,2026-09-06 23:00,,2026-09-07T15:26:20.093826Z
529399,Lamnam Yam Bridge,Friend in Need (of “Pa”) Volunteers Foundation,2026-08-31,2026-09-06,200,OK,1008,990,0,2026-08-31 00:00,2026-09-06 23:50,,2026-09-07T15:26:22.169633Z
537,Chaing Rai 1,Hydro – Informatics Institute (Public Organization),2026-08-31,2026-09-06,200,OK,1008,1005,0,2026-08-31 00:00,2026-09-06 23:50,,2026-09-07T15:26:24.113072Z
54,Chao Phraya 16,Hydro – Informatics Institute (Public Organization),2026-08-31,2026-09-06,200,OK,1008,1005,0,2026-08-31 00:00,2026-09-06 23:50,,2026-09-07T15:26:26.110526Z
542,Chaing Rai 2,Hydro – Informatics Institute (Public Organization),2026-08-31,2026-09-06,200,OK,1008,1005,0,2026-08-31 00:00,2026-09-06 23:50,,2026-09-07T15:26:28.126813Z
545,Chaing Rai 3,Hydro – Informatics Institute (Public Organization),2026-08-31,2026-09-06,200,OK,1008,1005,0,2026-08-31 00:00,2026-09-06 23:50,,2026-09-07T15:26:30.121850Z
547,Chaing Rai 5,Hydro – Informatics Institute (Public Organization),2026-08-31,2026-09-06,200,OK,1008,1005,0,2026-08-31 00:00,2026-09-06 23:50,,2026-09-07T15:26:32.158112Z
550,Chaing Rai 4,Hydro – Informatics Institute (Public Organization),2026-08-31,2026-09-06,200,OK,1008,1005,0,2026-08-31 00:00,2026-09-06 23:50,,2026-09-07T15:26:34.203461Z
558654,Ban Kut Lo,Electricity Generating Authority of Thailand,2026-08-31,2026-09-06,200,OK,168,168,0,2026-08-31 00:00,2026-09-06 23:00,,2026-09-07T15:26:35.346333Z
558658,nan,Electricity Generating Authority of Thailand,2026-08-31,2026-09-06,200,OK,168,168,0,2026-08-31 00:00,2026-09-06 23:00,,2026-09-07T15:26:36.469903Z
558661,nan,Electricity Generating Authority of Thailand,2026-08-31,2026-09-06,200,OK,168,166,0,2026-08-31 00:00,2026-09-06 23:00,,2026-09-07T15:26:37.556924Z
560,Pai 1,Hydro – Informatics Institute (Public Organization),2026-08-31,2026-09-06,200,OK,1008,1005,0,2026-08-31 00:00,2026-09-06 23:50,,2026-09-07T15:26:39.591831Z
562796,nan,Electricity Generating Authority of Thailand,2026-08-31,2026-09-06,200,OK,168,168,168,2026-08-31 00:00,2026-09-06 23:00,,2026-09-07T15:26:40.723301Z
562799,nan,Electricity Generating Authority of Thailand,2026-08-31,2026-09-06,200,OK,168,168,168,2026-08-31 00:00,2026-09-06 23:00,,2026-09-07T15:26:41.850940Z
562800,nan,Electricity Generating Authority of Thailand,2026-08-31,2026-09-06,200,OK,168,168,0,2026-08-31 00:00,2026-09-06 23:00,,2026-09-07T15:26:42.951923Z
562802,nan,Electricity Generating Authority of Thailand,2026-08-31,2026-09-06,200,OK,168,168,0,2026-08-31 00:00,2026-09-06 23:00,,2026-09-07T15:26:44.034643Z
562803,nan,Electricity Generating Authority of Thailand,2026-08-31,2026-09-06,200,OK,168,168,0,2026-08-31 00:00,2026-09-06 23:00,,2026-09-07T15:26:45.184761Z
562804,nan,Electricity Generating Authority of Thailand,2026-08-31,2026-09-06,200,OK,168,168,0,2026-08-31 00:00,2026-09-06 23:00,,2026-09-07T15:26:46.281683Z
562808,nan,Electricity Generating Authority of Thailand,2026-08-31,2026-09-06,200,OK,168,168,0,2026-08-31 00:00,2026-09-06 23:00,,2026-09-07T15:26:48.732936Z
568,Chao Phraya 1,Hydro – Informatics Institute (Public Organization),2026-08-31,2026-09-06,200,OK,1008,1005,0,2026-08-31 00:00,2026-09-06 23:50,,2026-09-07T15:26:50.807715Z
57,Sena,Hydro – Informatics Institute (Public Organization),2026-08-31,2026-09-06,200,OK,1008,1005,0,2026-08-31 00:00,2026-09-06 23:50,,2026-09-07T15:26:52.875552Z
573,Nan 8,Hydro – Informatics Institute (Public Organization),2026-08-31,2026-09-06,200,OK,1008,1005,0,2026-08-31 00:00,2026-09-06 23:50,,2026-09-07T15:26:54.987930Z
575565,Srinakorn Khuaenkhan Park,Hydro – Informatics Institute (Public Organization),2026-08-31,2026-09-06,200,OK,1008,0,0,2026-08-31 00:00,2026-09-06 23:50,,2026-09-07T15:26:56.893991Z
575566,Wat Bangkachao Nok Gate,Hydro – Informatics Institute (Public Organization),2026-08-31,2026-09-06,200,OK,1008,964,0,2026-08-31 00:00,2026-09-06 23:50,,2026-09-07T15:26:58.952317Z
575567,Khlong Lat Bang Yo 1 Gate,Hydro – Informatics Institute (Public Organization),2026-08-31,2026-09-06,200,OK,1008,971,0,2026-08-31 00:00,2026-09-06 23:50,,2026-09-07T15:27:00.917385Z
575568,Khlong Lat Bang Yo 2 Gate,Hydro – Informatics Institute (Public Organization),2026-08-31,2026-09-06,200,OK,1008,877,0,2026-08-31 00:00,2026-09-06 23:50,,2026-09-07T15:27:02.993173Z
575569,Khlong Ta Sot Gate,Hydro – Informatics Institute (Public Organization),2026-08-31,2026-09-06,200,OK,1008,0,0,2026-08-31 00:00,2026-09-06 23:50,,2026-09-07T15:27:05.090729Z
577,Ping 5,Hydro – Informatics Institute (Public Organization),2026-08-31,2026-09-06,200,OK,1008,1005,0,2026-08-31 00:00,2026-09-06 23:50,,2026-09-07T15:27:07.193948Z
58,Chao Phraya 8,Hydro – Informatics Institute (Public Organization),2026-08-31,2026-09-06,200,OK,1008,1001,0,2026-08-31 00:00,2026-09-06 23:50,,2026-09-07T15:27:09.315126Z
584,Chao Phraya 2,Hydro – Informatics Institute (Public Organization),2026-08-31,2026-09-06,200,OK,1008,1005,0,2026-08-31 00:00,2026-09-06 23:50,,2026-09-07T15:27:11.433937Z
587,Sakae Krang 7,Hydro – Informatics Institute (Public Organization),2026-08-31,2026-09-06,200,OK,1008,1005,0,2026-08-31 00:00,2026-09-06 23:50,,2026-09-07T15:27:13.489539Z
592,Sakae Krang 4,Hydro – Informatics Institute (Public Organization),2026-08-31,2026-09-06,200,OK,1008,1005,0,2026-08-31 00:00,2026-09-06 23:50,,2026-09-07T15:27:15.380157Z
595,Sakae Krang 2,Hydro – Informatics Institute (Public Organization),2026-08-31,2026-09-06,200,OK,1008,1,0,2026-08-31 00:00,2026-09-06 23:50,,2026-09-07T15:27:17.302044Z
595071,Mae Sa Bridge Bridge,Friend in Need (of “Pa”) Volunteers Foundation,2026-08-31,2026-09-06,200,OK,1008,1002,0,2026-08-31 00:00,2026-09-06 23:50,,2026-09-07T15:27:19.289370Z
595072,Mae Ta Chang Bridge,Friend in Need (of “Pa”) Volunteers Foundation,2026-08-31,2026-09-06,200,OK,1008,820,0,2026-08-31 00:00,2026-09-06 23:50,,2026-09-07T15:27:21.403215Z
609,Mueang Kamphaeng Phet (P7A),Hydro – Informatics Institute (Public Organization),2026-08-31,2026-09-06,200,OK,1008,1005,0,2026-08-31 00:00,2026-09-06 23:50,,2026-09-07T15:27:23.544936Z
61,Lop Buri 2,Hydro – Informatics Institute (Public Organization),2026-08-31,2026-09-06,200,OK,1008,1005,0,2026-08-31 00:00,2026-09-06 23:50,,2026-09-07T15:27:25.637075Z
610,Ping 3,Hydro – Informatics Institute (Public Organization),2026-08-31,2026-09-06,200,OK,1008,1005,0,2026-08-31 00:00,2026-09-06 23:50,,2026-09-07T15:27:27.646578Z
611,Tor Thong Daeng1,Hydro – Informatics Institute (Public Organization),2026-08-31,2026-09-06,200,OK,1008,1005,0,2026-08-31 00:00,2026-09-06 23:50,,2026-09-07T15:27:29.616613Z
616,Ping 4,Hydro – Informatics Institute (Public Organization),2026-08-31,2026-09-06,200,OK,1008,1005,0,2026-08-31 00:00,2026-09-06 23:50,,2026-09-07T15:27:31.529348Z
618,Maewong Bridge,Hydro – Informatics Institute (Public Organization),2026-08-31,2026-09-06,200,OK,1008,1005,0,2026-08-31 00:00,2026-09-06 23:50,,2026-09-07T15:27:33.604291Z
619,Ton num Bridge,Hydro – Informatics Institute (Public Organization),2026-08-31,2026-09-06,200,OK,1008,1005,0,2026-08-31 00:00,2026-09-06 23:50,,2026-09-07T15:27:35.710598Z
628,Ping 1,Hydro – Informatics Institute (Public Organization),2026-08-31,2026-09-06,200,OK,1008,1005,0,2026-08-31 00:00,2026-09-06 23:50,,2026-09-07T15:27:37.692329Z
630,Wang 1,Hydro – Informatics Institute (Public Organization),2026-08-31,2026-09-06,200,OK,1008,1005,0,2026-08-31 00:00,2026-09-06 23:50,,2026-09-07T15:27:39.680498Z
632505,nan,Royal Irrigation Department,2026-08-31,2026-09-06,200,OK,168,161,161,2026-08-31 00:00,2026-09-06 23:00,,2026-09-07T15:27:40.744892Z
632511,nan,Royal Irrigation Department,2026-08-31,2026-09-06,200,OK,168,161,161,2026-08-31 00:00,2026-09-06 23:00,,2026-09-07T15:27:41.808020Z
638,Ping 2,Hydro – Informatics Institute (Public Organization),2026-08-31,2026-09-06,200,OK,1008,1005,0,2026-08-31 00:00,2026-09-06 23:50,,2026-09-07T15:27:43.857180Z
638734,Khlong Mae Ramphan 1,Friend in Need (of “Pa”) Volunteers Foundation,2026-08-31,2026-09-06,200,OK,1008,998,0,2026-08-31 00:00,2026-09-06 23:50,,2026-09-07T15:27:45.897614Z
640,Yom 12,Hydro – Informatics Institute (Public Organization),2026-08-31,2026-09-06,200,OK,1008,568,0,2026-08-31 00:00,2026-09-06 23:50,,2026-09-07T15:27:47.990740Z
642740,Mae Sao bridge,Friend in Need (of “Pa”) Volunteers Foundation,2026-08-31,2026-09-06,200,OK,1008,1003,0,2026-08-31 00:00,2026-09-06 23:50,,2026-09-07T15:27:50.017742Z
642750,Mae Nam Nan (Ban Piang Ko) Bridge,Friend in Need (of “Pa”) Volunteers Foundation,2026-08-31,2026-09-06,200,OK,1008,1001,0,2026-08-31 00:00,2026-09-06 23:50,,2026-09-07T15:27:52.136928Z
642753,Nam Khwang (Ban Rong Ngae) Bridge,Friend in Need (of “Pa”) Volunteers Foundation,2026-08-31,2026-09-06,200,OK,1008,998,0,2026-08-31 00:00,2026-09-06 23:50,,2026-09-07T15:27:54.126799Z
645,Yom 7,Hydro – Informatics Institute (Public Organization),2026-08-31,2026-09-06,200,OK,1008,1005,0,2026-08-31 00:00,2026-09-06 23:50,,2026-09-07T15:27:56.104371Z
647,Yom 5,Hydro – Informatics Institute (Public Organization),2026-08-31,2026-09-06,200,OK,1008,1005,0,2026-08-31 00:00,2026-09-06 23:50,,2026-09-07T15:27:58.150676Z
648042,Ban SongKhwae Bridge,Friend in Need (of “Pa”) Volunteers Foundation,2026-08-31,2026-09-06,200,OK,1008,1003,0,2026-08-31 00:00,2026-09-06 23:50,,2026-09-07T15:28:00.164010Z
653,Yom 6,Hydro – Informatics Institute (Public Organization),2026-08-31,2026-09-06,200,OK,1008,1005,0,2026-08-31 00:00,2026-09-06 23:50,,2026-09-07T15:28:02.201718Z
657,Nan 12,Hydro – Informatics Institute (Public Organization),2026-08-31,2026-09-06,200,OK,1008,1005,0,2026-08-31 00:00,2026-09-06 23:50,,2026-09-07T15:28:04.237901Z
658,Yom-Nan4,Hydro – Informatics Institute (Public Organization),2026-08-31,2026-09-06,200,OK,1008,1005,0,2026-08-31 00:00,2026-09-06 23:50,,2026-09-07T15:28:06.341150Z
661,Nakhon Thai,Hydro – Informatics Institute (Public Organization),2026-08-31,2026-09-06,200,OK,1008,1005,0,2026-08-31 00:00,2026-09-06 23:50,,2026-09-07T15:28:08.305371Z
664,Yom 8,Hydro – Informatics Institute (Public Organization),2026-08-31,2026-09-06,200,OK,1008,1005,0,2026-08-31 00:00,2026-09-06 23:50,,2026-09-07T15:28:10.306247Z
665,Chum Saeng Songkhram Communuty,Hydro – Informatics Institute (Public Organization),2026-08-31,2026-09-06,200,OK,1008,1005,0,2026-08-31 00:00,2026-09-06 23:50,,2026-09-07T15:28:12.381342Z
667,Nan 6,Hydro – Informatics Institute (Public Organization),2026-08-31,2026-09-06,200,OK,1008,1005,0,2026-08-31 00:00,2026-09-06 23:50,,2026-09-07T15:28:14.474794Z
668,Nakhon Pa Mak Ruamjai Bridge,Hydro – Informatics Institute (Public Organization),2026-08-31,2026-09-06,200,OK,1008,1005,0,2026-08-31 00:00,2026-09-06 23:50,,2026-09-07T15:28:16.534724Z
670714,Si Don Chai Bridge,Friend in Need (of “Pa”) Volunteers Foundation,2026-08-31,2026-09-06,200,OK,1008,1001,0,2026-08-31 00:00,2026-09-06 23:50,,2026-09-07T15:28:18.664594Z
670715,Ban Thung Yao Nuea Bridge,Friend in Need (of “Pa”) Volunteers Foundation,2026-08-31,2026-09-06,200,OK,1008,1002,0,2026-08-31 00:00,2026-09-06 23:50,,2026-09-07T15:28:20.633559Z
671,Yom-Nan2,Hydro – Informatics Institute (Public Organization),2026-08-31,2026-09-06,200,OK,1008,1005,0,2026-08-31 00:00,2026-09-06 23:50,,2026-09-07T15:28:22.744749Z
675,Nan 13,Hydro – Informatics Institute (Public Organization),2026-08-31,2026-09-06,200,OK,1008,1005,0,2026-08-31 00:00,2026-09-06 23:50,,2026-09-07T15:28:24.845040Z
676,Nan 5,Hydro – Informatics Institute (Public Organization),2026-08-31,2026-09-06,200,OK,1008,1005,0,2026-08-31 00:00,2026-09-06 23:50,,2026-09-07T15:28:26.878036Z
68,Chao Phraya 7,Hydro – Informatics Institute (Public Organization),2026-08-31,2026-09-06,200,OK,1008,1005,0,2026-08-31 00:00,2026-09-06 23:50,,2026-09-07T15:28:28.921914Z
680,Yom 9,Hydro – Informatics Institute (Public Organization),2026-08-31,2026-09-06,200,OK,1008,1005,0,2026-08-31 00:00,2026-09-06 23:50,,2026-09-07T15:28:30.808003Z
683,Nan 7,Hydro – Informatics Institute (Public Organization),2026-08-31,2026-09-06,200,OK,1008,1005,0,2026-08-31 00:00,2026-09-06 23:50,,2026-09-07T15:28:32.870349Z
685637,Nam Kon (Ban Phaya Kaeo) Bridge,Friend in Need (of “Pa”) Volunteers Foundation,2026-08-31,2026-09-06,200,OK,1008,1000,0,2026-08-31 00:00,2026-09-06 23:50,,2026-09-07T15:28:34.896167Z
685638,Mae Nam Wa (Ban Bo Yuak) Bridge,Friend in Need (of “Pa”) Volunteers Foundation,2026-08-31,2026-09-06,200,OK,1008,0,0,2026-08-31 00:00,2026-09-06 23:50,,2026-09-07T15:28:36.987529Z
685643,Nam Sai Birgde,Friend in Need (of “Pa”) Volunteers Foundation,2026-08-31,2026-09-06,200,OK,1008,999,0,2026-08-31 00:00,2026-09-06 23:50,,2026-09-07T15:28:39.012677Z
685650,Nam Wa (Ban Nam Wa),Friend in Need (of “Pa”) Volunteers Foundation,2026-08-31,2026-09-06,200,OK,1008,790,0,2026-08-31 00:00,2026-09-06 23:50,,2026-09-07T15:28:41.060496Z
685653,Ban Pa Hung Birdge,Friend in Need (of “Pa”) Volunteers Foundation,2026-08-31,2026-09-06,200,OK,1008,1000,0,2026-08-31 00:00,2026-09-06 23:50,,2026-09-07T15:28:42.995536Z
685658,Nam Muab (Ban Nam Muab) Birdge,Friend in Need (of “Pa”) Volunteers Foundation,2026-08-31,2026-09-06,200,OK,1008,889,0,2026-08-31 00:00,2026-09-06 23:50,,2026-09-07T15:28:45.028958Z
685678,Mae Tuen Bridge,Friend in Need (of “Pa”) Volunteers Foundation,2026-08-31,2026-09-06,200,OK,1008,324,0,2026-08-31 00:00,2026-09-06 23:50,,2026-09-07T15:28:47.112165Z
691,Pa Sak 2,Hydro – Informatics Institute (Public Organization),2026-08-31,2026-09-06,200,OK,1008,997,0,2026-08-31 00:00,2026-09-06 23:50,,2026-09-07T15:28:49.150874Z
693,Pa Sak 1,Hydro – Informatics Institute (Public Organization),2026-08-31,2026-09-06,200,OK,1008,1005,0,2026-08-31 00:00,2026-09-06 23:50,,2026-09-07T15:28:51.192321Z
700,Pa Sak 3,Hydro – Informatics Institute (Public Organization),2026-08-31,2026-09-06,200,OK,1008,1005,0,2026-08-31 00:00,2026-09-06 23:50,,2026-09-07T15:28:53.229110Z
700551,nan,Electricity Generating Authority of Thailand,2026-08-31,2026-09-06,200,OK,168,168,0,2026-08-31 00:00,2026-09-06 23:00,,2026-09-07T15:28:54.340433Z
700552,nan,Electricity Generating Authority of Thailand,2026-08-31,2026-09-06,200,OK,168,168,168,2026-08-31 00:00,2026-09-06 23:00,,2026-09-07T15:28:55.476502Z
700553,nan,Electricity Generating Authority of Thailand,2026-08-31,2026-09-06,200,OK,168,168,0,2026-08-31 00:00,2026-09-06 23:00,,2026-09-07T15:28:56.609498Z
700555,nan,Electricity Generating Authority of Thailand,2026-08-31,2026-09-06,200,OK,168,161,161,2026-08-31 00:00,2026-09-06 23:00,,2026-09-07T15:28:57.684197Z
700556,nan,Electricity Generating Authority of Thailand,2026-08-31,2026-09-06,200,OK,168,168,168,2026-08-31 00:00,2026-09-06 23:00,,2026-09-07T15:28:58.809149Z
700559,nan,Electricity Generating Authority of Thailand,2026-08-31,2026-09-06,200,OK,168,168,0,2026-08-31 00:00,2026-09-06 23:00,,2026-09-07T15:28:59.942115Z
700584,nan,Electricity Generating Authority of Thailand,2026-08-31,2026-09-06,200,OK,168,168,168,2026-08-31 00:00,2026-09-06 23:00,,2026-09-07T15:29:01.070358Z
700585,nan,Electricity Generating Authority of Thailand,2026-08-31,2026-09-06,200,OK,168,168,168,2026-08-31 00:00,2026-09-06 23:00,,2026-09-07T15:29:02.200799Z
700586,nan,Electricity Generating Authority of Thailand,2026-08-31,2026-09-06,200,OK,168,168,168,2026-08-31 00:00,2026-09-06 23:00,,2026-09-07T15:29:03.342798Z
700587,nan,Electricity Generating Authority of Thailand,2026-08-31,2026-09-06,200,OK,168,168,168,2026-08-31 00:00,2026-09-06 23:00,,2026-09-07T15:29:04.479140Z
700588,nan,Electricity Generating Authority of Thailand,2026-08-31,2026-09-06,200,OK,168,168,168,2026-08-31 00:00,2026-09-06 23:00,,2026-09-07T15:29:05.635233Z
700589,nan,Electricity Generating Authority of Thailand,2026-08-31,2026-09-06,200,OK,168,162,162,2026-08-31 00:00,2026-09-06 23:00,,2026-09-07T15:29:08.152678Z
700591,nan,Electricity Generating Authority of Thailand,2026-08-31,2026-09-06,200,OK,168,168,168,2026-08-31 00:00,2026-09-06 23:00,,2026-09-07T15:29:09.281860Z
700592,nan,Electricity Generating Authority of Thailand,2026-08-31,2026-09-06,200,OK,168,0,0,2026-08-31 00:00,2026-09-06 23:00,,2026-09-07T15:29:10.419986Z
706,Ratchaburi 3,Hydro – Informatics Institute (Public Organization),2026-08-31,2026-09-06,200,OK,1008,1005,0,2026-08-31 00:00,2026-09-06 23:50,,2026-09-07T15:29:12.485515Z
709,Ratchaburi 2,Hydro – Informatics Institute (Public Organization),2026-08-31,2026-09-06,200,OK,1008,1005,0,2026-08-31 00:00,2026-09-06 23:50,,2026-09-07T15:29:14.425874Z
709863,nan,Electricity Generating Authority of Thailand,2026-08-31,2026-09-06,200,OK,168,168,168,2026-08-31 00:00,2026-09-06 23:00,,2026-09-07T15:29:15.564618Z
71,Chao Phraya 6,Hydro – Informatics Institute (Public Organization),2026-08-31,2026-09-06,200,OK,1008,1004,0,2026-08-31 00:00,2026-09-06 23:50,,2026-09-07T15:29:17.614697Z
710,Ratchaburi 1,Hydro – Informatics Institute (Public Organization),2026-08-31,2026-09-06,200,OK,1008,1005,0,2026-08-31 00:00,2026-09-06 23:50,,2026-09-07T15:29:19.555568Z
714,Kanchanaburi 1,Hydro – Informatics Institute (Public Organization),2026-08-31,2026-09-06,200,OK,1008,1005,0,2026-08-31 00:00,2026-09-06 23:50,,2026-09-07T15:29:21.629843Z
717,Sai Yok,Hydro – Informatics Institute (Public Organization),2026-08-31,2026-09-06,200,OK,1008,1005,0,2026-08-31 00:00,2026-09-06 23:50,,2026-09-07T15:29:23.684042Z
726653,nan,Royal Irrigation Department,2026-08-31,2026-09-06,200,OK,168,148,148,2026-08-31 00:00,2026-09-06 23:00,,2026-09-07T15:29:24.752231Z
726656,nan,Royal Irrigation Department,2026-08-31,2026-09-06,200,OK,168,148,148,2026-08-31 00:00,2026-09-06 23:00,,2026-09-07T15:29:25.882569Z
726667,nan,Royal Irrigation Department,2026-08-31,2026-09-06,200,OK,168,7,7,2026-08-31 00:00,2026-09-06 23:00,,2026-09-07T15:29:27.039139Z
726673,nan,Royal Irrigation Department,2026-08-31,2026-09-06,200,OK,168,148,148,2026-08-31 00:00,2026-09-06 23:00,,2026-09-07T15:29:28.162528Z
726680,nan,Royal Irrigation Department,2026-08-31,2026-09-06,200,OK,168,148,148,2026-08-31 00:00,2026-09-06 23:00,,2026-09-07T15:29:29.280439Z
726684,nan,Royal Irrigation Department,2026-08-31,2026-09-06,200,OK,168,148,0,2026-08-31 00:00,2026-09-06 23:00,,2026-09-07T15:29:30.416884Z
726686,nan,Royal Irrigation Department,2026-08-31,2026-09-06,200,OK,168,148,148,2026-08-31 00:00,2026-09-06 23:00,,2026-09-07T15:29:31.540337Z
731,Tha Chin 5,Hydro – Informatics Institute (Public Organization),2026-08-31,2026-09-06,200,OK,1008,1005,0,2026-08-31 00:00,2026-09-06 23:50,,2026-09-07T15:29:33.658619Z
734,Tha Chin 3,Hydro – Informatics Institute (Public Organization),2026-08-31,2026-09-06,200,OK,1008,1005,0,2026-08-31 00:00,2026-09-06 23:50,,2026-09-07T15:29:35.696920Z
736,Song Phi Nong,Hydro – Informatics Institute (Public Organization),2026-08-31,2026-09-06,200,OK,1008,1005,0,2026-08-31 00:00,2026-09-06 23:50,,2026-09-07T15:29:37.720411Z
737,Tha Chedi Temple (TTC06),Hydro – Informatics Institute (Public Organization),2026-08-31,2026-09-06,200,OK,1008,1005,0,2026-08-31 00:00,2026-09-06 23:50,,2026-09-07T15:29:39.761575Z
738,Tha Chin 4,Hydro – Informatics Institute (Public Organization),2026-08-31,2026-09-06,200,OK,1008,1005,0,2026-08-31 00:00,2026-09-06 23:50,,2026-09-07T15:29:41.761381Z
740532,Nam Loei Bridge,Hydro – Informatics Institute (Public Organization),2026-08-31,2026-09-06,200,OK,1008,1004,0,2026-08-31 00:00,2026-09-06 23:50,,2026-09-07T15:29:43.795522Z
740533,Huay Nam Huay Bridge,Hydro – Informatics Institute (Public Organization),2026-08-31,2026-09-06,200,OK,1008,62,0,2026-08-31 00:00,2026-09-06 23:50,,2026-09-07T15:29:45.765252Z
740537,Huay Muk Bridge,Hydro – Informatics Institute (Public Organization),2026-08-31,2026-09-06,200,OK,1008,1002,0,2026-08-31 00:00,2026-09-06 23:50,,2026-09-07T15:29:47.788047Z
740538,Bang Ee Bridge,Hydro – Informatics Institute (Public Organization),2026-08-31,2026-09-06,200,OK,1008,362,0,2026-08-31 00:00,2026-09-06 23:50,,2026-09-07T15:29:49.687946Z
740540,Nam Mun Bridge,Hydro – Informatics Institute (Public Organization),2026-08-31,2026-09-06,200,OK,1008,915,0,2026-08-31 00:00,2026-09-06 23:50,,2026-09-07T15:29:51.701803Z
740720,Klong Soi Wat Mae Muak,Friend in Need (of “Pa”) Volunteers Foundation,2026-08-31,2026-09-06,200,OK,1008,997,0,2026-08-31 00:00,2026-09-06 23:50,,2026-09-07T15:29:53.789118Z
740723,Wat Mongkhon Ruamchai Bridge,Friend in Need (of “Pa”) Volunteers Foundation,2026-08-31,2026-09-06,200,OK,1008,995,0,2026-08-31 00:00,2026-09-06 23:50,,2026-09-07T15:29:55.774523Z
740726,Bang Tai Pracha Borirak Bridge,Friend in Need (of “Pa”) Volunteers Foundation,2026-08-31,2026-09-06,200,OK,1008,999,0,2026-08-31 00:00,2026-09-06 23:50,,2026-09-07T15:29:57.691884Z
740727,Khlong Phai Bridge,Friend in Need (of “Pa”) Volunteers Foundation,2026-08-31,2026-09-06,200,OK,1008,986,0,2026-08-31 00:00,2026-09-06 23:50,,2026-09-07T15:29:59.640492Z
740729,Ban Pak Suat Community Bridge,Friend in Need (of “Pa”) Volunteers Foundation,2026-08-31,2026-09-06,200,OK,1008,992,0,2026-08-31 00:00,2026-09-06 23:50,,2026-09-07T15:30:01.824800Z
740730,Ban Suan Prang Bridge,Friend in Need (of “Pa”) Volunteers Foundation,2026-08-31,2026-09-06,200,OK,1008,991,0,2026-08-31 00:00,2026-09-06 23:50,,2026-09-07T15:30:03.948784Z
740731,Kham Khlong Wat Bridge,Friend in Need (of “Pa”) Volunteers Foundation,2026-08-31,2026-09-06,200,OK,1008,973,0,2026-08-31 00:00,2026-09-06 23:50,,2026-09-07T15:30:06.139012Z
740736,Khlong Wang Khian Bridge,Friend in Need (of “Pa”) Volunteers Foundation,2026-08-31,2026-09-06,200,OK,1008,970,0,2026-08-31 00:00,2026-09-06 23:50,,2026-09-07T15:30:10.999099Z
740737,Huai Nam Sai Bridge,Friend in Need (of “Pa”) Volunteers Foundation,2026-08-31,2026-09-06,200,OK,1008,999,0,2026-08-31 00:00,2026-09-06 23:50,,2026-09-07T15:30:13.672137Z
740738,Kham Khlong Huai Kruat Bridge,Friend in Need (of “Pa”) Volunteers Foundation,2026-08-31,2026-09-06,200,OK,1008,998,0,2026-08-31 00:00,2026-09-06 23:50,,2026-09-07T15:30:15.973955Z
740739,Ban Laem Tanot Bridge,Friend in Need (of “Pa”) Volunteers Foundation,2026-08-31,2026-09-06,200,OK,1008,999,0,2026-08-31 00:00,2026-09-06 23:50,,2026-09-07T15:30:18.427461Z
740740,Tha Samphao Bridge,Friend in Need (of “Pa”) Volunteers Foundation,2026-08-31,2026-09-06,200,OK,1008,1002,0,2026-08-31 00:00,2026-09-06 23:50,,2026-09-07T15:30:22.509654Z
740742,Su Nga Ba Ru 4,Friend in Need (of “Pa”) Volunteers Foundation,2026-08-31,2026-09-06,200,OK,1008,994,0,2026-08-31 00:00,2026-09-06 23:50,,2026-09-07T15:30:24.827809Z
740746,Kham Maenam Pattani Bridge,Friend in Need (of “Pa”) Volunteers Foundation,2026-08-31,2026-09-06,200,OK,1008,1001,0,2026-08-31 00:00,2026-09-06 23:50,,2026-09-07T15:30:27.344523Z
745,Tha Chin 7,Hydro – Informatics Institute (Public Organization),2026-08-31,2026-09-06,200,OK,1008,1005,0,2026-08-31 00:00,2026-09-06 23:50,,2026-09-07T15:30:31.675329Z
745748,Huay Bang Bat Bridge,Hydro – Informatics Institute (Public Organization),2026-08-31,2026-09-06,200,OK,1008,994,0,2026-08-31 00:00,2026-09-06 23:50,,2026-09-07T15:30:37.775383Z
747,Khlong Narapirom,Hydro – Informatics Institute (Public Organization),2026-08-31,2026-09-06,200,OK,1008,1005,0,2026-08-31 00:00,2026-09-06 23:50,,2026-09-07T15:30:40.110894Z
748,Nakhon Chai Si Bridge,Hydro – Informatics Institute (Public Organization),2026-08-31,2026-09-06,200,OK,1008,1005,0,2026-08-31 00:00,2026-09-06 23:50,,2026-09-07T15:30:42.579145Z
749,Saladin Communuty,Hydro – Informatics Institute (Public Organization),2026-08-31,2026-09-06,200,OK,1008,509,0,2026-08-31 00:00,2026-09-06 23:50,,2026-09-07T15:30:44.636497Z
750,Tha Chin 9,Hydro – Informatics Institute (Public Organization),2026-08-31,2026-09-06,200,OK,1008,1005,0,2026-08-31 00:00,2026-09-06 23:50,,2026-09-07T15:30:47.729895Z
751,Krung Thep 6,Hydro – Informatics Institute (Public Organization),2026-08-31,2026-09-06,200,OK,1008,1005,0,2026-08-31 00:00,2026-09-06 23:50,,2026-09-07T15:30:50.066442Z
754,Ban Paew,Hydro – Informatics Institute (Public Organization),2026-08-31,2026-09-06,200,OK,1008,1002,0,2026-08-31 00:00,2026-09-06 23:50,,2026-09-07T15:30:56.835958Z
755,Phra Ram 2,Hydro – Informatics Institute (Public Organization),2026-08-31,2026-09-06,200,OK,1008,1005,0,2026-08-31 00:00,2026-09-06 23:50,,2026-09-07T15:30:59.265046Z
758,Petch Buri 1,Hydro – Informatics Institute (Public Organization),2026-08-31,2026-09-06,200,OK,1008,1005,0,2026-08-31 00:00,2026-09-06 23:50,,2026-09-07T15:31:03.014587Z
770,Bang Taboon and East Bang Taboon,Hydro – Informatics Institute (Public Organization),2026-08-31,2026-09-06,200,OK,1008,1005,0,2026-08-31 00:00,2026-09-06 23:50,,2026-09-07T15:31:06.322191Z
772,Petch Buri 2,Hydro – Informatics Institute (Public Organization),2026-08-31,2026-09-06,200,OK,1008,1005,0,2026-08-31 00:00,2026-09-06 23:50,,2026-09-07T15:31:08.631959Z
784,Pran Buri 1,Hydro – Informatics Institute (Public Organization),2026-08-31,2026-09-06,200,OK,1008,1005,0,2026-08-31 00:00,2026-09-06 23:50,,2026-09-07T15:31:11.234307Z
786010,nan,Royal Irrigation Department,2026-08-31,2026-09-06,200,OK,168,160,0,2026-08-31 00:00,2026-09-06 23:00,,2026-09-07T15:31:12.681812Z
79,Tha Chin 1,Hydro – Informatics Institute (Public Organization),2026-08-31,2026-09-06,200,OK,1008,1005,0,2026-08-31 00:00,2026-09-06 23:50,,2026-09-07T15:31:15.932429Z
792,Nakhon Si Thammarat 2,Hydro – Informatics Institute (Public Organization),2026-08-31,2026-09-06,200,OK,1008,992,0,2026-08-31 00:00,2026-09-06 23:50,,2026-09-07T15:31:19.411800Z
794,Nop Phi Tam 1,Hydro – Informatics Institute (Public Organization),2026-08-31,2026-09-06,200,OK,1008,993,0,2026-08-31 00:00,2026-09-06 23:50,,2026-09-07T15:31:22.028894Z
795,Nakhon Si Thammarat 1,Hydro – Informatics Institute (Public Organization),2026-08-31,2026-09-06,200,OK,1008,1004,0,2026-08-31 00:00,2026-09-06 23:50,,2026-09-07T15:31:24.540574Z
8,Klong Ladprao Klong 2 Sai Tai,Hydro – Informatics Institute (Public Organization),2026-08-31,2026-09-06,200,OK,1008,1002,0,2026-08-31 00:00,2026-09-06 23:50,,2026-09-07T15:31:28.231060Z
80,Chao Phraya 4,Hydro – Informatics Institute (Public Organization),2026-08-31,2026-09-06,200,OK,1008,1005,0,2026-08-31 00:00,2026-09-06 23:50,,2026-09-07T15:31:31.595433Z
802,Takua Pa 2,Hydro – Informatics Institute (Public Organization),2026-08-31,2026-09-06,200,OK,1008,1001,0,2026-08-31 00:00,2026-09-06 23:50,,2026-09-07T15:31:34.781033Z
804,Takua Pa Market,Hydro – Informatics Institute (Public Organization),2026-08-31,2026-09-06,200,OK,1008,985,0,2026-08-31 00:00,2026-09-06 23:50,,2026-09-07T15:31:37.116337Z
812,Tapi 4,Hydro – Informatics Institute (Public Organization),2026-08-31,2026-09-06,200,OK,1008,1005,0,2026-08-31 00:00,2026-09-06 23:50,,2026-09-07T15:31:39.067936Z
823,Tapi 1,Hydro – Informatics Institute (Public Organization),2026-08-31,2026-09-06,200,OK,1008,1002,0,2026-08-31 00:00,2026-09-06 23:50,,2026-09-07T15:31:41.104952Z
824,Tapi 3,Hydro – Informatics Institute (Public Organization),2026-08-31,2026-09-06,200,OK,1008,1005,0,2026-08-31 00:00,2026-09-06 23:50,,2026-09-07T15:31:43.234034Z
825,Lilet Communuty,Hydro – Informatics Institute (Public Organization),2026-08-31,2026-09-06,200,OK,1008,1005,0,2026-08-31 00:00,2026-09-06 23:50,,2026-09-07T15:31:45.224928Z
826,Tapi 2,Hydro – Informatics Institute (Public Organization),2026-08-31,2026-09-06,200,OK,1008,994,0,2026-08-31 00:00,2026-09-06 23:50,,2026-09-07T15:31:47.265440Z
828,Tapi 7,Hydro – Informatics Institute (Public Organization),2026-08-31,2026-09-06,200,OK,1008,1005,0,2026-08-31 00:00,2026-09-06 23:50,,2026-09-07T15:31:49.350696Z
829,Mueang Ranong,Hydro – Informatics Institute (Public Organization),2026-08-31,2026-09-06,200,OK,1008,1005,0,2026-08-31 00:00,2026-09-06 23:50,,2026-09-07T15:31:51.483651Z
83,Chao Phraya 3,Hydro – Informatics Institute (Public Organization),2026-08-31,2026-09-06,200,OK,1008,1005,0,2026-08-31 00:00,2026-09-06 23:50,,2026-09-07T15:31:53.595258Z
832057,nan,Royal Irrigation Department,2026-08-31,2026-09-06,200,OK,168,152,0,2026-08-31 00:00,2026-09-06 23:00,,2026-09-07T15:31:54.714279Z
832059,nan,Royal Irrigation Department,2026-08-31,2026-09-06,200,OK,168,152,0,2026-08-31 00:00,2026-09-06 23:00,,2026-09-07T15:31:55.838449Z
832066,nan,Royal Irrigation Department,2026-08-31,2026-09-06,200,OK,168,152,152,2026-08-31 00:00,2026-09-06 23:00,,2026-09-07T15:31:56.950789Z
832084,nan,Royal Irrigation Department,2026-08-31,2026-09-06,200,OK,168,152,152,2026-08-31 00:00,2026-09-06 23:00,,2026-09-07T15:31:58.070377Z
835,Chumphon 1,Hydro – Informatics Institute (Public Organization),2026-08-31,2026-09-06,200,OK,1008,28,0,2026-08-31 00:00,2026-09-06 23:50,,2026-09-07T15:32:00.109490Z
841,Luang Suan,Hydro – Informatics Institute (Public Organization),2026-08-31,2026-09-06,200,OK,1008,992,0,2026-08-31 00:00,2026-09-06 23:50,,2026-09-07T15:32:02.271272Z
845,Sawi 1,Hydro – Informatics Institute (Public Organization),2026-08-31,2026-09-06,200,OK,1008,993,0,2026-08-31 00:00,2026-09-06 23:50,,2026-09-07T15:32:04.418235Z
846,Sawi 2,Hydro – Informatics Institute (Public Organization),2026-08-31,2026-09-06,200,OK,1008,471,0,2026-08-31 00:00,2026-09-06 23:50,,2026-09-07T15:32:06.344071Z
849,Chana 1,Hydro – Informatics Institute (Public Organization),2026-08-31,2026-09-06,200,OK,1008,1002,0,2026-08-31 00:00,2026-09-06 23:50,,2026-09-07T15:32:08.250930Z
850,Na Tawi,Hydro – Informatics Institute (Public Organization),2026-08-31,2026-09-06,200,OK,1008,1003,0,2026-08-31 00:00,2026-09-06 23:50,,2026-09-07T15:32:10.343852Z
852087,Asok,Hydro – Informatics Institute (Public Organization),2026-08-31,2026-09-06,200,OK,1008,991,0,2026-08-31 00:00,2026-09-06 23:50,,2026-09-07T15:32:12.505908Z
855,Songkhla Lake 3,Hydro – Informatics Institute (Public Organization),2026-08-31,2026-09-06,200,OK,1008,1005,0,2026-08-31 00:00,2026-09-06 23:50,,2026-09-07T15:32:14.535732Z
858,Songkhla 7,Hydro – Informatics Institute (Public Organization),2026-08-31,2026-09-06,200,OK,1008,1005,0,2026-08-31 00:00,2026-09-06 23:50,,2026-09-07T15:32:16.507988Z
859,Songkhla Lake 5,Hydro – Informatics Institute (Public Organization),2026-08-31,2026-09-06,200,OK,1008,1004,0,2026-08-31 00:00,2026-09-06 23:50,,2026-09-07T15:32:18.558388Z
860,Song Khla Lake 2,Hydro – Informatics Institute (Public Organization),2026-08-31,2026-09-06,200,OK,1008,998,0,2026-08-31 00:00,2026-09-06 23:50,,2026-09-07T15:32:20.613698Z
861,Satun 1,Hydro – Informatics Institute (Public Organization),2026-08-31,2026-09-06,200,OK,1008,996,0,2026-08-31 00:00,2026-09-06 23:50,,2026-09-07T15:32:22.554394Z
865,Trang 2,Hydro – Informatics Institute (Public Organization),2026-08-31,2026-09-06,200,OK,1008,995,0,2026-08-31 00:00,2026-09-06 23:50,,2026-09-07T15:32:24.480846Z
869,Trang 1,Hydro – Informatics Institute (Public Organization),2026-08-31,2026-09-06,200,OK,1008,1001,0,2026-08-31 00:00,2026-09-06 23:50,,2026-09-07T15:32:26.502231Z
870,Khlong Na Thom,Hydro – Informatics Institute (Public Organization),2026-08-31,2026-09-06,200,OK,1008,984,0,2026-08-31 00:00,2026-09-06 23:50,,2026-09-07T15:32:28.413070Z
89,Chao Phraya 5,Hydro – Informatics Institute (Public Organization),2026-08-31,2026-09-06,200,OK,1008,1003,0,2026-08-31 00:00,2026-09-06 23:50,,2026-09-07T15:32:30.418570Z
901,Patthani 2,Hydro – Informatics Institute (Public Organization),2026-08-31,2026-09-06,200,OK,1008,1004,0,2026-08-31 00:00,2026-09-06 23:50,,2026-09-07T15:32:32.404385Z
905,Patthani 1,Hydro – Informatics Institute (Public Organization),2026-08-31,2026-09-06,200,OK,1008,1003,0,2026-08-31 00:00,2026-09-06 23:50,,2026-09-07T15:32:34.502677Z
922,Sai Buri 2,Hydro – Informatics Institute (Public Organization),2026-08-31,2026-09-06,200,OK,1008,969,0,2026-08-31 00:00,2026-09-06 23:50,,2026-09-07T15:32:36.534643Z
9822342,Main low pressure water pumping plant (Mae Sai),Hydro – Informatics Institute (Public Organization),2026-08-31,2026-09-06,200,OK,1008,552,0,2026-08-31 00:00,2026-09-06 23:50,,2026-09-07T15:32:38.495442Z
9930854,"Phrarajadamri Canal, Hua Hin Soi 10",Hydro – Informatics Institute (Public Organization),2026-08-31,2026-09-06,200,OK,1008,1005,0,2026-08-31 00:00,2026-09-06 23:50,,2026-09-07T15:32:40.493553Z
9930856,"Phrarajadamri Canal, Wat Khao Krailat",Hydro – Informatics Institute (Public Organization),2026-08-31,2026-09-06,200,OK,1008,1005,0,2026-08-31 00:00,2026-09-06 23:50,,2026-09-07T15:32:42.557317Z
9931002,Ban Hua Na Nong Chik,Hydro – Informatics Institute (Public Organization),2026-08-31,2026-09-06,200,OK,1008,1005,0,2026-08-31 00:00,2026-09-06 23:50,,2026-09-07T15:32:44.554526Z
9931004,Ban Kamphi,Hydro – Informatics Institute (Public Organization),2026-08-31,2026-09-06,200,OK,1008,1005,0,2026-08-31 00:00,2026-09-06 23:50,,2026-09-07T15:32:46.451115Z
9931006,Ban Nam Phueng,Hydro – Informatics Institute (Public Organization),2026-08-31,2026-09-06,200,OK,1008,1005,0,2026-08-31 00:00,2026-09-06 23:50,,2026-09-07T15:32:48.567255Z
9931008,Ban Krayom,Hydro – Informatics Institute (Public Organization),2026-08-31,2026-09-06,200,OK,1008,1005,0,2026-08-31 00:00,2026-09-06 23:50,,2026-09-07T15:32:50.667293Z
999395,nan,Royal Irrigation Department,2026-08-31,2026-09-06,200,OK,168,148,0,2026-08-31 00:00,2026-09-06 23:00,,2026-09-07T15:32:51.733399Z
999405,nan,Royal Irrigation Department,2026-08-31,2026-09-06,200,OK,168,148,148,2026-08-31 00:00,2026-09-06 23:00,,2026-09-07T15:32:52.865160Z
