station_id,change,name_th,name_en,river,agency,basin,latest_reading_at,note
2753,added_since_baseline,บ้านท่ารวก,,ลำสนธิ,Royal Irrigation Department,Pasak Basin,2026-09-07 21:00,"present in the 2026-09-07 waterlevel_load response, absent from the 2026-08-02 baseline capture"
3277,added_since_baseline,บ้านม่วงป๊อก,,ห้วยมะยมเหม็น,Royal Irrigation Department,Ping Basin,2026-09-07 16:00,"present in the 2026-09-07 waterlevel_load response, absent from the 2026-08-02 baseline capture"
471584,added_since_baseline,วัดขนอนใต้,Khanon Ti Temple,คลองโพธิ์,Hydro – Informatics Institute (Public Organization),Chao Phraya Basin,2026-09-07 21:50,"present in the 2026-09-07 waterlevel_load response, absent from the 2026-08-02 baseline capture"
700590,added_since_baseline,บ้านแม่น้ำน้อย,,ห้วยแม่น้ำน้อย,Electricity Generating Authority of Thailand,Mae Klong Basin,2026-09-07 21:00,"present in the 2026-09-07 waterlevel_load response, absent from the 2026-08-02 baseline capture"
1085209,added_since_baseline,สะพานไอร์ปาโจ,Ai Pa Cho Bridge,คลองไอร์ปาโจ,Hydro – Informatics Institute (Public Organization),Peninsula - Lower East Coast Basin,2026-09-07 21:50,"present in the 2026-09-07 waterlevel_load response, absent from the 2026-08-02 baseline capture"
1106451,added_since_baseline,ปตร.บางแก้ว (ทุ่งผักไห่),BangKaeo,แม่น้ำน้อย,Hydro – Informatics Institute (Public Organization),Chao Phraya Basin,2026-09-07 21:50,"present in the 2026-09-07 waterlevel_load response, absent from the 2026-08-02 baseline capture"
1106453,added_since_baseline,ทุ่งโพธิ์พระยา,Thung PaMok,คลองดอนต้นคาง,Hydro – Informatics Institute (Public Organization),Tha Chin Basin,2026-09-07 21:50,"present in the 2026-09-07 waterlevel_load response, absent from the 2026-08-02 baseline capture"
11648255,added_since_baseline,ห้วยแม่ท่าแพ,Huai Mae Tha Phae,,Hydro – Informatics Institute (Public Organization),Yom Basin,2026-09-07 21:50,"present in the 2026-09-07 waterlevel_load response, absent from the 2026-08-02 baseline capture"
11648256,added_since_baseline,คลองแม่มอก,Mae Mok Canal,,Hydro – Informatics Institute (Public Organization),Yom Basin,2026-09-07 21:50,"present in the 2026-09-07 waterlevel_load response, absent from the 2026-08-02 baseline capture"
11648257,added_since_baseline,คลองแม่รำพัน,Khlong Mae Ramphan,,Hydro – Informatics Institute (Public Organization),Yom Basin,2026-09-05 17:30,"present in the 2026-09-07 waterlevel_load response, absent from the 2026-08-02 baseline capture"
11648258,added_since_baseline,สะพานบ้านคันแม่น้ำบน,Ban Khan Maenam Bon Bridge,,Hydro – Informatics Institute (Public Organization),Yom Basin,2026-09-07 21:50,"present in the 2026-09-07 waterlevel_load response, absent from the 2026-08-02 baseline capture"
11648468,added_since_baseline,คลองดาน,Khlong Da,,Hydro – Informatics Institute (Public Organization),Northeast Khong Basin,2026-09-07 21:50,"present in the 2026-09-07 waterlevel_load response, absent from the 2026-08-02 baseline capture"
11648469,added_since_baseline,คลองน้ำงาว,Khlong Nam Ngao,,Hydro – Informatics Institute (Public Organization),Northeast Khong Basin,2026-09-07 21:50,"present in the 2026-09-07 waterlevel_load response, absent from the 2026-08-02 baseline capture"
11648470,added_since_baseline,คลองสงคราม,Khlong Songkhram,,Hydro – Informatics Institute (Public Organization),Northeast Khong Basin,2026-09-07 21:50,"present in the 2026-09-07 waterlevel_load response, absent from the 2026-08-02 baseline capture"
11688528,added_since_baseline,T.ปตร.มะขามเฒ่า,,,Royal Irrigation Department,Tha Chin Basin,2026-09-07 21:00,"present in the 2026-09-07 waterlevel_load response, absent from the 2026-08-02 baseline capture"
11688529,added_since_baseline,T.ปตร.พลเทพ,,,Royal Irrigation Department,Chao Phraya Basin,2026-09-07 21:00,"present in the 2026-09-07 waterlevel_load response, absent from the 2026-08-02 baseline capture"
11688530,added_since_baseline,TC.60,,,Royal Irrigation Department,Chao Phraya Basin,2026-09-07 21:00,"present in the 2026-09-07 waterlevel_load response, absent from the 2026-08-02 baseline capture"
11688531,added_since_baseline,T.ปตร.บรมธาตุ,,,Royal Irrigation Department,Chao Phraya Basin,2026-09-07 21:00,"present in the 2026-09-07 waterlevel_load response, absent from the 2026-08-02 baseline capture"
11688532,added_since_baseline,T.ปตร.ช่องแค,,,Royal Irrigation Department,Chao Phraya Basin,2026-09-07 21:00,"present in the 2026-09-07 waterlevel_load response, absent from the 2026-08-02 baseline capture"
11688533,added_since_baseline,T.ปตร.ผักไห่,,,Royal Irrigation Department,Chao Phraya Basin,2026-09-07 21:00,"present in the 2026-09-07 waterlevel_load response, absent from the 2026-08-02 baseline capture"
11688534,added_since_baseline,เขื่อนทับเสลา,,,Royal Irrigation Department,Sakae Krang Basin,2026-09-07 21:00,"present in the 2026-09-07 waterlevel_load response, absent from the 2026-08-02 baseline capture"
11688535,added_since_baseline,บ้านท่ามะนาว,,,Royal Irrigation Department,Sakae Krang Basin,2026-09-07 21:00,"present in the 2026-09-07 waterlevel_load response, absent from the 2026-08-02 baseline capture"
11688536,added_since_baseline,ฝายทับเสลา,,,Royal Irrigation Department,Sakae Krang Basin,2026-09-07 21:00,"present in the 2026-09-07 waterlevel_load response, absent from the 2026-08-02 baseline capture"
11688537,added_since_baseline,วัดผาลาดธาราราม,,,Royal Irrigation Department,Sakae Krang Basin,2026-09-07 21:00,"present in the 2026-09-07 waterlevel_load response, absent from the 2026-08-02 baseline capture"
11688538,added_since_baseline,อบต.ศาลเจ้าไก่ต่อ,,,Royal Irrigation Department,Sakae Krang Basin,2026-09-07 21:00,"present in the 2026-09-07 waterlevel_load response, absent from the 2026-08-02 baseline capture"
11688539,added_since_baseline,อบต.สว่างแจ้งสบายใจ,,,Royal Irrigation Department,Sakae Krang Basin,2026-09-07 21:00,"present in the 2026-09-07 waterlevel_load response, absent from the 2026-08-02 baseline capture"
11688540,added_since_baseline,วัดโคกหม้อ,,,Royal Irrigation Department,Sakae Krang Basin,2026-09-07 21:00,"present in the 2026-09-07 waterlevel_load response, absent from the 2026-08-02 baseline capture"
11688541,added_since_baseline,วัดเวฬุวนาราม,,,Royal Irrigation Department,Sakae Krang Basin,2026-09-07 21:00,"present in the 2026-09-07 waterlevel_load response, absent from the 2026-08-02 baseline capture"
11688542,added_since_baseline,เพชรบูรณ์,,,Royal Irrigation Department,Pasak Basin,2026-09-07 21:00,"present in the 2026-09-07 waterlevel_load response, absent from the 2026-08-02 baseline capture"
11688543,added_since_baseline,เหนือเขื่อนป่าสัก,,,Royal Irrigation Department,Pasak Basin,2026-09-07 21:00,"present in the 2026-09-07 waterlevel_load response, absent from the 2026-08-02 baseline capture"
11688544,added_since_baseline,วัดท่าแร่,,,Royal Irrigation Department,Pasak Basin,2026-09-07 21:00,"present in the 2026-09-07 waterlevel_load response, absent from the 2026-08-02 baseline capture"
11688545,added_since_baseline,คลองปู่เจ้า,,,Royal Irrigation Department,Pasak Basin,2026-09-07 21:00,"present in the 2026-09-07 waterlevel_load response, absent from the 2026-08-02 baseline capture"
11688547,added_since_baseline,คลองกองทูล,,,Royal Irrigation Department,Pasak Basin,2026-09-07 21:00,"present in the 2026-09-07 waterlevel_load response, absent from the 2026-08-02 baseline capture"
11688548,added_since_baseline,คลองท่าเสา,,,Royal Irrigation Department,Pasak Basin,2026-09-07 21:00,"present in the 2026-09-07 waterlevel_load response, absent from the 2026-08-02 baseline capture"
11688549,added_since_baseline,ฝายคลองสุคต,,,Royal Irrigation Department,Pasak Basin,2026-09-07 21:00,"present in the 2026-09-07 waterlevel_load response, absent from the 2026-08-02 baseline capture"
11688550,added_since_baseline,คลองส้ม,,,Royal Irrigation Department,Pasak Basin,2026-09-07 21:00,"present in the 2026-09-07 waterlevel_load response, absent from the 2026-08-02 baseline capture"
11688551,added_since_baseline,คลองเพรียว,,,Royal Irrigation Department,Pasak Basin,2026-09-07 21:00,"present in the 2026-09-07 waterlevel_load response, absent from the 2026-08-02 baseline capture"
11688552,added_since_baseline,วัดจอมเกษ,,,Royal Irrigation Department,Chao Phraya Basin,2026-09-07 21:00,"present in the 2026-09-07 waterlevel_load response, absent from the 2026-08-02 baseline capture"
11688553,added_since_baseline,สะพานฝายดินดำ,,,Royal Irrigation Department,North Khong Basin,2026-09-07 21:00,"present in the 2026-09-07 waterlevel_load response, absent from the 2026-08-02 baseline capture"
11688554,added_since_baseline,สะพานน้ำลาว,,,Royal Irrigation Department,North Khong Basin,2026-09-07 21:00,"present in the 2026-09-07 waterlevel_load response, absent from the 2026-08-02 baseline capture"
11688555,added_since_baseline,บ้านป่าย้าง,,,Royal Irrigation Department,North Khong Basin,2026-09-07 21:00,"present in the 2026-09-07 waterlevel_load response, absent from the 2026-08-02 baseline capture"
11688556,added_since_baseline,สะพานบ้านใหม่ริมฝาง,,,Royal Irrigation Department,North Khong Basin,2026-09-07 21:00,"present in the 2026-09-07 waterlevel_load response, absent from the 2026-08-02 baseline capture"
11688557,added_since_baseline,เทศบาลแม่ยาว,,,Royal Irrigation Department,North Khong Basin,2026-09-07 21:00,"present in the 2026-09-07 waterlevel_load response, absent from the 2026-08-02 baseline capture"
11688558,added_since_baseline,บ้านใหม่กือนา,,,Royal Irrigation Department,North Khong Basin,2026-09-07 21:00,"present in the 2026-09-07 waterlevel_load response, absent from the 2026-08-02 baseline capture"
11688559,added_since_baseline,บ้านสันกลาง,,,Royal Irrigation Department,North Khong Basin,2026-09-07 21:00,"present in the 2026-09-07 waterlevel_load response, absent from the 2026-08-02 baseline capture"
11688560,added_since_baseline,ท่าก่อบง,,,Royal Irrigation Department,North Khong Basin,2026-09-07 21:00,"present in the 2026-09-07 waterlevel_load response, absent from the 2026-08-02 baseline capture"
11688561,added_since_baseline,บ้านศรีวังมูล,,,Royal Irrigation Department,North Khong Basin,2026-09-07 21:00,"present in the 2026-09-07 waterlevel_load response, absent from the 2026-08-02 baseline capture"
11688562,added_since_baseline,สถานีน้ำแม่แตง (ฝายแม่แตงเหนือน้ำ),,,Royal Irrigation Department,Ping Basin,2026-09-07 21:00,"present in the 2026-09-07 waterlevel_load response, absent from the 2026-08-02 baseline capture"
11688563,added_since_baseline,สถานีแม่น้ำปิงที่ฝายหนองสลีก,,,Royal Irrigation Department,Ping Basin,2026-09-07 21:00,"present in the 2026-09-07 waterlevel_load response, absent from the 2026-08-02 baseline capture"
11688564,added_since_baseline,สถานีน้ำแม่งัดที่ท้ายเขื่อนแม่งัดสมบูรณ์ชล,,,Royal Irrigation Department,Ping Basin,2026-09-07 21:00,"present in the 2026-09-07 waterlevel_load response, absent from the 2026-08-02 baseline capture"
11688565,added_since_baseline,เขื่อนแม่กวงอุดมธารา,,,Royal Irrigation Department,Ping Basin,2026-09-07 21:00,"present in the 2026-09-07 waterlevel_load response, absent from the 2026-08-02 baseline capture"
11688566,added_since_baseline,สถานีแม่น้ำปิงที่โครงการส่งน้ำและบำรุงรักษาแม่แฝก-แม่งัด,,,Royal Irrigation Department,Ping Basin,2026-09-07 21:00,"present in the 2026-09-07 waterlevel_load response, absent from the 2026-08-02 baseline capture"
11688567,added_since_baseline,สถานีเขื่อนแม่งัดสมบูรณ์ชล,,,Royal Irrigation Department,Ping Basin,2026-09-07 21:00,"present in the 2026-09-07 waterlevel_load response, absent from the 2026-08-02 baseline capture"
11688568,added_since_baseline,สถานีโครงการชลประทานแม่ปิงเก่า,,,Royal Irrigation Department,Ping Basin,2026-09-07 21:00,"present in the 2026-09-07 waterlevel_load response, absent from the 2026-08-02 baseline capture"
11688569,added_since_baseline,สถานีคลองส่งน้ำแม่แตง,,,Royal Irrigation Department,Ping Basin,2026-09-07 21:00,"present in the 2026-09-07 waterlevel_load response, absent from the 2026-08-02 baseline capture"
11688570,added_since_baseline,สถานีฝายวังปาน,,,Royal Irrigation Department,Ping Basin,2026-09-07 21:00,"present in the 2026-09-07 waterlevel_load response, absent from the 2026-08-02 baseline capture"
11688571,added_since_baseline,สถานีน้ำแม่ปิง (P.90) บ้านทับเดื่อ,,,Royal Irrigation Department,Ping Basin,2026-09-07 21:00,"present in the 2026-09-07 waterlevel_load response, absent from the 2026-08-02 baseline capture"
11688572,added_since_baseline,บ้านแม่ปั๋ง,,,Royal Irrigation Department,Ping Basin,2026-09-07 21:00,"present in the 2026-09-07 waterlevel_load response, absent from the 2026-08-02 baseline capture"
11688573,added_since_baseline,บ้านท้องฟ้า,,,Royal Irrigation Department,Ping Basin,2026-09-07 21:00,"present in the 2026-09-07 waterlevel_load response, absent from the 2026-08-02 baseline capture"
11688574,added_since_baseline,บ้านปากร้อง,,,Royal Irrigation Department,Ping Basin,2026-09-07 14:00,"present in the 2026-09-07 waterlevel_load response, absent from the 2026-08-02 baseline capture"
11688575,added_since_baseline,บ้านวังชะโอน,,,Royal Irrigation Department,Ping Basin,2026-09-07 21:00,"present in the 2026-09-07 waterlevel_load response, absent from the 2026-08-02 baseline capture"
11688576,added_since_baseline,บ้านเกาะตาล,,,Royal Irrigation Department,Ping Basin,2026-09-07 21:00,"present in the 2026-09-07 waterlevel_load response, absent from the 2026-08-02 baseline capture"
11688577,added_since_baseline,ฝายคลองสวนหมาก,,,Royal Irrigation Department,Ping Basin,2026-09-07 21:00,"present in the 2026-09-07 waterlevel_load response, absent from the 2026-08-02 baseline capture"
11688578,added_since_baseline,บ้านโป่งน้ำร้อน,,,Royal Irrigation Department,Ping Basin,2026-09-07 21:00,"present in the 2026-09-07 waterlevel_load response, absent from the 2026-08-02 baseline capture"
11688579,added_since_baseline,คลองวังหิน,,,Royal Irrigation Department,Ping Basin,2026-09-07 21:00,"present in the 2026-09-07 waterlevel_load response, absent from the 2026-08-02 baseline capture"
11688580,added_since_baseline,บ้านโชคชัยพัฒนา-หินดาต,,,Royal Irrigation Department,Ping Basin,2026-09-07 21:00,"present in the 2026-09-07 waterlevel_load response, absent from the 2026-08-02 baseline capture"
11688581,added_since_baseline,ศูนย์พัฒนาสังคมหน่วยที่ 4,,,Royal Irrigation Department,Ping Basin,2026-09-07 21:00,"present in the 2026-09-07 waterlevel_load response, absent from the 2026-08-02 baseline capture"
11688582,added_since_baseline,สำนักสงฆ์มอหินเพลิง,,,Royal Irrigation Department,Ping Basin,2026-09-07 21:00,"present in the 2026-09-07 waterlevel_load response, absent from the 2026-08-02 baseline capture"
11688583,added_since_baseline,บ้านคลองน้ำไหลใต้,,,Royal Irrigation Department,Ping Basin,2026-09-07 21:00,"present in the 2026-09-07 waterlevel_load response, absent from the 2026-08-02 baseline capture"
11688584,added_since_baseline,บ้านคลองสีนวล,,,Royal Irrigation Department,Ping Basin,2026-09-07 21:00,"present in the 2026-09-07 waterlevel_load response, absent from the 2026-08-02 baseline capture"
11688585,added_since_baseline,บ้านหัวฝาย( P.26A เดิม),,,Royal Irrigation Department,Ping Basin,2026-09-07 21:00,"present in the 2026-09-07 waterlevel_load response, absent from the 2026-08-02 baseline capture"
11688586,added_since_baseline,บ้านใหม่เสรีธรรม,,,Royal Irrigation Department,Ping Basin,2026-09-07 21:00,"present in the 2026-09-07 waterlevel_load response, absent from the 2026-08-02 baseline capture"
11688587,added_since_baseline,อุทยานแห่งชาติคลองวังเจ้า,,,Royal Irrigation Department,Ping Basin,2026-09-07 21:00,"present in the 2026-09-07 waterlevel_load response, absent from the 2026-08-02 baseline capture"
11688588,added_since_baseline,วัดเขาแก้วสวรรค์,,,Royal Irrigation Department,Ping Basin,2026-09-07 21:00,"present in the 2026-09-07 waterlevel_load response, absent from the 2026-08-02 baseline capture"
11688589,added_since_baseline,น้ำแม่สอย  W.17A,,,Royal Irrigation Department,Wang Basin,2026-09-07 21:00,"present in the 2026-09-07 waterlevel_load response, absent from the 2026-08-02 baseline capture"
11688590,added_since_baseline,TW.27,,,Royal Irrigation Department,Wang Basin,2026-09-07 21:00,"present in the 2026-09-07 waterlevel_load response, absent from the 2026-08-02 baseline capture"
11688591,added_since_baseline,TW.28,,,Royal Irrigation Department,Wang Basin,2026-09-07 21:00,"present in the 2026-09-07 waterlevel_load response, absent from the 2026-08-02 baseline capture"
11688592,added_since_baseline,TW.29,,,Royal Irrigation Department,Wang Basin,2026-09-07 21:00,"present in the 2026-09-07 waterlevel_load response, absent from the 2026-08-02 baseline capture"
11688593,added_since_baseline,TW.30,,,Royal Irrigation Department,Wang Basin,2026-09-07 21:00,"present in the 2026-09-07 waterlevel_load response, absent from the 2026-08-02 baseline capture"
11688594,added_since_baseline,TW.31,,,Royal Irrigation Department,Wang Basin,2026-09-07 21:00,"present in the 2026-09-07 waterlevel_load response, absent from the 2026-08-02 baseline capture"
11688595,added_since_baseline,TW.32,,,Royal Irrigation Department,Wang Basin,2026-09-07 21:00,"present in the 2026-09-07 waterlevel_load response, absent from the 2026-08-02 baseline capture"
11688596,added_since_baseline,TW.34,,,Royal Irrigation Department,Wang Basin,2026-09-07 21:00,"present in the 2026-09-07 waterlevel_load response, absent from the 2026-08-02 baseline capture"
11688597,added_since_baseline,TW.35,,,Royal Irrigation Department,Wang Basin,2026-09-07 21:00,"present in the 2026-09-07 waterlevel_load response, absent from the 2026-08-02 baseline capture"
11688598,added_since_baseline,อำเภอโพธิ์ประทับช้าง จ.พิจิตร,,,Royal Irrigation Department,Yom Basin,2026-09-07 21:00,"present in the 2026-09-07 waterlevel_load response, absent from the 2026-08-02 baseline capture"
11688599,added_since_baseline,วัดวังเคียน จ.แพร่,,,Royal Irrigation Department,Yom Basin,2026-09-07 21:00,"present in the 2026-09-07 waterlevel_load response, absent from the 2026-08-02 baseline capture"
11688600,added_since_baseline,ตำบลต้าผาหมอก จ.แพร่,,,Royal Irrigation Department,Yom Basin,2026-09-07 21:00,"present in the 2026-09-07 waterlevel_load response, absent from the 2026-08-02 baseline capture"
11688601,added_since_baseline,บ้านไผ่โทน จ.แพร่,,,Royal Irrigation Department,Yom Basin,2026-09-01 12:00,"present in the 2026-09-07 waterlevel_load response, absent from the 2026-08-02 baseline capture"
11688602,added_since_baseline,บ้านหลวงเหนือ จ.ลำปาง,,,Royal Irrigation Department,Yom Basin,2026-09-07 21:00,"present in the 2026-09-07 waterlevel_load response, absent from the 2026-08-02 baseline capture"
11688603,added_since_baseline,บ้านวังยาว จ.น่าน,,,Royal Irrigation Department,Yom Basin,2026-09-07 21:00,"present in the 2026-09-07 waterlevel_load response, absent from the 2026-08-02 baseline capture"
11688604,added_since_baseline,อำเภอปง จ.พะเยา,,,Royal Irrigation Department,Yom Basin,2026-09-07 21:00,"present in the 2026-09-07 waterlevel_load response, absent from the 2026-08-02 baseline capture"
11688605,added_since_baseline,บ้านแฮะ จ.พะเยา,,,Royal Irrigation Department,Yom Basin,2026-09-07 21:00,"present in the 2026-09-07 waterlevel_load response, absent from the 2026-08-02 baseline capture"
11688606,added_since_baseline,วัดท่าไม้,,,Royal Irrigation Department,Yom Basin,2026-09-07 21:00,"present in the 2026-09-07 waterlevel_load response, absent from the 2026-08-02 baseline capture"
11688607,added_since_baseline,ปตร.บ้านวังสะตือ,,,Royal Irrigation Department,Yom Basin,2026-09-07 21:00,"present in the 2026-09-07 waterlevel_load response, absent from the 2026-08-02 baseline capture"
11688608,added_since_baseline,สะพานเขาโค้ง,,,Royal Irrigation Department,Yom Basin,2026-09-07 21:00,"present in the 2026-09-07 waterlevel_load response, absent from the 2026-08-02 baseline capture"
11688609,added_since_baseline,แม่น้ำยม ปากคลองเข้า ปตร.บางพระ,,,Royal Irrigation Department,Yom Basin,2026-09-07 21:00,"present in the 2026-09-07 waterlevel_load response, absent from the 2026-08-02 baseline capture"
11688611,added_since_baseline,ห้วยแม่ลาน เทศบาลแม่ลานนา,,,Royal Irrigation Department,Yom Basin,2026-09-07 18:00,"present in the 2026-09-07 waterlevel_load response, absent from the 2026-08-02 baseline capture"
11688612,added_since_baseline,ฝายแม่ยม อ.สอง จ.แพร่,,,Royal Irrigation Department,Yom Basin,2026-09-07 21:00,"present in the 2026-09-07 waterlevel_load response, absent from the 2026-08-02 baseline capture"
11688613,added_since_baseline,ฝายบ้านน้ำขุ่น,,,Royal Irrigation Department,East Coast Gulf Basin,2026-09-07 21:00,"present in the 2026-09-07 waterlevel_load response, absent from the 2026-08-02 baseline capture"
11688614,added_since_baseline,ชลประทานวังกระแจะ,,,Royal Irrigation Department,East Coast Gulf Basin,2026-09-07 21:00,"present in the 2026-09-07 waterlevel_load response, absent from the 2026-08-02 baseline capture"
11688615,added_since_baseline,ชลประทานตราด,,,Royal Irrigation Department,East Coast Gulf Basin,2026-09-07 21:00,"present in the 2026-09-07 waterlevel_load response, absent from the 2026-08-02 baseline capture"
11688616,added_since_baseline,บ้านปลายคลอง,,,Royal Irrigation Department,East Coast Gulf Basin,2026-09-07 21:00,"present in the 2026-09-07 waterlevel_load response, absent from the 2026-08-02 baseline capture"
11688617,added_since_baseline,บ้านไร่ป่า,,,Royal Irrigation Department,East Coast Gulf Basin,2026-09-07 21:00,"present in the 2026-09-07 waterlevel_load response, absent from the 2026-08-02 baseline capture"
11688618,added_since_baseline,เขาสมิง,,,Royal Irrigation Department,East Coast Gulf Basin,2026-09-07 21:00,"present in the 2026-09-07 waterlevel_load response, absent from the 2026-08-02 baseline capture"
11688619,added_since_baseline,วัดเทพนิมิต,,,Royal Irrigation Department,East Coast Gulf Basin,2026-09-07 21:00,"present in the 2026-09-07 waterlevel_load response, absent from the 2026-08-02 baseline capture"
11688620,added_since_baseline,วัดคลองขุด,,,Royal Irrigation Department,East Coast Gulf Basin,2026-09-07 21:00,"present in the 2026-09-07 waterlevel_load response, absent from the 2026-08-02 baseline capture"
11688621,added_since_baseline,วัดวุรุณดิตถาราม,,,Royal Irrigation Department,East Coast Gulf Basin,2026-09-07 21:00,"present in the 2026-09-07 waterlevel_load response, absent from the 2026-08-02 baseline capture"
11688622,added_since_baseline,ปากแม่น้ำบางปะกง,,,Royal Irrigation Department,Bang Pakong Basin,2026-09-07 21:00,"present in the 2026-09-07 waterlevel_load response, absent from the 2026-08-02 baseline capture"
11688623,added_since_baseline,บ้านโพธิ์,,,Royal Irrigation Department,Bang Pakong Basin,2026-09-07 21:00,"present in the 2026-09-07 waterlevel_load response, absent from the 2026-08-02 baseline capture"
11688624,added_since_baseline,เขื่อนทดน้ำบางปะกง,,,Royal Irrigation Department,Bang Pakong Basin,2026-09-07 21:00,"present in the 2026-09-07 waterlevel_load response, absent from the 2026-08-02 baseline capture"
11688625,added_since_baseline,ฝายท่าลาด,,,Royal Irrigation Department,Bang Pakong Basin,2026-09-07 21:00,"present in the 2026-09-07 waterlevel_load response, absent from the 2026-08-02 baseline capture"
11688626,added_since_baseline,บางขนาก,,,Royal Irrigation Department,Bang Pakong Basin,2026-09-07 21:00,"present in the 2026-09-07 waterlevel_load response, absent from the 2026-08-02 baseline capture"
11688627,added_since_baseline,หอทอง,,,Royal Irrigation Department,Bang Pakong Basin,2026-09-07 21:00,"present in the 2026-09-07 waterlevel_load response, absent from the 2026-08-02 baseline capture"
11688628,added_since_baseline,ศรีมหาโพธิ์,,,Royal Irrigation Department,Bang Pakong Basin,2026-09-07 21:00,"present in the 2026-09-07 waterlevel_load response, absent from the 2026-08-02 baseline capture"
11688629,added_since_baseline,สมบูรณ์,,,Royal Irrigation Department,Bang Pakong Basin,2026-09-07 21:00,"present in the 2026-09-07 waterlevel_load response, absent from the 2026-08-02 baseline capture"
11688630,added_since_baseline,คลองแม่น้ำใน(โพธิ์แทน),,,Royal Irrigation Department,Chao Phraya Basin,2026-09-07 21:00,"present in the 2026-09-07 waterlevel_load response, absent from the 2026-08-02 baseline capture"
11688631,added_since_baseline,เขื่อนนายก,,,Royal Irrigation Department,Bang Pakong Basin,2026-09-07 21:00,"present in the 2026-09-07 waterlevel_load response, absent from the 2026-08-02 baseline capture"
11688632,added_since_baseline,บ้านตะเภาลาย,,,Royal Irrigation Department,Bang Pakong Basin,2026-09-07 21:00,"present in the 2026-09-07 waterlevel_load response, absent from the 2026-08-02 baseline capture"
11688633,added_since_baseline,วัดสง่างาม,,,Royal Irrigation Department,Bang Pakong Basin,2026-09-07 21:00,"present in the 2026-09-07 waterlevel_load response, absent from the 2026-08-02 baseline capture"
11688634,added_since_baseline,ประจันตคาม,,,Royal Irrigation Department,Bang Pakong Basin,2026-09-07 21:00,"present in the 2026-09-07 waterlevel_load response, absent from the 2026-08-02 baseline capture"
11688635,added_since_baseline,บ้านเนินหินกอง,,,Royal Irrigation Department,Bang Pakong Basin,2026-09-07 21:00,"present in the 2026-09-07 waterlevel_load response, absent from the 2026-08-02 baseline capture"
11688636,added_since_baseline,บ้านป่าเต็ง,,,Royal Irrigation Department,Phetchaburi - Prachuap Khiri Khan Basin,2026-09-07 21:00,"present in the 2026-09-07 waterlevel_load response, absent from the 2026-08-02 baseline capture"
11688637,added_since_baseline,เขื่อนปราณบุรี,,,Royal Irrigation Department,Phetchaburi - Prachuap Khiri Khan Basin,2026-09-07 21:00,"present in the 2026-09-07 waterlevel_load response, absent from the 2026-08-02 baseline capture"
11688638,added_since_baseline,บ้านเขาน้ำตก,,,Royal Irrigation Department,Phetchaburi - Prachuap Khiri Khan Basin,2026-09-07 21:00,"present in the 2026-09-07 waterlevel_load response, absent from the 2026-08-02 baseline capture"
11688639,added_since_baseline,บ้านห้วยมงคล,,,Royal Irrigation Department,Phetchaburi - Prachuap Khiri Khan Basin,2026-09-07 21:00,"present in the 2026-09-07 waterlevel_load response, absent from the 2026-08-02 baseline capture"
11688640,added_since_baseline,อ่างเก็บน้ำโป่งสามสิบ,,,Royal Irrigation Department,Phetchaburi - Prachuap Khiri Khan Basin,2026-09-07 21:00,"present in the 2026-09-07 waterlevel_load response, absent from the 2026-08-02 baseline capture"
11688641,added_since_baseline,อ่างเก็บน้ำยางชุม,,,Royal Irrigation Department,Phetchaburi - Prachuap Khiri Khan Basin,2026-09-07 21:00,"present in the 2026-09-07 waterlevel_load response, absent from the 2026-08-02 baseline capture"
11688642,added_since_baseline,วัดปากแพรก,,,Royal Irrigation Department,Phetchaburi - Prachuap Khiri Khan Basin,2026-09-07 21:00,"present in the 2026-09-07 waterlevel_load response, absent from the 2026-08-02 baseline capture"
11688643,added_since_baseline,บ้านห้วยกวางจริง,,,Royal Irrigation Department,Phetchaburi - Prachuap Khiri Khan Basin,2026-09-07 21:00,"present in the 2026-09-07 waterlevel_load response, absent from the 2026-08-02 baseline capture"
11688644,added_since_baseline,เขื่อนแก่งกระจาน (เหนือน้ำ),,,Royal Irrigation Department,Phetchaburi - Prachuap Khiri Khan Basin,2026-09-07 21:00,"present in the 2026-09-07 waterlevel_load response, absent from the 2026-08-02 baseline capture"
11688645,added_since_baseline,เขื่อนแก่งกระจาน (ท้ายน้ำ),,,Royal Irrigation Department,Phetchaburi - Prachuap Khiri Khan Basin,2026-09-07 21:00,"present in the 2026-09-07 waterlevel_load response, absent from the 2026-08-02 baseline capture"
11688646,added_since_baseline,บ้านแหลม,,,Royal Irrigation Department,Phetchaburi - Prachuap Khiri Khan Basin,2026-09-07 21:00,"present in the 2026-09-07 waterlevel_load response, absent from the 2026-08-02 baseline capture"
11688647,added_since_baseline,สถานีเขื่อนเพชร (เหนือน้ำ),,,Royal Irrigation Department,Phetchaburi - Prachuap Khiri Khan Basin,2026-09-07 21:00,"present in the 2026-09-07 waterlevel_load response, absent from the 2026-08-02 baseline capture"
11688648,added_since_baseline,สถานีเขื่อนเพชร (ท้ายน้ำ),,,Royal Irrigation Department,Phetchaburi - Prachuap Khiri Khan Basin,2026-09-07 21:00,"present in the 2026-09-07 waterlevel_load response, absent from the 2026-08-02 baseline capture"
11688649,added_since_baseline,ปตร.พลเทพ,,,Royal Irrigation Department,Chao Phraya Basin,2026-09-07 21:00,"present in the 2026-09-07 waterlevel_load response, absent from the 2026-08-02 baseline capture"
11688650,added_since_baseline,ปตร.ท่าโบสถ์,,,Royal Irrigation Department,Tha Chin Basin,2026-09-07 21:00,"present in the 2026-09-07 waterlevel_load response, absent from the 2026-08-02 baseline capture"
11688651,added_since_baseline,ปตร.สามชุก,,,Royal Irrigation Department,Tha Chin Basin,2026-09-07 20:00,"present in the 2026-09-07 waterlevel_load response, absent from the 2026-08-02 baseline capture"
11688652,added_since_baseline,วัดมณีวรรณ,,,Royal Irrigation Department,Tha Chin Basin,2026-09-07 20:00,"present in the 2026-09-07 waterlevel_load response, absent from the 2026-08-02 baseline capture"
11688653,added_since_baseline,โรงเรียนวัดบางปลา,,,Royal Irrigation Department,Tha Chin Basin,2026-09-07 21:00,"present in the 2026-09-07 waterlevel_load response, absent from the 2026-08-02 baseline capture"
11688654,added_since_baseline,วัดท่ากระบือ,,,Royal Irrigation Department,Tha Chin Basin,2026-09-07 19:00,"present in the 2026-09-07 waterlevel_load response, absent from the 2026-08-02 baseline capture"
11688655,added_since_baseline,วัดช่องลม,,,Royal Irrigation Department,Tha Chin Basin,2026-09-07 20:00,"present in the 2026-09-07 waterlevel_load response, absent from the 2026-08-02 baseline capture"
11688656,added_since_baseline,บ้านผาทั่ง,,,Royal Irrigation Department,Tha Chin Basin,2026-09-07 20:00,"present in the 2026-09-07 waterlevel_load response, absent from the 2026-08-02 baseline capture"
11688657,added_since_baseline,บ้านด่านช้าง,,,Royal Irrigation Department,Tha Chin Basin,2026-09-07 21:00,"present in the 2026-09-07 waterlevel_load response, absent from the 2026-08-02 baseline capture"
11688658,added_since_baseline,ไซฟอนกระเสียว,,,Royal Irrigation Department,Tha Chin Basin,2026-09-07 21:00,"present in the 2026-09-07 waterlevel_load response, absent from the 2026-08-02 baseline capture"
11688659,added_since_baseline,วัดหนองปลิง,,,Royal Irrigation Department,Tha Chin Basin,2026-09-07 21:00,"present in the 2026-09-07 waterlevel_load response, absent from the 2026-08-02 baseline capture"
11688660,added_since_baseline,วัดท่าขนุน,,,Royal Irrigation Department,Mae Klong Basin,2026-09-07 21:00,"present in the 2026-09-07 waterlevel_load response, absent from the 2026-08-02 baseline capture"
11688661,added_since_baseline,บ้านท่ามะนาว,,,Royal Irrigation Department,Mae Klong Basin,2026-09-07 21:00,"present in the 2026-09-07 waterlevel_load response, absent from the 2026-08-02 baseline capture"
11688662,added_since_baseline,วัดยางเกาะ,,,Royal Irrigation Department,Mae Klong Basin,2026-09-07 21:00,"present in the 2026-09-07 waterlevel_load response, absent from the 2026-08-02 baseline capture"
11688663,added_since_baseline,วัดท่าแย้,,,Royal Irrigation Department,Mae Klong Basin,2026-09-07 21:00,"present in the 2026-09-07 waterlevel_load response, absent from the 2026-08-02 baseline capture"
11688665,added_since_baseline,ฝายทดน้ำลำเหย,,,Royal Irrigation Department,Mae Klong Basin,2026-09-07 21:00,"present in the 2026-09-07 waterlevel_load response, absent from the 2026-08-02 baseline capture"
11688666,added_since_baseline,ห้วยลำอีซู,,,Royal Irrigation Department,Mae Klong Basin,2026-09-07 21:00,"present in the 2026-09-07 waterlevel_load response, absent from the 2026-08-02 baseline capture"
11688667,added_since_baseline,วัดหนองไม้เอื้อย,,,Royal Irrigation Department,Mae Klong Basin,2026-09-07 21:00,"present in the 2026-09-07 waterlevel_load response, absent from the 2026-08-02 baseline capture"
11688668,added_since_baseline,สะพานข้ามลำภาชี,,,Royal Irrigation Department,Mae Klong Basin,2026-09-07 21:00,"present in the 2026-09-07 waterlevel_load response, absent from the 2026-08-02 baseline capture"
11688669,added_since_baseline,วัดศรีมงคล,,,Royal Irrigation Department,Mae Klong Basin,2026-09-07 21:00,"present in the 2026-09-07 waterlevel_load response, absent from the 2026-08-02 baseline capture"
11688670,added_since_baseline,วัดลิ่นถิ่น,,,Royal Irrigation Department,Mae Klong Basin,2026-09-07 21:00,"present in the 2026-09-07 waterlevel_load response, absent from the 2026-08-02 baseline capture"
11688672,added_since_baseline,วัดบางคนฑีใน,,,Royal Irrigation Department,Mae Klong Basin,2026-09-07 21:00,"present in the 2026-09-07 waterlevel_load response, absent from the 2026-08-02 baseline capture"
11688673,added_since_baseline,โรงเรียนบ้านลาดใหญ่สามัคคี,,,Royal Irrigation Department,Mae Klong Basin,2026-09-07 21:00,"present in the 2026-09-07 waterlevel_load response, absent from the 2026-08-02 baseline capture"
11688674,added_since_baseline,สำนักงานประปา  อบต.ท่ากระดาน สาขาแก่งแคบ,,,Royal Irrigation Department,Mae Klong Basin,2026-09-07 21:00,"present in the 2026-09-07 waterlevel_load response, absent from the 2026-08-02 baseline capture"
11688675,added_since_baseline,บ้านเลยวังไสย์,,,Royal Irrigation Department,Northeast Khong Basin,2026-09-07 21:00,"present in the 2026-09-07 waterlevel_load response, absent from the 2026-08-02 baseline capture"
11688676,added_since_baseline,บ้านฟากเลย,,,Royal Irrigation Department,Northeast Khong Basin,2026-09-07 21:00,"present in the 2026-09-07 waterlevel_load response, absent from the 2026-08-02 baseline capture"
11688677,added_since_baseline,บ้านหนองบอน,,,Royal Irrigation Department,Northeast Khong Basin,2026-09-07 21:00,"present in the 2026-09-07 waterlevel_load response, absent from the 2026-08-02 baseline capture"
11688678,added_since_baseline,บ้านไร่ม่วง,,,Royal Irrigation Department,Northeast Khong Basin,2026-09-07 21:00,"present in the 2026-09-07 waterlevel_load response, absent from the 2026-08-02 baseline capture"
11688679,added_since_baseline,บ้านเพีย,,,Royal Irrigation Department,Northeast Khong Basin,2026-09-07 21:00,"present in the 2026-09-07 waterlevel_load response, absent from the 2026-08-02 baseline capture"
11688680,added_since_baseline,บ้านโป่ง,,,Royal Irrigation Department,Northeast Khong Basin,2026-09-07 21:00,"present in the 2026-09-07 waterlevel_load response, absent from the 2026-08-02 baseline capture"
11688681,added_since_baseline,บ้านโพธิ์ชัยทอง,,,Royal Irrigation Department,Northeast Khong Basin,2026-09-07 21:00,"present in the 2026-09-07 waterlevel_load response, absent from the 2026-08-02 baseline capture"
11688682,added_since_baseline,บ้านพันนา,,,Royal Irrigation Department,Northeast Khong Basin,2026-09-07 21:00,"present in the 2026-09-07 waterlevel_load response, absent from the 2026-08-02 baseline capture"
11688683,added_since_baseline,เขื่อนน้ำอูน,,,Royal Irrigation Department,Northeast Khong Basin,2026-09-07 21:00,"present in the 2026-09-07 waterlevel_load response, absent from the 2026-08-02 baseline capture"
11688684,added_since_baseline,บ้านโป่งเปื่อย,,,Royal Irrigation Department,Northeast Khong Basin,2026-09-07 20:00,"present in the 2026-09-07 waterlevel_load response, absent from the 2026-08-02 baseline capture"
11688686,added_since_baseline,บ้านดงหนองบัว,,,Royal Irrigation Department,Northeast Khong Basin,2026-09-07 21:00,"present in the 2026-09-07 waterlevel_load response, absent from the 2026-08-02 baseline capture"
11688687,added_since_baseline,บ้านป่งไฮ,,,Royal Irrigation Department,Northeast Khong Basin,2026-09-07 21:00,"present in the 2026-09-07 waterlevel_load response, absent from the 2026-08-02 baseline capture"
11688688,added_since_baseline,ปตร.ห้วยหลวง,,,Royal Irrigation Department,Northeast Khong Basin,2026-09-07 21:00,"present in the 2026-09-07 waterlevel_load response, absent from the 2026-08-02 baseline capture"
11688689,added_since_baseline,สะพานห้วยลม,,,Royal Irrigation Department,Northeast Khong Basin,2026-09-07 21:00,"present in the 2026-09-07 waterlevel_load response, absent from the 2026-08-02 baseline capture"
11688690,added_since_baseline,สะพานห้วยบ้าน,,,Royal Irrigation Department,Northeast Khong Basin,2026-09-07 21:00,"present in the 2026-09-07 waterlevel_load response, absent from the 2026-08-02 baseline capture"
11688691,added_since_baseline,ศูนย์การเรียนรู้ อบต.เตาไห,,,Royal Irrigation Department,Northeast Khong Basin,2026-09-07 21:00,"present in the 2026-09-07 waterlevel_load response, absent from the 2026-08-02 baseline capture"
11688692,added_since_baseline,สะพานห้วยน้ำขุ่น,,,Royal Irrigation Department,Northeast Khong Basin,2026-09-07 21:00,"present in the 2026-09-07 waterlevel_load response, absent from the 2026-08-02 baseline capture"
11688693,added_since_baseline,อบต. บ้านแมด,,,Royal Irrigation Department,Northeast Khong Basin,2026-09-07 21:00,"present in the 2026-09-07 waterlevel_load response, absent from the 2026-08-02 baseline capture"
11688694,added_since_baseline,อ่างเก็บน้ำห้วยหลวง,,,Royal Irrigation Department,Northeast Khong Basin,2026-09-07 21:00,"present in the 2026-09-07 waterlevel_load response, absent from the 2026-08-02 baseline capture"
11688695,added_since_baseline,สบลำกระจวนแม่น้ำชี,,,Royal Irrigation Department,Chi Basin Basin,2026-09-07 21:00,"present in the 2026-09-07 waterlevel_load response, absent from the 2026-08-02 baseline capture"
11688696,added_since_baseline,ท้ายเขื่อนลำปะทาว,,,Royal Irrigation Department,Chi Basin Basin,2026-09-07 21:00,"present in the 2026-09-07 waterlevel_load response, absent from the 2026-08-02 baseline capture"
11688697,added_since_baseline,(บ้านโนนสมอ),,,Royal Irrigation Department,Chi Basin Basin,2026-09-07 21:00,"present in the 2026-09-07 waterlevel_load response, absent from the 2026-08-02 baseline capture"
11688698,added_since_baseline,สบห้วยสามหมอแม่น้ำชี (บ.วังสามหมอ),,,Royal Irrigation Department,Chi Basin Basin,2026-09-07 21:00,"present in the 2026-09-07 waterlevel_load response, absent from the 2026-08-02 baseline capture"
11688699,added_since_baseline,สบแม่น้ำชีห้วยสามหมอ (บ.วังสามหมอ),,,Royal Irrigation Department,Chi Basin Basin,2026-09-07 21:00,"present in the 2026-09-07 waterlevel_load response, absent from the 2026-08-02 baseline capture"
11688700,added_since_baseline,ฝายมหาสารคาม (บ้านคุยเชือก),,,Royal Irrigation Department,Chi Basin Basin,2026-09-07 21:00,"present in the 2026-09-07 waterlevel_load response, absent from the 2026-08-02 baseline capture"
11688701,added_since_baseline,บ้านไผ่ล้อม,,,Royal Irrigation Department,Chi Basin Basin,2026-09-07 21:00,"present in the 2026-09-07 waterlevel_load response, absent from the 2026-08-02 baseline capture"
11688702,added_since_baseline,วัดเสมาท่าค้อ,,,Royal Irrigation Department,Chi Basin Basin,2026-09-07 21:00,"present in the 2026-09-07 waterlevel_load response, absent from the 2026-08-02 baseline capture"
11688703,added_since_baseline,ฝายยโสธร,,,Royal Irrigation Department,Chi Basin Basin,2026-09-07 21:00,"present in the 2026-09-07 waterlevel_load response, absent from the 2026-08-02 baseline capture"
11688704,added_since_baseline,วัดอัมพวันนาราม,,,Royal Irrigation Department,Chi Basin Basin,2026-09-07 21:00,"present in the 2026-09-07 waterlevel_load response, absent from the 2026-08-02 baseline capture"
11688705,added_since_baseline,บ้านหนองเป็ด,,,Royal Irrigation Department,Chi Basin Basin,2026-09-07 21:00,"present in the 2026-09-07 waterlevel_load response, absent from the 2026-08-02 baseline capture"
11688706,added_since_baseline,บ้านโนนเขวา,,,Royal Irrigation Department,Chi Basin Basin,2026-09-07 21:00,"present in the 2026-09-07 waterlevel_load response, absent from the 2026-08-02 baseline capture"
11688707,added_since_baseline,โรงเรียนบ้านหนองหอย,,,Royal Irrigation Department,Chi Basin Basin,2026-09-07 21:00,"present in the 2026-09-07 waterlevel_load response, absent from the 2026-08-02 baseline capture"
11688708,added_since_baseline,หอทะหลา มเหศักดิ์,,,Royal Irrigation Department,Chi Basin Basin,2026-09-07 21:00,"present in the 2026-09-07 waterlevel_load response, absent from the 2026-08-02 baseline capture"
11688709,added_since_baseline,กุดน้ำใส,,,Royal Irrigation Department,Chi Basin Basin,2026-09-07 21:00,"present in the 2026-09-07 waterlevel_load response, absent from the 2026-08-02 baseline capture"
11688710,added_since_baseline,วัดศรีแก้ว,,,Royal Irrigation Department,Chi Basin Basin,2026-09-07 21:00,"present in the 2026-09-07 waterlevel_load response, absent from the 2026-08-02 baseline capture"
11688711,added_since_baseline,วัดท่าประทาย,,,Royal Irrigation Department,Chi Basin Basin,2026-09-07 21:00,"present in the 2026-09-07 waterlevel_load response, absent from the 2026-08-02 baseline capture"
11688712,added_since_baseline,ฝายพรม-เชิญ,,,Royal Irrigation Department,Chi Basin Basin,2026-09-07 21:00,"present in the 2026-09-07 waterlevel_load response, absent from the 2026-08-02 baseline capture"
11688713,added_since_baseline,บ้านนางใย,,,Royal Irrigation Department,Chi Basin Basin,2026-09-07 21:00,"present in the 2026-09-07 waterlevel_load response, absent from the 2026-08-02 baseline capture"
11688714,added_since_baseline,วัดโพธิ์ศรีท่าแห่,,,Royal Irrigation Department,Chi Basin Basin,2026-09-07 21:00,"present in the 2026-09-07 waterlevel_load response, absent from the 2026-08-02 baseline capture"
11688716,added_since_baseline,บุ่งเลิศ,,,Royal Irrigation Department,Chi Basin Basin,2026-09-07 21:00,"present in the 2026-09-07 waterlevel_load response, absent from the 2026-08-02 baseline capture"
11688717,added_since_baseline,ฝายบ้านดอนปอ,,,Royal Irrigation Department,Chi Basin Basin,2026-09-07 21:00,"present in the 2026-09-07 waterlevel_load response, absent from the 2026-08-02 baseline capture"
11688718,added_since_baseline,สถานีฝายกุมภวาปี,,,Royal Irrigation Department,Chi Basin Basin,2026-09-07 20:00,"present in the 2026-09-07 waterlevel_load response, absent from the 2026-08-02 baseline capture"
11688719,added_since_baseline,สถานีเขื่อนลำปาว,,,Royal Irrigation Department,Chi Basin Basin,2026-09-07 21:00,"present in the 2026-09-07 waterlevel_load response, absent from the 2026-08-02 baseline capture"
11688720,added_since_baseline,TM.50 (วัดแชะ),,,Royal Irrigation Department,Mun Basin,2026-09-07 21:00,"present in the 2026-09-07 waterlevel_load response, absent from the 2026-08-02 baseline capture"
11688721,added_since_baseline,TM.145,,,Royal Irrigation Department,Mun Basin,2026-09-07 21:00,"present in the 2026-09-07 waterlevel_load response, absent from the 2026-08-02 baseline capture"
11688722,added_since_baseline,T สะพานบ้านหัน,,,Royal Irrigation Department,Mun Basin,2026-09-07 21:00,"present in the 2026-09-07 waterlevel_load response, absent from the 2026-08-02 baseline capture"
11688723,added_since_baseline,"T ขรน.มะเกลือใหม่ (U/S), (D/S)",,,Royal Irrigation Department,Mun Basin,2026-09-07 21:00,"present in the 2026-09-07 waterlevel_load response, absent from the 2026-08-02 baseline capture"
11688724,added_since_baseline,TM.1A (วัดใหม่อัมพร),,,Royal Irrigation Department,Mun Basin,2026-09-07 21:00,"present in the 2026-09-07 waterlevel_load response, absent from the 2026-08-02 baseline capture"
11688725,added_since_baseline,"T ขรน.กันผม (U/S), (D/S)",,,Royal Irrigation Department,Mun Basin,2026-09-07 21:00,"present in the 2026-09-07 waterlevel_load response, absent from the 2026-08-02 baseline capture"
11688726,added_since_baseline,"Tฝายยางบ้านส้ม (U/S), (D/S)",,,Royal Irrigation Department,Mun Basin,2026-09-07 21:00,"present in the 2026-09-07 waterlevel_load response, absent from the 2026-08-02 baseline capture"
11688727,added_since_baseline,T ปตร.น้ำเค็ม (D/S),,,Royal Irrigation Department,Mun Basin,2026-09-07 21:00,"present in the 2026-09-07 waterlevel_load response, absent from the 2026-08-02 baseline capture"
11688728,added_since_baseline,"Tเขื่อนพิมาย (U/S), (D/S)",,,Royal Irrigation Department,Mun Basin,2026-09-07 21:00,"present in the 2026-09-07 waterlevel_load response, absent from the 2026-08-02 baseline capture"
11688729,added_since_baseline,T-MUN3 (ฝายโคกตอง),,,Royal Irrigation Department,Mun Basin,2026-09-07 21:00,"present in the 2026-09-07 waterlevel_load response, absent from the 2026-08-02 baseline capture"
11688730,added_since_baseline,"Tฝายชุมพวง (U/S), (D/S)",,,Royal Irrigation Department,Mun Basin,2026-09-07 21:00,"present in the 2026-09-07 waterlevel_load response, absent from the 2026-08-02 baseline capture"
11688731,added_since_baseline,T หลุมข้าว,,,Royal Irrigation Department,Mun Basin,2026-09-06 16:00,"present in the 2026-09-07 waterlevel_load response, absent from the 2026-08-02 baseline capture"
11688732,added_since_baseline,T ปตร.ลำสะแทด (D/S),,,Royal Irrigation Department,Mun Basin,2026-09-07 21:00,"present in the 2026-09-07 waterlevel_load response, absent from the 2026-08-02 baseline capture"
11688733,added_since_baseline,"Tฝายยางบ้านเขว้า  (U/S), (D/S)",,,Royal Irrigation Department,Mun Basin,2026-09-07 21:00,"present in the 2026-09-07 waterlevel_load response, absent from the 2026-08-02 baseline capture"
11688734,added_since_baseline,TM.4,,,Royal Irrigation Department,Mun Basin,2026-09-07 21:00,"present in the 2026-09-07 waterlevel_load response, absent from the 2026-08-02 baseline capture"
11688735,added_since_baseline,"Tฝายยางบ้านตะลุง (U/S), (D/S)",,,Royal Irrigation Department,Mun Basin,2026-09-07 21:00,"present in the 2026-09-07 waterlevel_load response, absent from the 2026-08-02 baseline capture"
11688736,added_since_baseline,Tสบห้วยเหนือ+ห้วยสำราญ,,,Royal Irrigation Department,Mun Basin,2026-09-07 21:00,"present in the 2026-09-07 waterlevel_load response, absent from the 2026-08-02 baseline capture"
11688737,added_since_baseline,TM.182,,,Royal Irrigation Department,Mun Basin,2026-09-07 21:00,"present in the 2026-09-07 waterlevel_load response, absent from the 2026-08-02 baseline capture"
11688738,added_since_baseline,Tใต้ฝายห้วยขะยุง,,,Royal Irrigation Department,Mun Basin,2026-09-07 21:00,"present in the 2026-09-07 waterlevel_load response, absent from the 2026-08-02 baseline capture"
11688739,added_since_baseline,TM.176 (วัดลือชัย),,,Royal Irrigation Department,Mun Basin,2026-09-07 21:00,"present in the 2026-09-07 waterlevel_load response, absent from the 2026-08-02 baseline capture"
11688740,added_since_baseline,ฝายราษีไศล,,,Royal Irrigation Department,Mun Basin,2026-09-07 21:00,"present in the 2026-09-07 waterlevel_load response, absent from the 2026-08-02 baseline capture"
11688741,added_since_baseline,บ้านวังยาง,,,Royal Irrigation Department,Mun Basin,2026-09-07 21:00,"present in the 2026-09-07 waterlevel_load response, absent from the 2026-08-02 baseline capture"
11688742,added_since_baseline,ฝายอำนาจเจริญ,,,Royal Irrigation Department,Mun Basin,2026-09-07 21:00,"present in the 2026-09-07 waterlevel_load response, absent from the 2026-08-02 baseline capture"
11688743,added_since_baseline,ฝายลำเซบก,,,Royal Irrigation Department,Mun Basin,2026-09-07 21:00,"present in the 2026-09-07 waterlevel_load response, absent from the 2026-08-02 baseline capture"
11688744,added_since_baseline,วัดนิกรวราราม (ย่านยาว),,,Royal Irrigation Department,Peninsula - West Coast Basin,2026-09-07 21:00,"present in the 2026-09-07 waterlevel_load response, absent from the 2026-08-02 baseline capture"
11688745,added_since_baseline,บ้านสะพานเสือ,,,Royal Irrigation Department,Peninsula - West Coast Basin,2026-09-07 21:00,"present in the 2026-09-07 waterlevel_load response, absent from the 2026-08-02 baseline capture"
11688746,added_since_baseline,บ้านเหล,,,Royal Irrigation Department,Peninsula - West Coast Basin,2026-09-07 21:00,"present in the 2026-09-07 waterlevel_load response, absent from the 2026-08-02 baseline capture"
11688747,added_since_baseline,บ้านนาข่าเหนือ,,,Royal Irrigation Department,Peninsula - West Coast Basin,2026-09-07 21:00,"present in the 2026-09-07 waterlevel_load response, absent from the 2026-08-02 baseline capture"
11688748,added_since_baseline,บ้านอุใดใต้,,,Royal Irrigation Department,Peninsula - West Coast Basin,2026-09-07 21:00,"present in the 2026-09-07 waterlevel_load response, absent from the 2026-08-02 baseline capture"
11688750,added_since_baseline,บ้านผังปาล์ม 1,,,Royal Irrigation Department,Peninsula - West Coast Basin,2026-09-07 21:00,"present in the 2026-09-07 waterlevel_load response, absent from the 2026-08-02 baseline capture"
11688751,added_since_baseline,บ้านวังปราง,,,Royal Irrigation Department,Peninsula - West Coast Basin,2026-09-07 21:00,"present in the 2026-09-07 waterlevel_load response, absent from the 2026-08-02 baseline capture"
11688752,added_since_baseline,บ้านปากมูด,,,Royal Irrigation Department,Peninsula - West Coast Basin,2026-09-07 21:00,"present in the 2026-09-07 waterlevel_load response, absent from the 2026-08-02 baseline capture"
11688753,added_since_baseline,บ้านนิคม,,,Royal Irrigation Department,Peninsula - West Coast Basin,2026-09-07 21:00,"present in the 2026-09-07 waterlevel_load response, absent from the 2026-08-02 baseline capture"
11688754,added_since_baseline,บ้านลำภูรา,,,Royal Irrigation Department,Peninsula - West Coast Basin,2026-09-07 21:00,"present in the 2026-09-07 waterlevel_load response, absent from the 2026-08-02 baseline capture"
11688755,added_since_baseline,ฝายคลองนางน้อย,,,Royal Irrigation Department,Peninsula - West Coast Basin,2026-09-07 21:00,"present in the 2026-09-07 waterlevel_load response, absent from the 2026-08-02 baseline capture"
11688756,added_since_baseline,บ้านท่าปาบ(X.230),,,Royal Irrigation Department,Peninsula - West Coast Basin,2026-09-07 21:00,"present in the 2026-09-07 waterlevel_load response, absent from the 2026-08-02 baseline capture"
11688757,added_since_baseline,วัดนาเมืองเพชร,,,Royal Irrigation Department,Peninsula - West Coast Basin,2026-09-07 21:00,"present in the 2026-09-07 waterlevel_load response, absent from the 2026-08-02 baseline capture"
11688758,added_since_baseline,บ้านเกาะเคี่ยม,,,Royal Irrigation Department,Peninsula - West Coast Basin,2026-09-07 21:00,"present in the 2026-09-07 waterlevel_load response, absent from the 2026-08-02 baseline capture"
11688759,added_since_baseline,บ้านปากแครง,,,Royal Irrigation Department,Peninsula - West Coast Basin,2026-09-07 21:00,"present in the 2026-09-07 waterlevel_load response, absent from the 2026-08-02 baseline capture"
11688760,added_since_baseline,คลองท่าแซะ,,,Royal Irrigation Department,Peninsula - Upper East Coast Basin,2026-09-07 21:00,"present in the 2026-09-07 waterlevel_load response, absent from the 2026-08-02 baseline capture"
11688761,added_since_baseline,ประตูระบายน้ำหัววัง,,,Royal Irrigation Department,Peninsula - Upper East Coast Basin,2026-09-07 21:00,"present in the 2026-09-07 waterlevel_load response, absent from the 2026-08-02 baseline capture"
11688762,added_since_baseline,ประตูระบายน้ำสามแก้ว,,,Royal Irrigation Department,Peninsula - Upper East Coast Basin,2026-09-07 21:00,"present in the 2026-09-07 waterlevel_load response, absent from the 2026-08-02 baseline capture"
11688763,added_since_baseline,คลองวัดหญ้า,,,Royal Irrigation Department,Peninsula - Upper East Coast Basin,2026-09-07 21:00,"present in the 2026-09-07 waterlevel_load response, absent from the 2026-08-02 baseline capture"
11688764,added_since_baseline,คลองนอกท่า,,,Royal Irrigation Department,Peninsula - Upper East Coast Basin,2026-09-07 21:00,"present in the 2026-09-07 waterlevel_load response, absent from the 2026-08-02 baseline capture"
11688765,added_since_baseline,ฝายท่าดี,,,Royal Irrigation Department,Peninsula - Upper East Coast Basin,2026-09-07 21:00,"present in the 2026-09-07 waterlevel_load response, absent from the 2026-08-02 baseline capture"
11688766,added_since_baseline,บ้านโคกข่อย,,,Royal Irrigation Department,Peninsula - Upper East Coast Basin,2026-09-07 21:00,"present in the 2026-09-07 waterlevel_load response, absent from the 2026-08-02 baseline capture"
11688767,added_since_baseline,บ้านปากพญา,,,Royal Irrigation Department,Peninsula - Upper East Coast Basin,2026-09-07 21:00,"present in the 2026-09-07 waterlevel_load response, absent from the 2026-08-02 baseline capture"
11688768,added_since_baseline,ปตร.อุทกวิภาชประสิทธิ,,,Royal Irrigation Department,Peninsula - Upper East Coast Basin,2026-09-07 21:00,"present in the 2026-09-07 waterlevel_load response, absent from the 2026-08-02 baseline capture"
11688769,added_since_baseline,บ้านสองพี่น้อง,,,Royal Irrigation Department,Peninsula - Upper East Coast Basin,2026-09-07 21:00,"present in the 2026-09-07 waterlevel_load response, absent from the 2026-08-02 baseline capture"
11688770,added_since_baseline,ปตร.บางไทร,,,Royal Irrigation Department,Peninsula - Upper East Coast Basin,2026-09-07 21:00,"present in the 2026-09-07 waterlevel_load response, absent from the 2026-08-02 baseline capture"
11688771,added_since_baseline,บ้านปากแพรก,,,Royal Irrigation Department,Peninsula - Upper East Coast Basin,2026-09-07 21:00,"present in the 2026-09-07 waterlevel_load response, absent from the 2026-08-02 baseline capture"
11688772,added_since_baseline,ปตร.เชียรใหญ่,,,Royal Irrigation Department,Peninsula - Upper East Coast Basin,2026-09-07 21:00,"present in the 2026-09-07 waterlevel_load response, absent from the 2026-08-02 baseline capture"
11688773,added_since_baseline,ฝายเสาธง,,,Royal Irrigation Department,Peninsula - Upper East Coast Basin,2026-09-07 21:00,"present in the 2026-09-07 waterlevel_load response, absent from the 2026-08-02 baseline capture"
11688774,added_since_baseline,บ้านตูล,,,Royal Irrigation Department,Peninsula - Upper East Coast Basin,2026-09-07 21:00,"present in the 2026-09-07 waterlevel_load response, absent from the 2026-08-02 baseline capture"
11688775,added_since_baseline,บ้านการะเกด,,,Royal Irrigation Department,Peninsula - Upper East Coast Basin,2026-09-07 21:00,"present in the 2026-09-07 waterlevel_load response, absent from the 2026-08-02 baseline capture"
11688776,added_since_baseline,ปตร.แพรกเมือง,,,Royal Irrigation Department,Peninsula - Upper East Coast Basin,2026-09-07 21:00,"present in the 2026-09-07 waterlevel_load response, absent from the 2026-08-02 baseline capture"
11688777,added_since_baseline,ปตร.บางนราตอนบน,,,Royal Irrigation Department,Peninsula - Lower East Coast Basin,2026-09-07 21:00,"present in the 2026-09-07 waterlevel_load response, absent from the 2026-08-02 baseline capture"
11688778,added_since_baseline,ปตร.น้ำแบ่ง,,,Royal Irrigation Department,Peninsula - Lower East Coast Basin,2026-09-07 21:00,"present in the 2026-09-07 waterlevel_load response, absent from the 2026-08-02 baseline capture"
11688779,added_since_baseline,ปตร.บางนราตอนล่าง,,,Royal Irrigation Department,Peninsula - Lower East Coast Basin,2026-09-07 21:00,"present in the 2026-09-07 waterlevel_load response, absent from the 2026-08-02 baseline capture"
11688780,added_since_baseline,สะพานยะกัง,,,Royal Irrigation Department,Peninsula - Lower East Coast Basin,2026-09-07 21:00,"present in the 2026-09-07 waterlevel_load response, absent from the 2026-08-02 baseline capture"
11688781,added_since_baseline,สถานี ชป.คลองวาด,,,Royal Irrigation Department,Thale Sap Songkhla Basin,2026-09-07 21:00,"present in the 2026-09-07 waterlevel_load response, absent from the 2026-08-02 baseline capture"
11688782,added_since_baseline,สถานี X.181,,,Royal Irrigation Department,Thale Sap Songkhla Basin,2026-09-07 21:00,"present in the 2026-09-07 waterlevel_load response, absent from the 2026-08-02 baseline capture"
11688783,added_since_baseline,สถานีคลองต่ำ,,,Royal Irrigation Department,Thale Sap Songkhla Basin,2026-09-07 21:00,"present in the 2026-09-07 waterlevel_load response, absent from the 2026-08-02 baseline capture"
11688784,added_since_baseline,สถานีคลองหวะ,,,Royal Irrigation Department,Thale Sap Songkhla Basin,2026-09-07 21:00,"present in the 2026-09-07 waterlevel_load response, absent from the 2026-08-02 baseline capture"
11688785,added_since_baseline,สถานีคลองรำใหญ่,,,Royal Irrigation Department,Thale Sap Songkhla Basin,2026-09-07 21:00,"present in the 2026-09-07 waterlevel_load response, absent from the 2026-08-02 baseline capture"
11688786,added_since_baseline,สถานี X.112,,,Royal Irrigation Department,Thale Sap Songkhla Basin,2026-09-07 21:00,"present in the 2026-09-07 waterlevel_load response, absent from the 2026-08-02 baseline capture"
11688787,added_since_baseline,สถานีโรงสูบน้ำระโนด,,,Royal Irrigation Department,Thale Sap Songkhla Basin,2026-09-07 21:00,"present in the 2026-09-07 waterlevel_load response, absent from the 2026-08-02 baseline capture"
11688788,added_since_baseline,สถานีปากคลองระโนด,,,Royal Irrigation Department,Thale Sap Songkhla Basin,2026-09-07 21:00,"present in the 2026-09-07 waterlevel_load response, absent from the 2026-08-02 baseline capture"
11688789,added_since_baseline,สถานีบ้านลำปำ,,,Royal Irrigation Department,Thale Sap Songkhla Basin,2026-09-07 21:00,"present in the 2026-09-07 waterlevel_load response, absent from the 2026-08-02 baseline capture"
11688790,added_since_baseline,สถานีบ่อยาง,,,Royal Irrigation Department,Thale Sap Songkhla Basin,2026-09-07 21:00,"present in the 2026-09-07 waterlevel_load response, absent from the 2026-08-02 baseline capture"
11688791,added_since_baseline,ปตร.คลองท่าแนะ,,,Royal Irrigation Department,Thale Sap Songkhla Basin,2026-09-07 21:00,"present in the 2026-09-07 waterlevel_load response, absent from the 2026-08-02 baseline capture"
11688792,added_since_baseline,เขาชัยสน,,,Royal Irrigation Department,Thale Sap Songkhla Basin,2026-09-07 21:00,"present in the 2026-09-07 waterlevel_load response, absent from the 2026-08-02 baseline capture"
11688793,added_since_baseline,ปตร.อู่ตะเภา,,,Royal Irrigation Department,Thale Sap Songkhla Basin,2026-09-07 21:00,"present in the 2026-09-07 waterlevel_load response, absent from the 2026-08-02 baseline capture"
11688794,added_since_baseline,ปตร.คลอง 1ซ-ร1,,,Royal Irrigation Department,Thale Sap Songkhla Basin,2026-09-07 21:00,"present in the 2026-09-07 waterlevel_load response, absent from the 2026-08-02 baseline capture"
11688795,added_since_baseline,ปตร.ท่าช้าง-บางกล่ำ,,,Royal Irrigation Department,Thale Sap Songkhla Basin,2026-09-07 21:00,"present in the 2026-09-07 waterlevel_load response, absent from the 2026-08-02 baseline capture"
11688796,added_since_baseline,คลองนาท่อม,,,Royal Irrigation Department,Thale Sap Songkhla Basin,2026-09-07 21:00,"present in the 2026-09-07 waterlevel_load response, absent from the 2026-08-02 baseline capture"
11688797,added_since_baseline,คลองลำเบ็ดบน,,,Royal Irrigation Department,Thale Sap Songkhla Basin,2026-09-07 21:00,"present in the 2026-09-07 waterlevel_load response, absent from the 2026-08-02 baseline capture"
11688798,added_since_baseline,คลองลำเบ็ดล่าง,,,Royal Irrigation Department,Thale Sap Songkhla Basin,2026-09-07 21:00,"present in the 2026-09-07 waterlevel_load response, absent from the 2026-08-02 baseline capture"
11688799,added_since_baseline,คลองเหมืองตะกั่ว,,,Royal Irrigation Department,Thale Sap Songkhla Basin,2026-09-07 21:00,"present in the 2026-09-07 waterlevel_load response, absent from the 2026-08-02 baseline capture"
11688800,added_since_baseline,คลองห้วยเผยอ,,,Royal Irrigation Department,Thale Sap Songkhla Basin,2026-09-07 21:00,"present in the 2026-09-07 waterlevel_load response, absent from the 2026-08-02 baseline capture"
11688801,added_since_baseline,คลองตงตอนบน,,,Royal Irrigation Department,Thale Sap Songkhla Basin,2026-09-07 21:00,"present in the 2026-09-07 waterlevel_load response, absent from the 2026-08-02 baseline capture"
11688802,added_since_baseline,คลองตงตอนล่าง,,,Royal Irrigation Department,Thale Sap Songkhla Basin,2026-09-07 21:00,"present in the 2026-09-07 waterlevel_load response, absent from the 2026-08-02 baseline capture"
11688803,added_since_baseline,คลองหวะตอนบน,,,Royal Irrigation Department,Thale Sap Songkhla Basin,2026-09-07 21:00,"present in the 2026-09-07 waterlevel_load response, absent from the 2026-08-02 baseline capture"
11688804,added_since_baseline,คลองหวะตอนล่าง,,,Royal Irrigation Department,Thale Sap Songkhla Basin,2026-09-07 21:00,"present in the 2026-09-07 waterlevel_load response, absent from the 2026-08-02 baseline capture"
11688805,added_since_baseline,บ้านควนอินนอโม,,,Royal Irrigation Department,Thale Sap Songkhla Basin,2026-09-07 21:00,"present in the 2026-09-07 waterlevel_load response, absent from the 2026-08-02 baseline capture"
11688806,added_since_baseline,ฝายนาท่อม,,,Royal Irrigation Department,Thale Sap Songkhla Basin,2026-09-07 21:00,"present in the 2026-09-07 waterlevel_load response, absent from the 2026-08-02 baseline capture"
11688807,added_since_baseline,ฝายท่าเชียด,,,Royal Irrigation Department,Thale Sap Songkhla Basin,2026-09-07 21:00,"present in the 2026-09-07 waterlevel_load response, absent from the 2026-08-02 baseline capture"
11688808,added_since_baseline,บ้านพรุพร้อ,,,Royal Irrigation Department,Thale Sap Songkhla Basin,2026-09-07 21:00,"present in the 2026-09-07 waterlevel_load response, absent from the 2026-08-02 baseline capture"
11688809,added_since_baseline,บ้านวังตลับ,,,Royal Irrigation Department,Peninsula - Upper East Coast Basin,2026-09-07 21:00,"present in the 2026-09-07 waterlevel_load response, absent from the 2026-08-02 baseline capture"
11688810,added_since_baseline,บ้านนาสาร (X.81),,,Royal Irrigation Department,Peninsula - Upper East Coast Basin,2026-09-07 21:00,"present in the 2026-09-07 waterlevel_load response, absent from the 2026-08-02 baseline capture"
11688811,added_since_baseline,บ้านต้นสะท้อน,,,Royal Irrigation Department,Peninsula - Upper East Coast Basin,2026-09-07 21:00,"present in the 2026-09-07 waterlevel_load response, absent from the 2026-08-02 baseline capture"
11688812,added_since_baseline,วัดตาขุน (X.38A),,,Royal Irrigation Department,Peninsula - Upper East Coast Basin,2026-09-07 21:00,"present in the 2026-09-07 waterlevel_load response, absent from the 2026-08-02 baseline capture"
11688813,added_since_baseline,บ้านโพธิ์น้อย,,,Royal Irrigation Department,Peninsula - Upper East Coast Basin,2026-09-07 21:00,"present in the 2026-09-07 waterlevel_load response, absent from the 2026-08-02 baseline capture"
11688814,added_since_baseline,สถานีบ้านมอเก็ต,,,Royal Irrigation Department,Peninsula - Upper East Coast Basin,2026-09-07 21:00,"present in the 2026-09-07 waterlevel_load response, absent from the 2026-08-02 baseline capture"
11688815,added_since_baseline,สถานีบ้านบางน้ำเย็น,,,Royal Irrigation Department,Peninsula - Upper East Coast Basin,2026-09-07 21:00,"present in the 2026-09-07 waterlevel_load response, absent from the 2026-08-02 baseline capture"
11688816,added_since_baseline,สถานีวัดสองพี่น้อง,,,Royal Irrigation Department,Peninsula - Upper East Coast Basin,2026-09-07 21:00,"present in the 2026-09-07 waterlevel_load response, absent from the 2026-08-02 baseline capture"
11688818,added_since_baseline,สถานีวัดบางเงิน,,,Royal Irrigation Department,Peninsula - Upper East Coast Basin,2026-09-07 21:00,"present in the 2026-09-07 waterlevel_load response, absent from the 2026-08-02 baseline capture"
11688819,added_since_baseline,ปากแม่น้ำปัตตานี,,,Royal Irrigation Department,Peninsula - Lower East Coast Basin,2026-09-07 21:00,"present in the 2026-09-07 waterlevel_load response, absent from the 2026-08-02 baseline capture"
11688820,added_since_baseline,เทศบาลเมืองปัตตานี,,,Royal Irrigation Department,Peninsula - Lower East Coast Basin,2026-09-07 21:00,"present in the 2026-09-07 waterlevel_load response, absent from the 2026-08-02 baseline capture"
11688821,added_since_baseline,บ้านบาซาเอ,,,Royal Irrigation Department,Peninsula - Lower East Coast Basin,2026-09-07 21:00,"present in the 2026-09-07 waterlevel_load response, absent from the 2026-08-02 baseline capture"
11688822,added_since_baseline,ท้ายเขื่อนบางลาง,,,Royal Irrigation Department,Peninsula - Lower East Coast Basin,2026-09-07 18:00,"present in the 2026-09-07 waterlevel_load response, absent from the 2026-08-02 baseline capture"
11688824,added_since_baseline,บ้านอาบอ,,,Royal Irrigation Department,Peninsula - Lower East Coast Basin,2026-09-07 21:00,"present in the 2026-09-07 waterlevel_load response, absent from the 2026-08-02 baseline capture"
11688825,added_since_baseline,บ้านกูหมัง,,,Royal Irrigation Department,Peninsula - Lower East Coast Basin,2026-09-07 21:00,"present in the 2026-09-07 waterlevel_load response, absent from the 2026-08-02 baseline capture"
11688827,added_since_baseline,บ้านแว้ง,,,Royal Irrigation Department,Peninsula - Lower East Coast Basin,2026-09-07 21:00,"present in the 2026-09-07 waterlevel_load response, absent from the 2026-08-02 baseline capture"
11688828,added_since_baseline,บ้านกาวะ,,,Royal Irrigation Department,Peninsula - Lower East Coast Basin,2026-09-07 21:00,"present in the 2026-09-07 waterlevel_load response, absent from the 2026-08-02 baseline capture"
11688829,added_since_baseline,ปตร.ปลายคลองโต๊ะแดง,,,Royal Irrigation Department,Peninsula - Lower East Coast Basin,2026-09-07 21:00,"present in the 2026-09-07 waterlevel_load response, absent from the 2026-08-02 baseline capture"
11688830,added_since_baseline,บ้านลาแล,,,Royal Irrigation Department,Peninsula - Lower East Coast Basin,2026-09-07 21:00,"present in the 2026-09-07 waterlevel_load response, absent from the 2026-08-02 baseline capture"
11688831,added_since_baseline,ทรบ.คลองระบายสายที่ 13,,,Royal Irrigation Department,Peninsula - Lower East Coast Basin,2026-09-07 21:00,"present in the 2026-09-07 waterlevel_load response, absent from the 2026-08-02 baseline capture"
11688832,added_since_baseline,บ้านหนองน้ำใส,,,Royal Irrigation Department,Tonle Sap Basin,2026-09-07 21:00,"present in the 2026-09-07 waterlevel_load response, absent from the 2026-08-02 baseline capture"
11688833,added_since_baseline,บ้านฟากห้วย,,,Royal Irrigation Department,Tonle Sap Basin,2026-09-07 21:00,"present in the 2026-09-07 waterlevel_load response, absent from the 2026-08-02 baseline capture"
11688834,added_since_baseline,อ่างเก็บน้ำห้วยยาง,,,Royal Irrigation Department,Tonle Sap Basin,2026-09-07 21:00,"present in the 2026-09-07 waterlevel_load response, absent from the 2026-08-02 baseline capture"
11688835,added_since_baseline,บ้านทุ่งกร่าง,,,Royal Irrigation Department,Tonle Sap Basin,2026-09-07 21:00,"present in the 2026-09-07 waterlevel_load response, absent from the 2026-08-02 baseline capture"
11688836,added_since_baseline,บ้านวังกระแพร่,,,Royal Irrigation Department,Tonle Sap Basin,2026-09-07 21:00,"present in the 2026-09-07 waterlevel_load response, absent from the 2026-08-02 baseline capture"
11688837,added_since_baseline,บ้านคลองตานี,,,Royal Irrigation Department,Tonle Sap Basin,2026-09-07 21:00,"present in the 2026-09-07 waterlevel_load response, absent from the 2026-08-02 baseline capture"
11688838,added_since_baseline,อ่างเก็บน้ำห้วยแม่สอด,,,Royal Irrigation Department,Salawin Basin,2026-09-07 21:00,"present in the 2026-09-07 waterlevel_load response, absent from the 2026-08-02 baseline capture"
11688839,added_since_baseline,ห้วยแม่สอด,,,Royal Irrigation Department,Salawin Basin,2026-09-07 21:00,"present in the 2026-09-07 waterlevel_load response, absent from the 2026-08-02 baseline capture"
11688840,added_since_baseline,บ้านแม่กึ๊ดสามท่า,,,Royal Irrigation Department,Salawin Basin,2026-09-07 21:00,"present in the 2026-09-07 waterlevel_load response, absent from the 2026-08-02 baseline capture"
11688841,added_since_baseline,บ้านวังผา,,,Royal Irrigation Department,Salawin Basin,2026-09-07 21:00,"present in the 2026-09-07 waterlevel_load response, absent from the 2026-08-02 baseline capture"
11688842,added_since_baseline,บ้านท่าสองแคว,,,Royal Irrigation Department,Salawin Basin,2026-09-07 21:00,"present in the 2026-09-07 waterlevel_load response, absent from the 2026-08-02 baseline capture"
11688843,added_since_baseline,บ้านพะมอลอ,,,Royal Irrigation Department,Salawin Basin,2026-09-07 21:00,"present in the 2026-09-07 waterlevel_load response, absent from the 2026-08-02 baseline capture"
11688844,added_since_baseline,บ้านแม่ตะควน,,,Royal Irrigation Department,Salawin Basin,2026-09-07 21:00,"present in the 2026-09-07 waterlevel_load response, absent from the 2026-08-02 baseline capture"
11688845,added_since_baseline,บ้านสบสา,,,Royal Irrigation Department,Salawin Basin,2026-09-07 21:00,"present in the 2026-09-07 waterlevel_load response, absent from the 2026-08-02 baseline capture"
11688846,added_since_baseline,ห้วยน้ำของ,,,Royal Irrigation Department,Salawin Basin,2026-09-07 21:00,"present in the 2026-09-07 waterlevel_load response, absent from the 2026-08-02 baseline capture"
11688847,added_since_baseline,ปางหมู,,,Royal Irrigation Department,Salawin Basin,2026-09-07 21:00,"present in the 2026-09-07 waterlevel_load response, absent from the 2026-08-02 baseline capture"
11688848,added_since_baseline,บ้านหนองผำ,,,Royal Irrigation Department,North Khong Basin,2026-09-03 10:00,"present in the 2026-09-07 waterlevel_load response, absent from the 2026-08-02 baseline capture"
11688854,added_since_baseline,บ้านโนนตูม,,,Royal Irrigation Department,Northeast Khong Basin,2026-09-03 10:00,"present in the 2026-09-07 waterlevel_load response, absent from the 2026-08-02 baseline capture"
11688855,added_since_baseline,วัดศรีบุญเรือง,,,Royal Irrigation Department,Northeast Khong Basin,2026-09-03 10:00,"present in the 2026-09-07 waterlevel_load response, absent from the 2026-08-02 baseline capture"
11688856,added_since_baseline,บ้านท่าควาย,,,Royal Irrigation Department,Northeast Khong Basin,2026-09-03 10:00,"present in the 2026-09-07 waterlevel_load response, absent from the 2026-08-02 baseline capture"
11688867,added_since_baseline,การประปายโสธร,,,Royal Irrigation Department,Chi Basin Basin,2026-09-03 10:00,"present in the 2026-09-07 waterlevel_load response, absent from the 2026-08-02 baseline capture"
11688872,added_since_baseline,บ้านหนองขนวน,,,Royal Irrigation Department,Chi Basin Basin,2026-09-03 10:00,"present in the 2026-09-07 waterlevel_load response, absent from the 2026-08-02 baseline capture"
11688873,added_since_baseline,บ้านท่างาม,,,Royal Irrigation Department,Chi Basin Basin,2026-09-03 10:00,"present in the 2026-09-07 waterlevel_load response, absent from the 2026-08-02 baseline capture"
11688874,added_since_baseline,บ้านธวัชดินแดง,,,Royal Irrigation Department,Chi Basin Basin,2026-09-03 10:00,"present in the 2026-09-07 waterlevel_load response, absent from the 2026-08-02 baseline capture"
11688875,added_since_baseline,บ้านดอนขยอม,,,Royal Irrigation Department,Chi Basin Basin,2026-09-03 06:00,"present in the 2026-09-07 waterlevel_load response, absent from the 2026-08-02 baseline capture"
11688876,added_since_baseline,บ้านแดงหม้อ,,,Royal Irrigation Department,Chi Basin Basin,2026-09-03 06:00,"present in the 2026-09-07 waterlevel_load response, absent from the 2026-08-02 baseline capture"
11688877,added_since_baseline,บ้านวังปรัด,,,Royal Irrigation Department,Mun Basin,2026-09-03 10:00,"present in the 2026-09-07 waterlevel_load response, absent from the 2026-08-02 baseline capture"
11688878,added_since_baseline,บ้านโพธิ์ตาก,,,Royal Irrigation Department,Mun Basin,2026-09-03 10:00,"present in the 2026-09-07 waterlevel_load response, absent from the 2026-08-02 baseline capture"
11688879,added_since_baseline,บ้านนิคม,,,Royal Irrigation Department,Mun Basin,2026-09-03 10:00,"present in the 2026-09-07 waterlevel_load response, absent from the 2026-08-02 baseline capture"
11688880,added_since_baseline,บ้านหลุมดิน,,,Royal Irrigation Department,Mun Basin,2026-09-03 10:00,"present in the 2026-09-07 waterlevel_load response, absent from the 2026-08-02 baseline capture"
11688881,added_since_baseline,ตำบลในเมือง,,,Royal Irrigation Department,Mun Basin,2026-09-03 10:00,"present in the 2026-09-07 waterlevel_load response, absent from the 2026-08-02 baseline capture"
11688882,added_since_baseline,บ้านคำสำราญ,,,Royal Irrigation Department,Mun Basin,2026-09-03 10:00,"present in the 2026-09-07 waterlevel_load response, absent from the 2026-08-02 baseline capture"
11688883,added_since_baseline,บ้านโนนสาวเอ้,,,Royal Irrigation Department,Mun Basin,2026-09-03 10:00,"present in the 2026-09-07 waterlevel_load response, absent from the 2026-08-02 baseline capture"
11688884,added_since_baseline,บ้านโนนสะอาด,,,Royal Irrigation Department,Mun Basin,2026-09-03 10:00,"present in the 2026-09-07 waterlevel_load response, absent from the 2026-08-02 baseline capture"
11688885,added_since_baseline,โนนสมบูรณ์,,,Royal Irrigation Department,Mun Basin,2026-09-03 10:00,"present in the 2026-09-07 waterlevel_load response, absent from the 2026-08-02 baseline capture"
11688886,added_since_baseline,บ้านโนนศรีไคล,,,Royal Irrigation Department,Mun Basin,2026-09-03 10:00,"present in the 2026-09-07 waterlevel_load response, absent from the 2026-08-02 baseline capture"
11688887,added_since_baseline,บ้านโนนสว่าง,,,Royal Irrigation Department,Mun Basin,2026-09-03 10:00,"present in the 2026-09-07 waterlevel_load response, absent from the 2026-08-02 baseline capture"
11688888,added_since_baseline,บ้านป่าก่อ,,,Royal Irrigation Department,Mun Basin,2026-09-03 10:00,"present in the 2026-09-07 waterlevel_load response, absent from the 2026-08-02 baseline capture"
11688889,added_since_baseline,บ้านท่าเยี่ยม,,,Royal Irrigation Department,Mun Basin,2026-09-03 10:00,"present in the 2026-09-07 waterlevel_load response, absent from the 2026-08-02 baseline capture"
11688890,added_since_baseline,บ้านสีถาน,,,Royal Irrigation Department,Mun Basin,2026-09-03 10:00,"present in the 2026-09-07 waterlevel_load response, absent from the 2026-08-02 baseline capture"
11688891,added_since_baseline,บ้านหินเพิง,,,Royal Irrigation Department,Mun Basin,2026-09-03 10:00,"present in the 2026-09-07 waterlevel_load response, absent from the 2026-08-02 baseline capture"
11688892,added_since_baseline,บ้านซึม,,,Royal Irrigation Department,Mun Basin,2026-09-03 10:00,"present in the 2026-09-07 waterlevel_load response, absent from the 2026-08-02 baseline capture"
11688893,added_since_baseline,บ้านหินโคน,,,Royal Irrigation Department,Mun Basin,2026-09-03 06:00,"present in the 2026-09-07 waterlevel_load response, absent from the 2026-08-02 baseline capture"
11688894,added_since_baseline,บ้านโนนคอย,,,Royal Irrigation Department,Mun Basin,2026-09-03 10:00,"present in the 2026-09-07 waterlevel_load response, absent from the 2026-08-02 baseline capture"
11688895,added_since_baseline,ใกล้สถานีประมงน้ำจืด,,,Royal Irrigation Department,Mun Basin,2026-09-03 10:00,"present in the 2026-09-07 waterlevel_load response, absent from the 2026-08-02 baseline capture"
11688896,added_since_baseline,บ้านเพิ่ม,,,Royal Irrigation Department,Mun Basin,2026-09-03 10:00,"present in the 2026-09-07 waterlevel_load response, absent from the 2026-08-02 baseline capture"
11688897,added_since_baseline,บ้านขวาว,,,Royal Irrigation Department,Mun Basin,2026-09-03 10:00,"present in the 2026-09-07 waterlevel_load response, absent from the 2026-08-02 baseline capture"
11688898,added_since_baseline,บ้านโคกกรวด,,,Royal Irrigation Department,Mun Basin,2026-09-03 10:00,"present in the 2026-09-07 waterlevel_load response, absent from the 2026-08-02 baseline capture"
11688899,added_since_baseline,บ้านโนนค่า,,,Royal Irrigation Department,Mun Basin,2026-09-03 10:00,"present in the 2026-09-07 waterlevel_load response, absent from the 2026-08-02 baseline capture"
11688900,added_since_baseline,บ้านสำเร็จ,,,Royal Irrigation Department,Mun Basin,2026-09-03 10:00,"present in the 2026-09-07 waterlevel_load response, absent from the 2026-08-02 baseline capture"
11688901,added_since_baseline,บ้านขนงพระเหนือ,,,Royal Irrigation Department,Mun Basin,2026-09-03 10:00,"present in the 2026-09-07 waterlevel_load response, absent from the 2026-08-02 baseline capture"
11688902,added_since_baseline,บ้านละลูน,,,Royal Irrigation Department,Mun Basin,2026-09-03 10:00,"present in the 2026-09-07 waterlevel_load response, absent from the 2026-08-02 baseline capture"
11688903,added_since_baseline,บ้านด่านตะกา,,,Royal Irrigation Department,Mun Basin,2026-09-03 10:00,"present in the 2026-09-07 waterlevel_load response, absent from the 2026-08-02 baseline capture"
11688904,added_since_baseline,บ้านเชียงเพ็ง,,,Royal Irrigation Department,Mun Basin,2026-09-03 10:00,"present in the 2026-09-07 waterlevel_load response, absent from the 2026-08-02 baseline capture"
11688905,added_since_baseline,บ้านพงสวาย,,,Royal Irrigation Department,Mun Basin,2026-09-03 10:00,"present in the 2026-09-07 waterlevel_load response, absent from the 2026-08-02 baseline capture"
11688906,added_since_baseline,บ้านห้วยทับทัน,,,Royal Irrigation Department,Mun Basin,2026-09-03 10:00,"present in the 2026-09-07 waterlevel_load response, absent from the 2026-08-02 baseline capture"
11688907,added_since_baseline,บ้านท่ามะปรางค์,,,Royal Irrigation Department,Mun Basin,2026-09-03 10:00,"present in the 2026-09-07 waterlevel_load response, absent from the 2026-08-02 baseline capture"
11688908,added_since_baseline,บ้านเมืองคง,,,Royal Irrigation Department,Mun Basin,2026-09-03 10:00,"present in the 2026-09-07 waterlevel_load response, absent from the 2026-08-02 baseline capture"
11688909,added_since_baseline,บ้านท่าบอแบง,,,Royal Irrigation Department,Mun Basin,2026-09-03 10:00,"present in the 2026-09-07 waterlevel_load response, absent from the 2026-08-02 baseline capture"
11688910,added_since_baseline,บ้านสตึก,,,Royal Irrigation Department,Mun Basin,2026-09-03 10:00,"present in the 2026-09-07 waterlevel_load response, absent from the 2026-08-02 baseline capture"
11688911,added_since_baseline,สะพานเสรีประชาธิปไตย,,,Royal Irrigation Department,Mun Basin,2026-09-03 10:00,"present in the 2026-09-07 waterlevel_load response, absent from the 2026-08-02 baseline capture"
11688912,added_since_baseline,สะพานอาคารเซรุ่ม,,,Royal Irrigation Department,Mun Basin,2026-09-03 10:00,"present in the 2026-09-07 waterlevel_load response, absent from the 2026-08-02 baseline capture"
11688913,added_since_baseline,ชุมชนสะพานขาว,,,Royal Irrigation Department,Mun Basin,2026-09-03 10:00,"present in the 2026-09-07 waterlevel_load response, absent from the 2026-08-02 baseline capture"
11688914,added_since_baseline,บ้านดอนยาง,,,Royal Irrigation Department,Mun Basin,2026-09-03 10:00,"present in the 2026-09-07 waterlevel_load response, absent from the 2026-08-02 baseline capture"
11688915,added_since_baseline,สะพานนวรัฐ,,,Royal Irrigation Department,Ping Basin,2026-09-03 10:00,"present in the 2026-09-07 waterlevel_load response, absent from the 2026-08-02 baseline capture"
11688916,added_since_baseline,บ้านป่าข่อยใต้ ,,,Royal Irrigation Department,Ping Basin,2026-09-03 10:00,"present in the 2026-09-07 waterlevel_load response, absent from the 2026-08-02 baseline capture"
11688917,added_since_baseline,บ้านย่านรี,,,Royal Irrigation Department,Ping Basin,2026-09-03 11:00,"present in the 2026-09-07 waterlevel_load response, absent from the 2026-08-02 baseline capture"
11688918,added_since_baseline,หน้าวัดศรีภิรมย์,,,Royal Irrigation Department,Ping Basin,2026-09-03 11:00,"present in the 2026-09-07 waterlevel_load response, absent from the 2026-08-02 baseline capture"
11688919,added_since_baseline,บ้านแสนตอ,,,Royal Irrigation Department,Ping Basin,2026-09-03 11:00,"present in the 2026-09-07 waterlevel_load response, absent from the 2026-08-02 baseline capture"
11688920,added_since_baseline,บ้านท่างิ้ว,,,Royal Irrigation Department,Ping Basin,2026-09-03 10:00,"present in the 2026-09-07 waterlevel_load response, absent from the 2026-08-02 baseline capture"
11688921,added_since_baseline,บ้านน้ำโท้ง,,,Royal Irrigation Department,Ping Basin,2026-09-03 11:00,"present in the 2026-09-07 waterlevel_load response, absent from the 2026-08-02 baseline capture"
11688922,added_since_baseline,บ้านท่าแค,,,Royal Irrigation Department,Ping Basin,2026-09-03 11:00,"present in the 2026-09-07 waterlevel_load response, absent from the 2026-08-02 baseline capture"
11688923,added_since_baseline,บ้านโปร่งน้ำร้อน,,,Royal Irrigation Department,Ping Basin,2026-09-03 11:00,"present in the 2026-09-07 waterlevel_load response, absent from the 2026-08-02 baseline capture"
11688924,added_since_baseline,สะพานท่านาง,,,Royal Irrigation Department,Ping Basin,2026-09-03 10:00,"present in the 2026-09-07 waterlevel_load response, absent from the 2026-08-02 baseline capture"
11688925,added_since_baseline,บ้านไทยทวี,,,Royal Irrigation Department,Ping Basin,2026-09-03 11:00,"present in the 2026-09-07 waterlevel_load response, absent from the 2026-08-02 baseline capture"
11688926,added_since_baseline,บ้านแม่แต,,,Royal Irrigation Department,Ping Basin,2026-09-03 10:00,"present in the 2026-09-07 waterlevel_load response, absent from the 2026-08-02 baseline capture"
11688927,added_since_baseline,บ้านช่อแล,,,Royal Irrigation Department,Ping Basin,2026-09-03 10:00,"present in the 2026-09-07 waterlevel_load response, absent from the 2026-08-02 baseline capture"
11688928,added_since_baseline,บ้านแม่อีไฮ,,,Royal Irrigation Department,Ping Basin,2026-09-03 10:00,"present in the 2026-09-07 waterlevel_load response, absent from the 2026-08-02 baseline capture"
11688929,added_since_baseline,บ้านสบแม่สะป๊วด,,,Royal Irrigation Department,Ping Basin,2026-09-03 10:00,"present in the 2026-09-07 waterlevel_load response, absent from the 2026-08-02 baseline capture"
11688930,added_since_baseline,บ้านสามเรือน,,,Royal Irrigation Department,Ping Basin,2026-09-03 11:00,"present in the 2026-09-07 waterlevel_load response, absent from the 2026-08-02 baseline capture"
11688931,added_since_baseline,ในเมือง,,,Royal Irrigation Department,Ping Basin,2026-09-03 11:00,"present in the 2026-09-07 waterlevel_load response, absent from the 2026-08-02 baseline capture"
11688932,added_since_baseline,บ้านโป่ง,,,Royal Irrigation Department,Ping Basin,2026-09-03 10:00,"present in the 2026-09-07 waterlevel_load response, absent from the 2026-08-02 baseline capture"
11688933,added_since_baseline,บ้านสบวิน,,,Royal Irrigation Department,Ping Basin,2026-09-03 10:00,"present in the 2026-09-07 waterlevel_load response, absent from the 2026-08-02 baseline capture"
11688934,added_since_baseline,บ้านพันตน,,,Royal Irrigation Department,Ping Basin,2026-09-03 10:00,"present in the 2026-09-07 waterlevel_load response, absent from the 2026-08-02 baseline capture"
11688935,added_since_baseline,บ้านหล่ายแก้ว,,,Royal Irrigation Department,Ping Basin,2026-09-03 10:00,"present in the 2026-09-07 waterlevel_load response, absent from the 2026-08-02 baseline capture"
11688936,added_since_baseline,บ้านป่าซาง,,,Royal Irrigation Department,Ping Basin,2026-09-03 10:00,"present in the 2026-09-07 waterlevel_load response, absent from the 2026-08-02 baseline capture"
11688937,added_since_baseline,บ้านดอนมูล,,,Royal Irrigation Department,Wang Basin,2026-09-03 10:00,"present in the 2026-09-07 waterlevel_load response, absent from the 2026-08-02 baseline capture"
11688938,added_since_baseline,สะพานเสตุวารี,,,Royal Irrigation Department,Wang Basin,2026-09-03 10:00,"present in the 2026-09-07 waterlevel_load response, absent from the 2026-08-02 baseline capture"
11688939,added_since_baseline,บ้านแม่เชียงราย,,,Royal Irrigation Department,Wang Basin,2026-09-03 11:00,"present in the 2026-09-07 waterlevel_load response, absent from the 2026-08-02 baseline capture"
11688940,added_since_baseline,บ้านท่าไผ่,,,Royal Irrigation Department,Wang Basin,2026-09-03 11:00,"present in the 2026-09-07 waterlevel_load response, absent from the 2026-08-02 baseline capture"
11688941,added_since_baseline,บ้านดอนชัย,,,Royal Irrigation Department,Wang Basin,2026-09-03 10:00,"present in the 2026-09-07 waterlevel_load response, absent from the 2026-08-02 baseline capture"
11688942,added_since_baseline,บ้านวังหมัน,,,Royal Irrigation Department,Wang Basin,2026-09-03 11:00,"present in the 2026-09-07 waterlevel_load response, absent from the 2026-08-02 baseline capture"
11688943,added_since_baseline,บ้านป่างิ้ว,,,Royal Irrigation Department,Yom Basin,2026-09-03 11:00,"present in the 2026-09-07 waterlevel_load response, absent from the 2026-08-02 baseline capture"
11688944,added_since_baseline,บ้านกง,,,Royal Irrigation Department,Yom Basin,2026-09-03 11:00,"present in the 2026-09-07 waterlevel_load response, absent from the 2026-08-02 baseline capture"
11688945,added_since_baseline,บางระกำ,,,Royal Irrigation Department,Yom Basin,2026-09-03 11:00,"present in the 2026-09-07 waterlevel_load response, absent from the 2026-08-02 baseline capture"
11688946,added_since_baseline,สามง่าม,,,Royal Irrigation Department,Yom Basin,2026-09-03 11:00,"present in the 2026-09-07 waterlevel_load response, absent from the 2026-08-02 baseline capture"
11688947,added_since_baseline,บ้านน้ำโค้ง,,,Royal Irrigation Department,Yom Basin,2026-09-03 10:00,"present in the 2026-09-07 waterlevel_load response, absent from the 2026-08-02 baseline capture"
11688948,added_since_baseline,บ้านห้วยสัก,,,Royal Irrigation Department,Yom Basin,2026-09-03 10:00,"present in the 2026-09-07 waterlevel_load response, absent from the 2026-08-02 baseline capture"
11688949,added_since_baseline,บ้านนาปลากลั้ง,,,Royal Irrigation Department,Yom Basin,2026-09-03 11:00,"present in the 2026-09-07 waterlevel_load response, absent from the 2026-08-02 baseline capture"
11688950,added_since_baseline,บ้านแม่พุ,,,Royal Irrigation Department,Yom Basin,2026-09-03 11:00,"present in the 2026-09-07 waterlevel_load response, absent from the 2026-08-02 baseline capture"
11688951,added_since_baseline,บ้านคลองตาล,,,Royal Irrigation Department,Yom Basin,2026-09-03 11:00,"present in the 2026-09-07 waterlevel_load response, absent from the 2026-08-02 baseline capture"
11688952,added_since_baseline,บ้านวังชิ้น,,,Royal Irrigation Department,Yom Basin,2026-09-03 10:00,"present in the 2026-09-07 waterlevel_load response, absent from the 2026-08-02 baseline capture"
11688953,added_since_baseline,บ้านวังไม้ขอน,,,Royal Irrigation Department,Yom Basin,2026-09-03 11:00,"present in the 2026-09-07 waterlevel_load response, absent from the 2026-08-02 baseline capture"
11688954,added_since_baseline,ในเมือง,,,Royal Irrigation Department,Yom Basin,2026-09-03 11:00,"present in the 2026-09-07 waterlevel_load response, absent from the 2026-08-02 baseline capture"
11688955,added_since_baseline,บ้านท่านางงาม,,,Royal Irrigation Department,Yom Basin,2026-09-03 11:00,"present in the 2026-09-07 waterlevel_load response, absent from the 2026-08-02 baseline capture"
11688956,added_since_baseline,บ้านท่าแห,,,Royal Irrigation Department,Yom Basin,2026-09-03 11:00,"present in the 2026-09-07 waterlevel_load response, absent from the 2026-08-02 baseline capture"
11688957,added_since_baseline,บ้านวังจิก,,,Royal Irrigation Department,Yom Basin,2026-09-03 11:00,"present in the 2026-09-07 waterlevel_load response, absent from the 2026-08-02 baseline capture"
11688958,added_since_baseline,บางระกำ,,,Royal Irrigation Department,Yom Basin,2026-09-03 11:00,"present in the 2026-09-07 waterlevel_load response, absent from the 2026-08-02 baseline capture"
11688959,added_since_baseline,บ้านป่ากล้วย,,,Royal Irrigation Department,Yom Basin,2026-09-03 11:00,"present in the 2026-09-07 waterlevel_load response, absent from the 2026-08-02 baseline capture"
11688960,added_since_baseline,หน้าสำนักงานป่าไม้,,,Royal Irrigation Department,Nan Basin,2026-09-03 10:00,"present in the 2026-09-07 waterlevel_load response, absent from the 2026-08-02 baseline capture"
11688961,added_since_baseline,บ้านหาดไผ่,,,Royal Irrigation Department,Nan Basin,2026-09-03 11:00,"present in the 2026-09-07 waterlevel_load response, absent from the 2026-08-02 baseline capture"
11688962,added_since_baseline,บ้านไผ่งาม,,,Royal Irrigation Department,Nan Basin,2026-09-03 10:00,"present in the 2026-09-07 waterlevel_load response, absent from the 2026-08-02 baseline capture"
11688963,added_since_baseline,บ้านท่างาม,,,Royal Irrigation Department,Nan Basin,2026-09-03 11:00,"present in the 2026-09-07 waterlevel_load response, absent from the 2026-08-02 baseline capture"
11688964,added_since_baseline,บ้านวังนกแอ่น,,,Royal Irrigation Department,Nan Basin,2026-09-03 11:00,"present in the 2026-09-07 waterlevel_load response, absent from the 2026-08-02 baseline capture"
11688965,added_since_baseline,ท้ายเขื่อนนเรศวร,,,Royal Irrigation Department,Nan Basin,2026-09-03 11:00,"present in the 2026-09-07 waterlevel_load response, absent from the 2026-08-02 baseline capture"
11688966,added_since_baseline,ในเมือง,,,Royal Irrigation Department,Nan Basin,2026-09-03 11:00,"present in the 2026-09-07 waterlevel_load response, absent from the 2026-08-02 baseline capture"
11688967,added_since_baseline,บ้านหนองกระท้าว,,,Royal Irrigation Department,Nan Basin,2026-09-03 11:00,"present in the 2026-09-07 waterlevel_load response, absent from the 2026-08-02 baseline capture"
11688968,added_since_baseline,บ้านฟากท่า,,,Royal Irrigation Department,Nan Basin,2026-09-03 11:00,"present in the 2026-09-07 waterlevel_load response, absent from the 2026-08-02 baseline capture"
11688969,added_since_baseline,บ้านชมพู,,,Royal Irrigation Department,Nan Basin,2026-09-03 11:00,"present in the 2026-09-07 waterlevel_load response, absent from the 2026-08-02 baseline capture"
11688970,added_since_baseline,บ้านน้ำยาว,,,Royal Irrigation Department,Nan Basin,2026-09-03 10:00,"present in the 2026-09-07 waterlevel_load response, absent from the 2026-08-02 baseline capture"
11688971,added_since_baseline,บ้านวังโป่ง,,,Royal Irrigation Department,Nan Basin,2026-09-03 11:00,"present in the 2026-09-07 waterlevel_load response, absent from the 2026-08-02 baseline capture"
11688972,added_since_baseline,บ้านท่าสะแก,,,Royal Irrigation Department,Nan Basin,2026-09-03 11:00,"present in the 2026-09-07 waterlevel_load response, absent from the 2026-08-02 baseline capture"
11688973,added_since_baseline,ในเมือง,,,Royal Irrigation Department,Nan Basin,2026-09-03 11:00,"present in the 2026-09-07 waterlevel_load response, absent from the 2026-08-02 baseline capture"
11688974,added_since_baseline,บ้านเด่นสำโรง,,,Royal Irrigation Department,Nan Basin,2026-09-03 11:00,"present in the 2026-09-07 waterlevel_load response, absent from the 2026-08-02 baseline capture"
11688975,added_since_baseline,บ้านผาขวาง,,,Royal Irrigation Department,Nan Basin,2026-09-03 10:00,"present in the 2026-09-07 waterlevel_load response, absent from the 2026-08-02 baseline capture"
11688976,added_since_baseline,บ้านปางสา,,,Royal Irrigation Department,Nan Basin,2026-09-03 10:00,"present in the 2026-09-07 waterlevel_load response, absent from the 2026-08-02 baseline capture"
11688977,added_since_baseline,วัดเกยไชยเหนือ,,,Royal Irrigation Department,Nan Basin,2026-09-03 10:00,"present in the 2026-09-07 waterlevel_load response, absent from the 2026-08-02 baseline capture"
11688978,added_since_baseline,บ้านทานตะวัน,,,Royal Irrigation Department,Nan Basin,2026-09-03 11:00,"present in the 2026-09-07 waterlevel_load response, absent from the 2026-08-02 baseline capture"
11688979,added_since_baseline,บ้านราชช้างขวัญ,,,Royal Irrigation Department,Nan Basin,2026-09-03 11:00,"present in the 2026-09-07 waterlevel_load response, absent from the 2026-08-02 baseline capture"
11688980,added_since_baseline,บ้านแก่งบัวคำ,,,Royal Irrigation Department,Nan Basin,2026-09-03 11:00,"present in the 2026-09-07 waterlevel_load response, absent from the 2026-08-02 baseline capture"
11688981,added_since_baseline,น้ำปาด,,,Royal Irrigation Department,Nan Basin,2026-09-03 11:00,"present in the 2026-09-07 waterlevel_load response, absent from the 2026-08-02 baseline capture"
11688982,added_since_baseline,ต.หาดงิ้ว,,,Royal Irrigation Department,Nan Basin,2026-09-03 11:00,"present in the 2026-09-07 waterlevel_load response, absent from the 2026-08-02 baseline capture"
11688983,added_since_baseline,บางมูลนาก,,,Royal Irrigation Department,Nan Basin,2026-09-03 11:00,"present in the 2026-09-07 waterlevel_load response, absent from the 2026-08-02 baseline capture"
11688984,added_since_baseline,กรมชลประทานสามเสน,,,Royal Irrigation Department,Chao Phraya Basin,2026-09-03 10:00,"present in the 2026-09-07 waterlevel_load response, absent from the 2026-08-02 baseline capture"
11688985,added_since_baseline,ท้ายเขื่อนเจ้าพระยา,,,Royal Irrigation Department,Chao Phraya Basin,2026-09-03 10:00,"present in the 2026-09-07 waterlevel_load response, absent from the 2026-08-02 baseline capture"
11688986,added_since_baseline,ค่ายจิรประวัติ,,,Royal Irrigation Department,Chao Phraya Basin,2026-09-03 10:00,"present in the 2026-09-07 waterlevel_load response, absent from the 2026-08-02 baseline capture"
11688987,added_since_baseline,กรมชลประทานปากเกร็ด,,,Royal Irrigation Department,Chao Phraya Basin,2026-09-03 10:00,"present in the 2026-09-07 waterlevel_load response, absent from the 2026-08-02 baseline capture"
11688988,added_since_baseline,วัดกร่าง,,,Royal Irrigation Department,Chao Phraya Basin,2026-09-03 10:00,"present in the 2026-09-07 waterlevel_load response, absent from the 2026-08-02 baseline capture"
11688989,added_since_baseline,บ้านบางพุดทรา,,,Royal Irrigation Department,Chao Phraya Basin,2026-09-03 10:00,"present in the 2026-09-07 waterlevel_load response, absent from the 2026-08-02 baseline capture"
11688990,added_since_baseline,บ้านป้อม,,,Royal Irrigation Department,Chao Phraya Basin,2026-09-03 10:00,"present in the 2026-09-07 waterlevel_load response, absent from the 2026-08-02 baseline capture"
11688991,added_since_baseline,บ้านบางหลวงโดด,,,Royal Irrigation Department,Chao Phraya Basin,2026-09-03 10:00,"present in the 2026-09-07 waterlevel_load response, absent from the 2026-08-02 baseline capture"
11688992,added_since_baseline,บ้านบางบาล,,,Royal Irrigation Department,Chao Phraya Basin,2026-09-03 10:00,"present in the 2026-09-07 waterlevel_load response, absent from the 2026-08-02 baseline capture"
11688993,added_since_baseline,โรงเรียนคณะราษฎร์บำรุง,,,Royal Irrigation Department,Chao Phraya Basin,2026-09-03 10:00,"present in the 2026-09-07 waterlevel_load response, absent from the 2026-08-02 baseline capture"
11688994,added_since_baseline,หัวเวียง,,,Royal Irrigation Department,Chao Phraya Basin,2026-09-03 10:00,"present in the 2026-09-07 waterlevel_load response, absent from the 2026-08-02 baseline capture"
11688995,added_since_baseline,เสนา,,,Royal Irrigation Department,Chao Phraya Basin,2026-09-03 10:00,"present in the 2026-09-07 waterlevel_load response, absent from the 2026-08-02 baseline capture"
11688996,added_since_baseline,บ้านบางแก้ว,,,Royal Irrigation Department,Chao Phraya Basin,2026-09-03 10:00,"present in the 2026-09-07 waterlevel_load response, absent from the 2026-08-02 baseline capture"
11688997,added_since_baseline,บ้านดอนใหญ่,,,Royal Irrigation Department,Sakae Krang Basin,2026-09-03 10:00,"present in the 2026-09-07 waterlevel_load response, absent from the 2026-08-02 baseline capture"
11688998,added_since_baseline,สะพานวังร่มเกล้า,,,Royal Irrigation Department,Sakae Krang Basin,2026-09-03 06:00,"present in the 2026-09-07 waterlevel_load response, absent from the 2026-08-02 baseline capture"
11688999,added_since_baseline,บ้านหาดทนง,,,Royal Irrigation Department,Sakae Krang Basin,2026-09-03 10:00,"present in the 2026-09-07 waterlevel_load response, absent from the 2026-08-02 baseline capture"
11689000,added_since_baseline,บ้านศาลเจ้าไก่ต่อ,,,Royal Irrigation Department,Sakae Krang Basin,2026-09-03 10:00,"present in the 2026-09-07 waterlevel_load response, absent from the 2026-08-02 baseline capture"
11689001,added_since_baseline,บ้านปางมะค่า,,,Royal Irrigation Department,Sakae Krang Basin,2026-09-03 10:00,"present in the 2026-09-07 waterlevel_load response, absent from the 2026-08-02 baseline capture"
11689004,added_since_baseline,ท้ายเขื่อนพระรามหก,,,Royal Irrigation Department,Pasak Basin,2026-09-03 10:00,"present in the 2026-09-07 waterlevel_load response, absent from the 2026-08-02 baseline capture"
11689005,added_since_baseline,ท้ายเขื่อนป่าสักชลสิทธิ์,,,Royal Irrigation Department,Pasak Basin,2026-09-03 10:00,"present in the 2026-09-07 waterlevel_load response, absent from the 2026-08-02 baseline capture"
11689006,added_since_baseline,บ้านตาลเดี่ยว,,,Royal Irrigation Department,Pasak Basin,2026-09-03 11:00,"present in the 2026-09-07 waterlevel_load response, absent from the 2026-08-02 baseline capture"
11689007,added_since_baseline,สถานีแพดับเพลิง,,,Royal Irrigation Department,Pasak Basin,2026-09-03 10:00,"present in the 2026-09-07 waterlevel_load response, absent from the 2026-08-02 baseline capture"
11689008,added_since_baseline,บ้านท่าไฮหยอง,,,Royal Irrigation Department,Pasak Basin,2026-09-03 11:00,"present in the 2026-09-07 waterlevel_load response, absent from the 2026-08-02 baseline capture"
11689009,added_since_baseline,บ้านบ่อรัง,,,Royal Irrigation Department,Pasak Basin,2026-09-03 11:00,"present in the 2026-09-07 waterlevel_load response, absent from the 2026-08-02 baseline capture"
11689010,added_since_baseline,บ้านพูลทรัพย์,,,Royal Irrigation Department,Pasak Basin,2026-09-03 10:00,"present in the 2026-09-07 waterlevel_load response, absent from the 2026-08-02 baseline capture"
11689011,added_since_baseline,ในเมือง,,,Royal Irrigation Department,Pasak Basin,2026-09-03 11:00,"present in the 2026-09-07 waterlevel_load response, absent from the 2026-08-02 baseline capture"
11689012,added_since_baseline,สะพานปรีดี-ธำรง,,,Royal Irrigation Department,Chao Phraya Basin,2026-09-03 10:00,"present in the 2026-09-07 waterlevel_load response, absent from the 2026-08-02 baseline capture"
11689013,added_since_baseline,บ้านใหม่วังสีมา,,,Royal Irrigation Department,Pasak Basin,2026-09-03 11:00,"present in the 2026-09-07 waterlevel_load response, absent from the 2026-08-02 baseline capture"
11689014,added_since_baseline,บ้านท่าไม้ทอง,,,Royal Irrigation Department,Pasak Basin,2026-09-03 11:00,"present in the 2026-09-07 waterlevel_load response, absent from the 2026-08-02 baseline capture"
11689015,added_since_baseline,บ้านป่า,,,Royal Irrigation Department,Pasak Basin,2026-09-03 10:00,"present in the 2026-09-07 waterlevel_load response, absent from the 2026-08-02 baseline capture"
11689016,added_since_baseline,หน้าที่ว่าการอำเภอ,,,Royal Irrigation Department,Tha Chin Basin,2026-09-03 10:00,"present in the 2026-09-07 waterlevel_load response, absent from the 2026-08-02 baseline capture"
11689017,added_since_baseline,บ้านวัดพระรูป,,,Royal Irrigation Department,Tha Chin Basin,2026-09-03 10:00,"present in the 2026-09-07 waterlevel_load response, absent from the 2026-08-02 baseline capture"
11689018,added_since_baseline,บ้านบางการ้อง,,,Royal Irrigation Department,Tha Chin Basin,2026-09-03 10:00,"present in the 2026-09-07 waterlevel_load response, absent from the 2026-08-02 baseline capture"
11689019,added_since_baseline,รร.บ้านสามพราน,,,Royal Irrigation Department,Tha Chin Basin,2026-09-03 10:00,"present in the 2026-09-07 waterlevel_load response, absent from the 2026-08-02 baseline capture"
11689020,added_since_baseline,วัดบางไผ่นารถ,,,Royal Irrigation Department,Tha Chin Basin,2026-09-03 10:00,"present in the 2026-09-07 waterlevel_load response, absent from the 2026-08-02 baseline capture"
11689021,added_since_baseline,บ้านลุ่มสุ่ม,,,Royal Irrigation Department,Mae Klong Basin,2026-09-03 10:00,"present in the 2026-09-07 waterlevel_load response, absent from the 2026-08-02 baseline capture"
11689022,added_since_baseline,บ้านวังขนาย,,,Royal Irrigation Department,Mae Klong Basin,2026-09-03 10:00,"present in the 2026-09-07 waterlevel_load response, absent from the 2026-08-02 baseline capture"
11689023,added_since_baseline,บ้านทุ่งนานางหรอก,,,Royal Irrigation Department,Mae Klong Basin,2026-09-03 10:00,"present in the 2026-09-07 waterlevel_load response, absent from the 2026-08-02 baseline capture"
11689024,added_since_baseline,บ้านคา,,,Royal Irrigation Department,Mae Klong Basin,2026-09-03 10:00,"present in the 2026-09-07 waterlevel_load response, absent from the 2026-08-02 baseline capture"
11689025,added_since_baseline,สะพานธนะรัชต์,,,Royal Irrigation Department,Mae Klong Basin,2026-09-03 10:00,"present in the 2026-09-07 waterlevel_load response, absent from the 2026-08-02 baseline capture"
11689026,added_since_baseline,บ้านน้ำโจน,,,Royal Irrigation Department,Mae Klong Basin,2026-09-03 10:00,"present in the 2026-09-07 waterlevel_load response, absent from the 2026-08-02 baseline capture"
11689027,added_since_baseline,บ้านบ้องตี้น้อย,,,Royal Irrigation Department,Mae Klong Basin,2026-09-03 10:00,"present in the 2026-09-07 waterlevel_load response, absent from the 2026-08-02 baseline capture"
11689028,added_since_baseline,บ้านหนองบัว,,,Royal Irrigation Department,Mae Klong Basin,2026-09-03 10:00,"present in the 2026-09-07 waterlevel_load response, absent from the 2026-08-02 baseline capture"
11689029,added_since_baseline,บ้านวังเย็น,,,Royal Irrigation Department,Mae Klong Basin,2026-09-03 10:00,"present in the 2026-09-07 waterlevel_load response, absent from the 2026-08-02 baseline capture"
11689030,added_since_baseline,บ้านลุ่มดงกระเบา,,,Royal Irrigation Department,Mae Klong Basin,2026-09-03 10:00,"present in the 2026-09-07 waterlevel_load response, absent from the 2026-08-02 baseline capture"
11689031,added_since_baseline,บ้านยางสูง,,,Royal Irrigation Department,Mae Klong Basin,2026-09-03 10:00,"present in the 2026-09-07 waterlevel_load response, absent from the 2026-08-02 baseline capture"
11689032,added_since_baseline,บ้านลิ่นถิ่น,,,Royal Irrigation Department,Mae Klong Basin,2026-09-03 10:00,"present in the 2026-09-07 waterlevel_load response, absent from the 2026-08-02 baseline capture"
11689033,added_since_baseline,สะพานค่ายหลวง,,,Royal Irrigation Department,Mae Klong Basin,2026-09-03 10:00,"present in the 2026-09-07 waterlevel_load response, absent from the 2026-08-02 baseline capture"
11689034,added_since_baseline,บ้านหม้อ,,,Royal Irrigation Department,Mae Klong Basin,2026-09-03 10:00,"present in the 2026-09-07 waterlevel_load response, absent from the 2026-08-02 baseline capture"
11689035,added_since_baseline,บ้านกระดังงา,,,Royal Irrigation Department,Mae Klong Basin,2026-09-03 10:00,"present in the 2026-09-07 waterlevel_load response, absent from the 2026-08-02 baseline capture"
11689036,added_since_baseline,บ้านท่าเสา,,,Royal Irrigation Department,Mae Klong Basin,2026-09-03 10:00,"present in the 2026-09-07 waterlevel_load response, absent from the 2026-08-02 baseline capture"
11689038,added_since_baseline,บ้านหนองไผ่,,,Royal Irrigation Department,Mae Klong Basin,2026-09-03 10:00,"present in the 2026-09-07 waterlevel_load response, absent from the 2026-08-02 baseline capture"
11689039,added_since_baseline,สะพานณรงค์ดำริ,,,Royal Irrigation Department,Bang Pakong Basin,2026-09-03 10:00,"present in the 2026-09-07 waterlevel_load response, absent from the 2026-08-02 baseline capture"
11689040,added_since_baseline,บ้านเนินผาสุก,,,Royal Irrigation Department,Bang Pakong Basin,2026-09-03 10:00,"present in the 2026-09-07 waterlevel_load response, absent from the 2026-08-02 baseline capture"
11689041,added_since_baseline,บ้านแก้ง,,,Royal Irrigation Department,Bang Pakong Basin,2026-09-03 10:00,"present in the 2026-09-07 waterlevel_load response, absent from the 2026-08-02 baseline capture"
11689042,added_since_baseline,บ้านโนนสุขภูมิ,,,Royal Irrigation Department,Bang Pakong Basin,2026-09-03 10:00,"present in the 2026-09-07 waterlevel_load response, absent from the 2026-08-02 baseline capture"
11689043,added_since_baseline,บ้านทุ่งแฝก,,,Royal Irrigation Department,Bang Pakong Basin,2026-09-03 10:00,"present in the 2026-09-07 waterlevel_load response, absent from the 2026-08-02 baseline capture"
11689044,added_since_baseline,บ้านแก่งดินสอ,,,Royal Irrigation Department,Bang Pakong Basin,2026-09-03 10:00,"present in the 2026-09-07 waterlevel_load response, absent from the 2026-08-02 baseline capture"
11689045,added_since_baseline,บ้านท่าบุญมี,,,Royal Irrigation Department,Bang Pakong Basin,2026-09-03 10:00,"present in the 2026-09-07 waterlevel_load response, absent from the 2026-08-02 baseline capture"
11689046,added_since_baseline,สะพานต้นน้ำบางปะกง,,,Royal Irrigation Department,Bang Pakong Basin,2026-09-03 10:00,"present in the 2026-09-07 waterlevel_load response, absent from the 2026-08-02 baseline capture"
11689047,added_since_baseline,สะพานหน้าสถานีดับเพลิงจังหวัด,,,Royal Irrigation Department,Bang Pakong Basin,2026-09-03 10:00,"present in the 2026-09-07 waterlevel_load response, absent from the 2026-08-02 baseline capture"
11689048,added_since_baseline,บ้านชะอม,,,Royal Irrigation Department,Bang Pakong Basin,2026-09-03 10:00,"present in the 2026-09-07 waterlevel_load response, absent from the 2026-08-02 baseline capture"
11689049,added_since_baseline,บ้านนาแขม,,,Royal Irrigation Department,Bang Pakong Basin,2026-09-03 10:00,"present in the 2026-09-07 waterlevel_load response, absent from the 2026-08-02 baseline capture"
11689050,added_since_baseline,บ้านทาม,,,Royal Irrigation Department,Bang Pakong Basin,2026-09-03 10:00,"present in the 2026-09-07 waterlevel_load response, absent from the 2026-08-02 baseline capture"
11689051,added_since_baseline,บ้านเขาฉกรรจ์,,,Royal Irrigation Department,Bang Pakong Basin,2026-09-03 10:00,"present in the 2026-09-07 waterlevel_load response, absent from the 2026-08-02 baseline capture"
11689052,added_since_baseline,บ้านเขานางบวช,,,Royal Irrigation Department,Bang Pakong Basin,2026-09-03 10:00,"present in the 2026-09-07 waterlevel_load response, absent from the 2026-08-02 baseline capture"
11689053,added_since_baseline,บ้านป่าขะ,,,Royal Irrigation Department,Bang Pakong Basin,2026-09-03 10:00,"present in the 2026-09-07 waterlevel_load response, absent from the 2026-08-02 baseline capture"
11689054,added_since_baseline,สะพานหน้าจวนผู้ว่าฯ,,,Royal Irrigation Department,Bang Pakong Basin,2026-09-03 10:00,"present in the 2026-09-07 waterlevel_load response, absent from the 2026-08-02 baseline capture"
11689055,added_since_baseline,บ้านศรีบัวทอง,,,Royal Irrigation Department,East Coast Gulf Basin,2026-09-03 10:00,"present in the 2026-09-07 waterlevel_load response, absent from the 2026-08-02 baseline capture"
11689056,added_since_baseline,บ้านเขาวังไทร,,,Royal Irrigation Department,East Coast Gulf Basin,2026-09-03 10:00,"present in the 2026-09-07 waterlevel_load response, absent from the 2026-08-02 baseline capture"
11689057,added_since_baseline,บ้านปึก,,,Royal Irrigation Department,East Coast Gulf Basin,2026-09-03 10:00,"present in the 2026-09-07 waterlevel_load response, absent from the 2026-08-02 baseline capture"
11689058,added_since_baseline,บ้านฉมัน,,,Royal Irrigation Department,East Coast Gulf Basin,2026-09-03 10:00,"present in the 2026-09-07 waterlevel_load response, absent from the 2026-08-02 baseline capture"
11689059,added_since_baseline,บ้านโป่งโรงเซ็น,,,Royal Irrigation Department,East Coast Gulf Basin,2026-09-03 10:00,"present in the 2026-09-07 waterlevel_load response, absent from the 2026-08-02 baseline capture"
11689060,added_since_baseline,บ้านขุนซ่อง,,,Royal Irrigation Department,East Coast Gulf Basin,2026-09-03 10:00,"present in the 2026-09-07 waterlevel_load response, absent from the 2026-08-02 baseline capture"
11689061,added_since_baseline,บ้านเขาโบสถ์,,,Royal Irrigation Department,East Coast Gulf Basin,2026-09-03 10:00,"present in the 2026-09-07 waterlevel_load response, absent from the 2026-08-02 baseline capture"
11689062,added_since_baseline,สะพานวัดจันทนาราม,,,Royal Irrigation Department,East Coast Gulf Basin,2026-09-03 10:00,"present in the 2026-09-07 waterlevel_load response, absent from the 2026-08-02 baseline capture"
11689063,added_since_baseline,บ้านเขาสมิง,,,Royal Irrigation Department,East Coast Gulf Basin,2026-09-03 10:00,"present in the 2026-09-07 waterlevel_load response, absent from the 2026-08-02 baseline capture"
11689064,added_since_baseline,บ้านค่าย,,,Royal Irrigation Department,East Coast Gulf Basin,2026-09-03 10:00,"present in the 2026-09-07 waterlevel_load response, absent from the 2026-08-02 baseline capture"
11689065,added_since_baseline,บ้านท่าหลวง,,,Royal Irrigation Department,East Coast Gulf Basin,2026-09-03 10:00,"present in the 2026-09-07 waterlevel_load response, absent from the 2026-08-02 baseline capture"
11689066,added_since_baseline,ตลาดท่ายาง,,,Royal Irrigation Department,Phetchaburi - Prachuap Khiri Khan Basin,2026-09-03 10:00,"present in the 2026-09-07 waterlevel_load response, absent from the 2026-08-02 baseline capture"
11689068,added_since_baseline,ข้างจวนผู้ว่าฯ,,,Royal Irrigation Department,Phetchaburi - Prachuap Khiri Khan Basin,2026-09-03 10:00,"present in the 2026-09-07 waterlevel_load response, absent from the 2026-08-02 baseline capture"
11689069,added_since_baseline,สะพานบ้านลาด,,,Royal Irrigation Department,Phetchaburi - Prachuap Khiri Khan Basin,2026-09-03 10:00,"present in the 2026-09-07 waterlevel_load response, absent from the 2026-08-02 baseline capture"
11689070,added_since_baseline,เขาลูกช้าง,,,Royal Irrigation Department,Phetchaburi - Prachuap Khiri Khan Basin,2026-09-03 10:00,"present in the 2026-09-07 waterlevel_load response, absent from the 2026-08-02 baseline capture"
11689071,added_since_baseline,บ้านสองพี่น้อง,,,Royal Irrigation Department,Phetchaburi - Prachuap Khiri Khan Basin,2026-09-03 10:00,"present in the 2026-09-07 waterlevel_load response, absent from the 2026-08-02 baseline capture"
11689073,added_since_baseline,บ้านโพรงเข้,,,Royal Irrigation Department,Phetchaburi - Prachuap Khiri Khan Basin,2026-09-03 10:00,"present in the 2026-09-07 waterlevel_load response, absent from the 2026-08-02 baseline capture"
11689074,added_since_baseline,บ้านสาระเห็ด,,,Royal Irrigation Department,Phetchaburi - Prachuap Khiri Khan Basin,2026-09-03 10:00,"present in the 2026-09-07 waterlevel_load response, absent from the 2026-08-02 baseline capture"
11689075,added_since_baseline,บ้านหนองหญ้าปล้อง,,,Royal Irrigation Department,Phetchaburi - Prachuap Khiri Khan Basin,2026-09-03 10:00,"present in the 2026-09-07 waterlevel_load response, absent from the 2026-08-02 baseline capture"
11689076,added_since_baseline,บ้านช้างแรก,,,Royal Irrigation Department,Phetchaburi - Prachuap Khiri Khan Basin,2026-09-03 10:00,"present in the 2026-09-07 waterlevel_load response, absent from the 2026-08-02 baseline capture"
11689077,added_since_baseline,สะพานรถยนต์ ร.ร.อนุบาลบางสะพาน,,,Royal Irrigation Department,Phetchaburi - Prachuap Khiri Khan Basin,2026-09-03 10:00,"present in the 2026-09-07 waterlevel_load response, absent from the 2026-08-02 baseline capture"
11689078,added_since_baseline,บ้านบางสะพาน,,,Royal Irrigation Department,Phetchaburi - Prachuap Khiri Khan Basin,2026-09-03 10:00,"present in the 2026-09-07 waterlevel_load response, absent from the 2026-08-02 baseline capture"
11689079,added_since_baseline,บ้านวังยาว,,,Royal Irrigation Department,Phetchaburi - Prachuap Khiri Khan Basin,2026-09-03 10:00,"present in the 2026-09-07 waterlevel_load response, absent from the 2026-08-02 baseline capture"
11689080,added_since_baseline,บ้านกลาง,,,Royal Irrigation Department,Phetchaburi - Prachuap Khiri Khan Basin,2026-09-03 10:00,"present in the 2026-09-07 waterlevel_load response, absent from the 2026-08-02 baseline capture"
11689081,added_since_baseline,บ้านทุ่งแฝก,,,Royal Irrigation Department,Phetchaburi - Prachuap Khiri Khan Basin,2026-09-03 10:00,"present in the 2026-09-07 waterlevel_load response, absent from the 2026-08-02 baseline capture"
11689082,added_since_baseline,บ้านเขาน้อย,,,Royal Irrigation Department,Phetchaburi - Prachuap Khiri Khan Basin,2026-09-03 10:00,"present in the 2026-09-07 waterlevel_load response, absent from the 2026-08-02 baseline capture"
11689083,added_since_baseline,บ้านท้ายนา,,,Royal Irrigation Department,Peninsula - Upper East Coast Basin,2026-09-03 10:00,"present in the 2026-09-07 waterlevel_load response, absent from the 2026-08-02 baseline capture"
11689084,added_since_baseline,บ้านวังครก,,,Royal Irrigation Department,Peninsula - Upper East Coast Basin,2026-09-03 10:00,"present in the 2026-09-07 waterlevel_load response, absent from the 2026-08-02 baseline capture"
11689085,added_since_baseline,บ้านเสาธง,,,Royal Irrigation Department,Peninsula - Upper East Coast Basin,2026-09-03 10:00,"present in the 2026-09-07 waterlevel_load response, absent from the 2026-08-02 baseline capture"
11689086,added_since_baseline,บ้านหาดทรายแก้ว,,,Royal Irrigation Department,Peninsula - Upper East Coast Basin,2026-09-03 10:00,"present in the 2026-09-07 waterlevel_load response, absent from the 2026-08-02 baseline capture"
11689087,added_since_baseline,สะพานเทศบาล 2,,,Royal Irrigation Department,Peninsula - Upper East Coast Basin,2026-09-03 10:00,"present in the 2026-09-07 waterlevel_load response, absent from the 2026-08-02 baseline capture"
11689088,added_since_baseline,บ้านวังไทร,,,Royal Irrigation Department,Peninsula - Upper East Coast Basin,2026-09-03 10:00,"present in the 2026-09-07 waterlevel_load response, absent from the 2026-08-02 baseline capture"
11689089,added_since_baseline,บ้านท่าไม้ลาย,,,Royal Irrigation Department,Peninsula - Upper East Coast Basin,2026-09-03 10:00,"present in the 2026-09-07 waterlevel_load response, absent from the 2026-08-02 baseline capture"
11689090,added_since_baseline,บ้านนาป่า,,,Royal Irrigation Department,Peninsula - Upper East Coast Basin,2026-09-03 10:00,"present in the 2026-09-07 waterlevel_load response, absent from the 2026-08-02 baseline capture"
11689091,added_since_baseline,ถนนลูกเสือ,,,Royal Irrigation Department,Peninsula - Upper East Coast Basin,2026-09-03 10:00,"present in the 2026-09-07 waterlevel_load response, absent from the 2026-08-02 baseline capture"
11689092,added_since_baseline,บ้านพะโต๊ะ,,,Royal Irrigation Department,Peninsula - Upper East Coast Basin,2026-09-03 10:00,"present in the 2026-09-07 waterlevel_load response, absent from the 2026-08-02 baseline capture"
11689093,added_since_baseline,บ้านเคียนซา,,,Royal Irrigation Department,Peninsula - Upper East Coast Basin,2026-09-03 10:00,"present in the 2026-09-07 waterlevel_load response, absent from the 2026-08-02 baseline capture"
11689094,added_since_baseline,บ้านควนกลาง (1),,,Royal Irrigation Department,Peninsula - Upper East Coast Basin,2026-09-03 09:00,"present in the 2026-09-07 waterlevel_load response, absent from the 2026-08-02 baseline capture"
11689095,added_since_baseline,บ้านหาดใน,,,Royal Irrigation Department,Peninsula - Upper East Coast Basin,2026-09-03 10:00,"present in the 2026-09-07 waterlevel_load response, absent from the 2026-08-02 baseline capture"
11689096,added_since_baseline,สนามหน้าเมือง,,,Royal Irrigation Department,Peninsula - Upper East Coast Basin,2026-09-03 10:00,"present in the 2026-09-07 waterlevel_load response, absent from the 2026-08-02 baseline capture"
11689097,added_since_baseline,วัดถลุงทอง,,,Royal Irrigation Department,Peninsula - Upper East Coast Basin,2026-09-03 10:00,"present in the 2026-09-07 waterlevel_load response, absent from the 2026-08-02 baseline capture"
11689098,added_since_baseline,บ้านนา,,,Royal Irrigation Department,Peninsula - Upper East Coast Basin,2026-09-03 10:00,"present in the 2026-09-07 waterlevel_load response, absent from the 2026-08-02 baseline capture"
11689099,added_since_baseline,บ้านท่าขนอน,,,Royal Irrigation Department,Peninsula - Upper East Coast Basin,2026-09-03 10:00,"present in the 2026-09-07 waterlevel_load response, absent from the 2026-08-02 baseline capture"
11689100,added_since_baseline,บ้านย่านดินแดง,,,Royal Irrigation Department,Peninsula - Upper East Coast Basin,2026-09-03 10:00,"present in the 2026-09-07 waterlevel_load response, absent from the 2026-08-02 baseline capture"
11689101,added_since_baseline,บ้านวังไผ่,,,Royal Irrigation Department,Peninsula - Upper East Coast Basin,2026-09-03 10:00,"present in the 2026-09-07 waterlevel_load response, absent from the 2026-08-02 baseline capture"
11689102,added_since_baseline,บ้านท่าข้าม,,,Royal Irrigation Department,Peninsula - Upper East Coast Basin,2026-09-03 10:00,"present in the 2026-09-07 waterlevel_load response, absent from the 2026-08-02 baseline capture"
11689103,added_since_baseline,บ้านท่าแซะ,,,Royal Irrigation Department,Peninsula - Upper East Coast Basin,2026-09-03 06:00,"present in the 2026-09-07 waterlevel_load response, absent from the 2026-08-02 baseline capture"
11689104,added_since_baseline,บ้านทุ่งปราบ,,,Royal Irrigation Department,Thale Sap Songkhla Basin,2026-09-03 10:00,"present in the 2026-09-07 waterlevel_load response, absent from the 2026-08-02 baseline capture"
11689105,added_since_baseline,บ้านคลองลำ,,,Royal Irrigation Department,Thale Sap Songkhla Basin,2026-09-03 10:00,"present in the 2026-09-07 waterlevel_load response, absent from the 2026-08-02 baseline capture"
11689106,added_since_baseline,บ้านม่วงก็อง,,,Royal Irrigation Department,Thale Sap Songkhla Basin,2026-09-03 10:00,"present in the 2026-09-07 waterlevel_load response, absent from the 2026-08-02 baseline capture"
11689107,added_since_baseline,บ้านคลองหวะ,,,Royal Irrigation Department,Thale Sap Songkhla Basin,2026-09-03 10:00,"present in the 2026-09-07 waterlevel_load response, absent from the 2026-08-02 baseline capture"
11689108,added_since_baseline,หน้าวัดภูผาพิมุข,,,Royal Irrigation Department,Thale Sap Songkhla Basin,2026-09-03 10:00,"present in the 2026-09-07 waterlevel_load response, absent from the 2026-08-02 baseline capture"
11689109,added_since_baseline,บ้านเขาปู่,,,Royal Irrigation Department,Thale Sap Songkhla Basin,2026-09-03 10:00,"present in the 2026-09-07 waterlevel_load response, absent from the 2026-08-02 baseline capture"
11689110,added_since_baseline,บ้านพิกุลทอง,,,Royal Irrigation Department,Thale Sap Songkhla Basin,2026-09-03 10:00,"present in the 2026-09-07 waterlevel_load response, absent from the 2026-08-02 baseline capture"
11689111,added_since_baseline,หน้าวัดห้วยหลาด,,,Royal Irrigation Department,Thale Sap Songkhla Basin,2026-09-03 10:00,"present in the 2026-09-07 waterlevel_load response, absent from the 2026-08-02 baseline capture"
11689112,added_since_baseline,บ้านหาดใหญ่ใน,,,Royal Irrigation Department,Thale Sap Songkhla Basin,2026-09-03 10:00,"present in the 2026-09-07 waterlevel_load response, absent from the 2026-08-02 baseline capture"
11689113,added_since_baseline,บ้านนาสีทอง,,,Royal Irrigation Department,Thale Sap Songkhla Basin,2026-09-03 10:00,"present in the 2026-09-07 waterlevel_load response, absent from the 2026-08-02 baseline capture"
11689114,added_since_baseline,บ้านท่าแค,,,Royal Irrigation Department,Thale Sap Songkhla Basin,2026-09-03 10:00,"present in the 2026-09-07 waterlevel_load response, absent from the 2026-08-02 baseline capture"
11689115,added_since_baseline,บ้านบางศาลา,,,Royal Irrigation Department,Thale Sap Songkhla Basin,2026-09-03 10:00,"present in the 2026-09-07 waterlevel_load response, absent from the 2026-08-02 baseline capture"
11689116,added_since_baseline,สะพานเดชานุชิต,,,Royal Irrigation Department,Peninsula - Lower East Coast Basin,2026-09-03 10:00,"present in the 2026-09-07 waterlevel_load response, absent from the 2026-08-02 baseline capture"
11689117,added_since_baseline,บ้านมูโน๊ะ,,,Royal Irrigation Department,Peninsula - Lower East Coast Basin,2026-09-03 10:00,"present in the 2026-09-07 waterlevel_load response, absent from the 2026-08-02 baseline capture"
11689119,added_since_baseline,บ้านซากอ,,,Royal Irrigation Department,Peninsula - Lower East Coast Basin,2026-09-03 10:00,"present in the 2026-09-07 waterlevel_load response, absent from the 2026-08-02 baseline capture"
11689120,added_since_baseline,บ้านท่าเรือ,,,Royal Irrigation Department,Peninsula - Lower East Coast Basin,2026-09-03 10:00,"present in the 2026-09-07 waterlevel_load response, absent from the 2026-08-02 baseline capture"
11689121,added_since_baseline,บ้านลาคอ,,,Royal Irrigation Department,Peninsula - Lower East Coast Basin,2026-09-03 10:00,"present in the 2026-09-07 waterlevel_load response, absent from the 2026-08-02 baseline capture"
11689122,added_since_baseline,บ้านปายอยือนิ,,,Royal Irrigation Department,Peninsula - Lower East Coast Basin,2026-09-03 10:00,"present in the 2026-09-07 waterlevel_load response, absent from the 2026-08-02 baseline capture"
11689124,added_since_baseline,บ้านบริดอ,,,Royal Irrigation Department,Peninsula - Lower East Coast Basin,2026-09-03 10:00,"present in the 2026-09-07 waterlevel_load response, absent from the 2026-08-02 baseline capture"
11689125,added_since_baseline,บ้านปรีกี,,,Royal Irrigation Department,Peninsula - Lower East Coast Basin,2026-09-03 10:00,"present in the 2026-09-07 waterlevel_load response, absent from the 2026-08-02 baseline capture"
11689126,added_since_baseline,บ้านท่าสาป,,,Royal Irrigation Department,Peninsula - Lower East Coast Basin,2026-09-03 10:00,"present in the 2026-09-07 waterlevel_load response, absent from the 2026-08-02 baseline capture"
11689127,added_since_baseline,บ้านตันหยงมัส,,,Royal Irrigation Department,Peninsula - Lower East Coast Basin,2026-09-03 10:00,"present in the 2026-09-07 waterlevel_load response, absent from the 2026-08-02 baseline capture"
11689128,added_since_baseline,บ้านบองอ,,,Royal Irrigation Department,Peninsula - Lower East Coast Basin,2026-09-03 10:00,"present in the 2026-09-07 waterlevel_load response, absent from the 2026-08-02 baseline capture"
11689129,added_since_baseline,บ้านหัวสะพาน,,,Royal Irrigation Department,Peninsula - Lower East Coast Basin,2026-09-03 10:00,"present in the 2026-09-07 waterlevel_load response, absent from the 2026-08-02 baseline capture"
11689130,added_since_baseline,บ้านปะเหลียนใน,,,Royal Irrigation Department,Peninsula - West Coast Basin,2026-09-03 10:00,"present in the 2026-09-07 waterlevel_load response, absent from the 2026-08-02 baseline capture"
11689131,added_since_baseline,บ้านวังพระเคียน,,,Royal Irrigation Department,Peninsula - West Coast Basin,2026-09-03 06:00,"present in the 2026-09-07 waterlevel_load response, absent from the 2026-08-02 baseline capture"
11689132,added_since_baseline,บ้านตลาดเก่า,,,Royal Irrigation Department,Peninsula - West Coast Basin,2026-09-03 10:00,"present in the 2026-09-07 waterlevel_load response, absent from the 2026-08-02 baseline capture"
11689133,added_since_baseline,บ้านหินดาน,,,Royal Irrigation Department,Peninsula - West Coast Basin,2026-09-03 10:00,"present in the 2026-09-07 waterlevel_load response, absent from the 2026-08-02 baseline capture"
11689134,added_since_baseline,บ้านรมณีย์,,,Royal Irrigation Department,Peninsula - West Coast Basin,2026-09-03 10:00,"present in the 2026-09-07 waterlevel_load response, absent from the 2026-08-02 baseline capture"
11689135,added_since_baseline,บ้านเก็ตโฮ่,,,Royal Irrigation Department,Peninsula - West Coast Basin,2026-09-03 10:00,"present in the 2026-09-07 waterlevel_load response, absent from the 2026-08-02 baseline capture"
11689136,added_since_baseline,โรงเรียนสตรีภูเก็ต,,,Royal Irrigation Department,Peninsula - West Coast Basin,2026-09-03 10:00,"present in the 2026-09-07 waterlevel_load response, absent from the 2026-08-02 baseline capture"
11689137,added_since_baseline,บ้านท่านา,,,Royal Irrigation Department,Peninsula - West Coast Basin,2026-09-03 10:00,"present in the 2026-09-07 waterlevel_load response, absent from the 2026-08-02 baseline capture"
11689138,added_since_baseline,บ้านน้ำจืด,,,Royal Irrigation Department,Peninsula - West Coast Basin,2026-09-03 10:00,"present in the 2026-09-07 waterlevel_load response, absent from the 2026-08-02 baseline capture"
11689139,added_since_baseline,ถนนเพชรเกษม,,,Royal Irrigation Department,Peninsula - West Coast Basin,2026-09-03 10:00,"present in the 2026-09-07 waterlevel_load response, absent from the 2026-08-02 baseline capture"
11689140,added_since_baseline,บ้านกลาง,,,Royal Irrigation Department,Peninsula - West Coast Basin,2026-09-03 10:00,"present in the 2026-09-07 waterlevel_load response, absent from the 2026-08-02 baseline capture"
11689141,added_since_baseline,ชุมชนประชาบำรุง,,,Royal Irrigation Department,Peninsula - West Coast Basin,2026-09-03 10:00,"present in the 2026-09-07 waterlevel_load response, absent from the 2026-08-02 baseline capture"
11689142,added_since_baseline,บ้านไสหาร,,,Royal Irrigation Department,Peninsula - West Coast Basin,2026-09-03 10:00,"present in the 2026-09-07 waterlevel_load response, absent from the 2026-08-02 baseline capture"
11689143,added_since_baseline,บ้านป่าหมาก,,,Royal Irrigation Department,Peninsula - West Coast Basin,2026-09-03 10:00,"present in the 2026-09-07 waterlevel_load response, absent from the 2026-08-02 baseline capture"
11689144,added_since_baseline,บ้านย่านตาขาว,,,Royal Irrigation Department,Peninsula - West Coast Basin,2026-09-03 10:00,"present in the 2026-09-07 waterlevel_load response, absent from the 2026-08-02 baseline capture"
11689145,added_since_baseline,บ้านฉลุงเหนือ,,,Royal Irrigation Department,Peninsula - West Coast Basin,2026-09-03 10:00,"present in the 2026-09-07 waterlevel_load response, absent from the 2026-08-02 baseline capture"
11689146,added_since_baseline,บ้านปันจอร์,,,Royal Irrigation Department,Peninsula - West Coast Basin,2026-09-03 10:00,"present in the 2026-09-07 waterlevel_load response, absent from the 2026-08-02 baseline capture"
11689147,added_since_baseline,ซอยทรายทอง,,,Royal Irrigation Department,Peninsula - West Coast Basin,2026-09-03 10:00,"present in the 2026-09-07 waterlevel_load response, absent from the 2026-08-02 baseline capture"
11689148,added_since_baseline,บ้านดุสน,,,Royal Irrigation Department,Peninsula - West Coast Basin,2026-09-03 10:00,"present in the 2026-09-07 waterlevel_load response, absent from the 2026-08-02 baseline capture"
11689149,added_since_baseline,บ้านสองแพรก,,,Royal Irrigation Department,Peninsula - West Coast Basin,2026-09-03 10:00,"present in the 2026-09-07 waterlevel_load response, absent from the 2026-08-02 baseline capture"
11689151,added_since_baseline,บ้านท่าจีน,,,Royal Irrigation Department,Peninsula - West Coast Basin,2026-09-03 10:00,"present in the 2026-09-07 waterlevel_load response, absent from the 2026-08-02 baseline capture"
11689152,added_since_baseline,บ้านท่าประดู่,,,Royal Irrigation Department,Peninsula - West Coast Basin,2026-09-03 06:00,"present in the 2026-09-07 waterlevel_load response, absent from the 2026-08-02 baseline capture"
11689153,added_since_baseline,บ้านกุดกว้าง,,,Royal Irrigation Department,Chi Basin Basin,2026-09-03 10:00,"present in the 2026-09-07 waterlevel_load response, absent from the 2026-08-02 baseline capture"
11689154,added_since_baseline,บ้านเกาะคา,,,Royal Irrigation Department,Wang Basin,2026-09-03 10:00,"present in the 2026-09-07 waterlevel_load response, absent from the 2026-08-02 baseline capture"
11689155,added_since_baseline,หน้าอำเภอโพทะเล,,,Royal Irrigation Department,Yom Basin,2026-09-03 11:00,"present in the 2026-09-07 waterlevel_load response, absent from the 2026-08-02 baseline capture"
14,absent_from_latest_snapshot,คลองทวีวัฒนา ท้ายปตร.ทวีวัฒนา,Krung Thep 4,คลองทวีวัฒนา,Hydro – Informatics Institute (Public Organization),,,"in the committed baseline, absent from the 2026-09-07 waterlevel_load response; the graph route still answers for these stations, so this is not evidence the station is gone or dataless"
191,absent_from_latest_snapshot,เมืองสระแก้ว,Mueang Sa Kaeo,คลองพระสะทึง,Hydro – Informatics Institute (Public Organization),,,"in the committed baseline, absent from the 2026-09-07 waterlevel_load response; the graph route still answers for these stations, so this is not evidence the station is gone or dataless"
393,absent_from_latest_snapshot,บ้านม่วง,Song Kram 3,แม่น้ำสงคราม,Hydro – Informatics Institute (Public Organization),,,"in the committed baseline, absent from the 2026-09-07 waterlevel_load response; the graph route still answers for these stations, so this is not evidence the station is gone or dataless"
2656,absent_from_latest_snapshot,บ้านท่าแซะ,,คลองท่าแซะ,Royal Irrigation Department,,,"in the committed baseline, absent from the 2026-09-07 waterlevel_load response; the graph route still answers for these stations, so this is not evidence the station is gone or dataless"
12485,absent_from_latest_snapshot,ทุ่งใหญ่,Nakhon Si Thammarat 4,คลองสินปุน,Hydro – Informatics Institute (Public Organization),,,"in the committed baseline, absent from the 2026-09-07 waterlevel_load response; the graph route still answers for these stations, so this is not evidence the station is gone or dataless"
479237,absent_from_latest_snapshot,ลำน้ำยัง,Chi 10-1,ลำน้ำยัง,Hydro – Informatics Institute (Public Organization),,,"in the committed baseline, absent from the 2026-09-07 waterlevel_load response; the graph route still answers for these stations, so this is not evidence the station is gone or dataless"
479240,absent_from_latest_snapshot,ลำน้ำก่ำ,Num Kum 1,ลำน้ำกำ,Hydro – Informatics Institute (Public Organization),,,"in the committed baseline, absent from the 2026-09-07 waterlevel_load response; the graph route still answers for these stations, so this is not evidence the station is gone or dataless"
504940,absent_from_latest_snapshot,บ้านเขื่องใน,,แม่น้ำชี,Royal Irrigation Department,,,"in the committed baseline, absent from the 2026-09-07 waterlevel_load response; the graph route still answers for these stations, so this is not evidence the station is gone or dataless"
516210,absent_from_latest_snapshot,ลำน้ำขว้าง (ฝายจ้าว),Lamnam Khwang,น้ำขว้าง,Friend in Need (of “Pa”) Volunteers Foundation,,,"in the committed baseline, absent from the 2026-09-07 waterlevel_load response; the graph route still answers for these stations, so this is not evidence the station is gone or dataless"
575565,absent_from_latest_snapshot,สวนศรีนครเขื่อนขันธ์,Srinakorn Khuaenkhan Park,แม่น้ำเจ้าพระยา,Hydro – Informatics Institute (Public Organization),,,"in the committed baseline, absent from the 2026-09-07 waterlevel_load response; the graph route still answers for these stations, so this is not evidence the station is gone or dataless"
575569,absent_from_latest_snapshot,ปตร. คลองตาสด,Khlong Ta Sot Gate,แม่น้ำเจ้าพระยา,Hydro – Informatics Institute (Public Organization),,,"in the committed baseline, absent from the 2026-09-07 waterlevel_load response; the graph route still answers for these stations, so this is not evidence the station is gone or dataless"
685638,absent_from_latest_snapshot,สะพานแม่น้ำว้า บ้านบ่อหยวก,Mae Nam Wa (Ban Bo Yuak) Bridge,น้ำว้า,Friend in Need (of “Pa”) Volunteers Foundation,,,"in the committed baseline, absent from the 2026-09-07 waterlevel_load response; the graph route still answers for these stations, so this is not evidence the station is gone or dataless"
700592,absent_from_latest_snapshot,วัดหินแท่น (K.62),,ลำภาชี,Electricity Generating Authority of Thailand,,,"in the committed baseline, absent from the 2026-09-07 waterlevel_load response; the graph route still answers for these stations, so this is not evidence the station is gone or dataless"
786010,absent_from_latest_snapshot,บ้านดอนยาง,,ลำน้ำยัง,Royal Irrigation Department,,,"in the committed baseline, absent from the 2026-09-07 waterlevel_load response; the graph route still answers for these stations, so this is not evidence the station is gone or dataless"
1119916,absent_from_latest_snapshot,บ้านบึงศาลา,,ลำน้ำกำ,Royal Irrigation Department,,,"in the committed baseline, absent from the 2026-09-07 waterlevel_load response; the graph route still answers for these stations, so this is not evidence the station is gone or dataless"
1121218,absent_from_latest_snapshot,สะพานน้ำห้วยสำราญ,Huai Samran Bridge,ห้วยสำราญ,Friend in Need (of “Pa”) Volunteers Foundation,,,"in the committed baseline, absent from the 2026-09-07 waterlevel_load response; the graph route still answers for these stations, so this is not evidence the station is gone or dataless"
1476459,absent_from_latest_snapshot,สะพานน้ำแม่ต๋ำ,Mae Tam Bridge,,Friend in Need (of “Pa”) Volunteers Foundation,,,"in the committed baseline, absent from the 2026-09-07 waterlevel_load response; the graph route still answers for these stations, so this is not evidence the station is gone or dataless"
11568367,absent_from_latest_snapshot,โรงสูบน้ำแรงต่ำแม่ข่าย (แม่สาย),Main low pressure water pumping plant (Mae Sai),,Friend in Need (of “Pa”) Volunteers Foundation,,,"in the committed baseline, absent from the 2026-09-07 waterlevel_load response; the graph route still answers for these stations, so this is not evidence the station is gone or dataless"
11688749,absent_from_latest_snapshot,บ้านเหนือคลอง,,,Royal Irrigation Department,,,"in the committed baseline, absent from the 2026-09-07 waterlevel_load response; the graph route still answers for these stations, so this is not evidence the station is gone or dataless"
11688823,absent_from_latest_snapshot,บ้านตาสา,,,Royal Irrigation Department,,,"in the committed baseline, absent from the 2026-09-07 waterlevel_load response; the graph route still answers for these stations, so this is not evidence the station is gone or dataless"
11688849,absent_from_latest_snapshot,บ้านต้นยาง,,,Royal Irrigation Department,,,"in the committed baseline, absent from the 2026-09-07 waterlevel_load response; the graph route still answers for these stations, so this is not evidence the station is gone or dataless"
11689002,absent_from_latest_snapshot,บ้านโคกหม้อ,,,Royal Irrigation Department,,,"in the committed baseline, absent from the 2026-09-07 waterlevel_load response; the graph route still answers for these stations, so this is not evidence the station is gone or dataless"
11689067,absent_from_latest_snapshot,บ้านจะโปรง,,,Royal Irrigation Department,,,"in the committed baseline, absent from the 2026-09-07 waterlevel_load response; the graph route still answers for these stations, so this is not evidence the station is gone or dataless"
11689072,absent_from_latest_snapshot,สะพานท่าเกวียน,,,Royal Irrigation Department,,,"in the committed baseline, absent from the 2026-09-07 waterlevel_load response; the graph route still answers for these stations, so this is not evidence the station is gone or dataless"
11689150,absent_from_latest_snapshot,เทศบาลเทพกระษัตรี,,,Royal Irrigation Department,,,"in the committed baseline, absent from the 2026-09-07 waterlevel_load response; the graph route still answers for these stations, so this is not evidence the station is gone or dataless"
