station_id,station_name_th,river_name,agency,basin,product_id,native_field,status,evidence_basis,nonnull_observations,grid_rows,window_start,window_end,in_live_snapshot_2026_09_07,snapshot_discharge_present,http_status,probed_at,evidence_recording
1,คลองลาดพร้าว วัดบางบัว,คลองบางบัว,Hydro – Informatics Institute (Public Organization),Chao Phraya Basin,discharge_reported,discharge,empty_in_tested_window,graph route answered with a complete time grid carrying no non-null 'discharge' value in the 90-day window; the source states nothing about support,0,1008,2026-06-08,2026-09-06,True,False,200,2026-09-07T15:11:43.360318Z,recordings/boundary_11688546_empty_90d.recording.json
1,คลองลาดพร้าว วัดบางบัว,คลองบางบัว,Hydro – Informatics Institute (Public Organization),Chao Phraya Basin,stage_reported,value,available,graph route published 13069 non-null 'value' values in the 90-day window,13069,1008,2026-06-08,2026-09-06,True,False,200,2026-09-07T15:11:43.360318Z,recordings/boundary_1373272_both_products.recording.json
10,คลองภาษีเจริญ เพชรเกษม69,คลองภาษีเจริญ,Hydro – Informatics Institute (Public Organization),Chao Phraya Basin,discharge_reported,discharge,empty_in_tested_window,graph route answered with a complete time grid carrying no non-null 'discharge' value in the 90-day window; the source states nothing about support,0,1008,2026-06-08,2026-09-06,True,False,200,2026-09-07T15:11:45.057682Z,recordings/boundary_11688546_empty_90d.recording.json
10,คลองภาษีเจริญ เพชรเกษม69,คลองภาษีเจริญ,Hydro – Informatics Institute (Public Organization),Chao Phraya Basin,stage_reported,value,available,graph route published 13056 non-null 'value' values in the 90-day window,13056,1008,2026-06-08,2026-09-06,True,False,200,2026-09-07T15:11:45.057682Z,recordings/boundary_1373272_both_products.recording.json
1035512,บ้านคลองหินลับ,ห้วยหินลับ,Royal Irrigation Department,Mun Basin,discharge_reported,discharge,available,graph route published 157 non-null 'discharge' values in the 7-day window,157,168,2026-08-31,2026-09-06,True,True,200,2026-09-07T15:11:46.200920Z,recordings/boundary_1373272_both_products.recording.json
1035512,บ้านคลองหินลับ,ห้วยหินลับ,Royal Irrigation Department,Mun Basin,stage_reported,value,available,graph route published 157 non-null 'value' values in the 7-day window,157,168,2026-08-31,2026-09-06,True,True,200,2026-09-07T15:11:46.200920Z,recordings/boundary_1373272_both_products.recording.json
1035516,บ้านบัว,ลำเชิงไกร,Royal Irrigation Department,Mun Basin,discharge_reported,discharge,available,graph route published 88 non-null 'discharge' values in the 7-day window,88,168,2026-08-31,2026-09-06,True,False,200,2026-09-07T15:11:47.327997Z,recordings/boundary_1373272_both_products.recording.json
1035516,บ้านบัว,ลำเชิงไกร,Royal Irrigation Department,Mun Basin,stage_reported,value,available,graph route published 157 non-null 'value' values in the 7-day window,157,168,2026-08-31,2026-09-06,True,False,200,2026-09-07T15:11:47.327997Z,recordings/boundary_1373272_both_products.recording.json
1035518,บ้านหินโคนเก่า,ลำปลายมาศ,Royal Irrigation Department,Mun Basin,discharge_reported,discharge,available,graph route published 66 non-null 'discharge' values in the 90-day window,66,168,2026-06-08,2026-09-06,True,False,200,2026-09-07T15:11:48.449649Z,recordings/boundary_1373272_both_products.recording.json
1035518,บ้านหินโคนเก่า,ลำปลายมาศ,Royal Irrigation Department,Mun Basin,stage_reported,value,available,graph route published 805 non-null 'value' values in the 90-day window,805,168,2026-06-08,2026-09-06,True,False,200,2026-09-07T15:11:48.449649Z,recordings/boundary_1373272_both_products.recording.json
1035521,บ้านดอนยาง,ลำเสียว,Royal Irrigation Department,Mun Basin,discharge_reported,discharge,available,graph route published 157 non-null 'discharge' values in the 7-day window,157,168,2026-08-31,2026-09-06,True,True,200,2026-09-07T15:11:49.596094Z,recordings/boundary_1373272_both_products.recording.json
1035521,บ้านดอนยาง,ลำเสียว,Royal Irrigation Department,Mun Basin,stage_reported,value,available,graph route published 157 non-null 'value' values in the 7-day window,157,168,2026-08-31,2026-09-06,True,True,200,2026-09-07T15:11:49.596094Z,recordings/boundary_1373272_both_products.recording.json
1066916,บ้านชะอม,แควหนุมาน,Royal Irrigation Department,Bang Pakong Basin,discharge_reported,discharge,available,graph route published 161 non-null 'discharge' values in the 7-day window,161,168,2026-08-31,2026-09-06,True,True,200,2026-09-07T15:11:50.735667Z,recordings/boundary_1373272_both_products.recording.json
1066916,บ้านชะอม,แควหนุมาน,Royal Irrigation Department,Bang Pakong Basin,stage_reported,value,available,graph route published 161 non-null 'value' values in the 7-day window,161,168,2026-08-31,2026-09-06,True,True,200,2026-09-07T15:11:50.735667Z,recordings/boundary_1373272_both_products.recording.json
1079844,บ้านโนนค่า,ห้วยดินดำ,Royal Irrigation Department,Mun Basin,discharge_reported,discharge,available,graph route published 252 non-null 'discharge' values in the 90-day window,252,168,2026-06-08,2026-09-06,True,False,200,2026-09-07T15:11:51.854645Z,recordings/boundary_1373272_both_products.recording.json
1079844,บ้านโนนค่า,ห้วยดินดำ,Royal Irrigation Department,Mun Basin,stage_reported,value,available,graph route published 1778 non-null 'value' values in the 90-day window,1778,168,2026-06-08,2026-09-06,True,False,200,2026-09-07T15:11:51.854645Z,recordings/boundary_1373272_both_products.recording.json
1079932,ตำบลท่าหลวง,คลองบ้านปากคลองใหญ่,Royal Irrigation Department,East Coast Gulf Basin,discharge_reported,discharge,available,graph route published 161 non-null 'discharge' values in the 7-day window,161,168,2026-08-31,2026-09-06,True,True,200,2026-09-07T15:11:53.016985Z,recordings/boundary_1373272_both_products.recording.json
1079932,ตำบลท่าหลวง,คลองบ้านปากคลองใหญ่,Royal Irrigation Department,East Coast Gulf Basin,stage_reported,value,available,graph route published 161 non-null 'value' values in the 7-day window,161,168,2026-08-31,2026-09-06,True,True,200,2026-09-07T15:11:53.016985Z,recordings/boundary_1373272_both_products.recording.json
1079995,บ้านไสหาร,แม่น้ำตรัง,Royal Irrigation Department,Peninsula - West Coast Basin,discharge_reported,discharge,available,graph route published 148 non-null 'discharge' values in the 7-day window,148,168,2026-08-31,2026-09-06,True,True,200,2026-09-07T15:11:54.144580Z,recordings/boundary_1373272_both_products.recording.json
1079995,บ้านไสหาร,แม่น้ำตรัง,Royal Irrigation Department,Peninsula - West Coast Basin,stage_reported,value,available,graph route published 148 non-null 'value' values in the 7-day window,148,168,2026-08-31,2026-09-06,True,True,200,2026-09-07T15:11:54.144580Z,recordings/boundary_1373272_both_products.recording.json
1082427,บ่อดินขาว,คลองอนุศาสนนันท์,Hydro – Informatics Institute (Public Organization),Chao Phraya Basin,discharge_reported,discharge,empty_in_tested_window,graph route answered with a complete time grid carrying no non-null 'discharge' value in the 90-day window; the source states nothing about support,0,1008,2026-06-08,2026-09-06,True,False,200,2026-09-07T15:11:55.759978Z,recordings/boundary_11688546_empty_90d.recording.json
1082427,บ่อดินขาว,คลองอนุศาสนนันท์,Hydro – Informatics Institute (Public Organization),Chao Phraya Basin,stage_reported,value,available,graph route published 5278 non-null 'value' values in the 90-day window,5278,1008,2026-06-08,2026-09-06,True,False,200,2026-09-07T15:11:55.759978Z,recordings/boundary_1373272_both_products.recording.json
1085210,สะพานตาบัว บ้านยาเด๊ะ,คลองอัยดาลอ,Hydro – Informatics Institute (Public Organization),Peninsula - Lower East Coast Basin,discharge_reported,discharge,empty_in_tested_window,graph route answered with a complete time grid carrying no non-null 'discharge' value in the 90-day window; the source states nothing about support,0,1008,2026-06-08,2026-09-06,True,False,200,2026-09-07T15:11:57.155539Z,recordings/boundary_11688546_empty_90d.recording.json
1085210,สะพานตาบัว บ้านยาเด๊ะ,คลองอัยดาลอ,Hydro – Informatics Institute (Public Organization),Peninsula - Lower East Coast Basin,stage_reported,value,available,graph route published 1980 non-null 'value' values in the 90-day window,1980,1008,2026-06-08,2026-09-06,True,False,200,2026-09-07T15:11:57.155539Z,recordings/boundary_1373272_both_products.recording.json
1085211,สะพานกะลูบี บ้านสายปารี,แม่น้ำสายบุรี,Hydro – Informatics Institute (Public Organization),Peninsula - Lower East Coast Basin,discharge_reported,discharge,empty_in_tested_window,graph route answered with a complete time grid carrying no non-null 'discharge' value in the 90-day window; the source states nothing about support,0,1008,2026-06-08,2026-09-06,True,False,200,2026-09-07T15:11:58.550020Z,recordings/boundary_11688546_empty_90d.recording.json
1085211,สะพานกะลูบี บ้านสายปารี,แม่น้ำสายบุรี,Hydro – Informatics Institute (Public Organization),Peninsula - Lower East Coast Basin,stage_reported,value,available,graph route published 13023 non-null 'value' values in the 90-day window,13023,1008,2026-06-08,2026-09-06,True,False,200,2026-09-07T15:11:58.550020Z,recordings/boundary_1373272_both_products.recording.json
1087618,บ้านปายอยือนิ ,แม่น้ำสายบุรี,Royal Irrigation Department,Peninsula - Lower East Coast Basin,discharge_reported,discharge,empty_in_tested_window,graph route answered with a complete time grid carrying no non-null 'discharge' value in the 90-day window; the source states nothing about support,0,168,2026-06-08,2026-09-06,True,False,200,2026-09-07T15:11:59.639286Z,recordings/boundary_11688546_empty_90d.recording.json
1087618,บ้านปายอยือนิ ,แม่น้ำสายบุรี,Royal Irrigation Department,Peninsula - Lower East Coast Basin,stage_reported,value,available,graph route published 1975 non-null 'value' values in the 90-day window,1975,168,2026-06-08,2026-09-06,True,False,200,2026-09-07T15:11:59.639286Z,recordings/boundary_1373272_both_products.recording.json
1091551,เขาวง,คลองอนุศาสนนันท์,Hydro – Informatics Institute (Public Organization),Chao Phraya Basin,discharge_reported,discharge,empty_in_tested_window,graph route answered with a complete time grid carrying no non-null 'discharge' value in the 90-day window; the source states nothing about support,0,1008,2026-06-08,2026-09-06,True,False,200,2026-09-07T15:12:01.166075Z,recordings/boundary_11688546_empty_90d.recording.json
1091551,เขาวง,คลองอนุศาสนนันท์,Hydro – Informatics Institute (Public Organization),Chao Phraya Basin,stage_reported,value,available,graph route published 13027 non-null 'value' values in the 90-day window,13027,1008,2026-06-08,2026-09-06,True,False,200,2026-09-07T15:12:01.166075Z,recordings/boundary_1373272_both_products.recording.json
1093079,คลองชะอวด,คลองชะอวด,Hydro – Informatics Institute (Public Organization),Peninsula - Upper East Coast Basin,discharge_reported,discharge,empty_in_tested_window,graph route answered with a complete time grid carrying no non-null 'discharge' value in the 90-day window; the source states nothing about support,0,1008,2026-06-08,2026-09-06,True,False,200,2026-09-07T15:12:02.731595Z,recordings/boundary_11688546_empty_90d.recording.json
1093079,คลองชะอวด,คลองชะอวด,Hydro – Informatics Institute (Public Organization),Peninsula - Upper East Coast Basin,stage_reported,value,available,graph route published 13061 non-null 'value' values in the 90-day window,13061,1008,2026-06-08,2026-09-06,True,False,200,2026-09-07T15:12:02.731595Z,recordings/boundary_1373272_both_products.recording.json
1093312,บ้านเขาน้อย,แม่น้ำปราณบุรี,Royal Irrigation Department,Phetchaburi - Prachuap Khiri Khan Basin,discharge_reported,discharge,empty_in_tested_window,graph route answered with a complete time grid carrying no non-null 'discharge' value in the 90-day window; the source states nothing about support,0,168,2026-06-08,2026-09-06,True,False,200,2026-09-07T15:12:03.928901Z,recordings/boundary_11688546_empty_90d.recording.json
1093312,บ้านเขาน้อย,แม่น้ำปราณบุรี,Royal Irrigation Department,Phetchaburi - Prachuap Khiri Khan Basin,stage_reported,value,available,graph route published 1888 non-null 'value' values in the 90-day window,1888,168,2026-06-08,2026-09-06,True,False,200,2026-09-07T15:12:03.928901Z,recordings/boundary_1373272_both_products.recording.json
1094448,โรงเรียนวัดโคกโพธิ์สถิตย์,คลองท่าดี,Hydro – Informatics Institute (Public Organization),Peninsula - Upper East Coast Basin,discharge_reported,discharge,empty_in_tested_window,graph route answered with a complete time grid carrying no non-null 'discharge' value in the 90-day window; the source states nothing about support,0,1008,2026-06-08,2026-09-06,True,False,200,2026-09-07T15:12:05.489900Z,recordings/boundary_11688546_empty_90d.recording.json
1094448,โรงเรียนวัดโคกโพธิ์สถิตย์,คลองท่าดี,Hydro – Informatics Institute (Public Organization),Peninsula - Upper East Coast Basin,stage_reported,value,available,graph route published 12511 non-null 'value' values in the 90-day window,12511,1008,2026-06-08,2026-09-06,True,False,200,2026-09-07T15:12:05.489900Z,recordings/boundary_1373272_both_products.recording.json
1095455,สะพานบ้านตรังพัฒนา,คลองหลังสวน,Hydro – Informatics Institute (Public Organization),Peninsula - Upper East Coast Basin,discharge_reported,discharge,empty_in_tested_window,graph route answered with a complete time grid carrying no non-null 'discharge' value in the 90-day window; the source states nothing about support,0,1008,2026-06-08,2026-09-06,True,False,200,2026-09-07T15:12:06.920964Z,recordings/boundary_11688546_empty_90d.recording.json
1095455,สะพานบ้านตรังพัฒนา,คลองหลังสวน,Hydro – Informatics Institute (Public Organization),Peninsula - Upper East Coast Basin,stage_reported,value,available,graph route published 13067 non-null 'value' values in the 90-day window,13067,1008,2026-06-08,2026-09-06,True,False,200,2026-09-07T15:12:06.920964Z,recordings/boundary_1373272_both_products.recording.json
1095849,สะพานหัวเวียง,,Royal Irrigation Department,Chao Phraya Basin,discharge_reported,discharge,empty_in_tested_window,graph route answered with a complete time grid carrying no non-null 'discharge' value in the 90-day window; the source states nothing about support,0,168,2026-06-08,2026-09-06,True,False,200,2026-09-07T15:12:08.072123Z,recordings/boundary_11688546_empty_90d.recording.json
1095849,สะพานหัวเวียง,,Royal Irrigation Department,Chao Phraya Basin,stage_reported,value,available,graph route published 1583 non-null 'value' values in the 90-day window,1583,168,2026-06-08,2026-09-06,True,False,200,2026-09-07T15:12:08.072123Z,recordings/boundary_1373272_both_products.recording.json
1095872,บ้านท่าไม้ลาย,คลองชุมพร,Royal Irrigation Department,Peninsula - Upper East Coast Basin,discharge_reported,discharge,available,graph route published 148 non-null 'discharge' values in the 7-day window,148,168,2026-08-31,2026-09-06,True,True,200,2026-09-07T15:12:09.222391Z,recordings/boundary_1373272_both_products.recording.json
1095872,บ้านท่าไม้ลาย,คลองชุมพร,Royal Irrigation Department,Peninsula - Upper East Coast Basin,stage_reported,value,available,graph route published 148 non-null 'value' values in the 7-day window,148,168,2026-08-31,2026-09-06,True,True,200,2026-09-07T15:12:09.222391Z,recordings/boundary_1373272_both_products.recording.json
1095875,บ้านทุ่งปราบ,คลองหล้าปัง,Royal Irrigation Department,Thale Sap Songkhla Basin,discharge_reported,discharge,available,graph route published 136 non-null 'discharge' values in the 7-day window,136,168,2026-08-31,2026-09-06,True,True,200,2026-09-07T15:12:10.353880Z,recordings/boundary_1373272_both_products.recording.json
1095875,บ้านทุ่งปราบ,คลองหล้าปัง,Royal Irrigation Department,Thale Sap Songkhla Basin,stage_reported,value,available,graph route published 148 non-null 'value' values in the 7-day window,148,168,2026-08-31,2026-09-06,True,True,200,2026-09-07T15:12:10.353880Z,recordings/boundary_1373272_both_products.recording.json
1095876,บ้านเขาปู่,คลองใหญ่,Royal Irrigation Department,Thale Sap Songkhla Basin,discharge_reported,discharge,available,graph route published 148 non-null 'discharge' values in the 7-day window,148,168,2026-08-31,2026-09-06,True,True,200,2026-09-07T15:12:11.474664Z,recordings/boundary_1373272_both_products.recording.json
1095876,บ้านเขาปู่,คลองใหญ่,Royal Irrigation Department,Thale Sap Songkhla Basin,stage_reported,value,available,graph route published 148 non-null 'value' values in the 7-day window,148,168,2026-08-31,2026-09-06,True,True,200,2026-09-07T15:12:11.474664Z,recordings/boundary_1373272_both_products.recording.json
1095877,บ้านหัวสะพาน,คลองใหญ่,Royal Irrigation Department,Peninsula - Lower East Coast Basin,discharge_reported,discharge,available,graph route published 148 non-null 'discharge' values in the 7-day window,148,168,2026-08-31,2026-09-06,True,True,200,2026-09-07T15:12:12.591139Z,recordings/boundary_1373272_both_products.recording.json
1095877,บ้านหัวสะพาน,คลองใหญ่,Royal Irrigation Department,Peninsula - Lower East Coast Basin,stage_reported,value,available,graph route published 148 non-null 'value' values in the 7-day window,148,168,2026-08-31,2026-09-06,True,True,200,2026-09-07T15:12:12.591139Z,recordings/boundary_1373272_both_products.recording.json
1095878,บ้านปรีกี,แม่น้ำปัตตานี,Royal Irrigation Department,Peninsula - Lower East Coast Basin,discharge_reported,discharge,empty_in_tested_window,graph route answered with a complete time grid carrying no non-null 'discharge' value in the 90-day window; the source states nothing about support,0,168,2026-06-08,2026-09-06,True,False,200,2026-09-07T15:12:13.749135Z,recordings/boundary_11688546_empty_90d.recording.json
1095878,บ้านปรีกี,แม่น้ำปัตตานี,Royal Irrigation Department,Peninsula - Lower East Coast Basin,stage_reported,value,available,graph route published 1975 non-null 'value' values in the 90-day window,1975,168,2026-06-08,2026-09-06,True,False,200,2026-09-07T15:12:13.749135Z,recordings/boundary_1373272_both_products.recording.json
1095879,บ้านกลาง,แม่น้ำตรัง,Royal Irrigation Department,Peninsula - West Coast Basin,discharge_reported,discharge,available,graph route published 148 non-null 'discharge' values in the 7-day window,148,168,2026-08-31,2026-09-06,True,True,200,2026-09-07T15:12:14.897310Z,recordings/boundary_1373272_both_products.recording.json
1095879,บ้านกลาง,แม่น้ำตรัง,Royal Irrigation Department,Peninsula - West Coast Basin,stage_reported,value,available,graph route published 148 non-null 'value' values in the 7-day window,148,168,2026-08-31,2026-09-06,True,True,200,2026-09-07T15:12:14.897310Z,recordings/boundary_1373272_both_products.recording.json
1095881,บ้านปันจอร์,คลองดุสน,Royal Irrigation Department,Peninsula - West Coast Basin,discharge_reported,discharge,available,graph route published 148 non-null 'discharge' values in the 7-day window,148,168,2026-08-31,2026-09-06,True,True,200,2026-09-07T15:12:16.024707Z,recordings/boundary_1373272_both_products.recording.json
1095881,บ้านปันจอร์,คลองดุสน,Royal Irrigation Department,Peninsula - West Coast Basin,stage_reported,value,available,graph route published 148 non-null 'value' values in the 7-day window,148,168,2026-08-31,2026-09-06,True,True,200,2026-09-07T15:12:16.024707Z,recordings/boundary_1373272_both_products.recording.json
1095882,บ้านรมณีย์,คลองรมณีย์,Royal Irrigation Department,Peninsula - West Coast Basin,discharge_reported,discharge,available,graph route published 120 non-null 'discharge' values in the 7-day window,120,168,2026-08-31,2026-09-06,True,True,200,2026-09-07T15:12:17.167071Z,recordings/boundary_1373272_both_products.recording.json
1095882,บ้านรมณีย์,คลองรมณีย์,Royal Irrigation Department,Peninsula - West Coast Basin,stage_reported,value,available,graph route published 120 non-null 'value' values in the 7-day window,120,168,2026-08-31,2026-09-06,True,True,200,2026-09-07T15:12:17.167071Z,recordings/boundary_1373272_both_products.recording.json
1097520,บ้านช้างแรก,ห้วยหินปิด,Royal Irrigation Department,Phetchaburi - Prachuap Khiri Khan Basin,discharge_reported,discharge,available,graph route published 113 non-null 'discharge' values in the 7-day window,113,168,2026-08-31,2026-09-06,True,False,200,2026-09-07T15:12:18.280163Z,recordings/boundary_1373272_both_products.recording.json
1097520,บ้านช้างแรก,ห้วยหินปิด,Royal Irrigation Department,Phetchaburi - Prachuap Khiri Khan Basin,stage_reported,value,available,graph route published 152 non-null 'value' values in the 7-day window,152,168,2026-08-31,2026-09-06,True,False,200,2026-09-07T15:12:18.280163Z,recordings/boundary_1373272_both_products.recording.json
1098852,บ้านสัมฤทธิ์,แม่น้ำมูล,Royal Irrigation Department,Mun Basin,discharge_reported,discharge,available,graph route published 534 non-null 'discharge' values in the 90-day window,534,168,2026-06-08,2026-09-06,True,False,200,2026-09-07T15:12:19.354897Z,recordings/boundary_1373272_both_products.recording.json
1098852,บ้านสัมฤทธิ์,แม่น้ำมูล,Royal Irrigation Department,Mun Basin,stage_reported,value,available,graph route published 1753 non-null 'value' values in the 90-day window,1753,168,2026-06-08,2026-09-06,True,False,200,2026-09-07T15:12:19.354897Z,recordings/boundary_1373272_both_products.recording.json
1098871,บ้านโนนสมบูรณ์,ลำสะแทต,Royal Irrigation Department,Mun Basin,discharge_reported,discharge,empty_in_tested_window,graph route answered with a complete time grid carrying no non-null 'discharge' value in the 90-day window; the source states nothing about support,0,168,2026-06-08,2026-09-06,True,False,200,2026-09-07T15:12:20.483643Z,recordings/boundary_11688546_empty_90d.recording.json
1098871,บ้านโนนสมบูรณ์,ลำสะแทต,Royal Irrigation Department,Mun Basin,stage_reported,value,available,graph route published 1501 non-null 'value' values in the 90-day window,1501,168,2026-06-08,2026-09-06,True,False,200,2026-09-07T15:12:20.483643Z,recordings/boundary_1373272_both_products.recording.json
1098950,บ้านแก้ง,คลองพระปรง,Royal Irrigation Department,Bang Pakong Basin,discharge_reported,discharge,available,graph route published 161 non-null 'discharge' values in the 7-day window,161,168,2026-08-31,2026-09-06,True,True,200,2026-09-07T15:12:21.581342Z,recordings/boundary_1373272_both_products.recording.json
1098950,บ้านแก้ง,คลองพระปรง,Royal Irrigation Department,Bang Pakong Basin,stage_reported,value,available,graph route published 161 non-null 'value' values in the 7-day window,161,168,2026-08-31,2026-09-06,True,True,200,2026-09-07T15:12:21.581342Z,recordings/boundary_1373272_both_products.recording.json
1098952,เขาลูกช้าง,แม่น้ำเพชรบุรี,Royal Irrigation Department,Phetchaburi - Prachuap Khiri Khan Basin,discharge_reported,discharge,available,graph route published 152 non-null 'discharge' values in the 7-day window,152,168,2026-08-31,2026-09-06,True,True,200,2026-09-07T15:12:22.706272Z,recordings/boundary_1373272_both_products.recording.json
1098952,เขาลูกช้าง,แม่น้ำเพชรบุรี,Royal Irrigation Department,Phetchaburi - Prachuap Khiri Khan Basin,stage_reported,value,available,graph route published 152 non-null 'value' values in the 7-day window,152,168,2026-08-31,2026-09-06,True,True,200,2026-09-07T15:12:22.706272Z,recordings/boundary_1373272_both_products.recording.json
1098955,บ้านทุ่งแฝก,ห้วยยาง,Royal Irrigation Department,Bang Pakong Basin,discharge_reported,discharge,available,graph route published 161 non-null 'discharge' values in the 7-day window,161,168,2026-08-31,2026-09-06,True,True,200,2026-09-07T15:12:23.836648Z,recordings/boundary_1373272_both_products.recording.json
1098955,บ้านทุ่งแฝก,ห้วยยาง,Royal Irrigation Department,Bang Pakong Basin,stage_reported,value,available,graph route published 161 non-null 'value' values in the 7-day window,161,168,2026-08-31,2026-09-06,True,True,200,2026-09-07T15:12:23.836648Z,recordings/boundary_1373272_both_products.recording.json
1098957,บ้านแก่งดินสอ,แควโขมง,Royal Irrigation Department,Bang Pakong Basin,discharge_reported,discharge,available,graph route published 161 non-null 'discharge' values in the 7-day window,161,168,2026-08-31,2026-09-06,True,True,200,2026-09-07T15:12:25.000390Z,recordings/boundary_1373272_both_products.recording.json
1098957,บ้านแก่งดินสอ,แควโขมง,Royal Irrigation Department,Bang Pakong Basin,stage_reported,value,available,graph route published 161 non-null 'value' values in the 7-day window,161,168,2026-08-31,2026-09-06,True,True,200,2026-09-07T15:12:25.000390Z,recordings/boundary_1373272_both_products.recording.json
1099005,บ้านแลง,แม่น้ำวัง,Royal Irrigation Department,Wang Basin,discharge_reported,discharge,available,graph route published 161 non-null 'discharge' values in the 7-day window,161,168,2026-08-31,2026-09-06,True,True,200,2026-09-07T15:12:26.122990Z,recordings/boundary_1373272_both_products.recording.json
1099005,บ้านแลง,แม่น้ำวัง,Royal Irrigation Department,Wang Basin,stage_reported,value,available,graph route published 161 non-null 'value' values in the 7-day window,161,168,2026-08-31,2026-09-06,True,True,200,2026-09-07T15:12:26.122990Z,recordings/boundary_1373272_both_products.recording.json
11,คลองลาดพร้าว ท้ายปตร.คลอง2,คลองหกวา,Hydro – Informatics Institute (Public Organization),Chao Phraya Basin,discharge_reported,discharge,empty_in_tested_window,graph route answered with a complete time grid carrying no non-null 'discharge' value in the 90-day window; the source states nothing about support,0,1008,2026-06-08,2026-09-06,True,False,200,2026-09-07T15:12:27.668422Z,recordings/boundary_11688546_empty_90d.recording.json
11,คลองลาดพร้าว ท้ายปตร.คลอง2,คลองหกวา,Hydro – Informatics Institute (Public Organization),Chao Phraya Basin,stage_reported,value,available,graph route published 13059 non-null 'value' values in the 90-day window,13059,1008,2026-06-08,2026-09-06,True,False,200,2026-09-07T15:12:27.668422Z,recordings/boundary_1373272_both_products.recording.json
1101563,ห้วยแม่แจ่ม,น้ำแม่แจ่ม,Friend in Need (of “Pa”) Volunteers Foundation,Ping Basin,discharge_reported,discharge,empty_in_tested_window,graph route answered with a complete time grid carrying no non-null 'discharge' value in the 90-day window; the source states nothing about support,0,1008,2026-06-08,2026-09-06,True,False,200,2026-09-07T15:12:29.171973Z,recordings/boundary_11688546_empty_90d.recording.json
1101563,ห้วยแม่แจ่ม,น้ำแม่แจ่ม,Friend in Need (of “Pa”) Volunteers Foundation,Ping Basin,stage_reported,value,available,graph route published 13034 non-null 'value' values in the 90-day window,13034,1008,2026-06-08,2026-09-06,True,False,200,2026-09-07T15:12:29.171973Z,recordings/boundary_1373272_both_products.recording.json
1101565,สะพานแม่น้ำลาว,น้ำแม่ลาว,Friend in Need (of “Pa”) Volunteers Foundation,North Khong Basin,discharge_reported,discharge,empty_in_tested_window,graph route answered with a complete time grid carrying no non-null 'discharge' value in the 90-day window; the source states nothing about support,0,1008,2026-06-08,2026-09-06,True,False,200,2026-09-07T15:12:30.708310Z,recordings/boundary_11688546_empty_90d.recording.json
1101565,สะพานแม่น้ำลาว,น้ำแม่ลาว,Friend in Need (of “Pa”) Volunteers Foundation,North Khong Basin,stage_reported,value,available,graph route published 13015 non-null 'value' values in the 90-day window,13015,1008,2026-06-08,2026-09-06,True,False,200,2026-09-07T15:12:30.708310Z,recordings/boundary_1373272_both_products.recording.json
1101566,คลองกั้ง,ห้วยกั้ง,Friend in Need (of “Pa”) Volunteers Foundation,Nan Basin,discharge_reported,discharge,empty_in_tested_window,graph route answered with a complete time grid carrying no non-null 'discharge' value in the 90-day window; the source states nothing about support,0,1008,2026-06-08,2026-09-06,True,False,200,2026-09-07T15:12:32.103580Z,recordings/boundary_11688546_empty_90d.recording.json
1101566,คลองกั้ง,ห้วยกั้ง,Friend in Need (of “Pa”) Volunteers Foundation,Nan Basin,stage_reported,value,available,graph route published 12922 non-null 'value' values in the 90-day window,12922,1008,2026-06-08,2026-09-06,True,False,200,2026-09-07T15:12:32.103580Z,recordings/boundary_1373272_both_products.recording.json
1101568,บ้านประดู่,คลองท่าเลา,Friend in Need (of “Pa”) Volunteers Foundation,Peninsula - West Coast Basin,discharge_reported,discharge,empty_in_tested_window,graph route answered with a complete time grid carrying no non-null 'discharge' value in the 90-day window; the source states nothing about support,0,1008,2026-06-08,2026-09-06,True,False,200,2026-09-07T15:12:33.581283Z,recordings/boundary_11688546_empty_90d.recording.json
1101568,บ้านประดู่,คลองท่าเลา,Friend in Need (of “Pa”) Volunteers Foundation,Peninsula - West Coast Basin,stage_reported,value,available,graph route published 13005 non-null 'value' values in the 90-day window,13005,1008,2026-06-08,2026-09-06,True,False,200,2026-09-07T15:12:33.581283Z,recordings/boundary_1373272_both_products.recording.json
1101569,บ้านใต้,คลองท่าโลน,Friend in Need (of “Pa”) Volunteers Foundation,Peninsula - West Coast Basin,discharge_reported,discharge,empty_in_tested_window,graph route answered with a complete time grid carrying no non-null 'discharge' value in the 90-day window; the source states nothing about support,0,1008,2026-06-08,2026-09-06,True,False,200,2026-09-07T15:12:35.026214Z,recordings/boundary_11688546_empty_90d.recording.json
1101569,บ้านใต้,คลองท่าโลน,Friend in Need (of “Pa”) Volunteers Foundation,Peninsula - West Coast Basin,stage_reported,value,available,graph route published 8720 non-null 'value' values in the 90-day window,8720,1008,2026-06-08,2026-09-06,True,False,200,2026-09-07T15:12:35.026214Z,recordings/boundary_1373272_both_products.recording.json
1101572,บ้านคลองวาย หมู่ที่ 7,คลองบางจิก,Friend in Need (of “Pa”) Volunteers Foundation,Peninsula - Upper East Coast Basin,discharge_reported,discharge,empty_in_tested_window,graph route answered with a complete time grid carrying no non-null 'discharge' value in the 90-day window; the source states nothing about support,0,1008,2026-06-08,2026-09-06,True,False,200,2026-09-07T15:12:36.496447Z,recordings/boundary_11688546_empty_90d.recording.json
1101572,บ้านคลองวาย หมู่ที่ 7,คลองบางจิก,Friend in Need (of “Pa”) Volunteers Foundation,Peninsula - Upper East Coast Basin,stage_reported,value,available,graph route published 13029 non-null 'value' values in the 90-day window,13029,1008,2026-06-08,2026-09-06,True,False,200,2026-09-07T15:12:36.496447Z,recordings/boundary_1373272_both_products.recording.json
1101573,บ้านคลองใส หมู่ที่ 8,คลองวาย,Friend in Need (of “Pa”) Volunteers Foundation,Peninsula - Upper East Coast Basin,discharge_reported,discharge,empty_in_tested_window,graph route answered with a complete time grid carrying no non-null 'discharge' value in the 90-day window; the source states nothing about support,0,1008,2026-06-08,2026-09-06,True,False,200,2026-09-07T15:12:37.958185Z,recordings/boundary_11688546_empty_90d.recording.json
1101573,บ้านคลองใส หมู่ที่ 8,คลองวาย,Friend in Need (of “Pa”) Volunteers Foundation,Peninsula - Upper East Coast Basin,stage_reported,value,available,graph route published 12967 non-null 'value' values in the 90-day window,12967,1008,2026-06-08,2026-09-06,True,False,200,2026-09-07T15:12:37.958185Z,recordings/boundary_1373272_both_products.recording.json
1101574,บ้านคลองมุย หมู่ที่ 13,คลองมุย,Friend in Need (of “Pa”) Volunteers Foundation,Peninsula - Upper East Coast Basin,discharge_reported,discharge,empty_in_tested_window,graph route answered with a complete time grid carrying no non-null 'discharge' value in the 90-day window; the source states nothing about support,0,1008,2026-06-08,2026-09-06,True,False,200,2026-09-07T15:12:39.332919Z,recordings/boundary_11688546_empty_90d.recording.json
1101574,บ้านคลองมุย หมู่ที่ 13,คลองมุย,Friend in Need (of “Pa”) Volunteers Foundation,Peninsula - Upper East Coast Basin,stage_reported,value,available,graph route published 4017 non-null 'value' values in the 90-day window,4017,1008,2026-06-08,2026-09-06,True,False,200,2026-09-07T15:12:39.332919Z,recordings/boundary_1373272_both_products.recording.json
1105332,ปตร กุฎิ (ทุ่งป่าโมก),แม่น้ำน้อย,Hydro – Informatics Institute (Public Organization),Chao Phraya Basin,discharge_reported,discharge,empty_in_tested_window,graph route answered with a complete time grid carrying no non-null 'discharge' value in the 90-day window; the source states nothing about support,0,1008,2026-06-08,2026-09-06,True,False,200,2026-09-07T15:12:40.778472Z,recordings/boundary_11688546_empty_90d.recording.json
1105332,ปตร กุฎิ (ทุ่งป่าโมก),แม่น้ำน้อย,Hydro – Informatics Institute (Public Organization),Chao Phraya Basin,stage_reported,value,available,graph route published 13027 non-null 'value' values in the 90-day window,13027,1008,2026-06-08,2026-09-06,True,False,200,2026-09-07T15:12:40.778472Z,recordings/boundary_1373272_both_products.recording.json
1106448,ปตร.ปลายคลองบางซอ (ทุ่งเจ้าเจ็ด),แม่น้ำสุพรรณ,Hydro – Informatics Institute (Public Organization),Tha Chin Basin,discharge_reported,discharge,empty_in_tested_window,graph route answered with a complete time grid carrying no non-null 'discharge' value in the 90-day window; the source states nothing about support,0,1008,2026-06-08,2026-09-06,True,False,200,2026-09-07T15:12:42.267011Z,recordings/boundary_11688546_empty_90d.recording.json
1106448,ปตร.ปลายคลองบางซอ (ทุ่งเจ้าเจ็ด),แม่น้ำสุพรรณ,Hydro – Informatics Institute (Public Organization),Tha Chin Basin,stage_reported,value,available,graph route published 13056 non-null 'value' values in the 90-day window,13056,1008,2026-06-08,2026-09-06,True,False,200,2026-09-07T15:12:42.267011Z,recordings/boundary_1373272_both_products.recording.json
1106449,ปตร.ลาดชะโด (ทุ่งผักไห่),คลองบางคี่,Hydro – Informatics Institute (Public Organization),Chao Phraya Basin,discharge_reported,discharge,empty_in_tested_window,graph route answered with a complete time grid carrying no non-null 'discharge' value in the 90-day window; the source states nothing about support,0,1008,2026-06-08,2026-09-06,True,False,200,2026-09-07T15:12:43.683620Z,recordings/boundary_11688546_empty_90d.recording.json
1106449,ปตร.ลาดชะโด (ทุ่งผักไห่),คลองบางคี่,Hydro – Informatics Institute (Public Organization),Chao Phraya Basin,stage_reported,value,available,graph route published 12921 non-null 'value' values in the 90-day window,12921,1008,2026-06-08,2026-09-06,True,False,200,2026-09-07T15:12:43.683620Z,recordings/boundary_1373272_both_products.recording.json
1106450,ปตร.ลาดชิด (ทุ่งผักไห่),ลำรางยายสุข,Hydro – Informatics Institute (Public Organization),Chao Phraya Basin,discharge_reported,discharge,empty_in_tested_window,graph route answered with a complete time grid carrying no non-null 'discharge' value in the 90-day window; the source states nothing about support,0,1008,2026-06-08,2026-09-06,True,False,200,2026-09-07T15:12:45.180345Z,recordings/boundary_11688546_empty_90d.recording.json
1106450,ปตร.ลาดชิด (ทุ่งผักไห่),ลำรางยายสุข,Hydro – Informatics Institute (Public Organization),Chao Phraya Basin,stage_reported,value,available,graph route published 13036 non-null 'value' values in the 90-day window,13036,1008,2026-06-08,2026-09-06,True,False,200,2026-09-07T15:12:45.180345Z,recordings/boundary_1373272_both_products.recording.json
1106454,สถานีสูบน้ำปากคลองสายห้วยแก้ว (ทุ่งซ้ายคลองชัยนาท),คลองท่าตะโก,Hydro – Informatics Institute (Public Organization),Chao Phraya Basin,discharge_reported,discharge,empty_in_tested_window,graph route answered with a complete time grid carrying no non-null 'discharge' value in the 90-day window; the source states nothing about support,0,1008,2026-06-08,2026-09-06,True,False,200,2026-09-07T15:12:46.701865Z,recordings/boundary_11688546_empty_90d.recording.json
1106454,สถานีสูบน้ำปากคลองสายห้วยแก้ว (ทุ่งซ้ายคลองชัยนาท),คลองท่าตะโก,Hydro – Informatics Institute (Public Organization),Chao Phraya Basin,stage_reported,value,available,graph route published 13028 non-null 'value' values in the 90-day window,13028,1008,2026-06-08,2026-09-06,True,False,200,2026-09-07T15:12:46.701865Z,recordings/boundary_1373272_both_products.recording.json
1106455,สถานีสูบน้ำปากคลองสระตาแวว (ทุ่งซ้ายคลองชัยนาท),คลองโพนทอง,Hydro – Informatics Institute (Public Organization),Chao Phraya Basin,discharge_reported,discharge,empty_in_tested_window,graph route answered with a complete time grid carrying no non-null 'discharge' value in the 90-day window; the source states nothing about support,0,1008,2026-06-08,2026-09-06,True,False,200,2026-09-07T15:12:48.159636Z,recordings/boundary_11688546_empty_90d.recording.json
1106455,สถานีสูบน้ำปากคลองสระตาแวว (ทุ่งซ้ายคลองชัยนาท),คลองโพนทอง,Hydro – Informatics Institute (Public Organization),Chao Phraya Basin,stage_reported,value,available,graph route published 11936 non-null 'value' values in the 90-day window,11936,1008,2026-06-08,2026-09-06,True,False,200,2026-09-07T15:12:48.159636Z,recordings/boundary_1373272_both_products.recording.json
1106456,ทรบ. ปากคลองห้าวา (ทุ่งท่าวุ้ง),คลองบางคะลาย,Hydro – Informatics Institute (Public Organization),Chao Phraya Basin,discharge_reported,discharge,empty_in_tested_window,graph route answered with a complete time grid carrying no non-null 'discharge' value in the 90-day window; the source states nothing about support,0,1008,2026-06-08,2026-09-06,True,False,200,2026-09-07T15:12:49.657573Z,recordings/boundary_11688546_empty_90d.recording.json
1106456,ทรบ. ปากคลองห้าวา (ทุ่งท่าวุ้ง),คลองบางคะลาย,Hydro – Informatics Institute (Public Organization),Chao Phraya Basin,stage_reported,value,available,graph route published 12153 non-null 'value' values in the 90-day window,12153,1008,2026-06-08,2026-09-06,True,False,200,2026-09-07T15:12:49.657573Z,recordings/boundary_1373272_both_products.recording.json
1106457,สถานีสูบน้ำคลองระบายชัยนาท-ป่าสัก 2 (ทุ่งเชียงราก),คลองบางโฉมศรี,Hydro – Informatics Institute (Public Organization),Chao Phraya Basin,discharge_reported,discharge,empty_in_tested_window,graph route answered with a complete time grid carrying no non-null 'discharge' value in the 90-day window; the source states nothing about support,0,1008,2026-06-08,2026-09-06,True,False,200,2026-09-07T15:12:51.207632Z,recordings/boundary_11688546_empty_90d.recording.json
1106457,สถานีสูบน้ำคลองระบายชัยนาท-ป่าสัก 2 (ทุ่งเชียงราก),คลองบางโฉมศรี,Hydro – Informatics Institute (Public Organization),Chao Phraya Basin,stage_reported,value,available,graph route published 12988 non-null 'value' values in the 90-day window,12988,1008,2026-06-08,2026-09-06,True,False,200,2026-09-07T15:12:51.207632Z,recordings/boundary_1373272_both_products.recording.json
1107582,เสนา (ทุ่งบางบาล-บ้านแพน),แม่น้ำน้อย,Hydro – Informatics Institute (Public Organization),Chao Phraya Basin,discharge_reported,discharge,empty_in_tested_window,graph route answered with a complete time grid carrying no non-null 'discharge' value in the 90-day window; the source states nothing about support,0,1008,2026-06-08,2026-09-06,True,False,200,2026-09-07T15:12:52.605025Z,recordings/boundary_11688546_empty_90d.recording.json
1107582,เสนา (ทุ่งบางบาล-บ้านแพน),แม่น้ำน้อย,Hydro – Informatics Institute (Public Organization),Chao Phraya Basin,stage_reported,value,available,graph route published 13028 non-null 'value' values in the 90-day window,13028,1008,2026-06-08,2026-09-06,True,False,200,2026-09-07T15:12:52.605025Z,recordings/boundary_1373272_both_products.recording.json
1109490,สะพานท่าน้ำ,คลองกระบี่ใหญ่,Hydro – Informatics Institute (Public Organization),Peninsula - West Coast Basin,discharge_reported,discharge,empty_in_tested_window,graph route answered with a complete time grid carrying no non-null 'discharge' value in the 90-day window; the source states nothing about support,0,1008,2026-06-08,2026-09-06,True,False,200,2026-09-07T15:12:54.140236Z,recordings/boundary_11688546_empty_90d.recording.json
1109490,สะพานท่าน้ำ,คลองกระบี่ใหญ่,Hydro – Informatics Institute (Public Organization),Peninsula - West Coast Basin,stage_reported,value,available,graph route published 12957 non-null 'value' values in the 90-day window,12957,1008,2026-06-08,2026-09-06,True,False,200,2026-09-07T15:12:54.140236Z,recordings/boundary_1373272_both_products.recording.json
1109491,สะพานข้ามคลองกระบี่ใหญ่ 1,คลองกระบี่ใหญ่,Hydro – Informatics Institute (Public Organization),Peninsula - West Coast Basin,discharge_reported,discharge,empty_in_tested_window,graph route answered with a complete time grid carrying no non-null 'discharge' value in the 90-day window; the source states nothing about support,0,1008,2026-06-08,2026-09-06,True,False,200,2026-09-07T15:12:55.587848Z,recordings/boundary_11688546_empty_90d.recording.json
1109491,สะพานข้ามคลองกระบี่ใหญ่ 1,คลองกระบี่ใหญ่,Hydro – Informatics Institute (Public Organization),Peninsula - West Coast Basin,stage_reported,value,available,graph route published 12691 non-null 'value' values in the 90-day window,12691,1008,2026-06-08,2026-09-06,True,False,200,2026-09-07T15:12:55.587848Z,recordings/boundary_1373272_both_products.recording.json
1109492,สะพานคลองอิปัน,คลองปันโตน,Hydro – Informatics Institute (Public Organization),Peninsula - Upper East Coast Basin,discharge_reported,discharge,empty_in_tested_window,graph route answered with a complete time grid carrying no non-null 'discharge' value in the 90-day window; the source states nothing about support,0,1008,2026-06-08,2026-09-06,True,False,200,2026-09-07T15:12:57.043890Z,recordings/boundary_11688546_empty_90d.recording.json
1109492,สะพานคลองอิปัน,คลองปันโตน,Hydro – Informatics Institute (Public Organization),Peninsula - Upper East Coast Basin,stage_reported,value,available,graph route published 13004 non-null 'value' values in the 90-day window,13004,1008,2026-06-08,2026-09-06,True,False,200,2026-09-07T15:12:57.043890Z,recordings/boundary_1373272_both_products.recording.json
1109493,สะพานข้ามคลองตะโก,คลองตะโก,Hydro – Informatics Institute (Public Organization),Peninsula - Upper East Coast Basin,discharge_reported,discharge,empty_in_tested_window,graph route answered with a complete time grid carrying no non-null 'discharge' value in the 90-day window; the source states nothing about support,0,1008,2026-06-08,2026-09-06,True,False,200,2026-09-07T15:12:58.505635Z,recordings/boundary_11688546_empty_90d.recording.json
1109493,สะพานข้ามคลองตะโก,คลองตะโก,Hydro – Informatics Institute (Public Organization),Peninsula - Upper East Coast Basin,stage_reported,value,available,graph route published 6193 non-null 'value' values in the 90-day window,6193,1008,2026-06-08,2026-09-06,True,False,200,2026-09-07T15:12:58.505635Z,recordings/boundary_1373272_both_products.recording.json
1109494,สะพานหนองจิก-วังปลา,คลองตะโก,Hydro – Informatics Institute (Public Organization),Peninsula - Upper East Coast Basin,discharge_reported,discharge,empty_in_tested_window,graph route answered with a complete time grid carrying no non-null 'discharge' value in the 90-day window; the source states nothing about support,0,1008,2026-06-08,2026-09-06,True,False,200,2026-09-07T15:13:00.084432Z,recordings/boundary_11688546_empty_90d.recording.json
1109494,สะพานหนองจิก-วังปลา,คลองตะโก,Hydro – Informatics Institute (Public Organization),Peninsula - Upper East Coast Basin,stage_reported,value,available,graph route published 13006 non-null 'value' values in the 90-day window,13006,1008,2026-06-08,2026-09-06,True,False,200,2026-09-07T15:13:00.084432Z,recordings/boundary_1373272_both_products.recording.json
1109495,ปตร.ธรณิศนฤมิต-เหนือน้ำ,ลำน้ำกำ,Hydro – Informatics Institute (Public Organization),Northeast Khong Basin,discharge_reported,discharge,empty_in_tested_window,graph route answered with a complete time grid carrying no non-null 'discharge' value in the 90-day window; the source states nothing about support,0,1008,2026-06-08,2026-09-06,True,False,200,2026-09-07T15:13:01.603597Z,recordings/boundary_11688546_empty_90d.recording.json
1109495,ปตร.ธรณิศนฤมิต-เหนือน้ำ,ลำน้ำกำ,Hydro – Informatics Institute (Public Organization),Northeast Khong Basin,stage_reported,value,available,graph route published 12278 non-null 'value' values in the 90-day window,12278,1008,2026-06-08,2026-09-06,True,False,200,2026-09-07T15:13:01.603597Z,recordings/boundary_1373272_both_products.recording.json
1109496,ปตร.ธรณิศนฤมิต-ท้ายน้ำ,ลำน้ำกำ,Hydro – Informatics Institute (Public Organization),Northeast Khong Basin,discharge_reported,discharge,empty_in_tested_window,graph route answered with a complete time grid carrying no non-null 'discharge' value in the 90-day window; the source states nothing about support,0,1008,2026-06-08,2026-09-06,True,False,200,2026-09-07T15:13:03.052091Z,recordings/boundary_11688546_empty_90d.recording.json
1109496,ปตร.ธรณิศนฤมิต-ท้ายน้ำ,ลำน้ำกำ,Hydro – Informatics Institute (Public Organization),Northeast Khong Basin,stage_reported,value,available,graph route published 11519 non-null 'value' values in the 90-day window,11519,1008,2026-06-08,2026-09-06,True,False,200,2026-09-07T15:13:03.052091Z,recordings/boundary_1373272_both_products.recording.json
1109497,ปตร. ห้วยแคน-เหนือน้ำ,ห้วยแคน,Hydro – Informatics Institute (Public Organization),Northeast Khong Basin,discharge_reported,discharge,empty_in_tested_window,graph route answered with a complete time grid carrying no non-null 'discharge' value in the 90-day window; the source states nothing about support,0,1008,2026-06-08,2026-09-06,True,False,200,2026-09-07T15:13:04.549953Z,recordings/boundary_11688546_empty_90d.recording.json
1109497,ปตร. ห้วยแคน-เหนือน้ำ,ห้วยแคน,Hydro – Informatics Institute (Public Organization),Northeast Khong Basin,stage_reported,value,available,graph route published 11551 non-null 'value' values in the 90-day window,11551,1008,2026-06-08,2026-09-06,True,False,200,2026-09-07T15:13:04.549953Z,recordings/boundary_1373272_both_products.recording.json
1109498,ปตร. ห้วยแคน-ท้ายน้ำ,ห้วยแคน,Hydro – Informatics Institute (Public Organization),Northeast Khong Basin,discharge_reported,discharge,empty_in_tested_window,graph route answered with a complete time grid carrying no non-null 'discharge' value in the 90-day window; the source states nothing about support,0,1008,2026-06-08,2026-09-06,True,False,200,2026-09-07T15:13:06.005557Z,recordings/boundary_11688546_empty_90d.recording.json
1109498,ปตร. ห้วยแคน-ท้ายน้ำ,ห้วยแคน,Hydro – Informatics Institute (Public Organization),Northeast Khong Basin,stage_reported,value,available,graph route published 13011 non-null 'value' values in the 90-day window,13011,1008,2026-06-08,2026-09-06,True,False,200,2026-09-07T15:13:06.005557Z,recordings/boundary_1373272_both_products.recording.json
1109499,สะพานบ้านแก่งโพธิ์,ลำน้ำกำ,Hydro – Informatics Institute (Public Organization),Northeast Khong Basin,discharge_reported,discharge,empty_in_tested_window,graph route answered with a complete time grid carrying no non-null 'discharge' value in the 90-day window; the source states nothing about support,0,1008,2026-06-08,2026-09-06,True,False,200,2026-09-07T15:13:07.464600Z,recordings/boundary_11688546_empty_90d.recording.json
1109499,สะพานบ้านแก่งโพธิ์,ลำน้ำกำ,Hydro – Informatics Institute (Public Organization),Northeast Khong Basin,stage_reported,value,available,graph route published 9297 non-null 'value' values in the 90-day window,9297,1008,2026-06-08,2026-09-06,True,False,200,2026-09-07T15:13:07.464600Z,recordings/boundary_1373272_both_products.recording.json
1109500,ปตร.บ้านนาคู่-เหนือน้ำ,ลำน้ำกำ,Hydro – Informatics Institute (Public Organization),Northeast Khong Basin,discharge_reported,discharge,empty_in_tested_window,graph route answered with a complete time grid carrying no non-null 'discharge' value in the 90-day window; the source states nothing about support,0,1008,2026-06-08,2026-09-06,True,False,200,2026-09-07T15:13:08.897356Z,recordings/boundary_11688546_empty_90d.recording.json
1109500,ปตร.บ้านนาคู่-เหนือน้ำ,ลำน้ำกำ,Hydro – Informatics Institute (Public Organization),Northeast Khong Basin,stage_reported,value,available,graph route published 9798 non-null 'value' values in the 90-day window,9798,1008,2026-06-08,2026-09-06,True,False,200,2026-09-07T15:13:08.897356Z,recordings/boundary_1373272_both_products.recording.json
1109501,ปตร. บ้านนาคู่-ท้ายน้ำ,ลำน้ำกำ,Hydro – Informatics Institute (Public Organization),Northeast Khong Basin,discharge_reported,discharge,empty_in_tested_window,graph route answered with a complete time grid carrying no non-null 'discharge' value in the 90-day window; the source states nothing about support,0,1008,2026-06-08,2026-09-06,True,False,200,2026-09-07T15:13:10.403016Z,recordings/boundary_11688546_empty_90d.recording.json
1109501,ปตร. บ้านนาคู่-ท้ายน้ำ,ลำน้ำกำ,Hydro – Informatics Institute (Public Organization),Northeast Khong Basin,stage_reported,value,available,graph route published 12065 non-null 'value' values in the 90-day window,12065,1008,2026-06-08,2026-09-06,True,False,200,2026-09-07T15:13:10.403016Z,recordings/boundary_1373272_both_products.recording.json
1109502,สะพานมิตรภาพท่าลาดปากบัง,ลำน้ำกำ,Hydro – Informatics Institute (Public Organization),Northeast Khong Basin,discharge_reported,discharge,empty_in_tested_window,graph route answered with a complete time grid carrying no non-null 'discharge' value in the 90-day window; the source states nothing about support,0,1008,2026-06-08,2026-09-06,True,False,200,2026-09-07T15:13:11.996600Z,recordings/boundary_11688546_empty_90d.recording.json
1109502,สะพานมิตรภาพท่าลาดปากบัง,ลำน้ำกำ,Hydro – Informatics Institute (Public Organization),Northeast Khong Basin,stage_reported,value,available,graph route published 13029 non-null 'value' values in the 90-day window,13029,1008,2026-06-08,2026-09-06,True,False,200,2026-09-07T15:13:11.996600Z,recordings/boundary_1373272_both_products.recording.json
1109504,ปตร. บ้านนาขาม-ท้ายน้ำ,ลำน้ำกำ,Hydro – Informatics Institute (Public Organization),Northeast Khong Basin,discharge_reported,discharge,empty_in_tested_window,graph route answered with a complete time grid carrying no non-null 'discharge' value in the 90-day window; the source states nothing about support,0,1008,2026-06-08,2026-09-06,True,False,200,2026-09-07T15:13:13.505005Z,recordings/boundary_11688546_empty_90d.recording.json
1109504,ปตร. บ้านนาขาม-ท้ายน้ำ,ลำน้ำกำ,Hydro – Informatics Institute (Public Organization),Northeast Khong Basin,stage_reported,value,available,graph route published 12802 non-null 'value' values in the 90-day window,12802,1008,2026-06-08,2026-09-06,True,False,200,2026-09-07T15:13:13.505005Z,recordings/boundary_1373272_both_products.recording.json
1109505,สะพานน้ำก่ำ บ้านหนองแคน,ลำน้ำกำ,Hydro – Informatics Institute (Public Organization),Northeast Khong Basin,discharge_reported,discharge,empty_in_tested_window,graph route answered with a complete time grid carrying no non-null 'discharge' value in the 90-day window; the source states nothing about support,0,1008,2026-06-08,2026-09-06,True,False,200,2026-09-07T15:13:14.965611Z,recordings/boundary_11688546_empty_90d.recording.json
1109505,สะพานน้ำก่ำ บ้านหนองแคน,ลำน้ำกำ,Hydro – Informatics Institute (Public Organization),Northeast Khong Basin,stage_reported,value,available,graph route published 12992 non-null 'value' values in the 90-day window,12992,1008,2026-06-08,2026-09-06,True,False,200,2026-09-07T15:13:14.965611Z,recordings/boundary_1373272_both_products.recording.json
1109506,ปตร.บ้านนาบัว-เหนือน้ำ,ลำน้ำกำ,Hydro – Informatics Institute (Public Organization),Northeast Khong Basin,discharge_reported,discharge,empty_in_tested_window,graph route answered with a complete time grid carrying no non-null 'discharge' value in the 90-day window; the source states nothing about support,0,1008,2026-06-08,2026-09-06,True,False,200,2026-09-07T15:13:16.527555Z,recordings/boundary_11688546_empty_90d.recording.json
1109506,ปตร.บ้านนาบัว-เหนือน้ำ,ลำน้ำกำ,Hydro – Informatics Institute (Public Organization),Northeast Khong Basin,stage_reported,value,available,graph route published 13011 non-null 'value' values in the 90-day window,13011,1008,2026-06-08,2026-09-06,True,False,200,2026-09-07T15:13:16.527555Z,recordings/boundary_1373272_both_products.recording.json
1109508,ปตร.บ้านตับเต่า-เหนือน้ำ,ลำน้ำบัง,Hydro – Informatics Institute (Public Organization),Northeast Khong Basin,discharge_reported,discharge,empty_in_tested_window,graph route answered with a complete time grid carrying no non-null 'discharge' value in the 90-day window; the source states nothing about support,0,1008,2026-06-08,2026-09-06,True,False,200,2026-09-07T15:13:18.011210Z,recordings/boundary_11688546_empty_90d.recording.json
1109508,ปตร.บ้านตับเต่า-เหนือน้ำ,ลำน้ำบัง,Hydro – Informatics Institute (Public Organization),Northeast Khong Basin,stage_reported,value,available,graph route published 12998 non-null 'value' values in the 90-day window,12998,1008,2026-06-08,2026-09-06,True,False,200,2026-09-07T15:13:18.011210Z,recordings/boundary_1373272_both_products.recording.json
1109509,ปตร. บ้านตับเต่า-ท้ายน้ำ,ลำน้ำบัง,Hydro – Informatics Institute (Public Organization),Northeast Khong Basin,discharge_reported,discharge,empty_in_tested_window,graph route answered with a complete time grid carrying no non-null 'discharge' value in the 90-day window; the source states nothing about support,0,1008,2026-06-08,2026-09-06,True,False,200,2026-09-07T15:13:19.387047Z,recordings/boundary_11688546_empty_90d.recording.json
1109509,ปตร. บ้านตับเต่า-ท้ายน้ำ,ลำน้ำบัง,Hydro – Informatics Institute (Public Organization),Northeast Khong Basin,stage_reported,value,available,graph route published 10650 non-null 'value' values in the 90-day window,10650,1008,2026-06-08,2026-09-06,True,False,200,2026-09-07T15:13:19.387047Z,recordings/boundary_1373272_both_products.recording.json
1109511,คลองสามบาท บ้านกุดพิมาน,ห้วยสามบาท,Hydro – Informatics Institute (Public Organization),Mun Basin,discharge_reported,discharge,empty_in_tested_window,graph route answered with a complete time grid carrying no non-null 'discharge' value in the 90-day window; the source states nothing about support,0,1008,2026-06-08,2026-09-06,True,False,200,2026-09-07T15:13:20.856305Z,recordings/boundary_11688546_empty_90d.recording.json
1109511,คลองสามบาท บ้านกุดพิมาน,ห้วยสามบาท,Hydro – Informatics Institute (Public Organization),Mun Basin,stage_reported,value,available,graph route published 12915 non-null 'value' values in the 90-day window,12915,1008,2026-06-08,2026-09-06,True,False,200,2026-09-07T15:13:20.856305Z,recordings/boundary_1373272_both_products.recording.json
1109512,สะพานข้ามคลองท่าแพ,คลองเปิก,Hydro – Informatics Institute (Public Organization),Peninsula - West Coast Basin,discharge_reported,discharge,empty_in_tested_window,graph route answered with a complete time grid carrying no non-null 'discharge' value in the 90-day window; the source states nothing about support,0,1008,2026-06-08,2026-09-06,True,False,200,2026-09-07T15:13:22.310450Z,recordings/boundary_11688546_empty_90d.recording.json
1109512,สะพานข้ามคลองท่าแพ,คลองเปิก,Hydro – Informatics Institute (Public Organization),Peninsula - West Coast Basin,stage_reported,value,available,graph route published 13001 non-null 'value' values in the 90-day window,13001,1008,2026-06-08,2026-09-06,True,False,200,2026-09-07T15:13:22.310450Z,recordings/boundary_1373272_both_products.recording.json
1109513,สะพานข้ามคลองบางม่วง,ทะเลหลวง,Hydro – Informatics Institute (Public Organization),Thale Sap Songkhla Basin,discharge_reported,discharge,empty_in_tested_window,graph route answered with a complete time grid carrying no non-null 'discharge' value in the 90-day window; the source states nothing about support,0,1008,2026-06-08,2026-09-06,True,False,200,2026-09-07T15:13:23.802697Z,recordings/boundary_11688546_empty_90d.recording.json
1109513,สะพานข้ามคลองบางม่วง,ทะเลหลวง,Hydro – Informatics Institute (Public Organization),Thale Sap Songkhla Basin,stage_reported,value,available,graph route published 13010 non-null 'value' values in the 90-day window,13010,1008,2026-06-08,2026-09-06,True,False,200,2026-09-07T15:13:23.802697Z,recordings/boundary_1373272_both_products.recording.json
1109514,สะพานข้ามคลองลำปำ,คลองลำปำ,Hydro – Informatics Institute (Public Organization),Thale Sap Songkhla Basin,discharge_reported,discharge,empty_in_tested_window,graph route answered with a complete time grid carrying no non-null 'discharge' value in the 90-day window; the source states nothing about support,0,1008,2026-06-08,2026-09-06,True,False,200,2026-09-07T15:13:25.263084Z,recordings/boundary_11688546_empty_90d.recording.json
1109514,สะพานข้ามคลองลำปำ,คลองลำปำ,Hydro – Informatics Institute (Public Organization),Thale Sap Songkhla Basin,stage_reported,value,available,graph route published 13014 non-null 'value' values in the 90-day window,13014,1008,2026-06-08,2026-09-06,True,False,200,2026-09-07T15:13:25.263084Z,recordings/boundary_1373272_both_products.recording.json
1109516,สะพานข้ามคลองกะเปอร์,คลองกะเปอร์,Hydro – Informatics Institute (Public Organization),Peninsula - West Coast Basin,discharge_reported,discharge,empty_in_tested_window,graph route answered with a complete time grid carrying no non-null 'discharge' value in the 90-day window; the source states nothing about support,0,1008,2026-06-08,2026-09-06,True,False,200,2026-09-07T15:13:26.701315Z,recordings/boundary_11688546_empty_90d.recording.json
1109516,สะพานข้ามคลองกะเปอร์,คลองกะเปอร์,Hydro – Informatics Institute (Public Organization),Peninsula - West Coast Basin,stage_reported,value,available,graph route published 12597 non-null 'value' values in the 90-day window,12597,1008,2026-06-08,2026-09-06,True,False,200,2026-09-07T15:13:26.701315Z,recordings/boundary_1373272_both_products.recording.json
1109519,สะพานข้ามคลองเดียก,ห้วยเดียก,Hydro – Informatics Institute (Public Organization),Northeast Khong Basin,discharge_reported,discharge,empty_in_tested_window,graph route answered with a complete time grid carrying no non-null 'discharge' value in the 90-day window; the source states nothing about support,0,1008,2026-06-08,2026-09-06,True,False,200,2026-09-07T15:13:28.168401Z,recordings/boundary_11688546_empty_90d.recording.json
1109519,สะพานข้ามคลองเดียก,ห้วยเดียก,Hydro – Informatics Institute (Public Organization),Northeast Khong Basin,stage_reported,value,available,graph route published 13016 non-null 'value' values in the 90-day window,13016,1008,2026-06-08,2026-09-06,True,False,200,2026-09-07T15:13:28.168401Z,recordings/boundary_1373272_both_products.recording.json
1109522,สะพานข้ามคลองโมง,ห้วยโมง,Hydro – Informatics Institute (Public Organization),Northeast Khong Basin,discharge_reported,discharge,empty_in_tested_window,graph route answered with a complete time grid carrying no non-null 'discharge' value in the 90-day window; the source states nothing about support,0,1008,2026-06-08,2026-09-06,True,False,200,2026-09-07T15:13:29.600822Z,recordings/boundary_11688546_empty_90d.recording.json
1109522,สะพานข้ามคลองโมง,ห้วยโมง,Hydro – Informatics Institute (Public Organization),Northeast Khong Basin,stage_reported,value,available,graph route published 12865 non-null 'value' values in the 90-day window,12865,1008,2026-06-08,2026-09-06,True,False,200,2026-09-07T15:13:29.600822Z,recordings/boundary_1373272_both_products.recording.json
1109523,สะพานข้ามห้วยสมอ,ห้วยทราย,Hydro – Informatics Institute (Public Organization),Northeast Khong Basin,discharge_reported,discharge,empty_in_tested_window,graph route answered with a complete time grid carrying no non-null 'discharge' value in the 90-day window; the source states nothing about support,0,1008,2026-06-08,2026-09-06,True,False,200,2026-09-07T15:13:31.064602Z,recordings/boundary_11688546_empty_90d.recording.json
1109523,สะพานข้ามห้วยสมอ,ห้วยทราย,Hydro – Informatics Institute (Public Organization),Northeast Khong Basin,stage_reported,value,available,graph route published 13029 non-null 'value' values in the 90-day window,13029,1008,2026-06-08,2026-09-06,True,False,200,2026-09-07T15:13:31.064602Z,recordings/boundary_1373272_both_products.recording.json
1109524,สะพานข้ามคลองเทพา,คลองเทพา,Hydro – Informatics Institute (Public Organization),Thale Sap Songkhla Basin,discharge_reported,discharge,empty_in_tested_window,graph route answered with a complete time grid carrying no non-null 'discharge' value in the 90-day window; the source states nothing about support,0,1008,2026-06-08,2026-09-06,True,False,200,2026-09-07T15:13:32.609758Z,recordings/boundary_11688546_empty_90d.recording.json
1109524,สะพานข้ามคลองเทพา,คลองเทพา,Hydro – Informatics Institute (Public Organization),Thale Sap Songkhla Basin,stage_reported,value,available,graph route published 12995 non-null 'value' values in the 90-day window,12995,1008,2026-06-08,2026-09-06,True,False,200,2026-09-07T15:13:32.609758Z,recordings/boundary_1373272_both_products.recording.json
1109525,สะพานเทพาสันติสุข,คลองเทพา,Hydro – Informatics Institute (Public Organization),Thale Sap Songkhla Basin,discharge_reported,discharge,empty_in_tested_window,graph route answered with a complete time grid carrying no non-null 'discharge' value in the 90-day window; the source states nothing about support,0,1008,2026-06-08,2026-09-06,True,False,200,2026-09-07T15:13:34.049309Z,recordings/boundary_11688546_empty_90d.recording.json
1109525,สะพานเทพาสันติสุข,คลองเทพา,Hydro – Informatics Institute (Public Organization),Thale Sap Songkhla Basin,stage_reported,value,available,graph route published 13010 non-null 'value' values in the 90-day window,13010,1008,2026-06-08,2026-09-06,True,False,200,2026-09-07T15:13:34.049309Z,recordings/boundary_1373272_both_products.recording.json
1109526,สะพานข้ามคลองอู่ตะเภา,คลองอู่ตะเภา,Hydro – Informatics Institute (Public Organization),Thale Sap Songkhla Basin,discharge_reported,discharge,empty_in_tested_window,graph route answered with a complete time grid carrying no non-null 'discharge' value in the 90-day window; the source states nothing about support,0,1008,2026-06-08,2026-09-06,True,False,200,2026-09-07T15:13:35.466904Z,recordings/boundary_11688546_empty_90d.recording.json
1109526,สะพานข้ามคลองอู่ตะเภา,คลองอู่ตะเภา,Hydro – Informatics Institute (Public Organization),Thale Sap Songkhla Basin,stage_reported,value,available,graph route published 12997 non-null 'value' values in the 90-day window,12997,1008,2026-06-08,2026-09-06,True,False,200,2026-09-07T15:13:35.466904Z,recordings/boundary_1373272_both_products.recording.json
1109527,สะพานสวนเฉลิมพระเกียรติ 72 พรรษามหาราชินี,ทะเลสาบสงขลา,Hydro – Informatics Institute (Public Organization),Thale Sap Songkhla Basin,discharge_reported,discharge,empty_in_tested_window,graph route answered with a complete time grid carrying no non-null 'discharge' value in the 90-day window; the source states nothing about support,0,1008,2026-06-08,2026-09-06,True,False,200,2026-09-07T15:13:36.945092Z,recordings/boundary_11688546_empty_90d.recording.json
1109527,สะพานสวนเฉลิมพระเกียรติ 72 พรรษามหาราชินี,ทะเลสาบสงขลา,Hydro – Informatics Institute (Public Organization),Thale Sap Songkhla Basin,stage_reported,value,available,graph route published 13003 non-null 'value' values in the 90-day window,13003,1008,2026-06-08,2026-09-06,True,False,200,2026-09-07T15:13:36.945092Z,recordings/boundary_1373272_both_products.recording.json
1109528,สะพานข้ามคลองระโนด,คลองระโนด,Hydro – Informatics Institute (Public Organization),Thale Sap Songkhla Basin,discharge_reported,discharge,empty_in_tested_window,graph route answered with a complete time grid carrying no non-null 'discharge' value in the 90-day window; the source states nothing about support,0,1008,2026-06-08,2026-09-06,True,False,200,2026-09-07T15:13:38.428648Z,recordings/boundary_11688546_empty_90d.recording.json
1109528,สะพานข้ามคลองระโนด,คลองระโนด,Hydro – Informatics Institute (Public Organization),Thale Sap Songkhla Basin,stage_reported,value,available,graph route published 13050 non-null 'value' values in the 90-day window,13050,1008,2026-06-08,2026-09-06,True,False,200,2026-09-07T15:13:38.428648Z,recordings/boundary_1373272_both_products.recording.json
1109529,สะพานข้ามแม่น้ำยมสายเก่า-ตำบลไกรใน,คลองวังทอง,Hydro – Informatics Institute (Public Organization),Yom Basin,discharge_reported,discharge,empty_in_tested_window,graph route answered with a complete time grid carrying no non-null 'discharge' value in the 90-day window; the source states nothing about support,0,1008,2026-06-08,2026-09-06,True,False,200,2026-09-07T15:13:39.817850Z,recordings/boundary_11688546_empty_90d.recording.json
1109529,สะพานข้ามแม่น้ำยมสายเก่า-ตำบลไกรใน,คลองวังทอง,Hydro – Informatics Institute (Public Organization),Yom Basin,stage_reported,value,available,graph route published 13002 non-null 'value' values in the 90-day window,13002,1008,2026-06-08,2026-09-06,True,False,200,2026-09-07T15:13:39.817850Z,recordings/boundary_1373272_both_products.recording.json
1109530,สะพานข้ามแม่น้ำยมสายเก่า-วัดปากน้ำ,คลองแม่น้ำเก่า,Hydro – Informatics Institute (Public Organization),Yom Basin,discharge_reported,discharge,empty_in_tested_window,graph route answered with a complete time grid carrying no non-null 'discharge' value in the 90-day window; the source states nothing about support,0,1008,2026-06-08,2026-09-06,True,False,200,2026-09-07T15:13:41.348778Z,recordings/boundary_11688546_empty_90d.recording.json
1109530,สะพานข้ามแม่น้ำยมสายเก่า-วัดปากน้ำ,คลองแม่น้ำเก่า,Hydro – Informatics Institute (Public Organization),Yom Basin,stage_reported,value,available,graph route published 12971 non-null 'value' values in the 90-day window,12971,1008,2026-06-08,2026-09-06,True,False,200,2026-09-07T15:13:41.348778Z,recordings/boundary_1373272_both_products.recording.json
1109531,สะพานคลองแม่น้ำเก่า,คลองแม่น้ำเก่า,Hydro – Informatics Institute (Public Organization),Yom Basin,discharge_reported,discharge,empty_in_tested_window,graph route answered with a complete time grid carrying no non-null 'discharge' value in the 90-day window; the source states nothing about support,0,1008,2026-06-08,2026-09-06,True,False,200,2026-09-07T15:13:42.725690Z,recordings/boundary_11688546_empty_90d.recording.json
1109531,สะพานคลองแม่น้ำเก่า,คลองแม่น้ำเก่า,Hydro – Informatics Institute (Public Organization),Yom Basin,stage_reported,value,available,graph route published 13026 non-null 'value' values in the 90-day window,13026,1008,2026-06-08,2026-09-06,True,False,200,2026-09-07T15:13:42.725690Z,recordings/boundary_1373272_both_products.recording.json
1109533,สะพานข้ามคลองไชยา,คลองไชยา,Hydro – Informatics Institute (Public Organization),Peninsula - Upper East Coast Basin,discharge_reported,discharge,empty_in_tested_window,graph route answered with a complete time grid carrying no non-null 'discharge' value in the 90-day window; the source states nothing about support,0,1008,2026-06-08,2026-09-06,True,False,200,2026-09-07T15:13:44.186917Z,recordings/boundary_11688546_empty_90d.recording.json
1109533,สะพานข้ามคลองไชยา,คลองไชยา,Hydro – Informatics Institute (Public Organization),Peninsula - Upper East Coast Basin,stage_reported,value,available,graph route published 13032 non-null 'value' values in the 90-day window,13032,1008,2026-06-08,2026-09-06,True,False,200,2026-09-07T15:13:44.186917Z,recordings/boundary_1373272_both_products.recording.json
1109534,สะพานข้ามคลองปากหมาก,คลองปากหมาก,Hydro – Informatics Institute (Public Organization),Peninsula - Upper East Coast Basin,discharge_reported,discharge,empty_in_tested_window,graph route answered with a complete time grid carrying no non-null 'discharge' value in the 90-day window; the source states nothing about support,0,1008,2026-06-08,2026-09-06,True,False,200,2026-09-07T15:13:45.683753Z,recordings/boundary_11688546_empty_90d.recording.json
1109534,สะพานข้ามคลองปากหมาก,คลองปากหมาก,Hydro – Informatics Institute (Public Organization),Peninsula - Upper East Coast Basin,stage_reported,value,available,graph route published 12733 non-null 'value' values in the 90-day window,12733,1008,2026-06-08,2026-09-06,True,False,200,2026-09-07T15:13:45.683753Z,recordings/boundary_1373272_both_products.recording.json
1109535,สะพานข้ามคลองท่าชนะ,คลองท่าชนะ,Hydro – Informatics Institute (Public Organization),Peninsula - Upper East Coast Basin,discharge_reported,discharge,empty_in_tested_window,graph route answered with a complete time grid carrying no non-null 'discharge' value in the 90-day window; the source states nothing about support,0,1008,2026-06-08,2026-09-06,True,False,200,2026-09-07T15:13:47.065030Z,recordings/boundary_11688546_empty_90d.recording.json
1109535,สะพานข้ามคลองท่าชนะ,คลองท่าชนะ,Hydro – Informatics Institute (Public Organization),Peninsula - Upper East Coast Basin,stage_reported,value,available,graph route published 13011 non-null 'value' values in the 90-day window,13011,1008,2026-06-08,2026-09-06,True,False,200,2026-09-07T15:13:47.065030Z,recordings/boundary_1373272_both_products.recording.json
1109536,สะพานถนนสายเอเซีย 4265,คลองโสด,Hydro – Informatics Institute (Public Organization),Peninsula - Upper East Coast Basin,discharge_reported,discharge,empty_in_tested_window,graph route answered with a complete time grid carrying no non-null 'discharge' value in the 90-day window; the source states nothing about support,0,1008,2026-06-08,2026-09-06,True,False,200,2026-09-07T15:13:48.567881Z,recordings/boundary_11688546_empty_90d.recording.json
1109536,สะพานถนนสายเอเซีย 4265,คลองโสด,Hydro – Informatics Institute (Public Organization),Peninsula - Upper East Coast Basin,stage_reported,value,available,graph route published 13005 non-null 'value' values in the 90-day window,13005,1008,2026-06-08,2026-09-06,True,False,200,2026-09-07T15:13:48.567881Z,recordings/boundary_1373272_both_products.recording.json
1113280,บ้านผาจุก,แม่น้ำน่าน,Electricity Generating Authority of Thailand,Nan Basin,discharge_reported,discharge,empty_in_tested_window,graph route answered with a complete time grid carrying no non-null 'discharge' value in the 90-day window; the source states nothing about support,0,168,2026-06-08,2026-09-06,True,False,200,2026-09-07T15:13:49.694631Z,recordings/boundary_11688546_empty_90d.recording.json
1113280,บ้านผาจุก,แม่น้ำน่าน,Electricity Generating Authority of Thailand,Nan Basin,stage_reported,value,available,graph route published 2177 non-null 'value' values in the 90-day window,2177,168,2026-06-08,2026-09-06,True,False,200,2026-09-07T15:13:49.694631Z,recordings/boundary_1373272_both_products.recording.json
1113282,บ้านหาดสองแคว (N.60),แม่น้ำน่าน,Electricity Generating Authority of Thailand,Nan Basin,discharge_reported,discharge,empty_in_tested_window,graph route answered with a complete time grid carrying no non-null 'discharge' value in the 90-day window; the source states nothing about support,0,168,2026-06-08,2026-09-06,True,False,200,2026-09-07T15:13:50.769649Z,recordings/boundary_11688546_empty_90d.recording.json
1113282,บ้านหาดสองแคว (N.60),แม่น้ำน่าน,Electricity Generating Authority of Thailand,Nan Basin,stage_reported,value,available,graph route published 2177 non-null 'value' values in the 90-day window,2177,168,2026-06-08,2026-09-06,True,False,200,2026-09-07T15:13:50.769649Z,recordings/boundary_1373272_both_products.recording.json
1113284,อ.น้ำปาด (N.33),น้ำปาด,Electricity Generating Authority of Thailand,Nan Basin,discharge_reported,discharge,empty_in_tested_window,graph route answered with a complete time grid carrying no non-null 'discharge' value in the 90-day window; the source states nothing about support,0,168,2026-06-08,2026-09-06,True,False,200,2026-09-07T15:13:51.872453Z,recordings/boundary_11688546_empty_90d.recording.json
1113284,อ.น้ำปาด (N.33),น้ำปาด,Electricity Generating Authority of Thailand,Nan Basin,stage_reported,value,available,graph route published 2177 non-null 'value' values in the 90-day window,2177,168,2026-06-08,2026-09-06,True,False,200,2026-09-07T15:13:51.872453Z,recordings/boundary_1373272_both_products.recording.json
1113287,อ.วัดโบสถ์ (N.22A),น้ำแควน้อย,Electricity Generating Authority of Thailand,Nan Basin,discharge_reported,discharge,empty_in_tested_window,graph route answered with a complete time grid carrying no non-null 'discharge' value in the 90-day window; the source states nothing about support,0,168,2026-06-08,2026-09-06,True,False,200,2026-09-07T15:13:52.988944Z,recordings/boundary_11688546_empty_90d.recording.json
1113287,อ.วัดโบสถ์ (N.22A),น้ำแควน้อย,Electricity Generating Authority of Thailand,Nan Basin,stage_reported,value,available,graph route published 2177 non-null 'value' values in the 90-day window,2177,168,2026-06-08,2026-09-06,True,False,200,2026-09-07T15:13:52.988944Z,recordings/boundary_1373272_both_products.recording.json
1113288,บ้านแสนตอ,น้ำแควน้อย,Electricity Generating Authority of Thailand,Nan Basin,discharge_reported,discharge,empty_in_tested_window,graph route answered with a complete time grid carrying no non-null 'discharge' value in the 90-day window; the source states nothing about support,0,168,2026-06-08,2026-09-06,True,False,200,2026-09-07T15:13:54.106692Z,recordings/boundary_11688546_empty_90d.recording.json
1113288,บ้านแสนตอ,น้ำแควน้อย,Electricity Generating Authority of Thailand,Nan Basin,stage_reported,value,available,graph route published 2177 non-null 'value' values in the 90-day window,2177,168,2026-06-08,2026-09-06,True,False,200,2026-09-07T15:13:54.106692Z,recordings/boundary_1373272_both_products.recording.json
1113290,อ.ท่าวังผา (N.64),แม่น้ำน่าน,Electricity Generating Authority of Thailand,Nan Basin,discharge_reported,discharge,empty_in_tested_window,graph route answered with a complete time grid carrying no non-null 'discharge' value in the 90-day window; the source states nothing about support,0,168,2026-06-08,2026-09-06,True,False,200,2026-09-07T15:13:55.167935Z,recordings/boundary_11688546_empty_90d.recording.json
1113290,อ.ท่าวังผา (N.64),แม่น้ำน่าน,Electricity Generating Authority of Thailand,Nan Basin,stage_reported,value,available,graph route published 2177 non-null 'value' values in the 90-day window,2177,168,2026-06-08,2026-09-06,True,False,200,2026-09-07T15:13:55.167935Z,recordings/boundary_1373272_both_products.recording.json
1113291,อ.เมืองน่าน (N.1),แม่น้ำน่าน,Electricity Generating Authority of Thailand,Nan Basin,discharge_reported,discharge,empty_in_tested_window,graph route answered with a complete time grid carrying no non-null 'discharge' value in the 90-day window; the source states nothing about support,0,168,2026-06-08,2026-09-06,True,False,200,2026-09-07T15:13:56.320799Z,recordings/boundary_11688546_empty_90d.recording.json
1113291,อ.เมืองน่าน (N.1),แม่น้ำน่าน,Electricity Generating Authority of Thailand,Nan Basin,stage_reported,value,available,graph route published 2079 non-null 'value' values in the 90-day window,2079,168,2026-06-08,2026-09-06,True,False,200,2026-09-07T15:13:56.320799Z,recordings/boundary_1373272_both_products.recording.json
1113292,อ.เวียงสา (N.13A) น้ำน่าน,แม่น้ำน่าน,Electricity Generating Authority of Thailand,Nan Basin,discharge_reported,discharge,empty_in_tested_window,graph route answered with a complete time grid carrying no non-null 'discharge' value in the 90-day window; the source states nothing about support,0,168,2026-06-08,2026-09-06,True,False,200,2026-09-07T15:13:57.477806Z,recordings/boundary_11688546_empty_90d.recording.json
1113292,อ.เวียงสา (N.13A) น้ำน่าน,แม่น้ำน่าน,Electricity Generating Authority of Thailand,Nan Basin,stage_reported,value,available,graph route published 2106 non-null 'value' values in the 90-day window,2106,168,2026-06-08,2026-09-06,True,False,200,2026-09-07T15:13:57.477806Z,recordings/boundary_1373272_both_products.recording.json
1113295,อ.เวียงสา (N.75)  น้ำว้า,แม่น้ำน้ำว้า,Electricity Generating Authority of Thailand,Nan Basin,discharge_reported,discharge,empty_in_tested_window,graph route answered with a complete time grid carrying no non-null 'discharge' value in the 90-day window; the source states nothing about support,0,168,2026-06-08,2026-09-06,True,False,200,2026-09-07T15:13:58.541072Z,recordings/boundary_11688546_empty_90d.recording.json
1113295,อ.เวียงสา (N.75)  น้ำว้า,แม่น้ำน้ำว้า,Electricity Generating Authority of Thailand,Nan Basin,stage_reported,value,available,graph route published 2177 non-null 'value' values in the 90-day window,2177,168,2026-06-08,2026-09-06,True,False,200,2026-09-07T15:13:58.541072Z,recordings/boundary_1373272_both_products.recording.json
1116838,สะพานข้ามห้วยแม่รวม บ้านแม่รวม,น้ำแม่รวม,Friend in Need (of “Pa”) Volunteers Foundation,Ping Basin,discharge_reported,discharge,empty_in_tested_window,graph route answered with a complete time grid carrying no non-null 'discharge' value in the 90-day window; the source states nothing about support,0,1008,2026-06-08,2026-09-06,True,False,200,2026-09-07T15:13:59.978256Z,recordings/boundary_11688546_empty_90d.recording.json
1116838,สะพานข้ามห้วยแม่รวม บ้านแม่รวม,น้ำแม่รวม,Friend in Need (of “Pa”) Volunteers Foundation,Ping Basin,stage_reported,value,available,graph route published 12961 non-null 'value' values in the 90-day window,12961,1008,2026-06-08,2026-09-06,True,False,200,2026-09-07T15:13:59.978256Z,recordings/boundary_1373272_both_products.recording.json
1116839,สะพานข้ามแม่น้ำลาว-บ้านป่าสัก,น้ำแม่ลาว,Friend in Need (of “Pa”) Volunteers Foundation,North Khong Basin,discharge_reported,discharge,empty_in_tested_window,graph route answered with a complete time grid carrying no non-null 'discharge' value in the 90-day window; the source states nothing about support,0,1008,2026-06-08,2026-09-06,True,False,200,2026-09-07T15:14:01.493420Z,recordings/boundary_11688546_empty_90d.recording.json
1116839,สะพานข้ามแม่น้ำลาว-บ้านป่าสัก,น้ำแม่ลาว,Friend in Need (of “Pa”) Volunteers Foundation,North Khong Basin,stage_reported,value,available,graph route published 13031 non-null 'value' values in the 90-day window,13031,1008,2026-06-08,2026-09-06,True,False,200,2026-09-07T15:14:01.493420Z,recordings/boundary_1373272_both_products.recording.json
1116840,สะพานช้ามแม่น้ำลาว - บ้านโฮ่ง ,น้ำแม่ลาว,Friend in Need (of “Pa”) Volunteers Foundation,North Khong Basin,discharge_reported,discharge,empty_in_tested_window,graph route answered with a complete time grid carrying no non-null 'discharge' value in the 90-day window; the source states nothing about support,0,1008,2026-06-08,2026-09-06,True,False,200,2026-09-07T15:14:02.993621Z,recordings/boundary_11688546_empty_90d.recording.json
1116840,สะพานช้ามแม่น้ำลาว - บ้านโฮ่ง ,น้ำแม่ลาว,Friend in Need (of “Pa”) Volunteers Foundation,North Khong Basin,stage_reported,value,available,graph route published 13031 non-null 'value' values in the 90-day window,13031,1008,2026-06-08,2026-09-06,True,False,200,2026-09-07T15:14:02.993621Z,recordings/boundary_1373272_both_products.recording.json
1117430,สะพานบ้านต๋ำ,ห้วยเคียน,Hydro – Informatics Institute (Public Organization),North Khong Basin,discharge_reported,discharge,empty_in_tested_window,graph route answered with a complete time grid carrying no non-null 'discharge' value in the 90-day window; the source states nothing about support,0,1008,2026-06-08,2026-09-06,True,False,200,2026-09-07T15:14:04.505094Z,recordings/boundary_11688546_empty_90d.recording.json
1117430,สะพานบ้านต๋ำ,ห้วยเคียน,Hydro – Informatics Institute (Public Organization),North Khong Basin,stage_reported,value,available,graph route published 12764 non-null 'value' values in the 90-day window,12764,1008,2026-06-08,2026-09-06,True,False,200,2026-09-07T15:14:04.505094Z,recordings/boundary_1373272_both_products.recording.json
1117431,สะพานบ้านเจดีย์งาม,แม่น้ำอิง,Hydro – Informatics Institute (Public Organization),North Khong Basin,discharge_reported,discharge,empty_in_tested_window,graph route answered with a complete time grid carrying no non-null 'discharge' value in the 90-day window; the source states nothing about support,0,1008,2026-06-08,2026-09-06,True,False,200,2026-09-07T15:14:05.954204Z,recordings/boundary_11688546_empty_90d.recording.json
1117431,สะพานบ้านเจดีย์งาม,แม่น้ำอิง,Hydro – Informatics Institute (Public Organization),North Khong Basin,stage_reported,value,available,graph route published 13017 non-null 'value' values in the 90-day window,13017,1008,2026-06-08,2026-09-06,True,False,200,2026-09-07T15:14:05.954204Z,recordings/boundary_1373272_both_products.recording.json
1117894,บ้านขนงพระเหนือ,ลำโดมน้อย,Royal Irrigation Department,Mun Basin,discharge_reported,discharge,available,graph route published 157 non-null 'discharge' values in the 7-day window,157,168,2026-08-31,2026-09-06,True,True,200,2026-09-07T15:14:07.132017Z,recordings/boundary_1373272_both_products.recording.json
1117894,บ้านขนงพระเหนือ,ลำโดมน้อย,Royal Irrigation Department,Mun Basin,stage_reported,value,available,graph route published 157 non-null 'value' values in the 7-day window,157,168,2026-08-31,2026-09-06,True,True,200,2026-09-07T15:14:07.132017Z,recordings/boundary_1373272_both_products.recording.json
1119776,บ้านสมสนุก,ลำพะยัง,Royal Irrigation Department,Chi Basin Basin,discharge_reported,discharge,available,graph route published 160 non-null 'discharge' values in the 7-day window,160,168,2026-08-31,2026-09-06,True,True,200,2026-09-07T15:14:08.250753Z,recordings/boundary_1373272_both_products.recording.json
1119776,บ้านสมสนุก,ลำพะยัง,Royal Irrigation Department,Chi Basin Basin,stage_reported,value,available,graph route published 160 non-null 'value' values in the 7-day window,160,168,2026-08-31,2026-09-06,True,True,200,2026-09-07T15:14:08.250753Z,recordings/boundary_1373272_both_products.recording.json
1119854,บ้านธวัชดินแดง,แม่น้ำชี,Royal Irrigation Department,Chi Basin Basin,discharge_reported,discharge,empty_in_tested_window,graph route answered with a complete time grid carrying no non-null 'discharge' value in the 90-day window; the source states nothing about support,0,168,2026-06-08,2026-09-06,True,False,200,2026-09-07T15:14:09.417711Z,recordings/boundary_11688546_empty_90d.recording.json
1119854,บ้านธวัชดินแดง,แม่น้ำชี,Royal Irrigation Department,Chi Basin Basin,stage_reported,value,available,graph route published 1656 non-null 'value' values in the 90-day window,1656,168,2026-06-08,2026-09-06,True,False,200,2026-09-07T15:14:09.417711Z,recordings/boundary_1373272_both_products.recording.json
1119916,บ้านบึงศาลา,ลำน้ำกำ,Royal Irrigation Department,Northeast Khong Basin,discharge_reported,discharge,available,graph route published 41 non-null 'discharge' values in the 7-day window,41,168,2026-08-31,2026-09-06,False,False,200,2026-09-07T15:14:10.540771Z,recordings/boundary_1373272_both_products.recording.json
1119916,บ้านบึงศาลา,ลำน้ำกำ,Royal Irrigation Department,Northeast Khong Basin,stage_reported,value,available,graph route published 41 non-null 'value' values in the 7-day window,41,168,2026-08-31,2026-09-06,False,False,200,2026-09-07T15:14:10.540771Z,recordings/boundary_1373272_both_products.recording.json
1120554,คลองเบตง (ชุมชนกุนุงจนอง),คลองตาโล๊ะ,Friend in Need (of “Pa”) Volunteers Foundation,Peninsula - Lower East Coast Basin,discharge_reported,discharge,empty_in_tested_window,graph route answered with a complete time grid carrying no non-null 'discharge' value in the 90-day window; the source states nothing about support,0,1008,2026-06-08,2026-09-06,True,False,200,2026-09-07T15:14:12.117044Z,recordings/boundary_11688546_empty_90d.recording.json
1120554,คลองเบตง (ชุมชนกุนุงจนอง),คลองตาโล๊ะ,Friend in Need (of “Pa”) Volunteers Foundation,Peninsula - Lower East Coast Basin,stage_reported,value,available,graph route published 13023 non-null 'value' values in the 90-day window,13023,1008,2026-06-08,2026-09-06,True,False,200,2026-09-07T15:14:12.117044Z,recordings/boundary_1373272_both_products.recording.json
1120557,สะพานบ้านคีรีวง คลองท่าดี,คลองท่าดี,Friend in Need (of “Pa”) Volunteers Foundation,Peninsula - Upper East Coast Basin,discharge_reported,discharge,empty_in_tested_window,graph route answered with a complete time grid carrying no non-null 'discharge' value in the 90-day window; the source states nothing about support,0,1008,2026-06-08,2026-09-06,True,False,200,2026-09-07T15:14:13.680883Z,recordings/boundary_11688546_empty_90d.recording.json
1120557,สะพานบ้านคีรีวง คลองท่าดี,คลองท่าดี,Friend in Need (of “Pa”) Volunteers Foundation,Peninsula - Upper East Coast Basin,stage_reported,value,available,graph route published 13008 non-null 'value' values in the 90-day window,13008,1008,2026-06-08,2026-09-06,True,False,200,2026-09-07T15:14:13.680883Z,recordings/boundary_1373272_both_products.recording.json
1121199,สะพานแม่น้ำงาว,แม่น้ำงาว,Friend in Need (of “Pa”) Volunteers Foundation,North Khong Basin,discharge_reported,discharge,empty_in_tested_window,graph route answered with a complete time grid carrying no non-null 'discharge' value in the 90-day window; the source states nothing about support,0,1008,2026-06-08,2026-09-06,True,False,200,2026-09-07T15:14:15.188850Z,recordings/boundary_11688546_empty_90d.recording.json
1121199,สะพานแม่น้ำงาว,แม่น้ำงาว,Friend in Need (of “Pa”) Volunteers Foundation,North Khong Basin,stage_reported,value,available,graph route published 13018 non-null 'value' values in the 90-day window,13018,1008,2026-06-08,2026-09-06,True,False,200,2026-09-07T15:14:15.188850Z,recordings/boundary_1373272_both_products.recording.json
1121218,สะพานน้ำห้วยสำราญ,ห้วยสำราญ,Friend in Need (of “Pa”) Volunteers Foundation,Mun Basin,discharge_reported,discharge,empty_in_tested_window,graph route answered with a complete time grid carrying no non-null 'discharge' value in the 90-day window; the source states nothing about support,0,1008,2026-06-08,2026-09-06,False,False,200,2026-09-07T15:14:16.694319Z,recordings/boundary_11688546_empty_90d.recording.json
1121218,สะพานน้ำห้วยสำราญ,ห้วยสำราญ,Friend in Need (of “Pa”) Volunteers Foundation,Mun Basin,stage_reported,value,available,graph route published 10555 non-null 'value' values in the 90-day window,10555,1008,2026-06-08,2026-09-06,False,False,200,2026-09-07T15:14:16.694319Z,recordings/boundary_1373272_both_products.recording.json
1121228,สะพานน้ำแม่ต๋อม,น้ำแม่ต๋อม,Friend in Need (of “Pa”) Volunteers Foundation,Ping Basin,discharge_reported,discharge,empty_in_tested_window,graph route answered with a complete time grid carrying no non-null 'discharge' value in the 90-day window; the source states nothing about support,0,1008,2026-06-08,2026-09-06,True,False,200,2026-09-07T15:14:18.197550Z,recordings/boundary_11688546_empty_90d.recording.json
1121228,สะพานน้ำแม่ต๋อม,น้ำแม่ต๋อม,Friend in Need (of “Pa”) Volunteers Foundation,Ping Basin,stage_reported,value,available,graph route published 12834 non-null 'value' values in the 90-day window,12834,1008,2026-06-08,2026-09-06,True,False,200,2026-09-07T15:14:18.197550Z,recordings/boundary_1373272_both_products.recording.json
1121229,สะพานน้ำแม่แจ่ม บ้านแปะ,น้ำแม่แจ่ม,Friend in Need (of “Pa”) Volunteers Foundation,Ping Basin,discharge_reported,discharge,empty_in_tested_window,graph route answered with a complete time grid carrying no non-null 'discharge' value in the 90-day window; the source states nothing about support,0,1008,2026-06-08,2026-09-06,True,False,200,2026-09-07T15:14:19.611076Z,recordings/boundary_11688546_empty_90d.recording.json
1121229,สะพานน้ำแม่แจ่ม บ้านแปะ,น้ำแม่แจ่ม,Friend in Need (of “Pa”) Volunteers Foundation,Ping Basin,stage_reported,value,available,graph route published 13026 non-null 'value' values in the 90-day window,13026,1008,2026-06-08,2026-09-06,True,False,200,2026-09-07T15:14:19.611076Z,recordings/boundary_1373272_both_products.recording.json
1121234,สะพานน้ำวัง,แม่น้ำวัง,Friend in Need (of “Pa”) Volunteers Foundation,Wang Basin,discharge_reported,discharge,empty_in_tested_window,graph route answered with a complete time grid carrying no non-null 'discharge' value in the 90-day window; the source states nothing about support,0,1008,2026-06-08,2026-09-06,True,False,200,2026-09-07T15:14:21.110914Z,recordings/boundary_11688546_empty_90d.recording.json
1121234,สะพานน้ำวัง,แม่น้ำวัง,Friend in Need (of “Pa”) Volunteers Foundation,Wang Basin,stage_reported,value,available,graph route published 13034 non-null 'value' values in the 90-day window,13034,1008,2026-06-08,2026-09-06,True,False,200,2026-09-07T15:14:21.110914Z,recordings/boundary_1373272_both_products.recording.json
1121239,สะพานน้ำงิม,น้ำงิม,Friend in Need (of “Pa”) Volunteers Foundation,Yom Basin,discharge_reported,discharge,empty_in_tested_window,graph route answered with a complete time grid carrying no non-null 'discharge' value in the 90-day window; the source states nothing about support,0,1008,2026-06-08,2026-09-06,True,False,200,2026-09-07T15:14:22.486333Z,recordings/boundary_11688546_empty_90d.recording.json
1121239,สะพานน้ำงิม,น้ำงิม,Friend in Need (of “Pa”) Volunteers Foundation,Yom Basin,stage_reported,value,available,graph route published 12057 non-null 'value' values in the 90-day window,12057,1008,2026-06-08,2026-09-06,True,False,200,2026-09-07T15:14:22.486333Z,recordings/boundary_1373272_both_products.recording.json
1121240,สะพานน้ำเงิน,น้ำเงิน,Friend in Need (of “Pa”) Volunteers Foundation,Yom Basin,discharge_reported,discharge,empty_in_tested_window,graph route answered with a complete time grid carrying no non-null 'discharge' value in the 90-day window; the source states nothing about support,0,1008,2026-06-08,2026-09-06,True,False,200,2026-09-07T15:14:23.986412Z,recordings/boundary_11688546_empty_90d.recording.json
1121240,สะพานน้ำเงิน,น้ำเงิน,Friend in Need (of “Pa”) Volunteers Foundation,Yom Basin,stage_reported,value,available,graph route published 12912 non-null 'value' values in the 90-day window,12912,1008,2026-06-08,2026-09-06,True,False,200,2026-09-07T15:14:23.986412Z,recordings/boundary_1373272_both_products.recording.json
1121242,สะพานคลองตรอน,คลองตรอน,Friend in Need (of “Pa”) Volunteers Foundation,Nan Basin,discharge_reported,discharge,empty_in_tested_window,graph route answered with a complete time grid carrying no non-null 'discharge' value in the 90-day window; the source states nothing about support,0,1008,2026-06-08,2026-09-06,True,False,200,2026-09-07T15:14:25.429570Z,recordings/boundary_11688546_empty_90d.recording.json
1121242,สะพานคลองตรอน,คลองตรอน,Friend in Need (of “Pa”) Volunteers Foundation,Nan Basin,stage_reported,value,available,graph route published 12825 non-null 'value' values in the 90-day window,12825,1008,2026-06-08,2026-09-06,True,False,200,2026-09-07T15:14:25.429570Z,recordings/boundary_1373272_both_products.recording.json
1121243,สะพานคลองท่าสะแก,น้ำภาค,Friend in Need (of “Pa”) Volunteers Foundation,Nan Basin,discharge_reported,discharge,empty_in_tested_window,graph route answered with a complete time grid carrying no non-null 'discharge' value in the 90-day window; the source states nothing about support,0,1008,2026-06-08,2026-09-06,True,False,200,2026-09-07T15:14:26.966286Z,recordings/boundary_11688546_empty_90d.recording.json
1121243,สะพานคลองท่าสะแก,น้ำภาค,Friend in Need (of “Pa”) Volunteers Foundation,Nan Basin,stage_reported,value,available,graph route published 12800 non-null 'value' values in the 90-day window,12800,1008,2026-06-08,2026-09-06,True,False,200,2026-09-07T15:14:26.966286Z,recordings/boundary_1373272_both_products.recording.json
1121258,สะพานแม่น้ำแควใหญ่,แม่น้ำแควใหญ่,Friend in Need (of “Pa”) Volunteers Foundation,Mae Klong Basin,discharge_reported,discharge,empty_in_tested_window,graph route answered with a complete time grid carrying no non-null 'discharge' value in the 90-day window; the source states nothing about support,0,1008,2026-06-08,2026-09-06,True,False,200,2026-09-07T15:14:28.461392Z,recordings/boundary_11688546_empty_90d.recording.json
1121258,สะพานแม่น้ำแควใหญ่,แม่น้ำแควใหญ่,Friend in Need (of “Pa”) Volunteers Foundation,Mae Klong Basin,stage_reported,value,available,graph route published 12285 non-null 'value' values in the 90-day window,12285,1008,2026-06-08,2026-09-06,True,False,200,2026-09-07T15:14:28.461392Z,recordings/boundary_1373272_both_products.recording.json
1121265,สะพานคลองจันทเขลม,คลองจันทบุรี,Friend in Need (of “Pa”) Volunteers Foundation,East Coast Gulf Basin,discharge_reported,discharge,empty_in_tested_window,graph route answered with a complete time grid carrying no non-null 'discharge' value in the 90-day window; the source states nothing about support,0,1008,2026-06-08,2026-09-06,True,False,200,2026-09-07T15:14:29.929956Z,recordings/boundary_11688546_empty_90d.recording.json
1121265,สะพานคลองจันทเขลม,คลองจันทบุรี,Friend in Need (of “Pa”) Volunteers Foundation,East Coast Gulf Basin,stage_reported,value,available,graph route published 12990 non-null 'value' values in the 90-day window,12990,1008,2026-06-08,2026-09-06,True,False,200,2026-09-07T15:14:29.929956Z,recordings/boundary_1373272_both_products.recording.json
1121266,สะพานคลองวังโตนด,คลองโตนด,Friend in Need (of “Pa”) Volunteers Foundation,East Coast Gulf Basin,discharge_reported,discharge,empty_in_tested_window,graph route answered with a complete time grid carrying no non-null 'discharge' value in the 90-day window; the source states nothing about support,0,1008,2026-06-08,2026-09-06,True,False,200,2026-09-07T15:14:31.435117Z,recordings/boundary_11688546_empty_90d.recording.json
1121266,สะพานคลองวังโตนด,คลองโตนด,Friend in Need (of “Pa”) Volunteers Foundation,East Coast Gulf Basin,stage_reported,value,available,graph route published 12550 non-null 'value' values in the 90-day window,12550,1008,2026-06-08,2026-09-06,True,False,200,2026-09-07T15:14:31.435117Z,recordings/boundary_1373272_both_products.recording.json
1121267,สะพานคลองสะตอ,คลองสะตอ,Friend in Need (of “Pa”) Volunteers Foundation,East Coast Gulf Basin,discharge_reported,discharge,empty_in_tested_window,graph route answered with a complete time grid carrying no non-null 'discharge' value in the 90-day window; the source states nothing about support,0,1008,2026-06-08,2026-09-06,True,False,200,2026-09-07T15:14:32.874467Z,recordings/boundary_11688546_empty_90d.recording.json
1121267,สะพานคลองสะตอ,คลองสะตอ,Friend in Need (of “Pa”) Volunteers Foundation,East Coast Gulf Basin,stage_reported,value,available,graph route published 3987 non-null 'value' values in the 90-day window,3987,1008,2026-06-08,2026-09-06,True,False,200,2026-09-07T15:14:32.874467Z,recordings/boundary_1373272_both_products.recording.json
1124040,บ้านบองอ ,คลองบองอ,Royal Irrigation Department,Peninsula - Lower East Coast Basin,discharge_reported,discharge,empty_in_tested_window,graph route answered with a complete time grid carrying no non-null 'discharge' value in the 90-day window; the source states nothing about support,0,168,2026-06-08,2026-09-06,True,False,200,2026-09-07T15:14:34.004990Z,recordings/boundary_11688546_empty_90d.recording.json
1124040,บ้านบองอ ,คลองบองอ,Royal Irrigation Department,Peninsula - Lower East Coast Basin,stage_reported,value,available,graph route published 1958 non-null 'value' values in the 90-day window,1958,168,2026-06-08,2026-09-06,True,False,200,2026-09-07T15:14:34.004990Z,recordings/boundary_1373272_both_products.recording.json
1126506,สะพานข้ามคลองบ้านท่าวัง,คลองอ้ายโต,Hydro – Informatics Institute (Public Organization),Thale Sap Songkhla Basin,discharge_reported,discharge,empty_in_tested_window,graph route answered with a complete time grid carrying no non-null 'discharge' value in the 90-day window; the source states nothing about support,0,1008,2026-06-08,2026-09-06,True,False,200,2026-09-07T15:14:35.465859Z,recordings/boundary_11688546_empty_90d.recording.json
1126506,สะพานข้ามคลองบ้านท่าวัง,คลองอ้ายโต,Hydro – Informatics Institute (Public Organization),Thale Sap Songkhla Basin,stage_reported,value,available,graph route published 13051 non-null 'value' values in the 90-day window,13051,1008,2026-06-08,2026-09-06,True,False,200,2026-09-07T15:14:35.465859Z,recordings/boundary_1373272_both_products.recording.json
1129758,ฝายคลองท่าโลน,คลองท่าเลา,Friend in Need (of “Pa”) Volunteers Foundation,Peninsula - West Coast Basin,discharge_reported,discharge,empty_in_tested_window,graph route answered with a complete time grid carrying no non-null 'discharge' value in the 90-day window; the source states nothing about support,0,1008,2026-06-08,2026-09-06,True,False,200,2026-09-07T15:14:36.928287Z,recordings/boundary_11688546_empty_90d.recording.json
1129758,ฝายคลองท่าโลน,คลองท่าเลา,Friend in Need (of “Pa”) Volunteers Foundation,Peninsula - West Coast Basin,stage_reported,value,available,graph route published 12948 non-null 'value' values in the 90-day window,12948,1008,2026-06-08,2026-09-06,True,False,200,2026-09-07T15:14:36.928287Z,recordings/boundary_1373272_both_products.recording.json
1130124,สะพานคลองปง (คีรีวง),คลองท่าดี,Friend in Need (of “Pa”) Volunteers Foundation,Peninsula - Upper East Coast Basin,discharge_reported,discharge,empty_in_tested_window,graph route answered with a complete time grid carrying no non-null 'discharge' value in the 90-day window; the source states nothing about support,0,1008,2026-06-08,2026-09-06,True,False,200,2026-09-07T15:14:38.389379Z,recordings/boundary_11688546_empty_90d.recording.json
1130124,สะพานคลองปง (คีรีวง),คลองท่าดี,Friend in Need (of “Pa”) Volunteers Foundation,Peninsula - Upper East Coast Basin,stage_reported,value,available,graph route published 13050 non-null 'value' values in the 90-day window,13050,1008,2026-06-08,2026-09-06,True,False,200,2026-09-07T15:14:38.389379Z,recordings/boundary_1373272_both_products.recording.json
1130137,น้ำตกโตนแพรทอง,คลองลำสิน,Friend in Need (of “Pa”) Volunteers Foundation,Thale Sap Songkhla Basin,discharge_reported,discharge,empty_in_tested_window,graph route answered with a complete time grid carrying no non-null 'discharge' value in the 90-day window; the source states nothing about support,0,1008,2026-06-08,2026-09-06,True,False,200,2026-09-07T15:14:39.840037Z,recordings/boundary_11688546_empty_90d.recording.json
1130137,น้ำตกโตนแพรทอง,คลองลำสิน,Friend in Need (of “Pa”) Volunteers Foundation,Thale Sap Songkhla Basin,stage_reported,value,available,graph route published 6147 non-null 'value' values in the 90-day window,6147,1008,2026-06-08,2026-09-06,True,False,200,2026-09-07T15:14:39.840037Z,recordings/boundary_1373272_both_products.recording.json
1139393,สะพานข้ามลำน้ำเชิญ (มิตรผลหนองเรือ),ลำเชิญ,Hydro – Informatics Institute (Public Organization),Chi Basin Basin,discharge_reported,discharge,empty_in_tested_window,graph route answered with a complete time grid carrying no non-null 'discharge' value in the 90-day window; the source states nothing about support,0,1008,2026-06-08,2026-09-06,True,False,200,2026-09-07T15:14:41.285722Z,recordings/boundary_11688546_empty_90d.recording.json
1139393,สะพานข้ามลำน้ำเชิญ (มิตรผลหนองเรือ),ลำเชิญ,Hydro – Informatics Institute (Public Organization),Chi Basin Basin,stage_reported,value,available,graph route published 13052 non-null 'value' values in the 90-day window,13052,1008,2026-06-08,2026-09-06,True,False,200,2026-09-07T15:14:41.285722Z,recordings/boundary_1373272_both_products.recording.json
1140845,ศาลเจ้าพ่อพญาอ้น,แม่น้ำยม,Hydro – Informatics Institute (Public Organization),Yom Basin,discharge_reported,discharge,empty_in_tested_window,graph route answered with a complete time grid carrying no non-null 'discharge' value in the 90-day window; the source states nothing about support,0,1008,2026-06-08,2026-09-06,True,False,200,2026-09-07T15:14:42.717422Z,recordings/boundary_11688546_empty_90d.recording.json
1140845,ศาลเจ้าพ่อพญาอ้น,แม่น้ำยม,Hydro – Informatics Institute (Public Organization),Yom Basin,stage_reported,value,available,graph route published 4217 non-null 'value' values in the 90-day window,4217,1008,2026-06-08,2026-09-06,True,False,200,2026-09-07T15:14:42.717422Z,recordings/boundary_1373272_both_products.recording.json
115,เมืองแกลง,แม่น้ำประแสร์,Hydro – Informatics Institute (Public Organization),East Coast Gulf Basin,discharge_reported,discharge,empty_in_tested_window,graph route answered with a complete time grid carrying no non-null 'discharge' value in the 90-day window; the source states nothing about support,0,1008,2026-06-08,2026-09-06,True,False,200,2026-09-07T15:14:44.264026Z,recordings/boundary_11688546_empty_90d.recording.json
115,เมืองแกลง,แม่น้ำประแสร์,Hydro – Informatics Institute (Public Organization),East Coast Gulf Basin,stage_reported,value,available,graph route published 12679 non-null 'value' values in the 90-day window,12679,1008,2026-06-08,2026-09-06,True,False,200,2026-09-07T15:14:44.264026Z,recordings/boundary_1373272_both_products.recording.json
11568367,โรงสูบน้ำแรงต่ำแม่ข่าย (แม่สาย),,Friend in Need (of “Pa”) Volunteers Foundation,North Khong Basin,discharge_reported,discharge,empty_in_tested_window,graph route answered with a complete time grid carrying no non-null 'discharge' value in the 90-day window; the source states nothing about support,0,1008,2026-06-08,2026-09-06,False,False,200,2026-09-07T15:14:45.700633Z,recordings/boundary_11688546_empty_90d.recording.json
11568367,โรงสูบน้ำแรงต่ำแม่ข่าย (แม่สาย),,Friend in Need (of “Pa”) Volunteers Foundation,North Khong Basin,stage_reported,value,available,graph route published 1003 non-null 'value' values in the 90-day window,1003,1008,2026-06-08,2026-09-06,False,False,200,2026-09-07T15:14:45.700633Z,recordings/boundary_1373272_both_products.recording.json
1161514,บ้านน้ำจืด,คลองทรายปู,Royal Irrigation Department,Peninsula - West Coast Basin,discharge_reported,discharge,empty_in_tested_window,graph route answered with a complete time grid carrying no non-null 'discharge' value in the 90-day window; the source states nothing about support,0,168,2026-06-08,2026-09-06,True,False,200,2026-09-07T15:14:46.770708Z,recordings/boundary_11688546_empty_90d.recording.json
1161514,บ้านน้ำจืด,คลองทรายปู,Royal Irrigation Department,Peninsula - West Coast Basin,stage_reported,value,available,graph route published 1959 non-null 'value' values in the 90-day window,1959,168,2026-06-08,2026-09-06,True,False,200,2026-09-07T15:14:46.770708Z,recordings/boundary_1373272_both_products.recording.json
1161516,บ้านหาดทรายแก้ว ,แม่น้ำตาปี,Royal Irrigation Department,Peninsula - Upper East Coast Basin,discharge_reported,discharge,available,graph route published 148 non-null 'discharge' values in the 7-day window,148,168,2026-08-31,2026-09-06,True,True,200,2026-09-07T15:14:47.873125Z,recordings/boundary_1373272_both_products.recording.json
1161516,บ้านหาดทรายแก้ว ,แม่น้ำตาปี,Royal Irrigation Department,Peninsula - Upper East Coast Basin,stage_reported,value,available,graph route published 148 non-null 'value' values in the 7-day window,148,168,2026-08-31,2026-09-06,True,True,200,2026-09-07T15:14:47.873125Z,recordings/boundary_1373272_both_products.recording.json
11688546,คลองน้ำจู,,Royal Irrigation Department,Pasak Basin,discharge_reported,discharge,empty_in_tested_window,graph route answered with a complete time grid carrying no non-null 'discharge' value in the 90-day window; the source states nothing about support,0,168,2026-06-08,2026-09-06,True,False,200,2026-09-07T15:14:49.009472Z,recordings/boundary_11688546_empty_90d.recording.json
11688546,คลองน้ำจู,,Royal Irrigation Department,Pasak Basin,stage_reported,value,empty_in_tested_window,graph route answered with a complete time grid carrying no non-null 'value' value in the 90-day window; the source states nothing about support,0,168,2026-06-08,2026-09-06,True,False,200,2026-09-07T15:14:49.009472Z,recordings/boundary_11688546_empty_90d.recording.json
11688685,บ้านสุขสำราญ,,Royal Irrigation Department,Northeast Khong Basin,discharge_reported,discharge,empty_in_tested_window,graph route answered with a complete time grid carrying no non-null 'discharge' value in the 90-day window; the source states nothing about support,0,168,2026-06-08,2026-09-06,True,False,200,2026-09-07T15:14:50.175878Z,recordings/boundary_11688546_empty_90d.recording.json
11688685,บ้านสุขสำราญ,,Royal Irrigation Department,Northeast Khong Basin,stage_reported,value,empty_in_tested_window,graph route answered with a complete time grid carrying no non-null 'value' value in the 90-day window; the source states nothing about support,0,168,2026-06-08,2026-09-06,True,False,200,2026-09-07T15:14:50.175878Z,recordings/boundary_11688546_empty_90d.recording.json
11688715,ฝายยางลำน้ำยัง,,Royal Irrigation Department,Chi Basin Basin,discharge_reported,discharge,empty_in_tested_window,graph route answered with a complete time grid carrying no non-null 'discharge' value in the 90-day window; the source states nothing about support,0,168,2026-06-08,2026-09-06,True,False,200,2026-09-07T15:14:51.249289Z,recordings/boundary_11688546_empty_90d.recording.json
11688715,ฝายยางลำน้ำยัง,,Royal Irrigation Department,Chi Basin Basin,stage_reported,value,empty_in_tested_window,graph route answered with a complete time grid carrying no non-null 'value' value in the 90-day window; the source states nothing about support,0,168,2026-06-08,2026-09-06,True,False,200,2026-09-07T15:14:51.249289Z,recordings/boundary_11688546_empty_90d.recording.json
11688749,บ้านเหนือคลอง,,Royal Irrigation Department,Peninsula - West Coast Basin,discharge_reported,discharge,empty_in_tested_window,graph route answered with a complete time grid carrying no non-null 'discharge' value in the 90-day window; the source states nothing about support,0,168,2026-06-08,2026-09-06,False,False,200,2026-09-07T15:14:52.348453Z,recordings/boundary_11688546_empty_90d.recording.json
11688749,บ้านเหนือคลอง,,Royal Irrigation Department,Peninsula - West Coast Basin,stage_reported,value,empty_in_tested_window,graph route answered with a complete time grid carrying no non-null 'value' value in the 90-day window; the source states nothing about support,0,168,2026-06-08,2026-09-06,False,False,200,2026-09-07T15:14:52.348453Z,recordings/boundary_11688546_empty_90d.recording.json
11688817,สถานีบ้านทุ่งกรวด,,Royal Irrigation Department,Peninsula - Upper East Coast Basin,discharge_reported,discharge,empty_in_tested_window,graph route answered with a complete time grid carrying no non-null 'discharge' value in the 90-day window; the source states nothing about support,0,168,2026-06-08,2026-09-06,True,False,200,2026-09-07T15:14:53.464711Z,recordings/boundary_11688546_empty_90d.recording.json
11688817,สถานีบ้านทุ่งกรวด,,Royal Irrigation Department,Peninsula - Upper East Coast Basin,stage_reported,value,empty_in_tested_window,graph route answered with a complete time grid carrying no non-null 'value' value in the 90-day window; the source states nothing about support,0,168,2026-06-08,2026-09-06,True,False,200,2026-09-07T15:14:53.464711Z,recordings/boundary_11688546_empty_90d.recording.json
11688823,บ้านตาสา,,Royal Irrigation Department,Peninsula - Lower East Coast Basin,discharge_reported,discharge,empty_in_tested_window,graph route answered with a complete time grid carrying no non-null 'discharge' value in the 90-day window; the source states nothing about support,0,168,2026-06-08,2026-09-06,False,False,200,2026-09-07T15:14:54.622004Z,recordings/boundary_11688546_empty_90d.recording.json
11688823,บ้านตาสา,,Royal Irrigation Department,Peninsula - Lower East Coast Basin,stage_reported,value,empty_in_tested_window,graph route answered with a complete time grid carrying no non-null 'value' value in the 90-day window; the source states nothing about support,0,168,2026-06-08,2026-09-06,False,False,200,2026-09-07T15:14:54.622004Z,recordings/boundary_11688546_empty_90d.recording.json
11688849,บ้านต้นยาง,,Royal Irrigation Department,North Khong Basin,discharge_reported,discharge,empty_in_tested_window,graph route answered with a complete time grid carrying no non-null 'discharge' value in the 90-day window; the source states nothing about support,0,168,2026-06-08,2026-09-06,False,False,200,2026-09-07T15:14:55.753598Z,recordings/boundary_11688546_empty_90d.recording.json
11688849,บ้านต้นยาง,,Royal Irrigation Department,North Khong Basin,stage_reported,value,empty_in_tested_window,graph route answered with a complete time grid carrying no non-null 'value' value in the 90-day window; the source states nothing about support,0,168,2026-06-08,2026-09-06,False,False,200,2026-09-07T15:14:55.753598Z,recordings/boundary_11688546_empty_90d.recording.json
11689002,บ้านโคกหม้อ,,Royal Irrigation Department,Sakae Krang Basin,discharge_reported,discharge,empty_in_tested_window,graph route answered with a complete time grid carrying no non-null 'discharge' value in the 90-day window; the source states nothing about support,0,168,2026-06-08,2026-09-06,False,False,200,2026-09-07T15:14:56.820167Z,recordings/boundary_11688546_empty_90d.recording.json
11689002,บ้านโคกหม้อ,,Royal Irrigation Department,Sakae Krang Basin,stage_reported,value,empty_in_tested_window,graph route answered with a complete time grid carrying no non-null 'value' value in the 90-day window; the source states nothing about support,0,168,2026-06-08,2026-09-06,False,False,200,2026-09-07T15:14:56.820167Z,recordings/boundary_11688546_empty_90d.recording.json
11689003,บ้านท่ารวก,,Royal Irrigation Department,Pasak Basin,discharge_reported,discharge,empty_in_tested_window,graph route answered with a complete time grid carrying no non-null 'discharge' value in the 90-day window; the source states nothing about support,0,168,2026-06-08,2026-09-06,True,False,200,2026-09-07T15:14:57.937455Z,recordings/boundary_11688546_empty_90d.recording.json
11689003,บ้านท่ารวก,,Royal Irrigation Department,Pasak Basin,stage_reported,value,empty_in_tested_window,graph route answered with a complete time grid carrying no non-null 'value' value in the 90-day window; the source states nothing about support,0,168,2026-06-08,2026-09-06,True,False,200,2026-09-07T15:14:57.937455Z,recordings/boundary_11688546_empty_90d.recording.json
11689067,บ้านจะโปรง,,Royal Irrigation Department,Phetchaburi - Prachuap Khiri Khan Basin,discharge_reported,discharge,empty_in_tested_window,graph route answered with a complete time grid carrying no non-null 'discharge' value in the 90-day window; the source states nothing about support,0,168,2026-06-08,2026-09-06,False,False,200,2026-09-07T15:14:59.054580Z,recordings/boundary_11688546_empty_90d.recording.json
11689067,บ้านจะโปรง,,Royal Irrigation Department,Phetchaburi - Prachuap Khiri Khan Basin,stage_reported,value,empty_in_tested_window,graph route answered with a complete time grid carrying no non-null 'value' value in the 90-day window; the source states nothing about support,0,168,2026-06-08,2026-09-06,False,False,200,2026-09-07T15:14:59.054580Z,recordings/boundary_11688546_empty_90d.recording.json
11689072,สะพานท่าเกวียน,,Royal Irrigation Department,Phetchaburi - Prachuap Khiri Khan Basin,discharge_reported,discharge,empty_in_tested_window,graph route answered with a complete time grid carrying no non-null 'discharge' value in the 90-day window; the source states nothing about support,0,168,2026-06-08,2026-09-06,False,False,200,2026-09-07T15:15:00.122103Z,recordings/boundary_11688546_empty_90d.recording.json
11689072,สะพานท่าเกวียน,,Royal Irrigation Department,Phetchaburi - Prachuap Khiri Khan Basin,stage_reported,value,empty_in_tested_window,graph route answered with a complete time grid carrying no non-null 'value' value in the 90-day window; the source states nothing about support,0,168,2026-06-08,2026-09-06,False,False,200,2026-09-07T15:15:00.122103Z,recordings/boundary_11688546_empty_90d.recording.json
11689150,เทศบาลเทพกระษัตรี,,Royal Irrigation Department,Peninsula - West Coast Basin,discharge_reported,discharge,empty_in_tested_window,graph route answered with a complete time grid carrying no non-null 'discharge' value in the 90-day window; the source states nothing about support,0,168,2026-06-08,2026-09-06,False,False,200,2026-09-07T15:15:01.292667Z,recordings/boundary_11688546_empty_90d.recording.json
11689150,เทศบาลเทพกระษัตรี,,Royal Irrigation Department,Peninsula - West Coast Basin,stage_reported,value,empty_in_tested_window,graph route answered with a complete time grid carrying no non-null 'value' value in the 90-day window; the source states nothing about support,0,168,2026-06-08,2026-09-06,False,False,200,2026-09-07T15:15:01.292667Z,recordings/boundary_11688546_empty_90d.recording.json
118,หนองบัว,คลองใหญ่,Hydro – Informatics Institute (Public Organization),East Coast Gulf Basin,discharge_reported,discharge,empty_in_tested_window,graph route answered with a complete time grid carrying no non-null 'discharge' value in the 90-day window; the source states nothing about support,0,1008,2026-06-08,2026-09-06,True,False,200,2026-09-07T15:15:03.560653Z,recordings/boundary_11688546_empty_90d.recording.json
118,หนองบัว,คลองใหญ่,Hydro – Informatics Institute (Public Organization),East Coast Gulf Basin,stage_reported,value,available,graph route published 12962 non-null 'value' values in the 90-day window,12962,1008,2026-06-08,2026-09-06,True,False,200,2026-09-07T15:15:03.560653Z,recordings/boundary_1373272_both_products.recording.json
1197957,คลองห้วยยาง,ห้วยยาง,Hydro – Informatics Institute (Public Organization),Bang Pakong Basin,discharge_reported,discharge,empty_in_tested_window,graph route answered with a complete time grid carrying no non-null 'discharge' value in the 90-day window; the source states nothing about support,0,1008,2026-06-08,2026-09-06,True,False,200,2026-09-07T15:15:05.069269Z,recordings/boundary_11688546_empty_90d.recording.json
1197957,คลองห้วยยาง,ห้วยยาง,Hydro – Informatics Institute (Public Organization),Bang Pakong Basin,stage_reported,value,available,graph route published 6350 non-null 'value' values in the 90-day window,6350,1008,2026-06-08,2026-09-06,True,False,200,2026-09-07T15:15:05.069269Z,recordings/boundary_1373272_both_products.recording.json
1198081,แม่น้ำสา,แม่น้ำสา,Hydro – Informatics Institute (Public Organization),Nan Basin,discharge_reported,discharge,empty_in_tested_window,graph route answered with a complete time grid carrying no non-null 'discharge' value in the 90-day window; the source states nothing about support,0,1008,2026-06-08,2026-09-06,True,False,200,2026-09-07T15:15:06.614590Z,recordings/boundary_11688546_empty_90d.recording.json
1198081,แม่น้ำสา,แม่น้ำสา,Hydro – Informatics Institute (Public Organization),Nan Basin,stage_reported,value,available,graph route published 12974 non-null 'value' values in the 90-day window,12974,1008,2026-06-08,2026-09-06,True,False,200,2026-09-07T15:15:06.614590Z,recordings/boundary_1373272_both_products.recording.json
1198082,น้ำสา,แม่น้ำสา,Hydro – Informatics Institute (Public Organization),Nan Basin,discharge_reported,discharge,empty_in_tested_window,graph route answered with a complete time grid carrying no non-null 'discharge' value in the 90-day window; the source states nothing about support,0,1008,2026-06-08,2026-09-06,True,False,200,2026-09-07T15:15:08.117473Z,recordings/boundary_11688546_empty_90d.recording.json
1198082,น้ำสา,แม่น้ำสา,Hydro – Informatics Institute (Public Organization),Nan Basin,stage_reported,value,available,graph route published 12418 non-null 'value' values in the 90-day window,12418,1008,2026-06-08,2026-09-06,True,False,200,2026-09-07T15:15:08.117473Z,recordings/boundary_1373272_both_products.recording.json
1198297,สะพานแม่น้ำทา,น้ำแม่ทา,Hydro – Informatics Institute (Public Organization),Ping Basin,discharge_reported,discharge,empty_in_tested_window,graph route answered with a complete time grid carrying no non-null 'discharge' value in the 90-day window; the source states nothing about support,0,1008,2026-06-08,2026-09-06,True,False,200,2026-09-07T15:15:09.656367Z,recordings/boundary_11688546_empty_90d.recording.json
1198297,สะพานแม่น้ำทา,น้ำแม่ทา,Hydro – Informatics Institute (Public Organization),Ping Basin,stage_reported,value,available,graph route published 12988 non-null 'value' values in the 90-day window,12988,1008,2026-06-08,2026-09-06,True,False,200,2026-09-07T15:15:09.656367Z,recordings/boundary_1373272_both_products.recording.json
1198298,แม่น้ำทา,น้ำแม่ทา,Hydro – Informatics Institute (Public Organization),Ping Basin,discharge_reported,discharge,empty_in_tested_window,graph route answered with a complete time grid carrying no non-null 'discharge' value in the 90-day window; the source states nothing about support,0,1008,2026-06-08,2026-09-06,True,False,200,2026-09-07T15:15:11.137154Z,recordings/boundary_11688546_empty_90d.recording.json
1198298,แม่น้ำทา,น้ำแม่ทา,Hydro – Informatics Institute (Public Organization),Ping Basin,stage_reported,value,available,graph route published 13001 non-null 'value' values in the 90-day window,13001,1008,2026-06-08,2026-09-06,True,False,200,2026-09-07T15:15:11.137154Z,recordings/boundary_1373272_both_products.recording.json
1198299,แม่น้ำลี้ บ้านโฮ่ง,น้ำแม่ลี้,Hydro – Informatics Institute (Public Organization),Ping Basin,discharge_reported,discharge,empty_in_tested_window,graph route answered with a complete time grid carrying no non-null 'discharge' value in the 90-day window; the source states nothing about support,0,1008,2026-06-08,2026-09-06,True,False,200,2026-09-07T15:15:12.671295Z,recordings/boundary_11688546_empty_90d.recording.json
1198299,แม่น้ำลี้ บ้านโฮ่ง,น้ำแม่ลี้,Hydro – Informatics Institute (Public Organization),Ping Basin,stage_reported,value,available,graph route published 12968 non-null 'value' values in the 90-day window,12968,1008,2026-06-08,2026-09-06,True,False,200,2026-09-07T15:15:12.671295Z,recordings/boundary_1373272_both_products.recording.json
1198300,ห้วยแม่ลี้,น้ำแม่ลี้,Hydro – Informatics Institute (Public Organization),Ping Basin,discharge_reported,discharge,empty_in_tested_window,graph route answered with a complete time grid carrying no non-null 'discharge' value in the 90-day window; the source states nothing about support,0,1008,2026-06-08,2026-09-06,True,False,200,2026-09-07T15:15:14.194537Z,recordings/boundary_11688546_empty_90d.recording.json
1198300,ห้วยแม่ลี้,น้ำแม่ลี้,Hydro – Informatics Institute (Public Organization),Ping Basin,stage_reported,value,available,graph route published 12944 non-null 'value' values in the 90-day window,12944,1008,2026-06-08,2026-09-06,True,False,200,2026-09-07T15:15:14.194537Z,recordings/boundary_1373272_both_products.recording.json
1198301,น้ำก้อ,ห้วยน้ำแม่ก้อ,Hydro – Informatics Institute (Public Organization),Ping Basin,discharge_reported,discharge,empty_in_tested_window,graph route answered with a complete time grid carrying no non-null 'discharge' value in the 90-day window; the source states nothing about support,0,1008,2026-06-08,2026-09-06,True,False,200,2026-09-07T15:15:15.703157Z,recordings/boundary_11688546_empty_90d.recording.json
1198301,น้ำก้อ,ห้วยน้ำแม่ก้อ,Hydro – Informatics Institute (Public Organization),Ping Basin,stage_reported,value,available,graph route published 12400 non-null 'value' values in the 90-day window,12400,1008,2026-06-08,2026-09-06,True,False,200,2026-09-07T15:15:15.703157Z,recordings/boundary_1373272_both_products.recording.json
1198626,คลองประณีต บ.ตลุง,คลองประณีต,Hydro – Informatics Institute (Public Organization),East Coast Gulf Basin,discharge_reported,discharge,empty_in_tested_window,graph route answered with a complete time grid carrying no non-null 'discharge' value in the 90-day window; the source states nothing about support,0,1008,2026-06-08,2026-09-06,True,False,200,2026-09-07T15:15:17.158646Z,recordings/boundary_11688546_empty_90d.recording.json
1198626,คลองประณีต บ.ตลุง,คลองประณีต,Hydro – Informatics Institute (Public Organization),East Coast Gulf Basin,stage_reported,value,available,graph route published 11370 non-null 'value' values in the 90-day window,11370,1008,2026-06-08,2026-09-06,True,False,200,2026-09-07T15:15:17.158646Z,recordings/boundary_1373272_both_products.recording.json
1198627,คลองโสน,คลองโสน,Hydro – Informatics Institute (Public Organization),East Coast Gulf Basin,discharge_reported,discharge,empty_in_tested_window,graph route answered with a complete time grid carrying no non-null 'discharge' value in the 90-day window; the source states nothing about support,0,1008,2026-06-08,2026-09-06,True,False,200,2026-09-07T15:15:18.687839Z,recordings/boundary_11688546_empty_90d.recording.json
1198627,คลองโสน,คลองโสน,Hydro – Informatics Institute (Public Organization),East Coast Gulf Basin,stage_reported,value,available,graph route published 12703 non-null 'value' values in the 90-day window,12703,1008,2026-06-08,2026-09-06,True,False,200,2026-09-07T15:15:18.687839Z,recordings/boundary_1373272_both_products.recording.json
1198628,คลองเขาระกำ,คลองบางพระ,Hydro – Informatics Institute (Public Organization),East Coast Gulf Basin,discharge_reported,discharge,empty_in_tested_window,graph route answered with a complete time grid carrying no non-null 'discharge' value in the 90-day window; the source states nothing about support,0,1008,2026-06-08,2026-09-06,True,False,200,2026-09-07T15:15:20.075077Z,recordings/boundary_11688546_empty_90d.recording.json
1198628,คลองเขาระกำ,คลองบางพระ,Hydro – Informatics Institute (Public Organization),East Coast Gulf Basin,stage_reported,value,available,graph route published 12610 non-null 'value' values in the 90-day window,12610,1008,2026-06-08,2026-09-06,True,False,200,2026-09-07T15:15:20.075077Z,recordings/boundary_1373272_both_products.recording.json
1198760,สะพานหนองจันทร์,แม่น้ำยม,Hydro – Informatics Institute (Public Organization),Yom Basin,discharge_reported,discharge,empty_in_tested_window,graph route answered with a complete time grid carrying no non-null 'discharge' value in the 90-day window; the source states nothing about support,0,1008,2026-06-08,2026-09-06,True,False,200,2026-09-07T15:15:21.571698Z,recordings/boundary_11688546_empty_90d.recording.json
1198760,สะพานหนองจันทร์,แม่น้ำยม,Hydro – Informatics Institute (Public Organization),Yom Basin,stage_reported,value,available,graph route published 13017 non-null 'value' values in the 90-day window,13017,1008,2026-06-08,2026-09-06,True,False,200,2026-09-07T15:15:21.571698Z,recordings/boundary_1373272_both_products.recording.json
1198761,แม่ต้า,น้ำแม่ต้า,Hydro – Informatics Institute (Public Organization),Yom Basin,discharge_reported,discharge,empty_in_tested_window,graph route answered with a complete time grid carrying no non-null 'discharge' value in the 90-day window; the source states nothing about support,0,1008,2026-06-08,2026-09-06,True,False,200,2026-09-07T15:15:23.072525Z,recordings/boundary_11688546_empty_90d.recording.json
1198761,แม่ต้า,น้ำแม่ต้า,Hydro – Informatics Institute (Public Organization),Yom Basin,stage_reported,value,available,graph route published 12964 non-null 'value' values in the 90-day window,12964,1008,2026-06-08,2026-09-06,True,False,200,2026-09-07T15:15:23.072525Z,recordings/boundary_1373272_both_products.recording.json
120,เมืองจันทบุรี,คลองจันทบุรี,Hydro – Informatics Institute (Public Organization),East Coast Gulf Basin,discharge_reported,discharge,empty_in_tested_window,graph route answered with a complete time grid carrying no non-null 'discharge' value in the 90-day window; the source states nothing about support,0,1008,2026-06-08,2026-09-06,True,False,200,2026-09-07T15:15:24.630240Z,recordings/boundary_11688546_empty_90d.recording.json
120,เมืองจันทบุรี,คลองจันทบุรี,Hydro – Informatics Institute (Public Organization),East Coast Gulf Basin,stage_reported,value,available,graph route published 12418 non-null 'value' values in the 90-day window,12418,1008,2026-06-08,2026-09-06,True,False,200,2026-09-07T15:15:24.630240Z,recordings/boundary_1373272_both_products.recording.json
1225528,บ้านโจตาดา,,Friend in Need (of “Pa”) Volunteers Foundation,,discharge_reported,discharge,empty_in_tested_window,graph route answered with a complete time grid carrying no non-null 'discharge' value in the 90-day window; the source states nothing about support,0,1008,2026-06-08,2026-09-06,True,False,200,2026-09-07T15:15:26.147769Z,recordings/boundary_11688546_empty_90d.recording.json
1225528,บ้านโจตาดา,,Friend in Need (of “Pa”) Volunteers Foundation,,stage_reported,value,available,graph route published 12951 non-null 'value' values in the 90-day window,12951,1008,2026-06-08,2026-09-06,True,False,200,2026-09-07T15:15:26.147769Z,recordings/boundary_1373272_both_products.recording.json
1225529,บ้านดอยต่อคำ,,Friend in Need (of “Pa”) Volunteers Foundation,,discharge_reported,discharge,empty_in_tested_window,graph route answered with a complete time grid carrying no non-null 'discharge' value in the 90-day window; the source states nothing about support,0,1008,2026-06-08,2026-09-06,True,False,200,2026-09-07T15:15:27.566865Z,recordings/boundary_11688546_empty_90d.recording.json
1225529,บ้านดอยต่อคำ,,Friend in Need (of “Pa”) Volunteers Foundation,,stage_reported,value,available,graph route published 12634 non-null 'value' values in the 90-day window,12634,1008,2026-06-08,2026-09-06,True,False,200,2026-09-07T15:15:27.566865Z,recordings/boundary_1373272_both_products.recording.json
1225530,สะพานอูทูนอ่อง บ้านสบสาย,,Friend in Need (of “Pa”) Volunteers Foundation,,discharge_reported,discharge,empty_in_tested_window,graph route answered with a complete time grid carrying no non-null 'discharge' value in the 90-day window; the source states nothing about support,0,1008,2026-06-08,2026-09-06,True,False,200,2026-09-07T15:15:29.029462Z,recordings/boundary_11688546_empty_90d.recording.json
1225530,สะพานอูทูนอ่อง บ้านสบสาย,,Friend in Need (of “Pa”) Volunteers Foundation,,stage_reported,value,available,graph route published 12522 non-null 'value' values in the 90-day window,12522,1008,2026-06-08,2026-09-06,True,False,200,2026-09-07T15:15:29.029462Z,recordings/boundary_1373272_both_products.recording.json
1225531,สะพานมิตรภาพแม่น้ำสายแห่งที่ 1,,Friend in Need (of “Pa”) Volunteers Foundation,North Khong Basin,discharge_reported,discharge,empty_in_tested_window,graph route answered with a complete time grid carrying no non-null 'discharge' value in the 90-day window; the source states nothing about support,0,1008,2026-06-08,2026-09-06,True,False,200,2026-09-07T15:15:30.550236Z,recordings/boundary_11688546_empty_90d.recording.json
1225531,สะพานมิตรภาพแม่น้ำสายแห่งที่ 1,,Friend in Need (of “Pa”) Volunteers Foundation,North Khong Basin,stage_reported,value,available,graph route published 12878 non-null 'value' values in the 90-day window,12878,1008,2026-06-08,2026-09-06,True,False,200,2026-09-07T15:15:30.550236Z,recordings/boundary_1373272_both_products.recording.json
12349,ควนกาหลง,คลองลำโลน,Hydro – Informatics Institute (Public Organization),Peninsula - West Coast Basin,discharge_reported,discharge,empty_in_tested_window,graph route answered with a complete time grid carrying no non-null 'discharge' value in the 90-day window; the source states nothing about support,0,1008,2026-06-08,2026-09-06,True,False,200,2026-09-07T15:15:32.053101Z,recordings/boundary_11688546_empty_90d.recording.json
12349,ควนกาหลง,คลองลำโลน,Hydro – Informatics Institute (Public Organization),Peninsula - West Coast Basin,stage_reported,value,available,graph route published 13018 non-null 'value' values in the 90-day window,13018,1008,2026-06-08,2026-09-06,True,False,200,2026-09-07T15:15:32.053101Z,recordings/boundary_1373272_both_products.recording.json
12350,รัษฎา,แม่น้ำตรัง,Hydro – Informatics Institute (Public Organization),Peninsula - West Coast Basin,discharge_reported,discharge,empty_in_tested_window,graph route answered with a complete time grid carrying no non-null 'discharge' value in the 90-day window; the source states nothing about support,0,1008,2026-06-08,2026-09-06,True,False,200,2026-09-07T15:15:33.616264Z,recordings/boundary_11688546_empty_90d.recording.json
12350,รัษฎา,แม่น้ำตรัง,Hydro – Informatics Institute (Public Organization),Peninsula - West Coast Basin,stage_reported,value,available,graph route published 13052 non-null 'value' values in the 90-day window,13052,1008,2026-06-08,2026-09-06,True,False,200,2026-09-07T15:15:33.616264Z,recordings/boundary_1373272_both_products.recording.json
12474,มะนัง,คลองละงู,Hydro – Informatics Institute (Public Organization),Peninsula - West Coast Basin,discharge_reported,discharge,empty_in_tested_window,graph route answered with a complete time grid carrying no non-null 'discharge' value in the 90-day window; the source states nothing about support,0,1008,2026-06-08,2026-09-06,True,False,200,2026-09-07T15:15:35.082719Z,recordings/boundary_11688546_empty_90d.recording.json
12474,มะนัง,คลองละงู,Hydro – Informatics Institute (Public Organization),Peninsula - West Coast Basin,stage_reported,value,available,graph route published 13047 non-null 'value' values in the 90-day window,13047,1008,2026-06-08,2026-09-06,True,False,200,2026-09-07T15:15:35.082719Z,recordings/boundary_1373272_both_products.recording.json
12475,ปะเหลียน,คลองปะเหลียน,Hydro – Informatics Institute (Public Organization),Peninsula - West Coast Basin,discharge_reported,discharge,empty_in_tested_window,graph route answered with a complete time grid carrying no non-null 'discharge' value in the 90-day window; the source states nothing about support,0,1008,2026-06-08,2026-09-06,True,False,200,2026-09-07T15:15:36.575461Z,recordings/boundary_11688546_empty_90d.recording.json
12475,ปะเหลียน,คลองปะเหลียน,Hydro – Informatics Institute (Public Organization),Peninsula - West Coast Basin,stage_reported,value,available,graph route published 5365 non-null 'value' values in the 90-day window,5365,1008,2026-06-08,2026-09-06,True,False,200,2026-09-07T15:15:36.575461Z,recordings/boundary_1373272_both_products.recording.json
12476,ลิ่นถิ่น,แม่น้ำแควน้อย,Hydro – Informatics Institute (Public Organization),Mae Klong Basin,discharge_reported,discharge,empty_in_tested_window,graph route answered with a complete time grid carrying no non-null 'discharge' value in the 90-day window; the source states nothing about support,0,1008,2026-06-08,2026-09-06,True,False,200,2026-09-07T15:15:38.147647Z,recordings/boundary_11688546_empty_90d.recording.json
12476,ลิ่นถิ่น,แม่น้ำแควน้อย,Hydro – Informatics Institute (Public Organization),Mae Klong Basin,stage_reported,value,available,graph route published 13066 non-null 'value' values in the 90-day window,13066,1008,2026-06-08,2026-09-06,True,False,200,2026-09-07T15:15:38.147647Z,recordings/boundary_1373272_both_products.recording.json
12477,หัวหิน,ห้วยมงคล,Hydro – Informatics Institute (Public Organization),Phetchaburi - Prachuap Khiri Khan Basin,discharge_reported,discharge,empty_in_tested_window,graph route answered with a complete time grid carrying no non-null 'discharge' value in the 90-day window; the source states nothing about support,0,1008,2026-06-08,2026-09-06,True,False,200,2026-09-07T15:15:39.556547Z,recordings/boundary_11688546_empty_90d.recording.json
12477,หัวหิน,ห้วยมงคล,Hydro – Informatics Institute (Public Organization),Phetchaburi - Prachuap Khiri Khan Basin,stage_reported,value,available,graph route published 13034 non-null 'value' values in the 90-day window,13034,1008,2026-06-08,2026-09-06,True,False,200,2026-09-07T15:15:39.556547Z,recordings/boundary_1373272_both_products.recording.json
12478,ท่ายาง,แม่น้ำเพชรบุรี,Hydro – Informatics Institute (Public Organization),Phetchaburi - Prachuap Khiri Khan Basin,discharge_reported,discharge,empty_in_tested_window,graph route answered with a complete time grid carrying no non-null 'discharge' value in the 90-day window; the source states nothing about support,0,1008,2026-06-08,2026-09-06,True,False,200,2026-09-07T15:15:41.018211Z,recordings/boundary_11688546_empty_90d.recording.json
12478,ท่ายาง,แม่น้ำเพชรบุรี,Hydro – Informatics Institute (Public Organization),Phetchaburi - Prachuap Khiri Khan Basin,stage_reported,value,available,graph route published 13055 non-null 'value' values in the 90-day window,13055,1008,2026-06-08,2026-09-06,True,False,200,2026-09-07T15:15:41.018211Z,recordings/boundary_1373272_both_products.recording.json
12479,คลองขนาน,คลองบางสะพาน,Hydro – Informatics Institute (Public Organization),Phetchaburi - Prachuap Khiri Khan Basin,discharge_reported,discharge,empty_in_tested_window,graph route answered with a complete time grid carrying no non-null 'discharge' value in the 90-day window; the source states nothing about support,0,1008,2026-06-08,2026-09-06,True,False,200,2026-09-07T15:15:42.434178Z,recordings/boundary_11688546_empty_90d.recording.json
12479,คลองขนาน,คลองบางสะพาน,Hydro – Informatics Institute (Public Organization),Phetchaburi - Prachuap Khiri Khan Basin,stage_reported,value,available,graph route published 10601 non-null 'value' values in the 90-day window,10601,1008,2026-06-08,2026-09-06,True,False,200,2026-09-07T15:15:42.434178Z,recordings/boundary_1373272_both_products.recording.json
12480,คลองนางน้อย,คลองนางน้อย,Hydro – Informatics Institute (Public Organization),Peninsula - West Coast Basin,discharge_reported,discharge,empty_in_tested_window,graph route answered with a complete time grid carrying no non-null 'discharge' value in the 90-day window; the source states nothing about support,0,1008,2026-06-08,2026-09-06,True,False,200,2026-09-07T15:15:43.851982Z,recordings/boundary_11688546_empty_90d.recording.json
12480,คลองนางน้อย,คลองนางน้อย,Hydro – Informatics Institute (Public Organization),Peninsula - West Coast Basin,stage_reported,value,available,graph route published 11818 non-null 'value' values in the 90-day window,11818,1008,2026-06-08,2026-09-06,True,False,200,2026-09-07T15:15:43.851982Z,recordings/boundary_1373272_both_products.recording.json
12481,ละงู,คลองละงู,Hydro – Informatics Institute (Public Organization),Peninsula - West Coast Basin,discharge_reported,discharge,empty_in_tested_window,graph route answered with a complete time grid carrying no non-null 'discharge' value in the 90-day window; the source states nothing about support,0,1008,2026-06-08,2026-09-06,True,False,200,2026-09-07T15:15:45.354713Z,recordings/boundary_11688546_empty_90d.recording.json
12481,ละงู,คลองละงู,Hydro – Informatics Institute (Public Organization),Peninsula - West Coast Basin,stage_reported,value,available,graph route published 13051 non-null 'value' values in the 90-day window,13051,1008,2026-06-08,2026-09-06,True,False,200,2026-09-07T15:15:45.354713Z,recordings/boundary_1373272_both_products.recording.json
12483,ถ้ำพรรณรา,แม่น้ำตาปี,Hydro – Informatics Institute (Public Organization),Peninsula - Upper East Coast Basin,discharge_reported,discharge,empty_in_tested_window,graph route answered with a complete time grid carrying no non-null 'discharge' value in the 90-day window; the source states nothing about support,0,1008,2026-06-08,2026-09-06,True,False,200,2026-09-07T15:15:46.833018Z,recordings/boundary_11688546_empty_90d.recording.json
12483,ถ้ำพรรณรา,แม่น้ำตาปี,Hydro – Informatics Institute (Public Organization),Peninsula - Upper East Coast Basin,stage_reported,value,available,graph route published 8404 non-null 'value' values in the 90-day window,8404,1008,2026-06-08,2026-09-06,True,False,200,2026-09-07T15:15:46.833018Z,recordings/boundary_1373272_both_products.recording.json
12484,พระแสง,คลองอิปัน,Hydro – Informatics Institute (Public Organization),Peninsula - Upper East Coast Basin,discharge_reported,discharge,empty_in_tested_window,graph route answered with a complete time grid carrying no non-null 'discharge' value in the 90-day window; the source states nothing about support,0,1008,2026-06-08,2026-09-06,True,False,200,2026-09-07T15:15:48.304521Z,recordings/boundary_11688546_empty_90d.recording.json
12484,พระแสง,คลองอิปัน,Hydro – Informatics Institute (Public Organization),Peninsula - Upper East Coast Basin,stage_reported,value,available,graph route published 12836 non-null 'value' values in the 90-day window,12836,1008,2026-06-08,2026-09-06,True,False,200,2026-09-07T15:15:48.304521Z,recordings/boundary_1373272_both_products.recording.json
12485,ทุ่งใหญ่,คลองสินปุน,Hydro – Informatics Institute (Public Organization),Peninsula - Upper East Coast Basin,discharge_reported,discharge,empty_in_tested_window,graph route answered with a complete time grid carrying no non-null 'discharge' value in the 90-day window; the source states nothing about support,0,1008,2026-06-08,2026-09-06,False,False,200,2026-09-07T15:15:49.792120Z,recordings/boundary_11688546_empty_90d.recording.json
12485,ทุ่งใหญ่,คลองสินปุน,Hydro – Informatics Institute (Public Organization),Peninsula - Upper East Coast Basin,stage_reported,value,available,graph route published 9429 non-null 'value' values in the 90-day window,9429,1008,2026-06-08,2026-09-06,False,False,200,2026-09-07T15:15:49.792120Z,recordings/boundary_1373272_both_products.recording.json
128,แก่งหางแมว,คลองโตนด,Hydro – Informatics Institute (Public Organization),East Coast Gulf Basin,discharge_reported,discharge,empty_in_tested_window,graph route answered with a complete time grid carrying no non-null 'discharge' value in the 90-day window; the source states nothing about support,0,1008,2026-06-08,2026-09-06,True,False,200,2026-09-07T15:15:51.338280Z,recordings/boundary_11688546_empty_90d.recording.json
128,แก่งหางแมว,คลองโตนด,Hydro – Informatics Institute (Public Organization),East Coast Gulf Basin,stage_reported,value,available,graph route published 12447 non-null 'value' values in the 90-day window,12447,1008,2026-06-08,2026-09-06,True,False,200,2026-09-07T15:15:51.338280Z,recordings/boundary_1373272_both_products.recording.json
131,นายายอาม,คลองวังโตนด,Hydro – Informatics Institute (Public Organization),East Coast Gulf Basin,discharge_reported,discharge,empty_in_tested_window,graph route answered with a complete time grid carrying no non-null 'discharge' value in the 90-day window; the source states nothing about support,0,1008,2026-06-08,2026-09-06,True,False,200,2026-09-07T15:15:52.869382Z,recordings/boundary_11688546_empty_90d.recording.json
131,นายายอาม,คลองวังโตนด,Hydro – Informatics Institute (Public Organization),East Coast Gulf Basin,stage_reported,value,available,graph route published 12990 non-null 'value' values in the 90-day window,12990,1008,2026-06-08,2026-09-06,True,False,200,2026-09-07T15:15:52.869382Z,recordings/boundary_1373272_both_products.recording.json
136,วังกระแจะ,แม่น้ำตราด,Hydro – Informatics Institute (Public Organization),East Coast Gulf Basin,discharge_reported,discharge,empty_in_tested_window,graph route answered with a complete time grid carrying no non-null 'discharge' value in the 90-day window; the source states nothing about support,0,1008,2026-06-08,2026-09-06,True,False,200,2026-09-07T15:15:54.266032Z,recordings/boundary_11688546_empty_90d.recording.json
136,วังกระแจะ,แม่น้ำตราด,Hydro – Informatics Institute (Public Organization),East Coast Gulf Basin,stage_reported,value,available,graph route published 13059 non-null 'value' values in the 90-day window,13059,1008,2026-06-08,2026-09-06,True,False,200,2026-09-07T15:15:54.266032Z,recordings/boundary_1373272_both_products.recording.json
137,เมืองตราด,แม่น้ำเขาสมิง,Hydro – Informatics Institute (Public Organization),East Coast Gulf Basin,discharge_reported,discharge,empty_in_tested_window,graph route answered with a complete time grid carrying no non-null 'discharge' value in the 90-day window; the source states nothing about support,0,1008,2026-06-08,2026-09-06,True,False,200,2026-09-07T15:15:55.770087Z,recordings/boundary_11688546_empty_90d.recording.json
137,เมืองตราด,แม่น้ำเขาสมิง,Hydro – Informatics Institute (Public Organization),East Coast Gulf Basin,stage_reported,value,available,graph route published 13056 non-null 'value' values in the 90-day window,13056,1008,2026-06-08,2026-09-06,True,False,200,2026-09-07T15:15:55.770087Z,recordings/boundary_1373272_both_products.recording.json
1373272,สะพานอนุสรณ์ 100 ปีสิงห์หบุรี (สะพานหลวงพ่อแพ 89),,Hydro – Informatics Institute (Public Organization),Chao Phraya Basin,discharge_reported,discharge,available,graph route published 1002 non-null 'discharge' values in the 7-day window,1002,1008,2026-08-31,2026-09-06,True,True,200,2026-09-07T15:15:57.232047Z,recordings/boundary_1373272_both_products.recording.json
1373272,สะพานอนุสรณ์ 100 ปีสิงห์หบุรี (สะพานหลวงพ่อแพ 89),,Hydro – Informatics Institute (Public Organization),Chao Phraya Basin,stage_reported,value,available,graph route published 1003 non-null 'value' values in the 7-day window,1003,1008,2026-08-31,2026-09-06,True,True,200,2026-09-07T15:15:57.232047Z,recordings/boundary_1373272_both_products.recording.json
1373273,สะพานค่ายบางระจัน,,Hydro – Informatics Institute (Public Organization),Chao Phraya Basin,discharge_reported,discharge,available,graph route published 1001 non-null 'discharge' values in the 7-day window,1001,1008,2026-08-31,2026-09-06,True,True,200,2026-09-07T15:15:58.729241Z,recordings/boundary_1373272_both_products.recording.json
1373273,สะพานค่ายบางระจัน,,Hydro – Informatics Institute (Public Organization),Chao Phraya Basin,stage_reported,value,available,graph route published 1002 non-null 'value' values in the 7-day window,1002,1008,2026-08-31,2026-09-06,True,True,200,2026-09-07T15:15:58.729241Z,recordings/boundary_1373272_both_products.recording.json
1373274,สะพานคลองส่งน้ำชลประทาน บ้านตลาดใหม่,,Hydro – Informatics Institute (Public Organization),Chao Phraya Basin,discharge_reported,discharge,available,graph route published 997 non-null 'discharge' values in the 7-day window,997,1008,2026-08-31,2026-09-06,True,True,200,2026-09-07T15:16:00.542499Z,recordings/boundary_1373272_both_products.recording.json
1373274,สะพานคลองส่งน้ำชลประทาน บ้านตลาดใหม่,,Hydro – Informatics Institute (Public Organization),Chao Phraya Basin,stage_reported,value,available,graph route published 998 non-null 'value' values in the 7-day window,998,1008,2026-08-31,2026-09-06,True,True,200,2026-09-07T15:16:00.542499Z,recordings/boundary_1373272_both_products.recording.json
1373275,สะพานป่าโมก,,Hydro – Informatics Institute (Public Organization),Chao Phraya Basin,discharge_reported,discharge,empty_in_tested_window,graph route answered with a complete time grid carrying no non-null 'discharge' value in the 90-day window; the source states nothing about support,0,1008,2026-06-08,2026-09-06,True,False,200,2026-09-07T15:16:02.166659Z,recordings/boundary_11688546_empty_90d.recording.json
1373275,สะพานป่าโมก,,Hydro – Informatics Institute (Public Organization),Chao Phraya Basin,stage_reported,value,available,graph route published 13017 non-null 'value' values in the 90-day window,13017,1008,2026-06-08,2026-09-06,True,False,200,2026-09-07T15:16:02.166659Z,recordings/boundary_1373272_both_products.recording.json
1373277,สะพานคลองส่งน้ำชลประทาน บ้านสร่างโศก,,Hydro – Informatics Institute (Public Organization),Pasak Basin,discharge_reported,discharge,available,graph route published 1001 non-null 'discharge' values in the 7-day window,1001,1008,2026-08-31,2026-09-06,True,True,200,2026-09-07T15:16:03.855157Z,recordings/boundary_1373272_both_products.recording.json
1373277,สะพานคลองส่งน้ำชลประทาน บ้านสร่างโศก,,Hydro – Informatics Institute (Public Organization),Pasak Basin,stage_reported,value,available,graph route published 1002 non-null 'value' values in the 7-day window,1002,1008,2026-08-31,2026-09-06,True,True,200,2026-09-07T15:16:03.855157Z,recordings/boundary_1373272_both_products.recording.json
1373278,สะพานแมน้ำปาสัก บ้านนาโฉง,,Hydro – Informatics Institute (Public Organization),Pasak Basin,discharge_reported,discharge,available,graph route published 987 non-null 'discharge' values in the 7-day window,987,1008,2026-08-31,2026-09-06,True,True,200,2026-09-07T15:16:05.683695Z,recordings/boundary_1373272_both_products.recording.json
1373278,สะพานแมน้ำปาสัก บ้านนาโฉง,,Hydro – Informatics Institute (Public Organization),Pasak Basin,stage_reported,value,available,graph route published 988 non-null 'value' values in the 7-day window,988,1008,2026-08-31,2026-09-06,True,True,200,2026-09-07T15:16:05.683695Z,recordings/boundary_1373272_both_products.recording.json
1373689,สะพานคลองปากแตระ ชุมชนทะเลสาบสงขลา,,Hydro – Informatics Institute (Public Organization),Thale Sap Songkhla Basin,discharge_reported,discharge,empty_in_tested_window,graph route answered with a complete time grid carrying no non-null 'discharge' value in the 90-day window; the source states nothing about support,0,1008,2026-06-08,2026-09-06,True,False,200,2026-09-07T15:16:07.411185Z,recordings/boundary_11688546_empty_90d.recording.json
1373689,สะพานคลองปากแตระ ชุมชนทะเลสาบสงขลา,,Hydro – Informatics Institute (Public Organization),Thale Sap Songkhla Basin,stage_reported,value,available,graph route published 13007 non-null 'value' values in the 90-day window,13007,1008,2026-06-08,2026-09-06,True,False,200,2026-09-07T15:16:07.411185Z,recordings/boundary_1373272_both_products.recording.json
1373690, สะพานข้ามคลองโคน,,Hydro – Informatics Institute (Public Organization),Phetchaburi - Prachuap Khiri Khan Basin,discharge_reported,discharge,empty_in_tested_window,graph route answered with a complete time grid carrying no non-null 'discharge' value in the 90-day window; the source states nothing about support,0,1008,2026-06-08,2026-09-06,True,False,200,2026-09-07T15:16:09.173287Z,recordings/boundary_11688546_empty_90d.recording.json
1373690, สะพานข้ามคลองโคน,,Hydro – Informatics Institute (Public Organization),Phetchaburi - Prachuap Khiri Khan Basin,stage_reported,value,available,graph route published 13035 non-null 'value' values in the 90-day window,13035,1008,2026-06-08,2026-09-06,True,False,200,2026-09-07T15:16:09.173287Z,recordings/boundary_1373272_both_products.recording.json
1373691,สะพานนางพระยา-บางหลวง ชุมชนปากนคร,,Hydro – Informatics Institute (Public Organization),Peninsula - Upper East Coast Basin,discharge_reported,discharge,empty_in_tested_window,graph route answered with a complete time grid carrying no non-null 'discharge' value in the 90-day window; the source states nothing about support,0,1008,2026-06-08,2026-09-06,True,False,200,2026-09-07T15:16:10.806465Z,recordings/boundary_11688546_empty_90d.recording.json
1373691,สะพานนางพระยา-บางหลวง ชุมชนปากนคร,,Hydro – Informatics Institute (Public Organization),Peninsula - Upper East Coast Basin,stage_reported,value,available,graph route published 13053 non-null 'value' values in the 90-day window,13053,1008,2026-06-08,2026-09-06,True,False,200,2026-09-07T15:16:10.806465Z,recordings/boundary_1373272_both_products.recording.json
1373692,สะพานคลองปากกิ่ว ชุมชนบ้านหาดสมบูรณ์,,Hydro – Informatics Institute (Public Organization),Peninsula - Upper East Coast Basin,discharge_reported,discharge,empty_in_tested_window,graph route answered with a complete time grid carrying no non-null 'discharge' value in the 90-day window; the source states nothing about support,0,1008,2026-06-08,2026-09-06,True,False,200,2026-09-07T15:16:12.476201Z,recordings/boundary_11688546_empty_90d.recording.json
1373692,สะพานคลองปากกิ่ว ชุมชนบ้านหาดสมบูรณ์,,Hydro – Informatics Institute (Public Organization),Peninsula - Upper East Coast Basin,stage_reported,value,available,graph route published 13003 non-null 'value' values in the 90-day window,13003,1008,2026-06-08,2026-09-06,True,False,200,2026-09-07T15:16:12.476201Z,recordings/boundary_1373272_both_products.recording.json
138,ห้วยแร้ง,คลองห้วยแร้ง,Hydro – Informatics Institute (Public Organization),East Coast Gulf Basin,discharge_reported,discharge,empty_in_tested_window,graph route answered with a complete time grid carrying no non-null 'discharge' value in the 90-day window; the source states nothing about support,0,1008,2026-06-08,2026-09-06,True,False,200,2026-09-07T15:16:14.245696Z,recordings/boundary_11688546_empty_90d.recording.json
138,ห้วยแร้ง,คลองห้วยแร้ง,Hydro – Informatics Institute (Public Organization),East Coast Gulf Basin,stage_reported,value,available,graph route published 12899 non-null 'value' values in the 90-day window,12899,1008,2026-06-08,2026-09-06,True,False,200,2026-09-07T15:16:14.245696Z,recordings/boundary_1373272_both_products.recording.json
13892,ฝายคลองท่าเลา,คลองท่าเลา,Hydro – Informatics Institute (Public Organization),Peninsula - West Coast Basin,discharge_reported,discharge,empty_in_tested_window,graph route answered with a complete time grid carrying no non-null 'discharge' value in the 90-day window; the source states nothing about support,0,1008,2026-06-08,2026-09-06,True,False,200,2026-09-07T15:16:16.079949Z,recordings/boundary_11688546_empty_90d.recording.json
13892,ฝายคลองท่าเลา,คลองท่าเลา,Hydro – Informatics Institute (Public Organization),Peninsula - West Coast Basin,stage_reported,value,available,graph route published 4157 non-null 'value' values in the 90-day window,4157,1008,2026-06-08,2026-09-06,True,False,200,2026-09-07T15:16:16.079949Z,recordings/boundary_1373272_both_products.recording.json
13906,วังวิเศษ,คลองยวนปลา,Hydro – Informatics Institute (Public Organization),Peninsula - West Coast Basin,discharge_reported,discharge,empty_in_tested_window,graph route answered with a complete time grid carrying no non-null 'discharge' value in the 90-day window; the source states nothing about support,0,1008,2026-06-08,2026-09-06,True,False,200,2026-09-07T15:16:17.804124Z,recordings/boundary_11688546_empty_90d.recording.json
13906,วังวิเศษ,คลองยวนปลา,Hydro – Informatics Institute (Public Organization),Peninsula - West Coast Basin,stage_reported,value,available,graph route published 12931 non-null 'value' values in the 90-day window,12931,1008,2026-06-08,2026-09-06,True,False,200,2026-09-07T15:16:17.804124Z,recordings/boundary_1373272_both_products.recording.json
1394793,สะพานน้ำชี,,Friend in Need (of “Pa”) Volunteers Foundation,Chi Basin Basin,discharge_reported,discharge,empty_in_tested_window,graph route answered with a complete time grid carrying no non-null 'discharge' value in the 90-day window; the source states nothing about support,0,1008,2026-06-08,2026-09-06,True,False,200,2026-09-07T15:16:19.474152Z,recordings/boundary_11688546_empty_90d.recording.json
1394793,สะพานน้ำชี,,Friend in Need (of “Pa”) Volunteers Foundation,Chi Basin Basin,stage_reported,value,available,graph route published 12702 non-null 'value' values in the 90-day window,12702,1008,2026-06-08,2026-09-06,True,False,200,2026-09-07T15:16:19.474152Z,recordings/boundary_1373272_both_products.recording.json
1394808,สะพานน้ำลำตะคอง,,Friend in Need (of “Pa”) Volunteers Foundation,Mun Basin,discharge_reported,discharge,empty_in_tested_window,graph route answered with a complete time grid carrying no non-null 'discharge' value in the 90-day window; the source states nothing about support,0,1008,2026-06-08,2026-09-06,True,False,200,2026-09-07T15:16:21.204781Z,recordings/boundary_11688546_empty_90d.recording.json
1394808,สะพานน้ำลำตะคอง,,Friend in Need (of “Pa”) Volunteers Foundation,Mun Basin,stage_reported,value,available,graph route published 12739 non-null 'value' values in the 90-day window,12739,1008,2026-06-08,2026-09-06,True,False,200,2026-09-07T15:16:21.204781Z,recordings/boundary_1373272_both_products.recording.json
1394937,สะพานคลองสนธิ,,Friend in Need (of “Pa”) Volunteers Foundation,Pasak Basin,discharge_reported,discharge,empty_in_tested_window,graph route answered with a complete time grid carrying no non-null 'discharge' value in the 90-day window; the source states nothing about support,0,1008,2026-06-08,2026-09-06,True,False,200,2026-09-07T15:16:22.868187Z,recordings/boundary_11688546_empty_90d.recording.json
1394937,สะพานคลองสนธิ,,Friend in Need (of “Pa”) Volunteers Foundation,Pasak Basin,stage_reported,value,available,graph route published 12750 non-null 'value' values in the 90-day window,12750,1008,2026-06-08,2026-09-06,True,False,200,2026-09-07T15:16:22.868187Z,recordings/boundary_1373272_both_products.recording.json
1396856,สะพานคลองลำพญาธาร,,Friend in Need (of “Pa”) Volunteers Foundation,Bang Pakong Basin,discharge_reported,discharge,empty_in_tested_window,graph route answered with a complete time grid carrying no non-null 'discharge' value in the 90-day window; the source states nothing about support,0,1008,2026-06-08,2026-09-06,True,False,200,2026-09-07T15:16:24.578562Z,recordings/boundary_11688546_empty_90d.recording.json
1396856,สะพานคลองลำพญาธาร,,Friend in Need (of “Pa”) Volunteers Foundation,Bang Pakong Basin,stage_reported,value,available,graph route published 12673 non-null 'value' values in the 90-day window,12673,1008,2026-06-08,2026-09-06,True,False,200,2026-09-07T15:16:24.578562Z,recordings/boundary_1373272_both_products.recording.json
1396858,สะพานคลองนางรอง,,Friend in Need (of “Pa”) Volunteers Foundation,Bang Pakong Basin,discharge_reported,discharge,empty_in_tested_window,graph route answered with a complete time grid carrying no non-null 'discharge' value in the 90-day window; the source states nothing about support,0,1008,2026-06-08,2026-09-06,True,False,200,2026-09-07T15:16:26.243331Z,recordings/boundary_11688546_empty_90d.recording.json
1396858,สะพานคลองนางรอง,,Friend in Need (of “Pa”) Volunteers Foundation,Bang Pakong Basin,stage_reported,value,available,graph route published 11398 non-null 'value' values in the 90-day window,11398,1008,2026-06-08,2026-09-06,True,False,200,2026-09-07T15:16:26.243331Z,recordings/boundary_1373272_both_products.recording.json
1396860,สะพานคลองวังตะไคร้,,Friend in Need (of “Pa”) Volunteers Foundation,Bang Pakong Basin,discharge_reported,discharge,empty_in_tested_window,graph route answered with a complete time grid carrying no non-null 'discharge' value in the 90-day window; the source states nothing about support,0,1008,2026-06-08,2026-09-06,True,False,200,2026-09-07T15:16:27.864203Z,recordings/boundary_11688546_empty_90d.recording.json
1396860,สะพานคลองวังตะไคร้,,Friend in Need (of “Pa”) Volunteers Foundation,Bang Pakong Basin,stage_reported,value,available,graph route published 6126 non-null 'value' values in the 90-day window,6126,1008,2026-06-08,2026-09-06,True,False,200,2026-09-07T15:16:27.864203Z,recordings/boundary_1373272_both_products.recording.json
14,คลองทวีวัฒนา ท้ายปตร.ทวีวัฒนา,คลองทวีวัฒนา,Hydro – Informatics Institute (Public Organization),Chao Phraya Basin,discharge_reported,discharge,empty_in_tested_window,graph route answered with a complete time grid carrying no non-null 'discharge' value in the 90-day window; the source states nothing about support,0,1008,2026-06-08,2026-09-06,False,False,200,2026-09-07T15:16:29.447857Z,recordings/boundary_11688546_empty_90d.recording.json
14,คลองทวีวัฒนา ท้ายปตร.ทวีวัฒนา,คลองทวีวัฒนา,Hydro – Informatics Institute (Public Organization),Chao Phraya Basin,stage_reported,value,available,graph route published 10084 non-null 'value' values in the 90-day window,10084,1008,2026-06-08,2026-09-06,False,False,200,2026-09-07T15:16:29.447857Z,recordings/boundary_1373272_both_products.recording.json
1422294,แม่น้ำปิงที่ อ.สามเงา (P.12C),,Electricity Generating Authority of Thailand,Ping Basin,discharge_reported,discharge,empty_in_tested_window,graph route answered with a complete time grid carrying no non-null 'discharge' value in the 90-day window; the source states nothing about support,0,168,2026-06-08,2026-09-06,True,False,200,2026-09-07T15:16:30.582078Z,recordings/boundary_11688546_empty_90d.recording.json
1422294,แม่น้ำปิงที่ อ.สามเงา (P.12C),,Electricity Generating Authority of Thailand,Ping Basin,stage_reported,value,available,graph route published 1910 non-null 'value' values in the 90-day window,1910,168,2026-06-08,2026-09-06,True,False,200,2026-09-07T15:16:30.582078Z,recordings/boundary_1373272_both_products.recording.json
1422295,แม่น้ำปิงที่ อ.บ้านตาก,,Electricity Generating Authority of Thailand,Ping Basin,discharge_reported,discharge,empty_in_tested_window,graph route answered with a complete time grid carrying no non-null 'discharge' value in the 90-day window; the source states nothing about support,0,168,2026-06-08,2026-09-06,True,False,200,2026-09-07T15:16:31.661560Z,recordings/boundary_11688546_empty_90d.recording.json
1422295,แม่น้ำปิงที่ อ.บ้านตาก,,Electricity Generating Authority of Thailand,Ping Basin,stage_reported,value,available,graph route published 2123 non-null 'value' values in the 90-day window,2123,168,2026-06-08,2026-09-06,True,False,200,2026-09-07T15:16:31.661560Z,recordings/boundary_1373272_both_products.recording.json
1422296,ห้วยตากที่ อ.บ้านตาก,,Electricity Generating Authority of Thailand,Ping Basin,discharge_reported,discharge,empty_in_tested_window,graph route answered with a complete time grid carrying no non-null 'discharge' value in the 90-day window; the source states nothing about support,0,168,2026-06-08,2026-09-06,True,False,200,2026-09-07T15:16:32.774239Z,recordings/boundary_11688546_empty_90d.recording.json
1422296,ห้วยตากที่ อ.บ้านตาก,,Electricity Generating Authority of Thailand,Ping Basin,stage_reported,value,available,graph route published 673 non-null 'value' values in the 90-day window,673,168,2026-06-08,2026-09-06,True,False,200,2026-09-07T15:16:32.774239Z,recordings/boundary_1373272_both_products.recording.json
1422297,แม่น้ำปิงที่ อ.เมืองตาก (P.2A),,Electricity Generating Authority of Thailand,Ping Basin,discharge_reported,discharge,empty_in_tested_window,graph route answered with a complete time grid carrying no non-null 'discharge' value in the 90-day window; the source states nothing about support,0,168,2026-06-08,2026-09-06,True,False,200,2026-09-07T15:16:33.894766Z,recordings/boundary_11688546_empty_90d.recording.json
1422297,แม่น้ำปิงที่ อ.เมืองตาก (P.2A),,Electricity Generating Authority of Thailand,Ping Basin,stage_reported,value,available,graph route published 1998 non-null 'value' values in the 90-day window,1998,168,2026-06-08,2026-09-06,True,False,200,2026-09-07T15:16:33.894766Z,recordings/boundary_1373272_both_products.recording.json
1422298,ห้วยแม่ท้อที่ อ.เมืองตาก,,Electricity Generating Authority of Thailand,Ping Basin,discharge_reported,discharge,empty_in_tested_window,graph route answered with a complete time grid carrying no non-null 'discharge' value in the 90-day window; the source states nothing about support,0,168,2026-06-08,2026-09-06,True,False,200,2026-09-07T15:16:35.010883Z,recordings/boundary_11688546_empty_90d.recording.json
1422298,ห้วยแม่ท้อที่ อ.เมืองตาก,,Electricity Generating Authority of Thailand,Ping Basin,stage_reported,value,available,graph route published 986 non-null 'value' values in the 90-day window,986,168,2026-06-08,2026-09-06,True,False,200,2026-09-07T15:16:35.010883Z,recordings/boundary_1373272_both_products.recording.json
1422301,แม่น้ำปิงที่ อ.คลองขลุง (P.15),,Electricity Generating Authority of Thailand,Ping Basin,discharge_reported,discharge,empty_in_tested_window,graph route answered with a complete time grid carrying no non-null 'discharge' value in the 90-day window; the source states nothing about support,0,168,2026-06-08,2026-09-06,True,False,200,2026-09-07T15:16:36.157000Z,recordings/boundary_11688546_empty_90d.recording.json
1422301,แม่น้ำปิงที่ อ.คลองขลุง (P.15),,Electricity Generating Authority of Thailand,Ping Basin,stage_reported,value,available,graph route published 2123 non-null 'value' values in the 90-day window,2123,168,2026-06-08,2026-09-06,True,False,200,2026-09-07T15:16:36.157000Z,recordings/boundary_1373272_both_products.recording.json
1422302,แม่น้ำวังที่ อ.เถิน (W.3A),,Electricity Generating Authority of Thailand,Wang Basin,discharge_reported,discharge,empty_in_tested_window,graph route answered with a complete time grid carrying no non-null 'discharge' value in the 90-day window; the source states nothing about support,0,168,2026-06-08,2026-09-06,True,False,200,2026-09-07T15:16:37.269032Z,recordings/boundary_11688546_empty_90d.recording.json
1422302,แม่น้ำวังที่ อ.เถิน (W.3A),,Electricity Generating Authority of Thailand,Wang Basin,stage_reported,value,available,graph route published 1013 non-null 'value' values in the 90-day window,1013,168,2026-06-08,2026-09-06,True,False,200,2026-09-07T15:16:37.269032Z,recordings/boundary_1373272_both_products.recording.json
1422303,แม่น้ำวังที่ อ.สามเงา (W.4A),,Electricity Generating Authority of Thailand,Wang Basin,discharge_reported,discharge,empty_in_tested_window,graph route answered with a complete time grid carrying no non-null 'discharge' value in the 90-day window; the source states nothing about support,0,168,2026-06-08,2026-09-06,True,False,200,2026-09-07T15:16:38.380126Z,recordings/boundary_11688546_empty_90d.recording.json
1422303,แม่น้ำวังที่ อ.สามเงา (W.4A),,Electricity Generating Authority of Thailand,Wang Basin,stage_reported,value,available,graph route published 2170 non-null 'value' values in the 90-day window,2170,168,2026-06-08,2026-09-06,True,False,200,2026-09-07T15:16:38.380126Z,recordings/boundary_1373272_both_products.recording.json
1422304,แม่น้ำปิงที่ อ.จอมทอง,,Electricity Generating Authority of Thailand,Ping Basin,discharge_reported,discharge,empty_in_tested_window,graph route answered with a complete time grid carrying no non-null 'discharge' value in the 90-day window; the source states nothing about support,0,168,2026-06-08,2026-09-06,True,False,200,2026-09-07T15:16:39.505449Z,recordings/boundary_11688546_empty_90d.recording.json
1422304,แม่น้ำปิงที่ อ.จอมทอง,,Electricity Generating Authority of Thailand,Ping Basin,stage_reported,value,available,graph route published 2170 non-null 'value' values in the 90-day window,2170,168,2026-06-08,2026-09-06,True,False,200,2026-09-07T15:16:39.505449Z,recordings/boundary_1373272_both_products.recording.json
1422305,แม่น้ำปิงที่ อ.ฮอด,,Electricity Generating Authority of Thailand,Ping Basin,discharge_reported,discharge,empty_in_tested_window,graph route answered with a complete time grid carrying no non-null 'discharge' value in the 90-day window; the source states nothing about support,0,168,2026-06-08,2026-09-06,True,False,200,2026-09-07T15:16:40.595014Z,recordings/boundary_11688546_empty_90d.recording.json
1422305,แม่น้ำปิงที่ อ.ฮอด,,Electricity Generating Authority of Thailand,Ping Basin,stage_reported,value,available,graph route published 1087 non-null 'value' values in the 90-day window,1087,168,2026-06-08,2026-09-06,True,False,200,2026-09-07T15:16:40.595014Z,recordings/boundary_1373272_both_products.recording.json
1422307,ห้วยแม่ตื่นที่ อ.อมก๋อย,,Electricity Generating Authority of Thailand,Ping Basin,discharge_reported,discharge,empty_in_tested_window,graph route answered with a complete time grid carrying no non-null 'discharge' value in the 90-day window; the source states nothing about support,0,168,2026-06-08,2026-09-06,True,False,200,2026-09-07T15:16:41.653141Z,recordings/boundary_11688546_empty_90d.recording.json
1422307,ห้วยแม่ตื่นที่ อ.อมก๋อย,,Electricity Generating Authority of Thailand,Ping Basin,stage_reported,value,available,graph route published 2071 non-null 'value' values in the 90-day window,2071,168,2026-06-08,2026-09-06,True,False,200,2026-09-07T15:16:41.653141Z,recordings/boundary_1373272_both_products.recording.json
1422361,สะพานคลองแสง อ.บ้านตาขุน,,Electricity Generating Authority of Thailand,Peninsula - Upper East Coast Basin,discharge_reported,discharge,empty_in_tested_window,graph route answered with a complete time grid carrying no non-null 'discharge' value in the 90-day window; the source states nothing about support,0,168,2026-06-08,2026-09-06,True,False,200,2026-09-07T15:16:42.716083Z,recordings/boundary_11688546_empty_90d.recording.json
1422361,สะพานคลองแสง อ.บ้านตาขุน,,Electricity Generating Authority of Thailand,Peninsula - Upper East Coast Basin,stage_reported,value,available,graph route published 2151 non-null 'value' values in the 90-day window,2151,168,2026-06-08,2026-09-06,True,False,200,2026-09-07T15:16:42.716083Z,recordings/boundary_1373272_both_products.recording.json
1422364,สะพานเชี่ยวไทร อ.พนม,,Electricity Generating Authority of Thailand,Peninsula - Upper East Coast Basin,discharge_reported,discharge,empty_in_tested_window,graph route answered with a complete time grid carrying no non-null 'discharge' value in the 90-day window; the source states nothing about support,0,168,2026-06-08,2026-09-06,True,False,200,2026-09-07T15:16:43.785980Z,recordings/boundary_11688546_empty_90d.recording.json
1422364,สะพานเชี่ยวไทร อ.พนม,,Electricity Generating Authority of Thailand,Peninsula - Upper East Coast Basin,stage_reported,value,available,graph route published 2148 non-null 'value' values in the 90-day window,2148,168,2026-06-08,2026-09-06,True,False,200,2026-09-07T15:16:43.785980Z,recordings/boundary_1373272_both_products.recording.json
1422365,สะพานพุมดวง (วัดตาขุน) อ.บ้านตาขุน,,Electricity Generating Authority of Thailand,Peninsula - Upper East Coast Basin,discharge_reported,discharge,empty_in_tested_window,graph route answered with a complete time grid carrying no non-null 'discharge' value in the 90-day window; the source states nothing about support,0,168,2026-06-08,2026-09-06,True,False,200,2026-09-07T15:16:44.905209Z,recordings/boundary_11688546_empty_90d.recording.json
1422365,สะพานพุมดวง (วัดตาขุน) อ.บ้านตาขุน,,Electricity Generating Authority of Thailand,Peninsula - Upper East Coast Basin,stage_reported,value,available,graph route published 2150 non-null 'value' values in the 90-day window,2150,168,2026-06-08,2026-09-06,True,False,200,2026-09-07T15:16:44.905209Z,recordings/boundary_1373272_both_products.recording.json
1422366,สะพานท่าขนอน (วัดปราการ)อ.คีรีรัฐนิคม (X.36),,Electricity Generating Authority of Thailand,Peninsula - Upper East Coast Basin,discharge_reported,discharge,empty_in_tested_window,graph route answered with a complete time grid carrying no non-null 'discharge' value in the 90-day window; the source states nothing about support,0,168,2026-06-08,2026-09-06,True,False,200,2026-09-07T15:16:46.002165Z,recordings/boundary_11688546_empty_90d.recording.json
1422366,สะพานท่าขนอน (วัดปราการ)อ.คีรีรัฐนิคม (X.36),,Electricity Generating Authority of Thailand,Peninsula - Upper East Coast Basin,stage_reported,value,available,graph route published 2149 non-null 'value' values in the 90-day window,2149,168,2026-06-08,2026-09-06,True,False,200,2026-09-07T15:16:46.002165Z,recordings/boundary_1373272_both_products.recording.json
1422367,สะพานสิริกฤตานุกุล์ (บ้านท่านหญิง)อ.วิภาวดี ,,Electricity Generating Authority of Thailand,Peninsula - Upper East Coast Basin,discharge_reported,discharge,empty_in_tested_window,graph route answered with a complete time grid carrying no non-null 'discharge' value in the 90-day window; the source states nothing about support,0,168,2026-06-08,2026-09-06,True,False,200,2026-09-07T15:16:47.068895Z,recordings/boundary_11688546_empty_90d.recording.json
1422367,สะพานสิริกฤตานุกุล์ (บ้านท่านหญิง)อ.วิภาวดี ,,Electricity Generating Authority of Thailand,Peninsula - Upper East Coast Basin,stage_reported,value,available,graph route published 2123 non-null 'value' values in the 90-day window,2123,168,2026-06-08,2026-09-06,True,False,200,2026-09-07T15:16:47.068895Z,recordings/boundary_1373272_both_products.recording.json
1422368,สะพานบ้านปากคู่(วัดนิลาราม)อ.คีรีรัฐนิคม ท. 220903,,Electricity Generating Authority of Thailand,Peninsula - Upper East Coast Basin,discharge_reported,discharge,empty_in_tested_window,graph route answered with a complete time grid carrying no non-null 'discharge' value in the 90-day window; the source states nothing about support,0,168,2026-06-08,2026-09-06,True,False,200,2026-09-07T15:16:48.189177Z,recordings/boundary_11688546_empty_90d.recording.json
1422368,สะพานบ้านปากคู่(วัดนิลาราม)อ.คีรีรัฐนิคม ท. 220903,,Electricity Generating Authority of Thailand,Peninsula - Upper East Coast Basin,stage_reported,value,available,graph route published 2150 non-null 'value' values in the 90-day window,2150,168,2026-06-08,2026-09-06,True,False,200,2026-09-07T15:16:48.189177Z,recordings/boundary_1373272_both_products.recording.json
1422369,สะพานท่าผาก อ.พุนพิน จ.สุราษฎร์ธานี,,Electricity Generating Authority of Thailand,Peninsula - Upper East Coast Basin,discharge_reported,discharge,empty_in_tested_window,graph route answered with a complete time grid carrying no non-null 'discharge' value in the 90-day window; the source states nothing about support,0,168,2026-06-08,2026-09-06,True,False,200,2026-09-07T15:16:49.306364Z,recordings/boundary_11688546_empty_90d.recording.json
1422369,สะพานท่าผาก อ.พุนพิน จ.สุราษฎร์ธานี,,Electricity Generating Authority of Thailand,Peninsula - Upper East Coast Basin,stage_reported,value,available,graph route published 2054 non-null 'value' values in the 90-day window,2054,168,2026-06-08,2026-09-06,True,False,200,2026-09-07T15:16:49.306364Z,recordings/boundary_1373272_both_products.recording.json
1422371,สะพานอิปัน อ.พระแสง (X.37A),,Electricity Generating Authority of Thailand,Peninsula - Upper East Coast Basin,discharge_reported,discharge,empty_in_tested_window,graph route answered with a complete time grid carrying no non-null 'discharge' value in the 90-day window; the source states nothing about support,0,168,2026-06-08,2026-09-06,True,False,200,2026-09-07T15:16:50.376933Z,recordings/boundary_11688546_empty_90d.recording.json
1422371,สะพานอิปัน อ.พระแสง (X.37A),,Electricity Generating Authority of Thailand,Peninsula - Upper East Coast Basin,stage_reported,value,available,graph route published 2147 non-null 'value' values in the 90-day window,2147,168,2026-06-08,2026-09-06,True,False,200,2026-09-07T15:16:50.376933Z,recordings/boundary_1373272_both_products.recording.json
1422372,สะพานเคียนซา (ปาล์มพาราวุ้ด) อ.เคียนซา (X.217),,Electricity Generating Authority of Thailand,Peninsula - Upper East Coast Basin,discharge_reported,discharge,empty_in_tested_window,graph route answered with a complete time grid carrying no non-null 'discharge' value in the 90-day window; the source states nothing about support,0,168,2026-06-08,2026-09-06,True,False,200,2026-09-07T15:16:51.494608Z,recordings/boundary_11688546_empty_90d.recording.json
1422372,สะพานเคียนซา (ปาล์มพาราวุ้ด) อ.เคียนซา (X.217),,Electricity Generating Authority of Thailand,Peninsula - Upper East Coast Basin,stage_reported,value,available,graph route published 2150 non-null 'value' values in the 90-day window,2150,168,2026-06-08,2026-09-06,True,False,200,2026-09-07T15:16:51.494608Z,recordings/boundary_1373272_both_products.recording.json
1422373,สะพานบ้างอ้อ อ.พุนพิน,,Electricity Generating Authority of Thailand,Peninsula - Upper East Coast Basin,discharge_reported,discharge,empty_in_tested_window,graph route answered with a complete time grid carrying no non-null 'discharge' value in the 90-day window; the source states nothing about support,0,168,2026-06-08,2026-09-06,True,False,200,2026-09-07T15:16:52.616669Z,recordings/boundary_11688546_empty_90d.recording.json
1422373,สะพานบ้างอ้อ อ.พุนพิน,,Electricity Generating Authority of Thailand,Peninsula - Upper East Coast Basin,stage_reported,value,available,graph route published 2150 non-null 'value' values in the 90-day window,2150,168,2026-06-08,2026-09-06,True,False,200,2026-09-07T15:16:52.616669Z,recordings/boundary_1373272_both_products.recording.json
1422374,สะพานจุลจอมเกล้า อ.พุนพิน (X.5C),,Electricity Generating Authority of Thailand,Peninsula - Upper East Coast Basin,discharge_reported,discharge,empty_in_tested_window,graph route answered with a complete time grid carrying no non-null 'discharge' value in the 90-day window; the source states nothing about support,0,168,2026-06-08,2026-09-06,True,False,200,2026-09-07T15:16:53.735025Z,recordings/boundary_11688546_empty_90d.recording.json
1422374,สะพานจุลจอมเกล้า อ.พุนพิน (X.5C),,Electricity Generating Authority of Thailand,Peninsula - Upper East Coast Basin,stage_reported,value,available,graph route published 2150 non-null 'value' values in the 90-day window,2150,168,2026-06-08,2026-09-06,True,False,200,2026-09-07T15:16:53.735025Z,recordings/boundary_1373272_both_products.recording.json
1422375,วัดโชติการาม อ.เมืองสุราษฎร์ธานี,,Electricity Generating Authority of Thailand,Peninsula - Upper East Coast Basin,discharge_reported,discharge,empty_in_tested_window,graph route answered with a complete time grid carrying no non-null 'discharge' value in the 90-day window; the source states nothing about support,0,168,2026-06-08,2026-09-06,True,False,200,2026-09-07T15:16:54.857015Z,recordings/boundary_11688546_empty_90d.recording.json
1422375,วัดโชติการาม อ.เมืองสุราษฎร์ธานี,,Electricity Generating Authority of Thailand,Peninsula - Upper East Coast Basin,stage_reported,value,available,graph route published 2150 non-null 'value' values in the 90-day window,2150,168,2026-06-08,2026-09-06,True,False,200,2026-09-07T15:16:54.857015Z,recordings/boundary_1373272_both_products.recording.json
1475104,สะพานน้ำแม่ขาน,,Friend in Need (of “Pa”) Volunteers Foundation,Ping Basin,discharge_reported,discharge,empty_in_tested_window,graph route answered with a complete time grid carrying no non-null 'discharge' value in the 90-day window; the source states nothing about support,0,1008,2026-06-08,2026-09-06,True,False,200,2026-09-07T15:16:56.492295Z,recordings/boundary_11688546_empty_90d.recording.json
1475104,สะพานน้ำแม่ขาน,,Friend in Need (of “Pa”) Volunteers Foundation,Ping Basin,stage_reported,value,available,graph route published 4072 non-null 'value' values in the 90-day window,4072,1008,2026-06-08,2026-09-06,True,False,200,2026-09-07T15:16:56.492295Z,recordings/boundary_1373272_both_products.recording.json
1475106,สะพานน้ำแม่กลาง,,Friend in Need (of “Pa”) Volunteers Foundation,Ping Basin,discharge_reported,discharge,empty_in_tested_window,graph route answered with a complete time grid carrying no non-null 'discharge' value in the 90-day window; the source states nothing about support,0,1008,2026-06-08,2026-09-06,True,False,200,2026-09-07T15:16:58.131409Z,recordings/boundary_11688546_empty_90d.recording.json
1475106,สะพานน้ำแม่กลาง,,Friend in Need (of “Pa”) Volunteers Foundation,Ping Basin,stage_reported,value,available,graph route published 13022 non-null 'value' values in the 90-day window,13022,1008,2026-06-08,2026-09-06,True,False,200,2026-09-07T15:16:58.131409Z,recordings/boundary_1373272_both_products.recording.json
1475118,สะพานน้ำแม่งัด,,Friend in Need (of “Pa”) Volunteers Foundation,Ping Basin,discharge_reported,discharge,empty_in_tested_window,graph route answered with a complete time grid carrying no non-null 'discharge' value in the 90-day window; the source states nothing about support,0,1008,2026-06-08,2026-09-06,True,False,200,2026-09-07T15:16:59.823399Z,recordings/boundary_11688546_empty_90d.recording.json
1475118,สะพานน้ำแม่งัด,,Friend in Need (of “Pa”) Volunteers Foundation,Ping Basin,stage_reported,value,available,graph route published 13019 non-null 'value' values in the 90-day window,13019,1008,2026-06-08,2026-09-06,True,False,200,2026-09-07T15:16:59.823399Z,recordings/boundary_1373272_both_products.recording.json
1475120,สะพานน้ำแม่แตง,,Friend in Need (of “Pa”) Volunteers Foundation,Ping Basin,discharge_reported,discharge,empty_in_tested_window,graph route answered with a complete time grid carrying no non-null 'discharge' value in the 90-day window; the source states nothing about support,0,1008,2026-06-08,2026-09-06,True,False,200,2026-09-07T15:17:01.536581Z,recordings/boundary_11688546_empty_90d.recording.json
1475120,สะพานน้ำแม่แตง,,Friend in Need (of “Pa”) Volunteers Foundation,Ping Basin,stage_reported,value,available,graph route published 12111 non-null 'value' values in the 90-day window,12111,1008,2026-06-08,2026-09-06,True,False,200,2026-09-07T15:17:01.536581Z,recordings/boundary_1373272_both_products.recording.json
1475122,สะพานแม่น้ำปิง,,Friend in Need (of “Pa”) Volunteers Foundation,Ping Basin,discharge_reported,discharge,empty_in_tested_window,graph route answered with a complete time grid carrying no non-null 'discharge' value in the 90-day window; the source states nothing about support,0,1008,2026-06-08,2026-09-06,True,False,200,2026-09-07T15:17:03.164188Z,recordings/boundary_11688546_empty_90d.recording.json
1475122,สะพานแม่น้ำปิง,,Friend in Need (of “Pa”) Volunteers Foundation,Ping Basin,stage_reported,value,available,graph route published 13034 non-null 'value' values in the 90-day window,13034,1008,2026-06-08,2026-09-06,True,False,200,2026-09-07T15:17:03.164188Z,recordings/boundary_1373272_both_products.recording.json
1476456,สะพานน้ำคลองแม่สอย,,Friend in Need (of “Pa”) Volunteers Foundation,Wang Basin,discharge_reported,discharge,empty_in_tested_window,graph route answered with a complete time grid carrying no non-null 'discharge' value in the 90-day window; the source states nothing about support,0,1008,2026-06-08,2026-09-06,True,False,200,2026-09-07T15:17:04.902119Z,recordings/boundary_11688546_empty_90d.recording.json
1476456,สะพานน้ำคลองแม่สอย,,Friend in Need (of “Pa”) Volunteers Foundation,Wang Basin,stage_reported,value,available,graph route published 10015 non-null 'value' values in the 90-day window,10015,1008,2026-06-08,2026-09-06,True,False,200,2026-09-07T15:17:04.902119Z,recordings/boundary_1373272_both_products.recording.json
1476459,สะพานน้ำแม่ต๋ำ,,Friend in Need (of “Pa”) Volunteers Foundation,Wang Basin,discharge_reported,discharge,empty_in_tested_window,graph route answered with a complete time grid carrying no non-null 'discharge' value in the 90-day window; the source states nothing about support,0,1008,2026-06-08,2026-09-06,False,False,200,2026-09-07T15:17:06.527775Z,recordings/boundary_11688546_empty_90d.recording.json
1476459,สะพานน้ำแม่ต๋ำ,,Friend in Need (of “Pa”) Volunteers Foundation,Wang Basin,stage_reported,value,available,graph route published 8202 non-null 'value' values in the 90-day window,8202,1008,2026-06-08,2026-09-06,False,False,200,2026-09-07T15:17:06.527775Z,recordings/boundary_1373272_both_products.recording.json
1476461,สะพานพัฒนามิตรภาพแม่น้ำตุ๋ย,,Friend in Need (of “Pa”) Volunteers Foundation,Wang Basin,discharge_reported,discharge,empty_in_tested_window,graph route answered with a complete time grid carrying no non-null 'discharge' value in the 90-day window; the source states nothing about support,0,1008,2026-06-08,2026-09-06,True,False,200,2026-09-07T15:17:08.246401Z,recordings/boundary_11688546_empty_90d.recording.json
1476461,สะพานพัฒนามิตรภาพแม่น้ำตุ๋ย,,Friend in Need (of “Pa”) Volunteers Foundation,Wang Basin,stage_reported,value,available,graph route published 13021 non-null 'value' values in the 90-day window,13021,1008,2026-06-08,2026-09-06,True,False,200,2026-09-07T15:17:08.246401Z,recordings/boundary_1373272_both_products.recording.json
1481108,สะพานน้ำแม่คะ ,,Friend in Need (of “Pa”) Volunteers Foundation,Yom Basin,discharge_reported,discharge,empty_in_tested_window,graph route answered with a complete time grid carrying no non-null 'discharge' value in the 90-day window; the source states nothing about support,0,1008,2026-06-08,2026-09-06,True,False,200,2026-09-07T15:17:09.964924Z,recordings/boundary_11688546_empty_90d.recording.json
1481108,สะพานน้ำแม่คะ ,,Friend in Need (of “Pa”) Volunteers Foundation,Yom Basin,stage_reported,value,available,graph route published 12903 non-null 'value' values in the 90-day window,12903,1008,2026-06-08,2026-09-06,True,False,200,2026-09-07T15:17:09.964924Z,recordings/boundary_1373272_both_products.recording.json
1481122,สะพานน้ำงาว,,Friend in Need (of “Pa”) Volunteers Foundation,Yom Basin,discharge_reported,discharge,empty_in_tested_window,graph route answered with a complete time grid carrying no non-null 'discharge' value in the 90-day window; the source states nothing about support,0,1008,2026-06-08,2026-09-06,True,False,200,2026-09-07T15:17:11.559397Z,recordings/boundary_11688546_empty_90d.recording.json
1481122,สะพานน้ำงาว,,Friend in Need (of “Pa”) Volunteers Foundation,Yom Basin,stage_reported,value,available,graph route published 13026 non-null 'value' values in the 90-day window,13026,1008,2026-06-08,2026-09-06,True,False,200,2026-09-07T15:17:11.559397Z,recordings/boundary_1373272_both_products.recording.json
1481128,สะพานบ้านตึก,,Friend in Need (of “Pa”) Volunteers Foundation,Yom Basin,discharge_reported,discharge,empty_in_tested_window,graph route answered with a complete time grid carrying no non-null 'discharge' value in the 90-day window; the source states nothing about support,0,1008,2026-06-08,2026-09-06,True,False,200,2026-09-07T15:17:13.298447Z,recordings/boundary_11688546_empty_90d.recording.json
1481128,สะพานบ้านตึก,,Friend in Need (of “Pa”) Volunteers Foundation,Yom Basin,stage_reported,value,available,graph route published 13028 non-null 'value' values in the 90-day window,13028,1008,2026-06-08,2026-09-06,True,False,200,2026-09-07T15:17:13.298447Z,recordings/boundary_1373272_both_products.recording.json
1481146,สะพานน้ำแม่จั๊ว,,Friend in Need (of “Pa”) Volunteers Foundation,Yom Basin,discharge_reported,discharge,empty_in_tested_window,graph route answered with a complete time grid carrying no non-null 'discharge' value in the 90-day window; the source states nothing about support,0,1008,2026-06-08,2026-09-06,True,False,200,2026-09-07T15:17:14.844110Z,recordings/boundary_11688546_empty_90d.recording.json
1481146,สะพานน้ำแม่จั๊ว,,Friend in Need (of “Pa”) Volunteers Foundation,Yom Basin,stage_reported,value,available,graph route published 13025 non-null 'value' values in the 90-day window,13025,1008,2026-06-08,2026-09-06,True,False,200,2026-09-07T15:17:14.844110Z,recordings/boundary_1373272_both_products.recording.json
1481153,สะพานน้ำแม่สิน,,Friend in Need (of “Pa”) Volunteers Foundation,Yom Basin,discharge_reported,discharge,empty_in_tested_window,graph route answered with a complete time grid carrying no non-null 'discharge' value in the 90-day window; the source states nothing about support,0,1008,2026-06-08,2026-09-06,True,False,200,2026-09-07T15:17:16.383067Z,recordings/boundary_11688546_empty_90d.recording.json
1481153,สะพานน้ำแม่สิน,,Friend in Need (of “Pa”) Volunteers Foundation,Yom Basin,stage_reported,value,available,graph route published 13012 non-null 'value' values in the 90-day window,13012,1008,2026-06-08,2026-09-06,True,False,200,2026-09-07T15:17:16.383067Z,recordings/boundary_1373272_both_products.recording.json
1482445,สะพานน้ำปี้ เชียงม่วน,,Friend in Need (of “Pa”) Volunteers Foundation,Yom Basin,discharge_reported,discharge,empty_in_tested_window,graph route answered with a complete time grid carrying no non-null 'discharge' value in the 90-day window; the source states nothing about support,0,1008,2026-06-08,2026-09-06,True,False,200,2026-09-07T15:17:17.967863Z,recordings/boundary_11688546_empty_90d.recording.json
1482445,สะพานน้ำปี้ เชียงม่วน,,Friend in Need (of “Pa”) Volunteers Foundation,Yom Basin,stage_reported,value,available,graph route published 13013 non-null 'value' values in the 90-day window,13013,1008,2026-06-08,2026-09-06,True,False,200,2026-09-07T15:17:17.967863Z,recordings/boundary_1373272_both_products.recording.json
1483103,สะพานพญาอาทิตราช,,Friend in Need (of “Pa”) Volunteers Foundation,Ping Basin,discharge_reported,discharge,empty_in_tested_window,graph route answered with a complete time grid carrying no non-null 'discharge' value in the 90-day window; the source states nothing about support,0,1008,2026-06-08,2026-09-06,True,False,200,2026-09-07T15:17:19.610892Z,recordings/boundary_11688546_empty_90d.recording.json
1483103,สะพานพญาอาทิตราช,,Friend in Need (of “Pa”) Volunteers Foundation,Ping Basin,stage_reported,value,available,graph route published 12968 non-null 'value' values in the 90-day window,12968,1008,2026-06-08,2026-09-06,True,False,200,2026-09-07T15:17:19.610892Z,recordings/boundary_1373272_both_products.recording.json
1483111,สะพานคลองแม่มอญ,,Friend in Need (of “Pa”) Volunteers Foundation,Wang Basin,discharge_reported,discharge,empty_in_tested_window,graph route answered with a complete time grid carrying no non-null 'discharge' value in the 90-day window; the source states nothing about support,0,1008,2026-06-08,2026-09-06,True,False,200,2026-09-07T15:17:21.318664Z,recordings/boundary_11688546_empty_90d.recording.json
1483111,สะพานคลองแม่มอญ,,Friend in Need (of “Pa”) Volunteers Foundation,Wang Basin,stage_reported,value,available,graph route published 12902 non-null 'value' values in the 90-day window,12902,1008,2026-06-08,2026-09-06,True,False,200,2026-09-07T15:17:21.318664Z,recordings/boundary_1373272_both_products.recording.json
1483127,สะพานพระร่วงข้ามน้ำแควน้อย,,Friend in Need (of “Pa”) Volunteers Foundation,Nan Basin,discharge_reported,discharge,empty_in_tested_window,graph route answered with a complete time grid carrying no non-null 'discharge' value in the 90-day window; the source states nothing about support,0,1008,2026-06-08,2026-09-06,True,False,200,2026-09-07T15:17:23.029242Z,recordings/boundary_11688546_empty_90d.recording.json
1483127,สะพานพระร่วงข้ามน้ำแควน้อย,,Friend in Need (of “Pa”) Volunteers Foundation,Nan Basin,stage_reported,value,available,graph route published 13001 non-null 'value' values in the 90-day window,13001,1008,2026-06-08,2026-09-06,True,False,200,2026-09-07T15:17:23.029242Z,recordings/boundary_1373272_both_products.recording.json
1483131,สะพานน้ำเข็ก,,Friend in Need (of “Pa”) Volunteers Foundation,Nan Basin,discharge_reported,discharge,empty_in_tested_window,graph route answered with a complete time grid carrying no non-null 'discharge' value in the 90-day window; the source states nothing about support,0,1008,2026-06-08,2026-09-06,True,False,200,2026-09-07T15:17:24.571280Z,recordings/boundary_11688546_empty_90d.recording.json
1483131,สะพานน้ำเข็ก,,Friend in Need (of “Pa”) Volunteers Foundation,Nan Basin,stage_reported,value,available,graph route published 13023 non-null 'value' values in the 90-day window,13023,1008,2026-06-08,2026-09-06,True,False,200,2026-09-07T15:17:24.571280Z,recordings/boundary_1373272_both_products.recording.json
149,ปากคลองพระองค์เจ้าฯ (บางน้ำเปรี้ยว),คลองพระองค์เจ้าไชยานุชิต,Hydro – Informatics Institute (Public Organization),Bang Pakong Basin,discharge_reported,discharge,empty_in_tested_window,graph route answered with a complete time grid carrying no non-null 'discharge' value in the 90-day window; the source states nothing about support,0,1008,2026-06-08,2026-09-06,True,False,200,2026-09-07T15:17:26.288443Z,recordings/boundary_11688546_empty_90d.recording.json
149,ปากคลองพระองค์เจ้าฯ (บางน้ำเปรี้ยว),คลองพระองค์เจ้าไชยานุชิต,Hydro – Informatics Institute (Public Organization),Bang Pakong Basin,stage_reported,value,available,graph route published 13050 non-null 'value' values in the 90-day window,13050,1008,2026-06-08,2026-09-06,True,False,200,2026-09-07T15:17:26.288443Z,recordings/boundary_1373272_both_products.recording.json
151,บางน้ำเปรี้ยว,แม่น้ำบางปะกง,Hydro – Informatics Institute (Public Organization),Bang Pakong Basin,discharge_reported,discharge,empty_in_tested_window,graph route answered with a complete time grid carrying no non-null 'discharge' value in the 90-day window; the source states nothing about support,0,1008,2026-06-08,2026-09-06,True,False,200,2026-09-07T15:17:27.981674Z,recordings/boundary_11688546_empty_90d.recording.json
151,บางน้ำเปรี้ยว,แม่น้ำบางปะกง,Hydro – Informatics Institute (Public Organization),Bang Pakong Basin,stage_reported,value,available,graph route published 12405 non-null 'value' values in the 90-day window,12405,1008,2026-06-08,2026-09-06,True,False,200,2026-09-07T15:17:27.981674Z,recordings/boundary_1373272_both_products.recording.json
154,บางปะกง,แม่น้ำบางปะกง,Hydro – Informatics Institute (Public Organization),Bang Pakong Basin,discharge_reported,discharge,empty_in_tested_window,graph route answered with a complete time grid carrying no non-null 'discharge' value in the 90-day window; the source states nothing about support,0,1008,2026-06-08,2026-09-06,True,False,200,2026-09-07T15:17:29.688221Z,recordings/boundary_11688546_empty_90d.recording.json
154,บางปะกง,แม่น้ำบางปะกง,Hydro – Informatics Institute (Public Organization),Bang Pakong Basin,stage_reported,value,available,graph route published 13067 non-null 'value' values in the 90-day window,13067,1008,2026-06-08,2026-09-06,True,False,200,2026-09-07T15:17:29.688221Z,recordings/boundary_1373272_both_products.recording.json
1556820,สะพานน้ำแม่สรวย,,Friend in Need (of “Pa”) Volunteers Foundation,North Khong Basin,discharge_reported,discharge,empty_in_tested_window,graph route answered with a complete time grid carrying no non-null 'discharge' value in the 90-day window; the source states nothing about support,0,1008,2026-06-08,2026-09-06,True,False,200,2026-09-07T15:17:31.319545Z,recordings/boundary_11688546_empty_90d.recording.json
1556820,สะพานน้ำแม่สรวย,,Friend in Need (of “Pa”) Volunteers Foundation,North Khong Basin,stage_reported,value,available,graph route published 3945 non-null 'value' values in the 90-day window,3945,1008,2026-06-08,2026-09-06,True,False,200,2026-09-07T15:17:31.319545Z,recordings/boundary_1373272_both_products.recording.json
1556822,สะพานแม่ระมาด,,Friend in Need (of “Pa”) Volunteers Foundation,Salawin Basin,discharge_reported,discharge,empty_in_tested_window,graph route answered with a complete time grid carrying no non-null 'discharge' value in the 90-day window; the source states nothing about support,0,1008,2026-06-08,2026-09-06,True,False,200,2026-09-07T15:17:32.947754Z,recordings/boundary_11688546_empty_90d.recording.json
1556822,สะพานแม่ระมาด,,Friend in Need (of “Pa”) Volunteers Foundation,Salawin Basin,stage_reported,value,available,graph route published 13034 non-null 'value' values in the 90-day window,13034,1008,2026-06-08,2026-09-06,True,False,200,2026-09-07T15:17:32.947754Z,recordings/boundary_1373272_both_products.recording.json
156,พนมสารคาม,คลองท่าลาด,Hydro – Informatics Institute (Public Organization),Bang Pakong Basin,discharge_reported,discharge,empty_in_tested_window,graph route answered with a complete time grid carrying no non-null 'discharge' value in the 90-day window; the source states nothing about support,0,1008,2026-06-08,2026-09-06,True,False,200,2026-09-07T15:17:34.618476Z,recordings/boundary_11688546_empty_90d.recording.json
156,พนมสารคาม,คลองท่าลาด,Hydro – Informatics Institute (Public Organization),Bang Pakong Basin,stage_reported,value,available,graph route published 13061 non-null 'value' values in the 90-day window,13061,1008,2026-06-08,2026-09-06,True,False,200,2026-09-07T15:17:34.618476Z,recordings/boundary_1373272_both_products.recording.json
160,เมืองปราจีนบุรี,แม่น้ำบางปะกง,Hydro – Informatics Institute (Public Organization),Bang Pakong Basin,discharge_reported,discharge,empty_in_tested_window,graph route answered with a complete time grid carrying no non-null 'discharge' value in the 90-day window; the source states nothing about support,0,1008,2026-06-08,2026-09-06,True,False,200,2026-09-07T15:17:36.329418Z,recordings/boundary_11688546_empty_90d.recording.json
160,เมืองปราจีนบุรี,แม่น้ำบางปะกง,Hydro – Informatics Institute (Public Organization),Bang Pakong Basin,stage_reported,value,available,graph route published 2675 non-null 'value' values in the 90-day window,2675,1008,2026-06-08,2026-09-06,True,False,200,2026-09-07T15:17:36.329418Z,recordings/boundary_1373272_both_products.recording.json
162,กบินทร์บุรี,แม่น้ำบางปะกง,Hydro – Informatics Institute (Public Organization),Bang Pakong Basin,discharge_reported,discharge,empty_in_tested_window,graph route answered with a complete time grid carrying no non-null 'discharge' value in the 90-day window; the source states nothing about support,0,1008,2026-06-08,2026-09-06,True,False,200,2026-09-07T15:17:37.994056Z,recordings/boundary_11688546_empty_90d.recording.json
162,กบินทร์บุรี,แม่น้ำบางปะกง,Hydro – Informatics Institute (Public Organization),Bang Pakong Basin,stage_reported,value,available,graph route published 12899 non-null 'value' values in the 90-day window,12899,1008,2026-06-08,2026-09-06,True,False,200,2026-09-07T15:17:37.994056Z,recordings/boundary_1373272_both_products.recording.json
1645475,น้ำแม่งาว,,Hydro – Informatics Institute (Public Organization),Yom Basin,discharge_reported,discharge,empty_in_tested_window,graph route answered with a complete time grid carrying no non-null 'discharge' value in the 90-day window; the source states nothing about support,0,1008,2026-06-08,2026-09-06,True,False,200,2026-09-07T15:17:39.715104Z,recordings/boundary_11688546_empty_90d.recording.json
1645475,น้ำแม่งาว,,Hydro – Informatics Institute (Public Organization),Yom Basin,stage_reported,value,available,graph route published 13069 non-null 'value' values in the 90-day window,13069,1008,2026-06-08,2026-09-06,True,False,200,2026-09-07T15:17:39.715104Z,recordings/boundary_1373272_both_products.recording.json
165,นาดี,แควหนุมาน,Hydro – Informatics Institute (Public Organization),Bang Pakong Basin,discharge_reported,discharge,empty_in_tested_window,graph route answered with a complete time grid carrying no non-null 'discharge' value in the 90-day window; the source states nothing about support,0,1008,2026-06-08,2026-09-06,True,False,200,2026-09-07T15:17:41.424215Z,recordings/boundary_11688546_empty_90d.recording.json
165,นาดี,แควหนุมาน,Hydro – Informatics Institute (Public Organization),Bang Pakong Basin,stage_reported,value,available,graph route published 13025 non-null 'value' values in the 90-day window,13025,1008,2026-06-08,2026-09-06,True,False,200,2026-09-07T15:17:41.424215Z,recordings/boundary_1373272_both_products.recording.json
1677418,สะพานข้ามน้ำอิง (I.17),,Hydro – Informatics Institute (Public Organization),North Khong Basin,discharge_reported,discharge,empty_in_tested_window,graph route answered with a complete time grid carrying no non-null 'discharge' value in the 90-day window; the source states nothing about support,0,1008,2026-06-08,2026-09-06,True,False,200,2026-09-07T15:17:43.057755Z,recordings/boundary_11688546_empty_90d.recording.json
1677418,สะพานข้ามน้ำอิง (I.17),,Hydro – Informatics Institute (Public Organization),North Khong Basin,stage_reported,value,available,graph route published 12959 non-null 'value' values in the 90-day window,12959,1008,2026-06-08,2026-09-06,True,False,200,2026-09-07T15:17:43.057755Z,recordings/boundary_1373272_both_products.recording.json
1677419,สะพานคลองแม่ต๋ำ,,Hydro – Informatics Institute (Public Organization),North Khong Basin,discharge_reported,discharge,empty_in_tested_window,graph route answered with a complete time grid carrying no non-null 'discharge' value in the 90-day window; the source states nothing about support,0,1008,2026-06-08,2026-09-06,True,False,200,2026-09-07T15:17:44.785555Z,recordings/boundary_11688546_empty_90d.recording.json
1677419,สะพานคลองแม่ต๋ำ,,Hydro – Informatics Institute (Public Organization),North Khong Basin,stage_reported,value,available,graph route published 13068 non-null 'value' values in the 90-day window,13068,1008,2026-06-08,2026-09-06,True,False,200,2026-09-07T15:17:44.785555Z,recordings/boundary_1373272_both_products.recording.json
1677420,สะพานคลองแม่กาหลง (ม.พะเยา),,Hydro – Informatics Institute (Public Organization),North Khong Basin,discharge_reported,discharge,empty_in_tested_window,graph route answered with a complete time grid carrying no non-null 'discharge' value in the 90-day window; the source states nothing about support,0,1008,2026-06-08,2026-09-06,True,False,200,2026-09-07T15:17:46.524843Z,recordings/boundary_11688546_empty_90d.recording.json
1677420,สะพานคลองแม่กาหลง (ม.พะเยา),,Hydro – Informatics Institute (Public Organization),North Khong Basin,stage_reported,value,available,graph route published 13070 non-null 'value' values in the 90-day window,13070,1008,2026-06-08,2026-09-06,True,False,200,2026-09-07T15:17:46.524843Z,recordings/boundary_1373272_both_products.recording.json
169,ประจันตคาม (KGT7A),คลองอินทร์ไตร,Hydro – Informatics Institute (Public Organization),Bang Pakong Basin,discharge_reported,discharge,empty_in_tested_window,graph route answered with a complete time grid carrying no non-null 'discharge' value in the 90-day window; the source states nothing about support,0,1008,2026-06-08,2026-09-06,True,False,200,2026-09-07T15:17:48.225476Z,recordings/boundary_11688546_empty_90d.recording.json
169,ประจันตคาม (KGT7A),คลองอินทร์ไตร,Hydro – Informatics Institute (Public Organization),Bang Pakong Basin,stage_reported,value,available,graph route published 12474 non-null 'value' values in the 90-day window,12474,1008,2026-06-08,2026-09-06,True,False,200,2026-09-07T15:17:48.225476Z,recordings/boundary_1373272_both_products.recording.json
170,ศรีมหาโพธิ (KGT6),แม่น้ำบางปะกง,Hydro – Informatics Institute (Public Organization),Bang Pakong Basin,discharge_reported,discharge,empty_in_tested_window,graph route answered with a complete time grid carrying no non-null 'discharge' value in the 90-day window; the source states nothing about support,0,1008,2026-06-08,2026-09-06,True,False,200,2026-09-07T15:17:50.004977Z,recordings/boundary_11688546_empty_90d.recording.json
170,ศรีมหาโพธิ (KGT6),แม่น้ำบางปะกง,Hydro – Informatics Institute (Public Organization),Bang Pakong Basin,stage_reported,value,available,graph route published 12263 non-null 'value' values in the 90-day window,12263,1008,2026-06-08,2026-09-06,True,False,200,2026-09-07T15:17:50.004977Z,recordings/boundary_1373272_both_products.recording.json
175,สะพานเขานางบวช,แม่น้ำนครนายก,Hydro – Informatics Institute (Public Organization),Bang Pakong Basin,discharge_reported,discharge,empty_in_tested_window,graph route answered with a complete time grid carrying no non-null 'discharge' value in the 90-day window; the source states nothing about support,0,1008,2026-06-08,2026-09-06,True,False,200,2026-09-07T15:17:51.643317Z,recordings/boundary_11688546_empty_90d.recording.json
175,สะพานเขานางบวช,แม่น้ำนครนายก,Hydro – Informatics Institute (Public Organization),Bang Pakong Basin,stage_reported,value,available,graph route published 12898 non-null 'value' values in the 90-day window,12898,1008,2026-06-08,2026-09-06,True,False,200,2026-09-07T15:17:51.643317Z,recordings/boundary_1373272_both_products.recording.json
189,องครักษ์,แม่น้ำนครนายก,Hydro – Informatics Institute (Public Organization),Bang Pakong Basin,discharge_reported,discharge,empty_in_tested_window,graph route answered with a complete time grid carrying no non-null 'discharge' value in the 90-day window; the source states nothing about support,0,1008,2026-06-08,2026-09-06,True,False,200,2026-09-07T15:17:53.438842Z,recordings/boundary_11688546_empty_90d.recording.json
189,องครักษ์,แม่น้ำนครนายก,Hydro – Informatics Institute (Public Organization),Bang Pakong Basin,stage_reported,value,available,graph route published 12953 non-null 'value' values in the 90-day window,12953,1008,2026-06-08,2026-09-06,True,False,200,2026-09-07T15:17:53.438842Z,recordings/boundary_1373272_both_products.recording.json
190,คลองพระปรง,คลองพระปรง,Hydro – Informatics Institute (Public Organization),Bang Pakong Basin,discharge_reported,discharge,empty_in_tested_window,graph route answered with a complete time grid carrying no non-null 'discharge' value in the 90-day window; the source states nothing about support,0,1008,2026-06-08,2026-09-06,True,False,200,2026-09-07T15:17:55.117266Z,recordings/boundary_11688546_empty_90d.recording.json
190,คลองพระปรง,คลองพระปรง,Hydro – Informatics Institute (Public Organization),Bang Pakong Basin,stage_reported,value,available,graph route published 6238 non-null 'value' values in the 90-day window,6238,1008,2026-06-08,2026-09-06,True,False,200,2026-09-07T15:17:55.117266Z,recordings/boundary_1373272_both_products.recording.json
191,เมืองสระแก้ว,คลองพระสะทึง,Hydro – Informatics Institute (Public Organization),Bang Pakong Basin,discharge_reported,discharge,empty_in_tested_window,graph route answered with a complete time grid carrying no non-null 'discharge' value in the 90-day window; the source states nothing about support,0,1008,2026-06-08,2026-09-06,False,False,200,2026-09-07T15:17:56.776435Z,recordings/boundary_11688546_empty_90d.recording.json
191,เมืองสระแก้ว,คลองพระสะทึง,Hydro – Informatics Institute (Public Organization),Bang Pakong Basin,stage_reported,value,available,graph route published 9582 non-null 'value' values in the 90-day window,9582,1008,2026-06-08,2026-09-06,False,False,200,2026-09-07T15:17:56.776435Z,recordings/boundary_1373272_both_products.recording.json
192,ตาพระยา,ห้วยยาง,Hydro – Informatics Institute (Public Organization),Tonle Sap Basin,discharge_reported,discharge,empty_in_tested_window,graph route answered with a complete time grid carrying no non-null 'discharge' value in the 90-day window; the source states nothing about support,0,1008,2026-06-08,2026-09-06,True,False,200,2026-09-07T15:17:58.385397Z,recordings/boundary_11688546_empty_90d.recording.json
192,ตาพระยา,ห้วยยาง,Hydro – Informatics Institute (Public Organization),Tonle Sap Basin,stage_reported,value,available,graph route published 13055 non-null 'value' values in the 90-day window,13055,1008,2026-06-08,2026-09-06,True,False,200,2026-09-07T15:17:58.385397Z,recordings/boundary_1373272_both_products.recording.json
200,คลองพรหมโหด,ห้วยพรมโหด,Hydro – Informatics Institute (Public Organization),Tonle Sap Basin,discharge_reported,discharge,empty_in_tested_window,graph route answered with a complete time grid carrying no non-null 'discharge' value in the 90-day window; the source states nothing about support,0,1008,2026-06-08,2026-09-06,True,False,200,2026-09-07T15:18:00.105148Z,recordings/boundary_11688546_empty_90d.recording.json
200,คลองพรหมโหด,ห้วยพรมโหด,Hydro – Informatics Institute (Public Organization),Tonle Sap Basin,stage_reported,value,available,graph route published 13059 non-null 'value' values in the 90-day window,13059,1008,2026-06-08,2026-09-06,True,False,200,2026-09-07T15:18:00.105148Z,recordings/boundary_1373272_both_products.recording.json
21,คลองจระเข้ใหญ่ บางเสาธง (วัดศรีวารีน้อย),คลองหัวตะเข้,Hydro – Informatics Institute (Public Organization),Bang Pakong Basin,discharge_reported,discharge,empty_in_tested_window,graph route answered with a complete time grid carrying no non-null 'discharge' value in the 90-day window; the source states nothing about support,0,1008,2026-06-08,2026-09-06,True,False,200,2026-09-07T15:18:01.797729Z,recordings/boundary_11688546_empty_90d.recording.json
21,คลองจระเข้ใหญ่ บางเสาธง (วัดศรีวารีน้อย),คลองหัวตะเข้,Hydro – Informatics Institute (Public Organization),Bang Pakong Basin,stage_reported,value,available,graph route published 13045 non-null 'value' values in the 90-day window,13045,1008,2026-06-08,2026-09-06,True,False,200,2026-09-07T15:18:01.797729Z,recordings/boundary_1373272_both_products.recording.json
218,ชุมพวง,ลำปลายมาศ,Hydro – Informatics Institute (Public Organization),Mun Basin,discharge_reported,discharge,empty_in_tested_window,graph route answered with a complete time grid carrying no non-null 'discharge' value in the 90-day window; the source states nothing about support,0,1008,2026-06-08,2026-09-06,True,False,200,2026-09-07T15:18:03.535568Z,recordings/boundary_11688546_empty_90d.recording.json
218,ชุมพวง,ลำปลายมาศ,Hydro – Informatics Institute (Public Organization),Mun Basin,stage_reported,value,available,graph route published 12808 non-null 'value' values in the 90-day window,12808,1008,2026-06-08,2026-09-06,True,False,200,2026-09-07T15:18:03.535568Z,recordings/boundary_1373272_both_products.recording.json
228,เฉลิมพระเกียรติ,แม่น้ำมูล,Hydro – Informatics Institute (Public Organization),Mun Basin,discharge_reported,discharge,empty_in_tested_window,graph route answered with a complete time grid carrying no non-null 'discharge' value in the 90-day window; the source states nothing about support,0,1008,2026-06-08,2026-09-06,True,False,200,2026-09-07T15:18:05.242350Z,recordings/boundary_11688546_empty_90d.recording.json
228,เฉลิมพระเกียรติ,แม่น้ำมูล,Hydro – Informatics Institute (Public Organization),Mun Basin,stage_reported,value,available,graph route published 12930 non-null 'value' values in the 90-day window,12930,1008,2026-06-08,2026-09-06,True,False,200,2026-09-07T15:18:05.242350Z,recordings/boundary_1373272_both_products.recording.json
236,ประโคนชัย,ลำชี,Hydro – Informatics Institute (Public Organization),Mun Basin,discharge_reported,discharge,empty_in_tested_window,graph route answered with a complete time grid carrying no non-null 'discharge' value in the 90-day window; the source states nothing about support,0,1008,2026-06-08,2026-09-06,True,False,200,2026-09-07T15:18:06.972206Z,recordings/boundary_11688546_empty_90d.recording.json
236,ประโคนชัย,ลำชี,Hydro – Informatics Institute (Public Organization),Mun Basin,stage_reported,value,available,graph route published 10105 non-null 'value' values in the 90-day window,10105,1008,2026-06-08,2026-09-06,True,False,200,2026-09-07T15:18:06.972206Z,recordings/boundary_1373272_both_products.recording.json
238,สตึก,แม่น้ำมูล,Hydro – Informatics Institute (Public Organization),Mun Basin,discharge_reported,discharge,empty_in_tested_window,graph route answered with a complete time grid carrying no non-null 'discharge' value in the 90-day window; the source states nothing about support,0,1008,2026-06-08,2026-09-06,True,False,200,2026-09-07T15:18:08.693975Z,recordings/boundary_11688546_empty_90d.recording.json
238,สตึก,แม่น้ำมูล,Hydro – Informatics Institute (Public Organization),Mun Basin,stage_reported,value,available,graph route published 11427 non-null 'value' values in the 90-day window,11427,1008,2026-06-08,2026-09-06,True,False,200,2026-09-07T15:18:08.693975Z,recordings/boundary_1373272_both_products.recording.json
24,คลองพระพิมล (ไทรน้อย),คลองพระพิมล,Hydro – Informatics Institute (Public Organization),Chao Phraya Basin,discharge_reported,discharge,empty_in_tested_window,graph route answered with a complete time grid carrying no non-null 'discharge' value in the 90-day window; the source states nothing about support,0,1008,2026-06-08,2026-09-06,True,False,200,2026-09-07T15:18:10.470674Z,recordings/boundary_11688546_empty_90d.recording.json
24,คลองพระพิมล (ไทรน้อย),คลองพระพิมล,Hydro – Informatics Institute (Public Organization),Chao Phraya Basin,stage_reported,value,available,graph route published 13068 non-null 'value' values in the 90-day window,13068,1008,2026-06-08,2026-09-06,True,False,200,2026-09-07T15:18:10.470674Z,recordings/boundary_1373272_both_products.recording.json
245,เมืองสุรินทร์,ลำชี,Hydro – Informatics Institute (Public Organization),Mun Basin,discharge_reported,discharge,empty_in_tested_window,graph route answered with a complete time grid carrying no non-null 'discharge' value in the 90-day window; the source states nothing about support,0,1008,2026-06-08,2026-09-06,True,False,200,2026-09-07T15:18:12.123059Z,recordings/boundary_11688546_empty_90d.recording.json
245,เมืองสุรินทร์,ลำชี,Hydro – Informatics Institute (Public Organization),Mun Basin,stage_reported,value,available,graph route published 12824 non-null 'value' values in the 90-day window,12824,1008,2026-06-08,2026-09-06,True,False,200,2026-09-07T15:18:12.123059Z,recordings/boundary_1373272_both_products.recording.json
255,เมืองศรีสะเกษ,ห้วยสำราญ,Hydro – Informatics Institute (Public Organization),Mun Basin,discharge_reported,discharge,empty_in_tested_window,graph route answered with a complete time grid carrying no non-null 'discharge' value in the 90-day window; the source states nothing about support,0,1008,2026-06-08,2026-09-06,True,False,200,2026-09-07T15:18:13.700614Z,recordings/boundary_11688546_empty_90d.recording.json
255,เมืองศรีสะเกษ,ห้วยสำราญ,Hydro – Informatics Institute (Public Organization),Mun Basin,stage_reported,value,available,graph route published 12852 non-null 'value' values in the 90-day window,12852,1008,2026-06-08,2026-09-06,True,False,200,2026-09-07T15:18:13.700614Z,recordings/boundary_1373272_both_products.recording.json
2559,บริเวณสะพานลันตู,แม่น้ำโก-ลก,Royal Irrigation Department,Peninsula - Lower East Coast Basin,discharge_reported,discharge,available,graph route published 147 non-null 'discharge' values in the 7-day window,147,168,2026-08-31,2026-09-06,True,True,200,2026-09-07T15:18:14.831784Z,recordings/boundary_1373272_both_products.recording.json
2559,บริเวณสะพานลันตู,แม่น้ำโก-ลก,Royal Irrigation Department,Peninsula - Lower East Coast Basin,stage_reported,value,available,graph route published 147 non-null 'value' values in the 7-day window,147,168,2026-08-31,2026-09-06,True,True,200,2026-09-07T15:18:14.831784Z,recordings/boundary_1373272_both_products.recording.json
2561,บ้านวังพระเคียน,คลองละงู,Royal Irrigation Department,Peninsula - West Coast Basin,discharge_reported,discharge,available,graph route published 74 non-null 'discharge' values in the 7-day window,74,168,2026-08-31,2026-09-06,True,True,200,2026-09-07T15:18:15.913488Z,recordings/boundary_1373272_both_products.recording.json
2561,บ้านวังพระเคียน,คลองละงู,Royal Irrigation Department,Peninsula - West Coast Basin,stage_reported,value,available,graph route published 74 non-null 'value' values in the 7-day window,74,168,2026-08-31,2026-09-06,True,True,200,2026-09-07T15:18:15.913488Z,recordings/boundary_1373272_both_products.recording.json
2562,บ้านย่านตาขาว,คลองปะเหลียน,Royal Irrigation Department,Peninsula - West Coast Basin,discharge_reported,discharge,available,graph route published 148 non-null 'discharge' values in the 7-day window,148,168,2026-08-31,2026-09-06,True,True,200,2026-09-07T15:18:17.095817Z,recordings/boundary_1373272_both_products.recording.json
2562,บ้านย่านตาขาว,คลองปะเหลียน,Royal Irrigation Department,Peninsula - West Coast Basin,stage_reported,value,available,graph route published 148 non-null 'value' values in the 7-day window,148,168,2026-08-31,2026-09-06,True,True,200,2026-09-07T15:18:17.095817Z,recordings/boundary_1373272_both_products.recording.json
2563,บ้านท่าแค,คลองท่าแค,Royal Irrigation Department,Thale Sap Songkhla Basin,discharge_reported,discharge,available,graph route published 148 non-null 'discharge' values in the 7-day window,148,168,2026-08-31,2026-09-06,True,True,200,2026-09-07T15:18:18.224645Z,recordings/boundary_1373272_both_products.recording.json
2563,บ้านท่าแค,คลองท่าแค,Royal Irrigation Department,Thale Sap Songkhla Basin,stage_reported,value,available,graph route published 148 non-null 'value' values in the 7-day window,148,168,2026-08-31,2026-09-06,True,True,200,2026-09-07T15:18:18.224645Z,recordings/boundary_1373272_both_products.recording.json
2565,บ้านบางตง,คลองพังงา,Royal Irrigation Department,Peninsula - West Coast Basin,discharge_reported,discharge,empty_in_tested_window,graph route answered with a complete time grid carrying no non-null 'discharge' value in the 90-day window; the source states nothing about support,0,168,2026-06-08,2026-09-06,True,False,200,2026-09-07T15:18:19.294111Z,recordings/boundary_11688546_empty_90d.recording.json
2565,บ้านบางตง,คลองพังงา,Royal Irrigation Department,Peninsula - West Coast Basin,stage_reported,value,available,graph route published 1549 non-null 'value' values in the 90-day window,1549,168,2026-06-08,2026-09-06,True,False,200,2026-09-07T15:18:19.294111Z,recordings/boundary_1373272_both_products.recording.json
2567,บ้านวังไผ่,คลองชุมพร,Royal Irrigation Department,Peninsula - Upper East Coast Basin,discharge_reported,discharge,empty_in_tested_window,graph route answered with a complete time grid carrying no non-null 'discharge' value in the 90-day window; the source states nothing about support,0,168,2026-06-08,2026-09-06,True,False,200,2026-09-07T15:18:20.451959Z,recordings/boundary_11688546_empty_90d.recording.json
2567,บ้านวังไผ่,คลองชุมพร,Royal Irrigation Department,Peninsula - Upper East Coast Basin,stage_reported,value,available,graph route published 1959 non-null 'value' values in the 90-day window,1959,168,2026-06-08,2026-09-06,True,False,200,2026-09-07T15:18:20.451959Z,recordings/boundary_1373272_both_products.recording.json
2568,บ้านศรีบัวทอง,แม่น้ำเขาสมิง,Royal Irrigation Department,East Coast Gulf Basin,discharge_reported,discharge,available,graph route published 161 non-null 'discharge' values in the 7-day window,161,168,2026-08-31,2026-09-06,True,True,200,2026-09-07T15:18:21.542029Z,recordings/boundary_1373272_both_products.recording.json
2568,บ้านศรีบัวทอง,แม่น้ำเขาสมิง,Royal Irrigation Department,East Coast Gulf Basin,stage_reported,value,available,graph route published 161 non-null 'value' values in the 7-day window,161,168,2026-08-31,2026-09-06,True,True,200,2026-09-07T15:18:21.542029Z,recordings/boundary_1373272_both_products.recording.json
2569,บ้านสองพี่น้อง,แม่น้ำเพชรบุรี,Royal Irrigation Department,Phetchaburi - Prachuap Khiri Khan Basin,discharge_reported,discharge,available,graph route published 152 non-null 'discharge' values in the 7-day window,152,168,2026-08-31,2026-09-06,True,True,200,2026-09-07T15:18:22.690174Z,recordings/boundary_1373272_both_products.recording.json
2569,บ้านสองพี่น้อง,แม่น้ำเพชรบุรี,Royal Irrigation Department,Phetchaburi - Prachuap Khiri Khan Basin,stage_reported,value,available,graph route published 152 non-null 'value' values in the 7-day window,152,168,2026-08-31,2026-09-06,True,True,200,2026-09-07T15:18:22.690174Z,recordings/boundary_1373272_both_products.recording.json
2571,บ้านวังเย็น,แม่น้ำแควน้อย,Royal Irrigation Department,Mae Klong Basin,discharge_reported,discharge,available,graph route published 151 non-null 'discharge' values in the 7-day window,151,168,2026-08-31,2026-09-06,True,True,200,2026-09-07T15:18:23.837149Z,recordings/boundary_1373272_both_products.recording.json
2571,บ้านวังเย็น,แม่น้ำแควน้อย,Royal Irrigation Department,Mae Klong Basin,stage_reported,value,available,graph route published 151 non-null 'value' values in the 7-day window,151,168,2026-08-31,2026-09-06,True,True,200,2026-09-07T15:18:23.837149Z,recordings/boundary_1373272_both_products.recording.json
2572,บ้านลุ่มสุ่ม,แม่น้ำแควน้อย,Royal Irrigation Department,Mae Klong Basin,discharge_reported,discharge,available,graph route published 152 non-null 'discharge' values in the 7-day window,152,168,2026-08-31,2026-09-06,True,True,200,2026-09-07T15:18:24.999266Z,recordings/boundary_1373272_both_products.recording.json
2572,บ้านลุ่มสุ่ม,แม่น้ำแควน้อย,Royal Irrigation Department,Mae Klong Basin,stage_reported,value,available,graph route published 152 non-null 'value' values in the 7-day window,152,168,2026-08-31,2026-09-06,True,True,200,2026-09-07T15:18:24.999266Z,recordings/boundary_1373272_both_products.recording.json
2573,บ้านน้ำโจน,ห้วยแม่น้ำน้อย,Royal Irrigation Department,Mae Klong Basin,discharge_reported,discharge,available,graph route published 152 non-null 'discharge' values in the 7-day window,152,168,2026-08-31,2026-09-06,True,True,200,2026-09-07T15:18:26.070010Z,recordings/boundary_1373272_both_products.recording.json
2573,บ้านน้ำโจน,ห้วยแม่น้ำน้อย,Royal Irrigation Department,Mae Klong Basin,stage_reported,value,available,graph route published 152 non-null 'value' values in the 7-day window,152,168,2026-08-31,2026-09-06,True,True,200,2026-09-07T15:18:26.070010Z,recordings/boundary_1373272_both_products.recording.json
2575,ประปายโสธร,แม่น้ำชี,Royal Irrigation Department,Chi Basin Basin,discharge_reported,discharge,empty_in_tested_window,graph route answered with a complete time grid carrying no non-null 'discharge' value in the 90-day window; the source states nothing about support,0,168,2026-06-08,2026-09-06,True,False,200,2026-09-07T15:18:27.185528Z,recordings/boundary_11688546_empty_90d.recording.json
2575,ประปายโสธร,แม่น้ำชี,Royal Irrigation Department,Chi Basin Basin,stage_reported,value,available,graph route published 1542 non-null 'value' values in the 90-day window,1542,168,2026-06-08,2026-09-06,True,False,200,2026-09-07T15:18:27.185528Z,recordings/boundary_1373272_both_products.recording.json
2576,ต.ตาลเดี่ยว,แม่น้ำป่าสัก,Royal Irrigation Department,Pasak Basin,discharge_reported,discharge,available,graph route published 161 non-null 'discharge' values in the 7-day window,161,168,2026-08-31,2026-09-06,True,True,200,2026-09-07T15:18:28.298506Z,recordings/boundary_1373272_both_products.recording.json
2576,ต.ตาลเดี่ยว,แม่น้ำป่าสัก,Royal Irrigation Department,Pasak Basin,stage_reported,value,available,graph route published 161 non-null 'value' values in the 7-day window,161,168,2026-08-31,2026-09-06,True,True,200,2026-09-07T15:18:28.298506Z,recordings/boundary_1373272_both_products.recording.json
2578,บ้านสบวิน,น้ำแม่วาง,Royal Irrigation Department,Ping Basin,discharge_reported,discharge,available,graph route published 161 non-null 'discharge' values in the 7-day window,161,168,2026-08-31,2026-09-06,True,True,200,2026-09-07T15:18:29.419351Z,recordings/boundary_1373272_both_products.recording.json
2578,บ้านสบวิน,น้ำแม่วาง,Royal Irrigation Department,Ping Basin,stage_reported,value,available,graph route published 161 non-null 'value' values in the 7-day window,161,168,2026-08-31,2026-09-06,True,True,200,2026-09-07T15:18:29.419351Z,recordings/boundary_1373272_both_products.recording.json
2579,บ้านร่องเคาะ,แม่น้ำวัง,Royal Irrigation Department,Wang Basin,discharge_reported,discharge,available,graph route published 161 non-null 'discharge' values in the 7-day window,161,168,2026-08-31,2026-09-06,True,True,200,2026-09-07T15:18:30.477057Z,recordings/boundary_1373272_both_products.recording.json
2579,บ้านร่องเคาะ,แม่น้ำวัง,Royal Irrigation Department,Wang Basin,stage_reported,value,available,graph route published 161 non-null 'value' values in the 7-day window,161,168,2026-08-31,2026-09-06,True,True,200,2026-09-07T15:18:30.477057Z,recordings/boundary_1373272_both_products.recording.json
2580,บ้านโป่งปูเฟือง,น้ำแม่ลาว,Royal Irrigation Department,North Khong Basin,discharge_reported,discharge,available,graph route published 159 non-null 'discharge' values in the 7-day window,159,168,2026-08-31,2026-09-06,True,True,200,2026-09-07T15:18:31.545248Z,recordings/boundary_1373272_both_products.recording.json
2580,บ้านโป่งปูเฟือง,น้ำแม่ลาว,Royal Irrigation Department,North Khong Basin,stage_reported,value,available,graph route published 159 non-null 'value' values in the 7-day window,159,168,2026-08-31,2026-09-06,True,True,200,2026-09-07T15:18:31.545248Z,recordings/boundary_1373272_both_products.recording.json
2581,บ้านซากอ,แม่น้ำสายบุรี,Royal Irrigation Department,Peninsula - Lower East Coast Basin,discharge_reported,discharge,available,graph route published 148 non-null 'discharge' values in the 7-day window,148,168,2026-08-31,2026-09-06,True,True,200,2026-09-07T15:18:32.661542Z,recordings/boundary_1373272_both_products.recording.json
2581,บ้านซากอ,แม่น้ำสายบุรี,Royal Irrigation Department,Peninsula - Lower East Coast Basin,stage_reported,value,available,graph route published 148 non-null 'value' values in the 7-day window,148,168,2026-08-31,2026-09-06,True,True,200,2026-09-07T15:18:32.661542Z,recordings/boundary_1373272_both_products.recording.json
2582,บ้านตันหยงมัส,คลองตันหยงมัส,Royal Irrigation Department,Peninsula - Lower East Coast Basin,discharge_reported,discharge,available,graph route published 148 non-null 'discharge' values in the 7-day window,148,168,2026-08-31,2026-09-06,True,True,200,2026-09-07T15:18:33.780823Z,recordings/boundary_1373272_both_products.recording.json
2582,บ้านตันหยงมัส,คลองตันหยงมัส,Royal Irrigation Department,Peninsula - Lower East Coast Basin,stage_reported,value,available,graph route published 148 non-null 'value' values in the 7-day window,148,168,2026-08-31,2026-09-06,True,True,200,2026-09-07T15:18:33.780823Z,recordings/boundary_1373272_both_products.recording.json
2583,บ้านท่าสาบ,แม่น้ำปัตตานี,Royal Irrigation Department,Peninsula - Lower East Coast Basin,discharge_reported,discharge,available,graph route published 148 non-null 'discharge' values in the 7-day window,148,168,2026-08-31,2026-09-06,True,True,200,2026-09-07T15:18:34.902778Z,recordings/boundary_1373272_both_products.recording.json
2583,บ้านท่าสาบ,แม่น้ำปัตตานี,Royal Irrigation Department,Peninsula - Lower East Coast Basin,stage_reported,value,available,graph route published 148 non-null 'value' values in the 7-day window,148,168,2026-08-31,2026-09-06,True,True,200,2026-09-07T15:18:34.902778Z,recordings/boundary_1373272_both_products.recording.json
2584,บ้านฉลุงเหนือ,คลองน้ำพระ,Royal Irrigation Department,Peninsula - West Coast Basin,discharge_reported,discharge,available,graph route published 148 non-null 'discharge' values in the 7-day window,148,168,2026-08-31,2026-09-06,True,True,200,2026-09-07T15:18:35.961785Z,recordings/boundary_1373272_both_products.recording.json
2584,บ้านฉลุงเหนือ,คลองน้ำพระ,Royal Irrigation Department,Peninsula - West Coast Basin,stage_reported,value,available,graph route published 148 non-null 'value' values in the 7-day window,148,168,2026-08-31,2026-09-06,True,True,200,2026-09-07T15:18:35.961785Z,recordings/boundary_1373272_both_products.recording.json
2585,บ้านม่วงก็อง,คลองอู่ตะเภา,Royal Irrigation Department,Thale Sap Songkhla Basin,discharge_reported,discharge,available,graph route published 148 non-null 'discharge' values in the 7-day window,148,168,2026-08-31,2026-09-06,True,True,200,2026-09-07T15:18:37.030344Z,recordings/boundary_1373272_both_products.recording.json
2585,บ้านม่วงก็อง,คลองอู่ตะเภา,Royal Irrigation Department,Thale Sap Songkhla Basin,stage_reported,value,available,graph route published 148 non-null 'value' values in the 7-day window,148,168,2026-08-31,2026-09-06,True,True,200,2026-09-07T15:18:37.030344Z,recordings/boundary_1373272_both_products.recording.json
2587,สะพานเดชานุชิต,แม่น้ำปัตตานี,Royal Irrigation Department,Peninsula - Lower East Coast Basin,discharge_reported,discharge,empty_in_tested_window,graph route answered with a complete time grid carrying no non-null 'discharge' value in the 90-day window; the source states nothing about support,0,168,2026-06-08,2026-09-06,True,False,200,2026-09-07T15:18:38.146221Z,recordings/boundary_11688546_empty_90d.recording.json
2587,สะพานเดชานุชิต,แม่น้ำปัตตานี,Royal Irrigation Department,Peninsula - Lower East Coast Basin,stage_reported,value,available,graph route published 1975 non-null 'value' values in the 90-day window,1975,168,2026-06-08,2026-09-06,True,False,200,2026-09-07T15:18:38.146221Z,recordings/boundary_1373272_both_products.recording.json
2589,บ้านบางศาลา,คลองอู่ตะเภา,Royal Irrigation Department,Thale Sap Songkhla Basin,discharge_reported,discharge,available,graph route published 148 non-null 'discharge' values in the 7-day window,148,168,2026-08-31,2026-09-06,True,True,200,2026-09-07T15:18:39.277492Z,recordings/boundary_1373272_both_products.recording.json
2589,บ้านบางศาลา,คลองอู่ตะเภา,Royal Irrigation Department,Thale Sap Songkhla Basin,stage_reported,value,available,graph route published 148 non-null 'value' values in the 7-day window,148,168,2026-08-31,2026-09-06,True,True,200,2026-09-07T15:18:39.277492Z,recordings/boundary_1373272_both_products.recording.json
2590,บ้านคลองหวะ,คลองหวะ,Royal Irrigation Department,Thale Sap Songkhla Basin,discharge_reported,discharge,available,graph route published 148 non-null 'discharge' values in the 7-day window,148,168,2026-08-31,2026-09-06,True,True,200,2026-09-07T15:18:40.410256Z,recordings/boundary_1373272_both_products.recording.json
2590,บ้านคลองหวะ,คลองหวะ,Royal Irrigation Department,Thale Sap Songkhla Basin,stage_reported,value,available,graph route published 148 non-null 'value' values in the 7-day window,148,168,2026-08-31,2026-09-06,True,True,200,2026-09-07T15:18:40.410256Z,recordings/boundary_1373272_both_products.recording.json
2591,บ้านหาดใหญ่ใน,คลองอู่ตะเภา,Royal Irrigation Department,Thale Sap Songkhla Basin,discharge_reported,discharge,available,graph route published 148 non-null 'discharge' values in the 7-day window,148,168,2026-08-31,2026-09-06,True,True,200,2026-09-07T15:18:41.538885Z,recordings/boundary_1373272_both_products.recording.json
2591,บ้านหาดใหญ่ใน,คลองอู่ตะเภา,Royal Irrigation Department,Thale Sap Songkhla Basin,stage_reported,value,available,graph route published 148 non-null 'value' values in the 7-day window,148,168,2026-08-31,2026-09-06,True,True,200,2026-09-07T15:18:41.538885Z,recordings/boundary_1373272_both_products.recording.json
2594,บ้านแม่ขรี,คลองท่าเชียด,Royal Irrigation Department,Thale Sap Songkhla Basin,discharge_reported,discharge,available,graph route published 1 non-null 'discharge' values in the 7-day window,1,168,2026-08-31,2026-09-06,True,False,200,2026-09-07T15:18:42.605874Z,recordings/boundary_1373272_both_products.recording.json
2594,บ้านแม่ขรี,คลองท่าเชียด,Royal Irrigation Department,Thale Sap Songkhla Basin,stage_reported,value,available,graph route published 7 non-null 'value' values in the 7-day window,7,168,2026-08-31,2026-09-06,True,False,200,2026-09-07T15:18:42.605874Z,recordings/boundary_1373272_both_products.recording.json
2596,บ้านท่าจีน,แม่น้ำตรัง,Royal Irrigation Department,Peninsula - West Coast Basin,discharge_reported,discharge,empty_in_tested_window,graph route answered with a complete time grid carrying no non-null 'discharge' value in the 90-day window; the source states nothing about support,0,168,2026-06-08,2026-09-06,True,False,200,2026-09-07T15:18:43.729670Z,recordings/boundary_11688546_empty_90d.recording.json
2596,บ้านท่าจีน,แม่น้ำตรัง,Royal Irrigation Department,Peninsula - West Coast Basin,stage_reported,value,available,graph route published 1975 non-null 'value' values in the 90-day window,1975,168,2026-06-08,2026-09-06,True,False,200,2026-09-07T15:18:43.729670Z,recordings/boundary_1373272_both_products.recording.json
2597,บ้านคลองลำ,คลองลำ,Royal Irrigation Department,Thale Sap Songkhla Basin,discharge_reported,discharge,available,graph route published 148 non-null 'discharge' values in the 7-day window,148,168,2026-08-31,2026-09-06,True,True,200,2026-09-07T15:18:44.891758Z,recordings/boundary_1373272_both_products.recording.json
2597,บ้านคลองลำ,คลองลำ,Royal Irrigation Department,Thale Sap Songkhla Basin,stage_reported,value,available,graph route published 148 non-null 'value' values in the 7-day window,148,168,2026-08-31,2026-09-06,True,True,200,2026-09-07T15:18:44.891758Z,recordings/boundary_1373272_both_products.recording.json
2599,กรมชลประทานสามเสน,แม่น้ำเจ้าพระยา,Royal Irrigation Department,Chao Phraya Basin,discharge_reported,discharge,empty_in_tested_window,graph route answered with a complete time grid carrying no non-null 'discharge' value in the 90-day window; the source states nothing about support,0,168,2026-06-08,2026-09-06,True,False,200,2026-09-07T15:18:46.036106Z,recordings/boundary_11688546_empty_90d.recording.json
2599,กรมชลประทานสามเสน,แม่น้ำเจ้าพระยา,Royal Irrigation Department,Chao Phraya Basin,stage_reported,value,available,graph route published 1583 non-null 'value' values in the 90-day window,1583,168,2026-06-08,2026-09-06,True,False,200,2026-09-07T15:18:46.036106Z,recordings/boundary_1373272_both_products.recording.json
26,สะพานนวลฉวี,แม่น้ำเจ้าพระยา,Hydro – Informatics Institute (Public Organization),Chao Phraya Basin,discharge_reported,discharge,empty_in_tested_window,graph route answered with a complete time grid carrying no non-null 'discharge' value in the 90-day window; the source states nothing about support,0,1008,2026-06-08,2026-09-06,True,False,200,2026-09-07T15:18:47.656366Z,recordings/boundary_11688546_empty_90d.recording.json
26,สะพานนวลฉวี,แม่น้ำเจ้าพระยา,Hydro – Informatics Institute (Public Organization),Chao Phraya Basin,stage_reported,value,available,graph route published 12861 non-null 'value' values in the 90-day window,12861,1008,2026-06-08,2026-09-06,True,False,200,2026-09-07T15:18:47.656366Z,recordings/boundary_1373272_both_products.recording.json
2607,สะพานปรีดี-ธำรง,แม่น้ำป่าสัก,Royal Irrigation Department,Chao Phraya Basin,discharge_reported,discharge,empty_in_tested_window,graph route answered with a complete time grid carrying no non-null 'discharge' value in the 90-day window; the source states nothing about support,0,168,2026-06-08,2026-09-06,True,False,200,2026-09-07T15:18:48.713938Z,recordings/boundary_11688546_empty_90d.recording.json
2607,สะพานปรีดี-ธำรง,แม่น้ำป่าสัก,Royal Irrigation Department,Chao Phraya Basin,stage_reported,value,available,graph route published 1583 non-null 'value' values in the 90-day window,1583,168,2026-06-08,2026-09-06,True,False,200,2026-09-07T15:18:48.713938Z,recordings/boundary_1373272_both_products.recording.json
2608,บ้านบางบาล,คลองบางบาล,Royal Irrigation Department,Chao Phraya Basin,discharge_reported,discharge,empty_in_tested_window,graph route answered with a complete time grid carrying no non-null 'discharge' value in the 90-day window; the source states nothing about support,0,168,2026-06-08,2026-09-06,True,False,200,2026-09-07T15:18:49.790718Z,recordings/boundary_11688546_empty_90d.recording.json
2608,บ้านบางบาล,คลองบางบาล,Royal Irrigation Department,Chao Phraya Basin,stage_reported,value,available,graph route published 1583 non-null 'value' values in the 90-day window,1583,168,2026-06-08,2026-09-06,True,False,200,2026-09-07T15:18:49.790718Z,recordings/boundary_1373272_both_products.recording.json
2609,บ้านป้อม,แม่น้ำเจ้าพระยา,Royal Irrigation Department,Chao Phraya Basin,discharge_reported,discharge,empty_in_tested_window,graph route answered with a complete time grid carrying no non-null 'discharge' value in the 90-day window; the source states nothing about support,0,168,2026-06-08,2026-09-06,True,False,200,2026-09-07T15:18:50.926557Z,recordings/boundary_11688546_empty_90d.recording.json
2609,บ้านป้อม,แม่น้ำเจ้าพระยา,Royal Irrigation Department,Chao Phraya Basin,stage_reported,value,available,graph route published 1583 non-null 'value' values in the 90-day window,1583,168,2026-06-08,2026-09-06,True,False,200,2026-09-07T15:18:50.926557Z,recordings/boundary_1373272_both_products.recording.json
2611,บ้านบางหลวงโดด,แม่น้ำน้อย,Royal Irrigation Department,Chao Phraya Basin,discharge_reported,discharge,empty_in_tested_window,graph route answered with a complete time grid carrying no non-null 'discharge' value in the 90-day window; the source states nothing about support,0,168,2026-06-08,2026-09-06,True,False,200,2026-09-07T15:18:52.045179Z,recordings/boundary_11688546_empty_90d.recording.json
2611,บ้านบางหลวงโดด,แม่น้ำน้อย,Royal Irrigation Department,Chao Phraya Basin,stage_reported,value,available,graph route published 1583 non-null 'value' values in the 90-day window,1583,168,2026-06-08,2026-09-06,True,False,200,2026-09-07T15:18:52.045179Z,recordings/boundary_1373272_both_products.recording.json
2618,บ้านวังตะเคียนทอง,ลำพระเพลิง,Royal Irrigation Department,Mun Basin,discharge_reported,discharge,available,graph route published 7 non-null 'discharge' values in the 7-day window,7,168,2026-08-31,2026-09-06,True,True,200,2026-09-07T15:18:53.172654Z,recordings/boundary_1373272_both_products.recording.json
2618,บ้านวังตะเคียนทอง,ลำพระเพลิง,Royal Irrigation Department,Mun Basin,stage_reported,value,available,graph route published 7 non-null 'value' values in the 7-day window,7,168,2026-08-31,2026-09-06,True,True,200,2026-09-07T15:18:53.172654Z,recordings/boundary_1373272_both_products.recording.json
262,ราษีไศล,แม่น้ำมูล,Hydro – Informatics Institute (Public Organization),Mun Basin,discharge_reported,discharge,empty_in_tested_window,graph route answered with a complete time grid carrying no non-null 'discharge' value in the 90-day window; the source states nothing about support,0,1008,2026-06-08,2026-09-06,True,False,200,2026-09-07T15:18:54.904845Z,recordings/boundary_11688546_empty_90d.recording.json
262,ราษีไศล,แม่น้ำมูล,Hydro – Informatics Institute (Public Organization),Mun Basin,stage_reported,value,available,graph route published 11636 non-null 'value' values in the 90-day window,11636,1008,2026-06-08,2026-09-06,True,False,200,2026-09-07T15:18:54.904845Z,recordings/boundary_1373272_both_products.recording.json
2620,บ้านโนนสาวเอ้,ลำพระเพลิง,Royal Irrigation Department,Mun Basin,discharge_reported,discharge,available,graph route published 157 non-null 'discharge' values in the 7-day window,157,168,2026-08-31,2026-09-06,True,True,200,2026-09-07T15:18:56.015183Z,recordings/boundary_1373272_both_products.recording.json
2620,บ้านโนนสาวเอ้,ลำพระเพลิง,Royal Irrigation Department,Mun Basin,stage_reported,value,available,graph route published 157 non-null 'value' values in the 7-day window,157,168,2026-08-31,2026-09-06,True,True,200,2026-09-07T15:18:56.015183Z,recordings/boundary_1373272_both_products.recording.json
2621,บ้านท่ามะปรางค์,คลองลำตะคอง,Royal Irrigation Department,Mun Basin,discharge_reported,discharge,available,graph route published 157 non-null 'discharge' values in the 7-day window,157,168,2026-08-31,2026-09-06,True,True,200,2026-09-07T15:18:57.142565Z,recordings/boundary_1373272_both_products.recording.json
2621,บ้านท่ามะปรางค์,คลองลำตะคอง,Royal Irrigation Department,Mun Basin,stage_reported,value,available,graph route published 157 non-null 'value' values in the 7-day window,157,168,2026-08-31,2026-09-06,True,True,200,2026-09-07T15:18:57.142565Z,recordings/boundary_1373272_both_products.recording.json
2623,สถานีแพดับเพลิง,แม่น้ำป่าสัก,Royal Irrigation Department,Pasak Basin,discharge_reported,discharge,empty_in_tested_window,graph route answered with a complete time grid carrying no non-null 'discharge' value in the 90-day window; the source states nothing about support,0,168,2026-06-08,2026-09-06,True,False,200,2026-09-07T15:18:58.222342Z,recordings/boundary_11688546_empty_90d.recording.json
2623,สถานีแพดับเพลิง,แม่น้ำป่าสัก,Royal Irrigation Department,Pasak Basin,stage_reported,value,available,graph route published 1583 non-null 'value' values in the 90-day window,1583,168,2026-06-08,2026-09-06,True,False,200,2026-09-07T15:18:58.222342Z,recordings/boundary_1373272_both_products.recording.json
2624,ท้ายเขื่อนพระรามหก,แม่น้ำป่าสัก,Royal Irrigation Department,Pasak Basin,discharge_reported,discharge,empty_in_tested_window,graph route answered with a complete time grid carrying no non-null 'discharge' value in the 90-day window; the source states nothing about support,0,168,2026-06-08,2026-09-06,True,False,200,2026-09-07T15:18:59.340272Z,recordings/boundary_11688546_empty_90d.recording.json
2624,ท้ายเขื่อนพระรามหก,แม่น้ำป่าสัก,Royal Irrigation Department,Pasak Basin,stage_reported,value,available,graph route published 1583 non-null 'value' values in the 90-day window,1583,168,2026-06-08,2026-09-06,True,False,200,2026-09-07T15:18:59.340272Z,recordings/boundary_1373272_both_products.recording.json
2626,บ้านบางแก้ว,แม่น้ำเจ้าพระยา,Royal Irrigation Department,Chao Phraya Basin,discharge_reported,discharge,available,graph route published 29 non-null 'discharge' values in the 7-day window,29,168,2026-08-31,2026-09-06,True,False,200,2026-09-07T15:19:00.442312Z,recordings/boundary_1373272_both_products.recording.json
2626,บ้านบางแก้ว,แม่น้ำเจ้าพระยา,Royal Irrigation Department,Chao Phraya Basin,stage_reported,value,available,graph route published 161 non-null 'value' values in the 7-day window,161,168,2026-08-31,2026-09-06,True,False,200,2026-09-07T15:19:00.442312Z,recordings/boundary_1373272_both_products.recording.json
2632,บ้านป่า,แม่น้ำป่าสัก,Royal Irrigation Department,Pasak Basin,discharge_reported,discharge,empty_in_tested_window,graph route answered with a complete time grid carrying no non-null 'discharge' value in the 90-day window; the source states nothing about support,0,168,2026-06-08,2026-09-06,True,False,200,2026-09-07T15:19:01.577832Z,recordings/boundary_11688546_empty_90d.recording.json
2632,บ้านป่า,แม่น้ำป่าสัก,Royal Irrigation Department,Pasak Basin,stage_reported,value,available,graph route published 1583 non-null 'value' values in the 90-day window,1583,168,2026-06-08,2026-09-06,True,False,200,2026-09-07T15:19:01.577832Z,recordings/boundary_1373272_both_products.recording.json
2634,บ้านป่าหมาก,แม่น้ำตรัง,Royal Irrigation Department,Peninsula - West Coast Basin,discharge_reported,discharge,available,graph route published 148 non-null 'discharge' values in the 7-day window,148,168,2026-08-31,2026-09-06,True,True,200,2026-09-07T15:19:02.696805Z,recordings/boundary_1373272_both_products.recording.json
2634,บ้านป่าหมาก,แม่น้ำตรัง,Royal Irrigation Department,Peninsula - West Coast Basin,stage_reported,value,available,graph route published 148 non-null 'value' values in the 7-day window,148,168,2026-08-31,2026-09-06,True,True,200,2026-09-07T15:19:02.696805Z,recordings/boundary_1373272_both_products.recording.json
2635,หน้าวัดภูผาพิมุข,คลองบ้านแร่,Royal Irrigation Department,Thale Sap Songkhla Basin,discharge_reported,discharge,empty_in_tested_window,graph route answered with a complete time grid carrying no non-null 'discharge' value in the 90-day window; the source states nothing about support,0,168,2026-06-08,2026-09-06,True,False,200,2026-09-07T15:19:03.794658Z,recordings/boundary_11688546_empty_90d.recording.json
2635,หน้าวัดภูผาพิมุข,คลองบ้านแร่,Royal Irrigation Department,Thale Sap Songkhla Basin,stage_reported,value,available,graph route published 1975 non-null 'value' values in the 90-day window,1975,168,2026-06-08,2026-09-06,True,False,200,2026-09-07T15:19:03.794658Z,recordings/boundary_1373272_both_products.recording.json
2636,บ้านท่าประดู่,แม่น้ำตรัง,Royal Irrigation Department,Peninsula - West Coast Basin,discharge_reported,discharge,available,graph route published 129 non-null 'discharge' values in the 7-day window,129,168,2026-08-31,2026-09-06,True,True,200,2026-09-07T15:19:04.878062Z,recordings/boundary_1373272_both_products.recording.json
2636,บ้านท่าประดู่,แม่น้ำตรัง,Royal Irrigation Department,Peninsula - West Coast Basin,stage_reported,value,available,graph route published 129 non-null 'value' values in the 7-day window,129,168,2026-08-31,2026-09-06,True,True,200,2026-09-07T15:19:04.878062Z,recordings/boundary_1373272_both_products.recording.json
2638,บ้านเก็ตโฮ่,คลองเก็ตโฮ,Royal Irrigation Department,Peninsula - West Coast Basin,discharge_reported,discharge,available,graph route published 43 non-null 'discharge' values in the 7-day window,43,168,2026-08-31,2026-09-06,True,True,200,2026-09-07T15:19:06.001828Z,recordings/boundary_1373272_both_products.recording.json
2638,บ้านเก็ตโฮ่,คลองเก็ตโฮ,Royal Irrigation Department,Peninsula - West Coast Basin,stage_reported,value,available,graph route published 148 non-null 'value' values in the 7-day window,148,168,2026-08-31,2026-09-06,True,True,200,2026-09-07T15:19:06.001828Z,recordings/boundary_1373272_both_products.recording.json
2639,บ้านนาป่า,คลองท่าดี,Royal Irrigation Department,Peninsula - Upper East Coast Basin,discharge_reported,discharge,available,graph route published 148 non-null 'discharge' values in the 7-day window,148,168,2026-08-31,2026-09-06,True,True,200,2026-09-07T15:19:07.114880Z,recordings/boundary_1373272_both_products.recording.json
2639,บ้านนาป่า,คลองท่าดี,Royal Irrigation Department,Peninsula - Upper East Coast Basin,stage_reported,value,available,graph route published 148 non-null 'value' values in the 7-day window,148,168,2026-08-31,2026-09-06,True,True,200,2026-09-07T15:19:07.114880Z,recordings/boundary_1373272_both_products.recording.json
2641,บ้านวังไทร,คลองท่าดี,Royal Irrigation Department,Peninsula - Upper East Coast Basin,discharge_reported,discharge,available,graph route published 148 non-null 'discharge' values in the 7-day window,148,168,2026-08-31,2026-09-06,True,True,200,2026-09-07T15:19:08.237658Z,recordings/boundary_1373272_both_products.recording.json
2641,บ้านวังไทร,คลองท่าดี,Royal Irrigation Department,Peninsula - Upper East Coast Basin,stage_reported,value,available,graph route published 148 non-null 'value' values in the 7-day window,148,168,2026-08-31,2026-09-06,True,True,200,2026-09-07T15:19:08.237658Z,recordings/boundary_1373272_both_products.recording.json
2643,บ้านย่านดินแดง,แม่น้ำตาปี,Royal Irrigation Department,Peninsula - Upper East Coast Basin,discharge_reported,discharge,available,graph route published 148 non-null 'discharge' values in the 7-day window,148,168,2026-08-31,2026-09-06,True,True,200,2026-09-07T15:19:09.338968Z,recordings/boundary_1373272_both_products.recording.json
2643,บ้านย่านดินแดง,แม่น้ำตาปี,Royal Irrigation Department,Peninsula - Upper East Coast Basin,stage_reported,value,available,graph route published 148 non-null 'value' values in the 7-day window,148,168,2026-08-31,2026-09-06,True,True,200,2026-09-07T15:19:09.338968Z,recordings/boundary_1373272_both_products.recording.json
2644,บ้านท้า่ยนา,คลองกลาย,Royal Irrigation Department,Peninsula - Upper East Coast Basin,discharge_reported,discharge,available,graph route published 79 non-null 'discharge' values in the 7-day window,79,168,2026-08-31,2026-09-06,True,False,200,2026-09-07T15:19:10.466864Z,recordings/boundary_1373272_both_products.recording.json
2644,บ้านท้า่ยนา,คลองกลาย,Royal Irrigation Department,Peninsula - Upper East Coast Basin,stage_reported,value,available,graph route published 148 non-null 'value' values in the 7-day window,148,168,2026-08-31,2026-09-06,True,False,200,2026-09-07T15:19:10.466864Z,recordings/boundary_1373272_both_products.recording.json
2645,บ้านหินดาน,คลองตะกั่วป่า,Royal Irrigation Department,Peninsula - West Coast Basin,discharge_reported,discharge,available,graph route published 148 non-null 'discharge' values in the 7-day window,148,168,2026-08-31,2026-09-06,True,True,200,2026-09-07T15:19:11.591213Z,recordings/boundary_1373272_both_products.recording.json
2645,บ้านหินดาน,คลองตะกั่วป่า,Royal Irrigation Department,Peninsula - West Coast Basin,stage_reported,value,available,graph route published 148 non-null 'value' values in the 7-day window,148,168,2026-08-31,2026-09-06,True,True,200,2026-09-07T15:19:11.591213Z,recordings/boundary_1373272_both_products.recording.json
2647,บ้านตลาดเก่า,คลองตะกั่วป่า,Royal Irrigation Department,Peninsula - West Coast Basin,discharge_reported,discharge,empty_in_tested_window,graph route answered with a complete time grid carrying no non-null 'discharge' value in the 90-day window; the source states nothing about support,0,168,2026-06-08,2026-09-06,True,False,200,2026-09-07T15:19:12.737854Z,recordings/boundary_11688546_empty_90d.recording.json
2647,บ้านตลาดเก่า,คลองตะกั่วป่า,Royal Irrigation Department,Peninsula - West Coast Basin,stage_reported,value,available,graph route published 1975 non-null 'value' values in the 90-day window,1975,168,2026-06-08,2026-09-06,True,False,200,2026-09-07T15:19:12.737854Z,recordings/boundary_1373272_both_products.recording.json
2648,บ้านเคียนซา,แม่น้ำตาปี,Royal Irrigation Department,Peninsula - Upper East Coast Basin,discharge_reported,discharge,available,graph route published 148 non-null 'discharge' values in the 7-day window,148,168,2026-08-31,2026-09-06,True,True,200,2026-09-07T15:19:13.846767Z,recordings/boundary_1373272_both_products.recording.json
2648,บ้านเคียนซา,แม่น้ำตาปี,Royal Irrigation Department,Peninsula - Upper East Coast Basin,stage_reported,value,available,graph route published 148 non-null 'value' values in the 7-day window,148,168,2026-08-31,2026-09-06,True,True,200,2026-09-07T15:19:13.846767Z,recordings/boundary_1373272_both_products.recording.json
2650,ถนนลูกเสือ,คลองหลังสวน,Royal Irrigation Department,Peninsula - Upper East Coast Basin,discharge_reported,discharge,available,graph route published 148 non-null 'discharge' values in the 7-day window,148,168,2026-08-31,2026-09-06,True,True,200,2026-09-07T15:19:14.908873Z,recordings/boundary_1373272_both_products.recording.json
2650,ถนนลูกเสือ,คลองหลังสวน,Royal Irrigation Department,Peninsula - Upper East Coast Basin,stage_reported,value,available,graph route published 148 non-null 'value' values in the 7-day window,148,168,2026-08-31,2026-09-06,True,True,200,2026-09-07T15:19:14.908873Z,recordings/boundary_1373272_both_products.recording.json
2651,คลองหาดส้มแป้น,คลองหาดส้มแป้น,Royal Irrigation Department,Peninsula - West Coast Basin,discharge_reported,discharge,available,graph route published 148 non-null 'discharge' values in the 7-day window,148,168,2026-08-31,2026-09-06,True,True,200,2026-09-07T15:19:15.986189Z,recordings/boundary_1373272_both_products.recording.json
2651,คลองหาดส้มแป้น,คลองหาดส้มแป้น,Royal Irrigation Department,Peninsula - West Coast Basin,stage_reported,value,available,graph route published 148 non-null 'value' values in the 7-day window,148,168,2026-08-31,2026-09-06,True,True,200,2026-09-07T15:19:15.986189Z,recordings/boundary_1373272_both_products.recording.json
2654,สะพานเทศบาล 2,คลองท่าตะเภา,Royal Irrigation Department,Peninsula - Upper East Coast Basin,discharge_reported,discharge,empty_in_tested_window,graph route answered with a complete time grid carrying no non-null 'discharge' value in the 90-day window; the source states nothing about support,0,168,2026-06-08,2026-09-06,True,False,200,2026-09-07T15:19:17.108731Z,recordings/boundary_11688546_empty_90d.recording.json
2654,สะพานเทศบาล 2,คลองท่าตะเภา,Royal Irrigation Department,Peninsula - Upper East Coast Basin,stage_reported,value,available,graph route published 1975 non-null 'value' values in the 90-day window,1975,168,2026-06-08,2026-09-06,True,False,200,2026-09-07T15:19:17.108731Z,recordings/boundary_1373272_both_products.recording.json
2655,บ้านวังครก,คลองท่าตะเภา,Royal Irrigation Department,Peninsula - Upper East Coast Basin,discharge_reported,discharge,available,graph route published 148 non-null 'discharge' values in the 7-day window,148,168,2026-08-31,2026-09-06,True,True,200,2026-09-07T15:19:18.264968Z,recordings/boundary_1373272_both_products.recording.json
2655,บ้านวังครก,คลองท่าตะเภา,Royal Irrigation Department,Peninsula - Upper East Coast Basin,stage_reported,value,available,graph route published 148 non-null 'value' values in the 7-day window,148,168,2026-08-31,2026-09-06,True,True,200,2026-09-07T15:19:18.264968Z,recordings/boundary_1373272_both_products.recording.json
2656,บ้านท่าแซะ,คลองท่าแซะ,Royal Irrigation Department,Peninsula - Upper East Coast Basin,discharge_reported,discharge,available,graph route published 45 non-null 'discharge' values in the 7-day window,45,168,2026-08-31,2026-09-06,False,False,200,2026-09-07T15:19:19.390572Z,recordings/boundary_1373272_both_products.recording.json
2656,บ้านท่าแซะ,คลองท่าแซะ,Royal Irrigation Department,Peninsula - Upper East Coast Basin,stage_reported,value,available,graph route published 45 non-null 'value' values in the 7-day window,45,168,2026-08-31,2026-09-06,False,False,200,2026-09-07T15:19:19.390572Z,recordings/boundary_1373272_both_products.recording.json
2658,บ้านหนองหญ้าปล้อง,คลองหนองหญ้าปล้อง,Royal Irrigation Department,Phetchaburi - Prachuap Khiri Khan Basin,discharge_reported,discharge,available,graph route published 152 non-null 'discharge' values in the 7-day window,152,168,2026-08-31,2026-09-06,True,True,200,2026-09-07T15:19:20.457534Z,recordings/boundary_1373272_both_products.recording.json
2658,บ้านหนองหญ้าปล้อง,คลองหนองหญ้าปล้อง,Royal Irrigation Department,Phetchaburi - Prachuap Khiri Khan Basin,stage_reported,value,available,graph route published 152 non-null 'value' values in the 7-day window,152,168,2026-08-31,2026-09-06,True,True,200,2026-09-07T15:19:20.457534Z,recordings/boundary_1373272_both_products.recording.json
2659,บ้านกลาง,คลองทับสะแก,Royal Irrigation Department,Phetchaburi - Prachuap Khiri Khan Basin,discharge_reported,discharge,available,graph route published 120 non-null 'discharge' values in the 7-day window,120,168,2026-08-31,2026-09-06,True,False,200,2026-09-07T15:19:21.523723Z,recordings/boundary_1373272_both_products.recording.json
2659,บ้านกลาง,คลองทับสะแก,Royal Irrigation Department,Phetchaburi - Prachuap Khiri Khan Basin,stage_reported,value,available,graph route published 152 non-null 'value' values in the 7-day window,152,168,2026-08-31,2026-09-06,True,False,200,2026-09-07T15:19:21.523723Z,recordings/boundary_1373272_both_products.recording.json
2661,บ้านเขาสมิง,แม่น้ำเขาสมิง,Royal Irrigation Department,East Coast Gulf Basin,discharge_reported,discharge,empty_in_tested_window,graph route answered with a complete time grid carrying no non-null 'discharge' value in the 90-day window; the source states nothing about support,0,168,2026-06-08,2026-09-06,True,False,200,2026-09-07T15:19:22.643616Z,recordings/boundary_11688546_empty_90d.recording.json
2661,บ้านเขาสมิง,แม่น้ำเขาสมิง,Royal Irrigation Department,East Coast Gulf Basin,stage_reported,value,available,graph route published 2071 non-null 'value' values in the 90-day window,2071,168,2026-06-08,2026-09-06,True,False,200,2026-09-07T15:19:22.643616Z,recordings/boundary_1373272_both_products.recording.json
2662,สะพานวัดจันทนาราม,คลองจันทบุรี,Royal Irrigation Department,East Coast Gulf Basin,discharge_reported,discharge,empty_in_tested_window,graph route answered with a complete time grid carrying no non-null 'discharge' value in the 90-day window; the source states nothing about support,0,168,2026-06-08,2026-09-06,True,False,200,2026-09-07T15:19:23.704542Z,recordings/boundary_11688546_empty_90d.recording.json
2662,สะพานวัดจันทนาราม,คลองจันทบุรี,Royal Irrigation Department,East Coast Gulf Basin,stage_reported,value,available,graph route published 2089 non-null 'value' values in the 90-day window,2089,168,2026-06-08,2026-09-06,True,False,200,2026-09-07T15:19:23.704542Z,recordings/boundary_1373272_both_products.recording.json
2663,บ้านฉมัน,คลองฉมัน,Royal Irrigation Department,East Coast Gulf Basin,discharge_reported,discharge,available,graph route published 161 non-null 'discharge' values in the 7-day window,161,168,2026-08-31,2026-09-06,True,True,200,2026-09-07T15:19:24.787660Z,recordings/boundary_1373272_both_products.recording.json
2663,บ้านฉมัน,คลองฉมัน,Royal Irrigation Department,East Coast Gulf Basin,stage_reported,value,available,graph route published 161 non-null 'value' values in the 7-day window,161,168,2026-08-31,2026-09-06,True,True,200,2026-09-07T15:19:24.787660Z,recordings/boundary_1373272_both_products.recording.json
2664,บ้านปึก,คลองจันทบุรี,Royal Irrigation Department,East Coast Gulf Basin,discharge_reported,discharge,available,graph route published 161 non-null 'discharge' values in the 7-day window,161,168,2026-08-31,2026-09-06,True,True,200,2026-09-07T15:19:25.895857Z,recordings/boundary_1373272_both_products.recording.json
2664,บ้านปึก,คลองจันทบุรี,Royal Irrigation Department,East Coast Gulf Basin,stage_reported,value,available,graph route published 161 non-null 'value' values in the 7-day window,161,168,2026-08-31,2026-09-06,True,True,200,2026-09-07T15:19:25.895857Z,recordings/boundary_1373272_both_products.recording.json
2665,บ้านโป่งโรงเซ็น,คลองทับนคร,Royal Irrigation Department,East Coast Gulf Basin,discharge_reported,discharge,available,graph route published 161 non-null 'discharge' values in the 7-day window,161,168,2026-08-31,2026-09-06,True,True,200,2026-09-07T15:19:27.010364Z,recordings/boundary_1373272_both_products.recording.json
2665,บ้านโป่งโรงเซ็น,คลองทับนคร,Royal Irrigation Department,East Coast Gulf Basin,stage_reported,value,available,graph route published 161 non-null 'value' values in the 7-day window,161,168,2026-08-31,2026-09-06,True,True,200,2026-09-07T15:19:27.010364Z,recordings/boundary_1373272_both_products.recording.json
2666,บ้านโพรงเข้,ห้วยผาก,Royal Irrigation Department,Phetchaburi - Prachuap Khiri Khan Basin,discharge_reported,discharge,empty_in_tested_window,graph route answered with a complete time grid carrying no non-null 'discharge' value in the 90-day window; the source states nothing about support,0,168,2026-06-08,2026-09-06,True,False,200,2026-09-07T15:19:28.139999Z,recordings/boundary_11688546_empty_90d.recording.json
2666,บ้านโพรงเข้,ห้วยผาก,Royal Irrigation Department,Phetchaburi - Prachuap Khiri Khan Basin,stage_reported,value,available,graph route published 1922 non-null 'value' values in the 90-day window,1922,168,2026-06-08,2026-09-06,True,False,200,2026-09-07T15:19:28.139999Z,recordings/boundary_1373272_both_products.recording.json
2668,บ้านซำฆ้อ,คลองโพล้,Royal Irrigation Department,East Coast Gulf Basin,discharge_reported,discharge,empty_in_tested_window,graph route answered with a complete time grid carrying no non-null 'discharge' value in the 90-day window; the source states nothing about support,0,168,2026-06-08,2026-09-06,True,False,200,2026-09-07T15:19:29.268033Z,recordings/boundary_11688546_empty_90d.recording.json
2668,บ้านซำฆ้อ,คลองโพล้,Royal Irrigation Department,East Coast Gulf Basin,stage_reported,value,available,graph route published 88 non-null 'value' values in the 90-day window,88,168,2026-06-08,2026-09-06,True,False,200,2026-09-07T15:19:29.268033Z,recordings/boundary_1373272_both_products.recording.json
2669,บ้านเขาวังไทร,แม่น้ำประแสร์,Royal Irrigation Department,East Coast Gulf Basin,discharge_reported,discharge,available,graph route published 161 non-null 'discharge' values in the 7-day window,161,168,2026-08-31,2026-09-06,True,True,200,2026-09-07T15:19:30.334442Z,recordings/boundary_1373272_both_products.recording.json
2669,บ้านเขาวังไทร,แม่น้ำประแสร์,Royal Irrigation Department,East Coast Gulf Basin,stage_reported,value,available,graph route published 161 non-null 'value' values in the 7-day window,161,168,2026-08-31,2026-09-06,True,True,200,2026-09-07T15:19:30.334442Z,recordings/boundary_1373272_both_products.recording.json
2671,ตลาดท่ายาง,แม่น้ำเพชรบุรี,Royal Irrigation Department,Phetchaburi - Prachuap Khiri Khan Basin,discharge_reported,discharge,available,graph route published 152 non-null 'discharge' values in the 7-day window,152,168,2026-08-31,2026-09-06,True,True,200,2026-09-07T15:19:31.459188Z,recordings/boundary_1373272_both_products.recording.json
2671,ตลาดท่ายาง,แม่น้ำเพชรบุรี,Royal Irrigation Department,Phetchaburi - Prachuap Khiri Khan Basin,stage_reported,value,available,graph route published 152 non-null 'value' values in the 7-day window,152,168,2026-08-31,2026-09-06,True,True,200,2026-09-07T15:19:31.459188Z,recordings/boundary_1373272_both_products.recording.json
2672,บ้านขุนซ่อง,คลองโตนด,Royal Irrigation Department,East Coast Gulf Basin,discharge_reported,discharge,available,graph route published 161 non-null 'discharge' values in the 7-day window,161,168,2026-08-31,2026-09-06,True,True,200,2026-09-07T15:19:32.524672Z,recordings/boundary_1373272_both_products.recording.json
2672,บ้านขุนซ่อง,คลองโตนด,Royal Irrigation Department,East Coast Gulf Basin,stage_reported,value,available,graph route published 161 non-null 'value' values in the 7-day window,161,168,2026-08-31,2026-09-06,True,True,200,2026-09-07T15:19:32.524672Z,recordings/boundary_1373272_both_products.recording.json
2675,บ้านเขาฉกรรจ์,คลองพระสะทึง,Royal Irrigation Department,Bang Pakong Basin,discharge_reported,discharge,available,graph route published 161 non-null 'discharge' values in the 7-day window,161,168,2026-08-31,2026-09-06,True,True,200,2026-09-07T15:19:33.597389Z,recordings/boundary_1373272_both_products.recording.json
2675,บ้านเขาฉกรรจ์,คลองพระสะทึง,Royal Irrigation Department,Bang Pakong Basin,stage_reported,value,available,graph route published 161 non-null 'value' values in the 7-day window,161,168,2026-08-31,2026-09-06,True,True,200,2026-09-07T15:19:33.597389Z,recordings/boundary_1373272_both_products.recording.json
2676,ที่ว่าการอ.นครชัยศรี,แม่น้ำท่าจีน,Royal Irrigation Department,Tha Chin Basin,discharge_reported,discharge,empty_in_tested_window,graph route answered with a complete time grid carrying no non-null 'discharge' value in the 90-day window; the source states nothing about support,0,168,2026-06-08,2026-09-06,True,False,200,2026-09-07T15:19:34.736172Z,recordings/boundary_11688546_empty_90d.recording.json
2676,ที่ว่าการอ.นครชัยศรี,แม่น้ำท่าจีน,Royal Irrigation Department,Tha Chin Basin,stage_reported,value,available,graph route published 1980 non-null 'value' values in the 90-day window,1980,168,2026-06-08,2026-09-06,True,False,200,2026-09-07T15:19:34.736172Z,recordings/boundary_1373272_both_products.recording.json
2677,บ้านเนินผาสุก,คลองพระสะทึง,Royal Irrigation Department,Bang Pakong Basin,discharge_reported,discharge,available,graph route published 161 non-null 'discharge' values in the 7-day window,161,168,2026-08-31,2026-09-06,True,True,200,2026-09-07T15:19:35.798577Z,recordings/boundary_1373272_both_products.recording.json
2677,บ้านเนินผาสุก,คลองพระสะทึง,Royal Irrigation Department,Bang Pakong Basin,stage_reported,value,available,graph route published 161 non-null 'value' values in the 7-day window,161,168,2026-08-31,2026-09-06,True,True,200,2026-09-07T15:19:35.798577Z,recordings/boundary_1373272_both_products.recording.json
2679,บ้านวังขนาย,แม่น้ำแม่กลอง,Royal Irrigation Department,Mae Klong Basin,discharge_reported,discharge,available,graph route published 152 non-null 'discharge' values in the 7-day window,152,168,2026-08-31,2026-09-06,True,True,200,2026-09-07T15:19:37.275641Z,recordings/boundary_1373272_both_products.recording.json
2679,บ้านวังขนาย,แม่น้ำแม่กลอง,Royal Irrigation Department,Mae Klong Basin,stage_reported,value,available,graph route published 152 non-null 'value' values in the 7-day window,152,168,2026-08-31,2026-09-06,True,True,200,2026-09-07T15:19:37.275641Z,recordings/boundary_1373272_both_products.recording.json
2680,สะพานต้นน้ำบางปะกง,แม่น้ำบางปะกง,Royal Irrigation Department,Bang Pakong Basin,discharge_reported,discharge,available,graph route published 161 non-null 'discharge' values in the 7-day window,161,168,2026-08-31,2026-09-06,True,True,200,2026-09-07T15:19:38.407270Z,recordings/boundary_1373272_both_products.recording.json
2680,สะพานต้นน้ำบางปะกง,แม่น้ำบางปะกง,Royal Irrigation Department,Bang Pakong Basin,stage_reported,value,available,graph route published 161 non-null 'value' values in the 7-day window,161,168,2026-08-31,2026-09-06,True,True,200,2026-09-07T15:19:38.407270Z,recordings/boundary_1373272_both_products.recording.json
2682,บ้านหนองบัว,แม่น้ำแควใหญ่,Royal Irrigation Department,Mae Klong Basin,discharge_reported,discharge,available,graph route published 152 non-null 'discharge' values in the 7-day window,152,168,2026-08-31,2026-09-06,True,True,200,2026-09-07T15:19:39.529907Z,recordings/boundary_1373272_both_products.recording.json
2682,บ้านหนองบัว,แม่น้ำแควใหญ่,Royal Irrigation Department,Mae Klong Basin,stage_reported,value,available,graph route published 152 non-null 'value' values in the 7-day window,152,168,2026-08-31,2026-09-06,True,True,200,2026-09-07T15:19:39.529907Z,recordings/boundary_1373272_both_products.recording.json
2683,สะพานณรงค์ดำริ,แม่น้ำบางปะกง,Royal Irrigation Department,Bang Pakong Basin,discharge_reported,discharge,empty_in_tested_window,graph route answered with a complete time grid carrying no non-null 'discharge' value in the 90-day window; the source states nothing about support,0,168,2026-06-08,2026-09-06,True,False,200,2026-09-07T15:19:40.655762Z,recordings/boundary_11688546_empty_90d.recording.json
2683,สะพานณรงค์ดำริ,แม่น้ำบางปะกง,Royal Irrigation Department,Bang Pakong Basin,stage_reported,value,available,graph route published 2074 non-null 'value' values in the 90-day window,2074,168,2026-06-08,2026-09-06,True,False,200,2026-09-07T15:19:40.655762Z,recordings/boundary_1373272_both_products.recording.json
2686,บ้านทุ่งนานางหรอก,ลำตะเพิน,Royal Irrigation Department,Mae Klong Basin,discharge_reported,discharge,available,graph route published 866 non-null 'discharge' values in the 90-day window,866,168,2026-06-08,2026-09-06,True,False,200,2026-09-07T15:19:42.781657Z,recordings/boundary_1373272_both_products.recording.json
2686,บ้านทุ่งนานางหรอก,ลำตะเพิน,Royal Irrigation Department,Mae Klong Basin,stage_reported,value,available,graph route published 1987 non-null 'value' values in the 90-day window,1987,168,2026-06-08,2026-09-06,True,False,200,2026-09-07T15:19:42.781657Z,recordings/boundary_1373272_both_products.recording.json
2687,บ้านเขานางบวช,แม่น้ำนครนายก,Royal Irrigation Department,Bang Pakong Basin,discharge_reported,discharge,available,graph route published 161 non-null 'discharge' values in the 7-day window,161,168,2026-08-31,2026-09-06,True,True,200,2026-09-07T15:19:43.922940Z,recordings/boundary_1373272_both_products.recording.json
2687,บ้านเขานางบวช,แม่น้ำนครนายก,Royal Irrigation Department,Bang Pakong Basin,stage_reported,value,available,graph route published 161 non-null 'value' values in the 7-day window,161,168,2026-08-31,2026-09-06,True,True,200,2026-09-07T15:19:43.922940Z,recordings/boundary_1373272_both_products.recording.json
2688,บ้านบ้องตี้น้อย,ห้วยบ้องตี้,Royal Irrigation Department,Mae Klong Basin,discharge_reported,discharge,available,graph route published 152 non-null 'discharge' values in the 7-day window,152,168,2026-08-31,2026-09-06,True,True,200,2026-09-07T15:19:45.044243Z,recordings/boundary_1373272_both_products.recording.json
2688,บ้านบ้องตี้น้อย,ห้วยบ้องตี้,Royal Irrigation Department,Mae Klong Basin,stage_reported,value,available,graph route published 152 non-null 'value' values in the 7-day window,152,168,2026-08-31,2026-09-06,True,True,200,2026-09-07T15:19:45.044243Z,recordings/boundary_1373272_both_products.recording.json
2689,บ้านป่าขะ,คลองห้วยถ่าน,Royal Irrigation Department,Bang Pakong Basin,discharge_reported,discharge,available,graph route published 80 non-null 'discharge' values in the 7-day window,80,168,2026-08-31,2026-09-06,True,False,200,2026-09-07T15:19:46.180736Z,recordings/boundary_1373272_both_products.recording.json
2689,บ้านป่าขะ,คลองห้วยถ่าน,Royal Irrigation Department,Bang Pakong Basin,stage_reported,value,available,graph route published 161 non-null 'value' values in the 7-day window,161,168,2026-08-31,2026-09-06,True,False,200,2026-09-07T15:19:46.180736Z,recordings/boundary_1373272_both_products.recording.json
269,เขื่องใน,แม่น้ำชี,Hydro – Informatics Institute (Public Organization),Chi Basin Basin,discharge_reported,discharge,empty_in_tested_window,graph route answered with a complete time grid carrying no non-null 'discharge' value in the 90-day window; the source states nothing about support,0,1008,2026-06-08,2026-09-06,True,False,200,2026-09-07T15:19:48.343313Z,recordings/boundary_11688546_empty_90d.recording.json
269,เขื่องใน,แม่น้ำชี,Hydro – Informatics Institute (Public Organization),Chi Basin Basin,stage_reported,value,available,graph route published 13006 non-null 'value' values in the 90-day window,13006,1008,2026-06-08,2026-09-06,True,False,200,2026-09-07T15:19:48.343313Z,recordings/boundary_1373272_both_products.recording.json
2694,บ้านท่าเยี่ยม,ลำพระเพลิง,Royal Irrigation Department,Mun Basin,discharge_reported,discharge,empty_in_tested_window,graph route answered with a complete time grid carrying no non-null 'discharge' value in the 90-day window; the source states nothing about support,0,168,2026-06-08,2026-09-06,True,False,200,2026-09-07T15:19:49.445332Z,recordings/boundary_11688546_empty_90d.recording.json
2694,บ้านท่าเยี่ยม,ลำพระเพลิง,Royal Irrigation Department,Mun Basin,stage_reported,value,available,graph route published 1778 non-null 'value' values in the 90-day window,1778,168,2026-06-08,2026-09-06,True,False,200,2026-09-07T15:19:49.445332Z,recordings/boundary_1373272_both_products.recording.json
2695,บ้านวังชมภู,ห้วยขะยุง,Royal Irrigation Department,Mun Basin,discharge_reported,discharge,available,graph route published 157 non-null 'discharge' values in the 7-day window,157,168,2026-08-31,2026-09-06,True,True,200,2026-09-07T15:19:50.571222Z,recordings/boundary_1373272_both_products.recording.json
2695,บ้านวังชมภู,ห้วยขะยุง,Royal Irrigation Department,Mun Basin,stage_reported,value,available,graph route published 157 non-null 'value' values in the 7-day window,157,168,2026-08-31,2026-09-06,True,True,200,2026-09-07T15:19:50.571222Z,recordings/boundary_1373272_both_products.recording.json
2698,สำนักเทคโนโลยีชีวภัณฑ์สัตว์,คลองลำตะคอง,Royal Irrigation Department,Mun Basin,discharge_reported,discharge,available,graph route published 157 non-null 'discharge' values in the 7-day window,157,168,2026-08-31,2026-09-06,True,True,200,2026-09-07T15:19:51.724573Z,recordings/boundary_1373272_both_products.recording.json
2698,สำนักเทคโนโลยีชีวภัณฑ์สัตว์,คลองลำตะคอง,Royal Irrigation Department,Mun Basin,stage_reported,value,available,graph route published 157 non-null 'value' values in the 7-day window,157,168,2026-08-31,2026-09-06,True,True,200,2026-09-07T15:19:51.724573Z,recordings/boundary_1373272_both_products.recording.json
27,คลองเปรมประชากร หลักหก,คลองเปรมประชากร,Hydro – Informatics Institute (Public Organization),Chao Phraya Basin,discharge_reported,discharge,empty_in_tested_window,graph route answered with a complete time grid carrying no non-null 'discharge' value in the 90-day window; the source states nothing about support,0,1008,2026-06-08,2026-09-06,True,False,200,2026-09-07T15:19:53.694852Z,recordings/boundary_11688546_empty_90d.recording.json
27,คลองเปรมประชากร หลักหก,คลองเปรมประชากร,Hydro – Informatics Institute (Public Organization),Chao Phraya Basin,stage_reported,value,available,graph route published 12845 non-null 'value' values in the 90-day window,12845,1008,2026-06-08,2026-09-06,True,False,200,2026-09-07T15:19:53.694852Z,recordings/boundary_1373272_both_products.recording.json
2700,บ้านโนนสะอาด,แม่น้ำมูล,Royal Irrigation Department,Mun Basin,discharge_reported,discharge,available,graph route published 157 non-null 'discharge' values in the 7-day window,157,168,2026-08-31,2026-09-06,True,True,200,2026-09-07T15:19:54.829697Z,recordings/boundary_1373272_both_products.recording.json
2700,บ้านโนนสะอาด,แม่น้ำมูล,Royal Irrigation Department,Mun Basin,stage_reported,value,available,graph route published 157 non-null 'value' values in the 7-day window,157,168,2026-08-31,2026-09-06,True,True,200,2026-09-07T15:19:54.829697Z,recordings/boundary_1373272_both_products.recording.json
2707,บ้านคำสำราญ,ลำโดมใหญ่,Royal Irrigation Department,Mun Basin,discharge_reported,discharge,available,graph route published 151 non-null 'discharge' values in the 7-day window,151,168,2026-08-31,2026-09-06,True,True,200,2026-09-07T15:19:55.952511Z,recordings/boundary_1373272_both_products.recording.json
2707,บ้านคำสำราญ,ลำโดมใหญ่,Royal Irrigation Department,Mun Basin,stage_reported,value,available,graph route published 151 non-null 'value' values in the 7-day window,151,168,2026-08-31,2026-09-06,True,True,200,2026-09-07T15:19:55.952511Z,recordings/boundary_1373272_both_products.recording.json
2712,ท้ายเขื่อนป่าสักชลสิทธิ์,แม่น้ำป่าสัก,Royal Irrigation Department,Pasak Basin,discharge_reported,discharge,available,graph route published 161 non-null 'discharge' values in the 7-day window,161,168,2026-08-31,2026-09-06,True,True,200,2026-09-07T15:19:57.024190Z,recordings/boundary_1373272_both_products.recording.json
2712,ท้ายเขื่อนป่าสักชลสิทธิ์,แม่น้ำป่าสัก,Royal Irrigation Department,Pasak Basin,stage_reported,value,available,graph route published 161 non-null 'value' values in the 7-day window,161,168,2026-08-31,2026-09-06,True,True,200,2026-09-07T15:19:57.024190Z,recordings/boundary_1373272_both_products.recording.json
2713,บ้านลาดบัวขาว,ลำตะคอง,Royal Irrigation Department,Mun Basin,discharge_reported,discharge,available,graph route published 157 non-null 'discharge' values in the 7-day window,157,168,2026-08-31,2026-09-06,True,True,200,2026-09-07T15:19:58.138551Z,recordings/boundary_1373272_both_products.recording.json
2713,บ้านลาดบัวขาว,ลำตะคอง,Royal Irrigation Department,Mun Basin,stage_reported,value,available,graph route published 157 non-null 'value' values in the 7-day window,157,168,2026-08-31,2026-09-06,True,True,200,2026-09-07T15:19:58.138551Z,recordings/boundary_1373272_both_products.recording.json
2714,ศูนย์วิจัยและพัฒนาประมงน้ำจืดสุรินทร์,ห้วยเสนง,Royal Irrigation Department,Mun Basin,discharge_reported,discharge,available,graph route published 157 non-null 'discharge' values in the 7-day window,157,168,2026-08-31,2026-09-06,True,True,200,2026-09-07T15:19:59.265171Z,recordings/boundary_1373272_both_products.recording.json
2714,ศูนย์วิจัยและพัฒนาประมงน้ำจืดสุรินทร์,ห้วยเสนง,Royal Irrigation Department,Mun Basin,stage_reported,value,available,graph route published 157 non-null 'value' values in the 7-day window,157,168,2026-08-31,2026-09-06,True,True,200,2026-09-07T15:19:59.265171Z,recordings/boundary_1373272_both_products.recording.json
2723,บ้านบางพุทรา,แม่น้ำเจ้าพระยา,Royal Irrigation Department,Chao Phraya Basin,discharge_reported,discharge,available,graph route published 29 non-null 'discharge' values in the 7-day window,29,168,2026-08-31,2026-09-06,True,False,200,2026-09-07T15:20:01.266850Z,recordings/boundary_1373272_both_products.recording.json
2723,บ้านบางพุทรา,แม่น้ำเจ้าพระยา,Royal Irrigation Department,Chao Phraya Basin,stage_reported,value,available,graph route published 161 non-null 'value' values in the 7-day window,161,168,2026-08-31,2026-09-06,True,False,200,2026-09-07T15:20:01.266850Z,recordings/boundary_1373272_both_products.recording.json
2725,บ้านด่านกะตา,แม่น้ำมูล,Royal Irrigation Department,Mun Basin,discharge_reported,discharge,available,graph route published 91 non-null 'discharge' values in the 7-day window,91,168,2026-08-31,2026-09-06,True,True,200,2026-09-07T15:20:03.081141Z,recordings/boundary_1373272_both_products.recording.json
2725,บ้านด่านกะตา,แม่น้ำมูล,Royal Irrigation Department,Mun Basin,stage_reported,value,available,graph route published 138 non-null 'value' values in the 7-day window,138,168,2026-08-31,2026-09-06,True,True,200,2026-09-07T15:20:03.081141Z,recordings/boundary_1373272_both_products.recording.json
2726,ตำบลในเมือง,ลำตะคองเก่า,Royal Irrigation Department,Mun Basin,discharge_reported,discharge,available,graph route published 157 non-null 'discharge' values in the 7-day window,157,168,2026-08-31,2026-09-06,True,True,200,2026-09-07T15:20:04.483857Z,recordings/boundary_1373272_both_products.recording.json
2726,ตำบลในเมือง,ลำตะคองเก่า,Royal Irrigation Department,Mun Basin,stage_reported,value,available,graph route published 157 non-null 'value' values in the 7-day window,157,168,2026-08-31,2026-09-06,True,True,200,2026-09-07T15:20:04.483857Z,recordings/boundary_1373272_both_products.recording.json
2729,บ้านโนนสีไคล,ห้วยขะยุง,Royal Irrigation Department,Mun Basin,discharge_reported,discharge,available,graph route published 157 non-null 'discharge' values in the 7-day window,157,168,2026-08-31,2026-09-06,True,True,200,2026-09-07T15:20:05.621271Z,recordings/boundary_1373272_both_products.recording.json
2729,บ้านโนนสีไคล,ห้วยขะยุง,Royal Irrigation Department,Mun Basin,stage_reported,value,available,graph route published 157 non-null 'value' values in the 7-day window,157,168,2026-08-31,2026-09-06,True,True,200,2026-09-07T15:20:05.621271Z,recordings/boundary_1373272_both_products.recording.json
2731,บ้านเขวา,ห้วยสำราญ,Royal Irrigation Department,Mun Basin,discharge_reported,discharge,empty_in_tested_window,graph route answered with a complete time grid carrying no non-null 'discharge' value in the 90-day window; the source states nothing about support,0,168,2026-06-08,2026-09-06,True,False,200,2026-09-07T15:20:06.833629Z,recordings/boundary_11688546_empty_90d.recording.json
2731,บ้านเขวา,ห้วยสำราญ,Royal Irrigation Department,Mun Basin,stage_reported,value,available,graph route published 1778 non-null 'value' values in the 90-day window,1778,168,2026-06-08,2026-09-06,True,False,200,2026-09-07T15:20:06.833629Z,recordings/boundary_1373272_both_products.recording.json
2737,ชุมชนสะพานขาว,ห้วยสำราญ,Royal Irrigation Department,Mun Basin,discharge_reported,discharge,empty_in_tested_window,graph route answered with a complete time grid carrying no non-null 'discharge' value in the 90-day window; the source states nothing about support,0,168,2026-06-08,2026-09-06,True,False,200,2026-09-07T15:20:08.048113Z,recordings/boundary_11688546_empty_90d.recording.json
2737,ชุมชนสะพานขาว,ห้วยสำราญ,Royal Irrigation Department,Mun Basin,stage_reported,value,available,graph route published 1778 non-null 'value' values in the 90-day window,1778,168,2026-06-08,2026-09-06,True,False,200,2026-09-07T15:20:08.048113Z,recordings/boundary_1373272_both_products.recording.json
2739,บ้านสีถาน,แม่น้ำมูล,Royal Irrigation Department,Mun Basin,discharge_reported,discharge,available,graph route published 157 non-null 'discharge' values in the 7-day window,157,168,2026-08-31,2026-09-06,True,True,200,2026-09-07T15:20:09.226786Z,recordings/boundary_1373272_both_products.recording.json
2739,บ้านสีถาน,แม่น้ำมูล,Royal Irrigation Department,Mun Basin,stage_reported,value,available,graph route published 157 non-null 'value' values in the 7-day window,157,168,2026-08-31,2026-09-06,True,True,200,2026-09-07T15:20:09.226786Z,recordings/boundary_1373272_both_products.recording.json
2740,บ้านหลุมดิน,ลำชี,Royal Irrigation Department,Mun Basin,discharge_reported,discharge,available,graph route published 157 non-null 'discharge' values in the 7-day window,157,168,2026-08-31,2026-09-06,True,True,200,2026-09-07T15:20:10.427086Z,recordings/boundary_1373272_both_products.recording.json
2740,บ้านหลุมดิน,ลำชี,Royal Irrigation Department,Mun Basin,stage_reported,value,available,graph route published 157 non-null 'value' values in the 7-day window,157,168,2026-08-31,2026-09-06,True,True,200,2026-09-07T15:20:10.427086Z,recordings/boundary_1373272_both_products.recording.json
2744,ท้ายเขื่อนเจ้าพระยา,แม่น้ำเจ้าพระยา,Royal Irrigation Department,Chao Phraya Basin,discharge_reported,discharge,available,graph route published 161 non-null 'discharge' values in the 7-day window,161,168,2026-08-31,2026-09-06,True,True,200,2026-09-07T15:20:11.551818Z,recordings/boundary_1373272_both_products.recording.json
2744,ท้ายเขื่อนเจ้าพระยา,แม่น้ำเจ้าพระยา,Royal Irrigation Department,Chao Phraya Basin,stage_reported,value,available,graph route published 161 non-null 'value' values in the 7-day window,161,168,2026-08-31,2026-09-06,True,True,200,2026-09-07T15:20:11.551818Z,recordings/boundary_1373272_both_products.recording.json
2750,บ้านซึม,แม่น้ำมูล,Royal Irrigation Department,Mun Basin,discharge_reported,discharge,available,graph route published 157 non-null 'discharge' values in the 7-day window,157,168,2026-08-31,2026-09-06,True,True,200,2026-09-07T15:20:12.679222Z,recordings/boundary_1373272_both_products.recording.json
2750,บ้านซึม,แม่น้ำมูล,Royal Irrigation Department,Mun Basin,stage_reported,value,available,graph route published 157 non-null 'value' values in the 7-day window,157,168,2026-08-31,2026-09-06,True,True,200,2026-09-07T15:20:12.679222Z,recordings/boundary_1373272_both_products.recording.json
2752,สะพานเสรีประชาธิปไตย,แม่น้ำมูล,Royal Irrigation Department,Mun Basin,discharge_reported,discharge,available,graph route published 157 non-null 'discharge' values in the 7-day window,157,168,2026-08-31,2026-09-06,True,True,200,2026-09-07T15:20:13.798894Z,recordings/boundary_1373272_both_products.recording.json
2752,สะพานเสรีประชาธิปไตย,แม่น้ำมูล,Royal Irrigation Department,Mun Basin,stage_reported,value,available,graph route published 157 non-null 'value' values in the 7-day window,157,168,2026-08-31,2026-09-06,True,True,200,2026-09-07T15:20:13.798894Z,recordings/boundary_1373272_both_products.recording.json
2755,บ้านโพธิ์ตาก,แม่น้ำมูล,Royal Irrigation Department,Mun Basin,discharge_reported,discharge,available,graph route published 157 non-null 'discharge' values in the 7-day window,157,168,2026-08-31,2026-09-06,True,True,200,2026-09-07T15:20:14.883053Z,recordings/boundary_1373272_both_products.recording.json
2755,บ้านโพธิ์ตาก,แม่น้ำมูล,Royal Irrigation Department,Mun Basin,stage_reported,value,available,graph route published 157 non-null 'value' values in the 7-day window,157,168,2026-08-31,2026-09-06,True,True,200,2026-09-07T15:20:14.883053Z,recordings/boundary_1373272_both_products.recording.json
2760,บ้านสตึก,แม่น้ำมูล,Royal Irrigation Department,Mun Basin,discharge_reported,discharge,available,graph route published 157 non-null 'discharge' values in the 7-day window,157,168,2026-08-31,2026-09-06,True,True,200,2026-09-07T15:20:16.037907Z,recordings/boundary_1373272_both_products.recording.json
2760,บ้านสตึก,แม่น้ำมูล,Royal Irrigation Department,Mun Basin,stage_reported,value,available,graph route published 157 non-null 'value' values in the 7-day window,157,168,2026-08-31,2026-09-06,True,True,200,2026-09-07T15:20:16.037907Z,recordings/boundary_1373272_both_products.recording.json
2763,บ้านพงสวาย,แม่น้ำมูล,Royal Irrigation Department,Mun Basin,discharge_reported,discharge,available,graph route published 157 non-null 'discharge' values in the 7-day window,157,168,2026-08-31,2026-09-06,True,True,200,2026-09-07T15:20:17.200018Z,recordings/boundary_1373272_both_products.recording.json
2763,บ้านพงสวาย,แม่น้ำมูล,Royal Irrigation Department,Mun Basin,stage_reported,value,available,graph route published 157 non-null 'value' values in the 7-day window,157,168,2026-08-31,2026-09-06,True,True,200,2026-09-07T15:20:17.200018Z,recordings/boundary_1373272_both_products.recording.json
2764,บ้านเมืองคง,แม่น้ำมูล,Royal Irrigation Department,Mun Basin,discharge_reported,discharge,available,graph route published 157 non-null 'discharge' values in the 7-day window,157,168,2026-08-31,2026-09-06,True,True,200,2026-09-07T15:20:18.374445Z,recordings/boundary_1373272_both_products.recording.json
2764,บ้านเมืองคง,แม่น้ำมูล,Royal Irrigation Department,Mun Basin,stage_reported,value,available,graph route published 157 non-null 'value' values in the 7-day window,157,168,2026-08-31,2026-09-06,True,True,200,2026-09-07T15:20:18.374445Z,recordings/boundary_1373272_both_products.recording.json
2770,บ้านหาดทนง,แม่น้ำสะแกกรัง,Royal Irrigation Department,Sakae Krang Basin,discharge_reported,discharge,empty_in_tested_window,graph route answered with a complete time grid carrying no non-null 'discharge' value in the 90-day window; the source states nothing about support,0,168,2026-06-08,2026-09-06,True,False,200,2026-09-07T15:20:19.482190Z,recordings/boundary_11688546_empty_90d.recording.json
2770,บ้านหาดทนง,แม่น้ำสะแกกรัง,Royal Irrigation Department,Sakae Krang Basin,stage_reported,value,available,graph route published 1583 non-null 'value' values in the 90-day window,1583,168,2026-06-08,2026-09-06,True,False,200,2026-09-07T15:20:19.482190Z,recordings/boundary_1373272_both_products.recording.json
2773,บ้านวังปลัด,แม่น้ำมูล,Royal Irrigation Department,Mun Basin,discharge_reported,discharge,available,graph route published 157 non-null 'discharge' values in the 7-day window,157,168,2026-08-31,2026-09-06,True,True,200,2026-09-07T15:20:20.653843Z,recordings/boundary_1373272_both_products.recording.json
2773,บ้านวังปลัด,แม่น้ำมูล,Royal Irrigation Department,Mun Basin,stage_reported,value,available,graph route published 157 non-null 'value' values in the 7-day window,157,168,2026-08-31,2026-09-06,True,True,200,2026-09-07T15:20:20.653843Z,recordings/boundary_1373272_both_products.recording.json
2777,บ้านดอนใหญ่,น้ำตากแดด,Royal Irrigation Department,Sakae Krang Basin,discharge_reported,discharge,empty_in_tested_window,graph route answered with a complete time grid carrying no non-null 'discharge' value in the 90-day window; the source states nothing about support,0,168,2026-06-08,2026-09-06,True,False,200,2026-09-07T15:20:21.778000Z,recordings/boundary_11688546_empty_90d.recording.json
2777,บ้านดอนใหญ่,น้ำตากแดด,Royal Irrigation Department,Sakae Krang Basin,stage_reported,value,available,graph route published 1583 non-null 'value' values in the 90-day window,1583,168,2026-06-08,2026-09-06,True,False,200,2026-09-07T15:20:21.778000Z,recordings/boundary_1373272_both_products.recording.json
2780,บ้านท่าบอแบง,ลำเซบก,Royal Irrigation Department,Mun Basin,discharge_reported,discharge,available,graph route published 123 non-null 'discharge' values in the 7-day window,123,168,2026-08-31,2026-09-06,True,True,200,2026-09-07T15:20:22.918328Z,recordings/boundary_1373272_both_products.recording.json
2780,บ้านท่าบอแบง,ลำเซบก,Royal Irrigation Department,Mun Basin,stage_reported,value,available,graph route published 123 non-null 'value' values in the 7-day window,123,168,2026-08-31,2026-09-06,True,True,200,2026-09-07T15:20:22.918328Z,recordings/boundary_1373272_both_products.recording.json
2781,บ้านบุ่งอ้ายเจี้ยม,ห้วยทับเสลา,Royal Irrigation Department,Sakae Krang Basin,discharge_reported,discharge,empty_in_tested_window,graph route answered with a complete time grid carrying no non-null 'discharge' value in the 90-day window; the source states nothing about support,0,168,2026-06-08,2026-09-06,True,False,200,2026-09-07T15:20:24.253077Z,recordings/boundary_11688546_empty_90d.recording.json
2781,บ้านบุ่งอ้ายเจี้ยม,ห้วยทับเสลา,Royal Irrigation Department,Sakae Krang Basin,stage_reported,value,available,graph route published 1583 non-null 'value' values in the 90-day window,1583,168,2026-06-08,2026-09-06,True,False,200,2026-09-07T15:20:24.253077Z,recordings/boundary_1373272_both_products.recording.json
2782,บ้านฟ้าหยาด,แม่น้ำชี,Royal Irrigation Department,Chi Basin Basin,discharge_reported,discharge,available,graph route published 160 non-null 'discharge' values in the 7-day window,160,168,2026-08-31,2026-09-06,True,True,200,2026-09-07T15:20:27.295995Z,recordings/boundary_1373272_both_products.recording.json
2782,บ้านฟ้าหยาด,แม่น้ำชี,Royal Irrigation Department,Chi Basin Basin,stage_reported,value,available,graph route published 160 non-null 'value' values in the 7-day window,160,168,2026-08-31,2026-09-06,True,True,200,2026-09-07T15:20:27.295995Z,recordings/boundary_1373272_both_products.recording.json
2795,ค่ายจิรประวัติ,แม่น้ำเจ้าพระยา,Royal Irrigation Department,Chao Phraya Basin,discharge_reported,discharge,available,graph route published 161 non-null 'discharge' values in the 7-day window,161,168,2026-08-31,2026-09-06,True,True,200,2026-09-07T15:20:28.432896Z,recordings/boundary_1373272_both_products.recording.json
2795,ค่ายจิรประวัติ,แม่น้ำเจ้าพระยา,Royal Irrigation Department,Chao Phraya Basin,stage_reported,value,available,graph route published 161 non-null 'value' values in the 7-day window,161,168,2026-08-31,2026-09-06,True,True,200,2026-09-07T15:20:28.432896Z,recordings/boundary_1373272_both_products.recording.json
2797,บ้านค่าย,แม่น้ำชี,Royal Irrigation Department,Chi Basin Basin,discharge_reported,discharge,available,graph route published 160 non-null 'discharge' values in the 7-day window,160,168,2026-08-31,2026-09-06,True,True,200,2026-09-07T15:20:29.525991Z,recordings/boundary_1373272_both_products.recording.json
2797,บ้านค่าย,แม่น้ำชี,Royal Irrigation Department,Chi Basin Basin,stage_reported,value,available,graph route published 160 non-null 'value' values in the 7-day window,160,168,2026-08-31,2026-09-06,True,True,200,2026-09-07T15:20:29.525991Z,recordings/boundary_1373272_both_products.recording.json
2799,บ้านบ่อวัง,แม่น้ำป่าสัก,Royal Irrigation Department,Pasak Basin,discharge_reported,discharge,available,graph route published 161 non-null 'discharge' values in the 7-day window,161,168,2026-08-31,2026-09-06,True,True,200,2026-09-07T15:20:30.765883Z,recordings/boundary_1373272_both_products.recording.json
2799,บ้านบ่อวัง,แม่น้ำป่าสัก,Royal Irrigation Department,Pasak Basin,stage_reported,value,available,graph route published 161 non-null 'value' values in the 7-day window,161,168,2026-08-31,2026-09-06,True,True,200,2026-09-07T15:20:30.765883Z,recordings/boundary_1373272_both_products.recording.json
2808,บ้านแก่งโก,แม่น้ำชี,Royal Irrigation Department,Chi Basin Basin,discharge_reported,discharge,available,graph route published 160 non-null 'discharge' values in the 7-day window,160,168,2026-08-31,2026-09-06,True,True,200,2026-09-07T15:20:31.905445Z,recordings/boundary_1373272_both_products.recording.json
2808,บ้านแก่งโก,แม่น้ำชี,Royal Irrigation Department,Chi Basin Basin,stage_reported,value,available,graph route published 160 non-null 'value' values in the 7-day window,160,168,2026-08-31,2026-09-06,True,True,200,2026-09-07T15:20:31.905445Z,recordings/boundary_1373272_both_products.recording.json
2809,บ้านโนนเชือก,แม่น้ำชี,Royal Irrigation Department,Chi Basin Basin,discharge_reported,discharge,available,graph route published 160 non-null 'discharge' values in the 7-day window,160,168,2026-08-31,2026-09-06,True,True,200,2026-09-07T15:20:33.148275Z,recordings/boundary_1373272_both_products.recording.json
2809,บ้านโนนเชือก,แม่น้ำชี,Royal Irrigation Department,Chi Basin Basin,stage_reported,value,available,graph route published 160 non-null 'value' values in the 7-day window,160,168,2026-08-31,2026-09-06,True,True,200,2026-09-07T15:20:33.148275Z,recordings/boundary_1373272_both_products.recording.json
281,พิบูลมังสาหาร,แม่น้ำมูล,Hydro – Informatics Institute (Public Organization),Mun Basin,discharge_reported,discharge,empty_in_tested_window,graph route answered with a complete time grid carrying no non-null 'discharge' value in the 90-day window; the source states nothing about support,0,1008,2026-06-08,2026-09-06,True,False,200,2026-09-07T15:20:35.923702Z,recordings/boundary_11688546_empty_90d.recording.json
281,พิบูลมังสาหาร,แม่น้ำมูล,Hydro – Informatics Institute (Public Organization),Mun Basin,stage_reported,value,available,graph route published 12239 non-null 'value' values in the 90-day window,12239,1008,2026-06-08,2026-09-06,True,False,200,2026-09-07T15:20:35.923702Z,recordings/boundary_1373272_both_products.recording.json
2811,บ้านศาลเจ้าไก่ต่อ,แม่น้ำวังม้า,Royal Irrigation Department,Sakae Krang Basin,discharge_reported,discharge,empty_in_tested_window,graph route answered with a complete time grid carrying no non-null 'discharge' value in the 90-day window; the source states nothing about support,0,168,2026-06-08,2026-09-06,True,False,200,2026-09-07T15:20:37.165936Z,recordings/boundary_11688546_empty_90d.recording.json
2811,บ้านศาลเจ้าไก่ต่อ,แม่น้ำวังม้า,Royal Irrigation Department,Sakae Krang Basin,stage_reported,value,available,graph route published 1571 non-null 'value' values in the 90-day window,1571,168,2026-06-08,2026-09-06,True,False,200,2026-09-07T15:20:37.165936Z,recordings/boundary_1373272_both_products.recording.json
2814,บ้านนิคม,ลำโพง,Royal Irrigation Department,Mun Basin,discharge_reported,discharge,available,graph route published 157 non-null 'discharge' values in the 7-day window,157,168,2026-08-31,2026-09-06,True,True,200,2026-09-07T15:20:39.299537Z,recordings/boundary_1373272_both_products.recording.json
2814,บ้านนิคม,ลำโพง,Royal Irrigation Department,Mun Basin,stage_reported,value,available,graph route published 157 non-null 'value' values in the 7-day window,157,168,2026-08-31,2026-09-06,True,True,200,2026-09-07T15:20:39.299537Z,recordings/boundary_1373272_both_products.recording.json
2820,บ้านเชียงเพ็ง,ลำเซบาย,Royal Irrigation Department,Mun Basin,discharge_reported,discharge,available,graph route published 157 non-null 'discharge' values in the 7-day window,157,168,2026-08-31,2026-09-06,True,True,200,2026-09-07T15:20:40.443418Z,recordings/boundary_1373272_both_products.recording.json
2820,บ้านเชียงเพ็ง,ลำเซบาย,Royal Irrigation Department,Mun Basin,stage_reported,value,available,graph route published 157 non-null 'value' values in the 7-day window,157,168,2026-08-31,2026-09-06,True,True,200,2026-09-07T15:20:40.443418Z,recordings/boundary_1373272_both_products.recording.json
2821,วัดเกยไชยเหนือ,แม่น้ำน่าน,Royal Irrigation Department,Nan Basin,discharge_reported,discharge,available,graph route published 161 non-null 'discharge' values in the 7-day window,161,168,2026-08-31,2026-09-06,True,True,200,2026-09-07T15:20:43.309295Z,recordings/boundary_1373272_both_products.recording.json
2821,วัดเกยไชยเหนือ,แม่น้ำน่าน,Royal Irrigation Department,Nan Basin,stage_reported,value,available,graph route published 161 non-null 'value' values in the 7-day window,161,168,2026-08-31,2026-09-06,True,True,200,2026-09-07T15:20:43.309295Z,recordings/boundary_1373272_both_products.recording.json
2828,บ้านหนองอ้อ,แม่น้ำชี,Royal Irrigation Department,Chi Basin Basin,discharge_reported,discharge,available,graph route published 160 non-null 'discharge' values in the 7-day window,160,168,2026-08-31,2026-09-06,True,True,200,2026-09-07T15:20:44.548616Z,recordings/boundary_1373272_both_products.recording.json
2828,บ้านหนองอ้อ,แม่น้ำชี,Royal Irrigation Department,Chi Basin Basin,stage_reported,value,available,graph route published 160 non-null 'value' values in the 7-day window,160,168,2026-08-31,2026-09-06,True,True,200,2026-09-07T15:20:44.548616Z,recordings/boundary_1373272_both_products.recording.json
2830,บ้านปางมะค่า,แม่น้ำแม่วงก์,Royal Irrigation Department,Sakae Krang Basin,discharge_reported,discharge,empty_in_tested_window,graph route answered with a complete time grid carrying no non-null 'discharge' value in the 90-day window; the source states nothing about support,0,168,2026-06-08,2026-09-06,True,False,200,2026-09-07T15:20:46.007483Z,recordings/boundary_11688546_empty_90d.recording.json
2830,บ้านปางมะค่า,แม่น้ำแม่วงก์,Royal Irrigation Department,Sakae Krang Basin,stage_reported,value,available,graph route published 1583 non-null 'value' values in the 90-day window,1583,168,2026-06-08,2026-09-06,True,False,200,2026-09-07T15:20:46.007483Z,recordings/boundary_1373272_both_products.recording.json
2832,บ้านท่างิ้ว,แม่น้ำปิง,Royal Irrigation Department,Ping Basin,discharge_reported,discharge,available,graph route published 161 non-null 'discharge' values in the 7-day window,161,168,2026-08-31,2026-09-06,True,True,200,2026-09-07T15:20:47.441927Z,recordings/boundary_1373272_both_products.recording.json
2832,บ้านท่างิ้ว,แม่น้ำปิง,Royal Irrigation Department,Ping Basin,stage_reported,value,available,graph route published 161 non-null 'value' values in the 7-day window,161,168,2026-08-31,2026-09-06,True,True,200,2026-09-07T15:20:47.441927Z,recordings/boundary_1373272_both_products.recording.json
2836,บ้านตาดโตน,ห้วยตาดโตน,Royal Irrigation Department,Chi Basin Basin,discharge_reported,discharge,available,graph route published 160 non-null 'discharge' values in the 7-day window,160,168,2026-08-31,2026-09-06,True,True,200,2026-09-07T15:20:48.693622Z,recordings/boundary_1373272_both_products.recording.json
2836,บ้านตาดโตน,ห้วยตาดโตน,Royal Irrigation Department,Chi Basin Basin,stage_reported,value,available,graph route published 160 non-null 'value' values in the 7-day window,160,168,2026-08-31,2026-09-06,True,True,200,2026-09-07T15:20:48.693622Z,recordings/boundary_1373272_both_products.recording.json
2845,บ้านท่าสะแบง,แม่น้ำชี,Royal Irrigation Department,Chi Basin Basin,discharge_reported,discharge,available,graph route published 160 non-null 'discharge' values in the 7-day window,160,168,2026-08-31,2026-09-06,True,True,200,2026-09-07T15:20:50.105786Z,recordings/boundary_1373272_both_products.recording.json
2845,บ้านท่าสะแบง,แม่น้ำชี,Royal Irrigation Department,Chi Basin Basin,stage_reported,value,available,graph route published 160 non-null 'value' values in the 7-day window,160,168,2026-08-31,2026-09-06,True,True,200,2026-09-07T15:20:50.105786Z,recordings/boundary_1373272_both_products.recording.json
2847,บ้านแสนตอ,แม่น้ำปิง,Royal Irrigation Department,Ping Basin,discharge_reported,discharge,available,graph route published 161 non-null 'discharge' values in the 7-day window,161,168,2026-08-31,2026-09-06,True,True,200,2026-09-07T15:20:51.596369Z,recordings/boundary_1373272_both_products.recording.json
2847,บ้านแสนตอ,แม่น้ำปิง,Royal Irrigation Department,Ping Basin,stage_reported,value,available,graph route published 161 non-null 'value' values in the 7-day window,161,168,2026-08-31,2026-09-06,True,True,200,2026-09-07T15:20:51.596369Z,recordings/boundary_1373272_both_products.recording.json
2851,หน้าอำเภอโพทะเล,แม่น้ำยม,Royal Irrigation Department,Yom Basin,discharge_reported,discharge,available,graph route published 4 non-null 'discharge' values in the 90-day window,4,168,2026-06-08,2026-09-06,True,False,200,2026-09-07T15:20:52.818552Z,recordings/boundary_1373272_both_products.recording.json
2851,หน้าอำเภอโพทะเล,แม่น้ำยม,Royal Irrigation Department,Yom Basin,stage_reported,value,available,graph route published 2025 non-null 'value' values in the 90-day window,2025,168,2026-06-08,2026-09-06,True,False,200,2026-09-07T15:20:52.818552Z,recordings/boundary_1373272_both_products.recording.json
2852,บ้านท่านางเลื่อน,แม่น้ำชี,Royal Irrigation Department,Chi Basin Basin,discharge_reported,discharge,available,graph route published 160 non-null 'discharge' values in the 7-day window,160,168,2026-08-31,2026-09-06,True,True,200,2026-09-07T15:20:54.097703Z,recordings/boundary_1373272_both_products.recording.json
2852,บ้านท่านางเลื่อน,แม่น้ำชี,Royal Irrigation Department,Chi Basin Basin,stage_reported,value,available,graph route published 160 non-null 'value' values in the 7-day window,160,168,2026-08-31,2026-09-06,True,True,200,2026-09-07T15:20:54.097703Z,recordings/boundary_1373272_both_products.recording.json
2855,บ้านสามเรือน,คลองขลุง,Royal Irrigation Department,Ping Basin,discharge_reported,discharge,available,graph route published 159 non-null 'discharge' values in the 7-day window,159,168,2026-08-31,2026-09-06,True,True,200,2026-09-07T15:20:55.242813Z,recordings/boundary_1373272_both_products.recording.json
2855,บ้านสามเรือน,คลองขลุง,Royal Irrigation Department,Ping Basin,stage_reported,value,available,graph route published 159 non-null 'value' values in the 7-day window,159,168,2026-08-31,2026-09-06,True,True,200,2026-09-07T15:20:55.242813Z,recordings/boundary_1373272_both_products.recording.json
2857,บ้านม่วงลาด,แม่น้ำชี,Royal Irrigation Department,Chi Basin Basin,discharge_reported,discharge,available,graph route published 160 non-null 'discharge' values in the 7-day window,160,168,2026-08-31,2026-09-06,True,True,200,2026-09-07T15:20:56.320242Z,recordings/boundary_1373272_both_products.recording.json
2857,บ้านม่วงลาด,แม่น้ำชี,Royal Irrigation Department,Chi Basin Basin,stage_reported,value,available,graph route published 160 non-null 'value' values in the 7-day window,160,168,2026-08-31,2026-09-06,True,True,200,2026-09-07T15:20:56.320242Z,recordings/boundary_1373272_both_products.recording.json
2860,หน้าวัดศรีภิรมย์,แม่น้ำปิง,Royal Irrigation Department,Ping Basin,discharge_reported,discharge,available,graph route published 161 non-null 'discharge' values in the 7-day window,161,168,2026-08-31,2026-09-06,True,True,200,2026-09-07T15:20:57.444423Z,recordings/boundary_1373272_both_products.recording.json
2860,หน้าวัดศรีภิรมย์,แม่น้ำปิง,Royal Irrigation Department,Ping Basin,stage_reported,value,available,graph route published 161 non-null 'value' values in the 7-day window,161,168,2026-08-31,2026-09-06,True,True,200,2026-09-07T15:20:57.444423Z,recordings/boundary_1373272_both_products.recording.json
2863,บ้านดินดำ,แม่น้ำชี,Royal Irrigation Department,Chi Basin Basin,discharge_reported,discharge,available,graph route published 160 non-null 'discharge' values in the 7-day window,160,168,2026-08-31,2026-09-06,True,True,200,2026-09-07T15:20:58.616322Z,recordings/boundary_1373272_both_products.recording.json
2863,บ้านดินดำ,แม่น้ำชี,Royal Irrigation Department,Chi Basin Basin,stage_reported,value,available,graph route published 160 non-null 'value' values in the 7-day window,160,168,2026-08-31,2026-09-06,True,True,200,2026-09-07T15:20:58.616322Z,recordings/boundary_1373272_both_products.recording.json
2867,บ้านกุดก่วง,ลำน้ำยัง,Royal Irrigation Department,Chi Basin Basin,discharge_reported,discharge,available,graph route published 159 non-null 'discharge' values in the 7-day window,159,168,2026-08-31,2026-09-06,True,True,200,2026-09-07T15:20:59.760786Z,recordings/boundary_1373272_both_products.recording.json
2867,บ้านกุดก่วง,ลำน้ำยัง,Royal Irrigation Department,Chi Basin Basin,stage_reported,value,available,graph route published 159 non-null 'value' values in the 7-day window,159,168,2026-08-31,2026-09-06,True,True,200,2026-09-07T15:20:59.760786Z,recordings/boundary_1373272_both_products.recording.json
2869,บ้านวังโป่ง,คลองวังโปง,Royal Irrigation Department,Nan Basin,discharge_reported,discharge,available,graph route published 161 non-null 'discharge' values in the 7-day window,161,168,2026-08-31,2026-09-06,True,True,200,2026-09-07T15:21:00.941280Z,recordings/boundary_1373272_both_products.recording.json
2869,บ้านวังโป่ง,คลองวังโปง,Royal Irrigation Department,Nan Basin,stage_reported,value,available,graph route published 161 non-null 'value' values in the 7-day window,161,168,2026-08-31,2026-09-06,True,True,200,2026-09-07T15:21:00.941280Z,recordings/boundary_1373272_both_products.recording.json
2872,บ้านวังหิน,ลำปาว,Royal Irrigation Department,Chi Basin Basin,discharge_reported,discharge,available,graph route published 160 non-null 'discharge' values in the 7-day window,160,168,2026-08-31,2026-09-06,True,True,200,2026-09-07T15:21:02.103422Z,recordings/boundary_1373272_both_products.recording.json
2872,บ้านวังหิน,ลำปาว,Royal Irrigation Department,Chi Basin Basin,stage_reported,value,available,graph route published 160 non-null 'value' values in the 7-day window,160,168,2026-08-31,2026-09-06,True,True,200,2026-09-07T15:21:02.103422Z,recordings/boundary_1373272_both_products.recording.json
2874,บ้านกุดกว้าง,แม่น้ำชี,Royal Irrigation Department,Chi Basin Basin,discharge_reported,discharge,available,graph route published 160 non-null 'discharge' values in the 7-day window,160,168,2026-08-31,2026-09-06,True,True,200,2026-09-07T15:21:03.252871Z,recordings/boundary_1373272_both_products.recording.json
2874,บ้านกุดกว้าง,แม่น้ำชี,Royal Irrigation Department,Chi Basin Basin,stage_reported,value,available,graph route published 160 non-null 'value' values in the 7-day window,160,168,2026-08-31,2026-09-06,True,True,200,2026-09-07T15:21:03.252871Z,recordings/boundary_1373272_both_products.recording.json
2875,บ้านดอนขนวน,แม่น้ำชี,Royal Irrigation Department,Chi Basin Basin,discharge_reported,discharge,available,graph route published 160 non-null 'discharge' values in the 7-day window,160,168,2026-08-31,2026-09-06,True,True,200,2026-09-07T15:21:04.443999Z,recordings/boundary_1373272_both_products.recording.json
2875,บ้านดอนขนวน,แม่น้ำชี,Royal Irrigation Department,Chi Basin Basin,stage_reported,value,available,graph route published 160 non-null 'value' values in the 7-day window,160,168,2026-08-31,2026-09-06,True,True,200,2026-09-07T15:21:04.443999Z,recordings/boundary_1373272_both_products.recording.json
2881,ต.ในเมือง,แม่น้ำป่าสัก,Royal Irrigation Department,Pasak Basin,discharge_reported,discharge,available,graph route published 161 non-null 'discharge' values in the 7-day window,161,168,2026-08-31,2026-09-06,True,True,200,2026-09-07T15:21:05.627295Z,recordings/boundary_1373272_both_products.recording.json
2881,ต.ในเมือง,แม่น้ำป่าสัก,Royal Irrigation Department,Pasak Basin,stage_reported,value,available,graph route published 161 non-null 'value' values in the 7-day window,161,168,2026-08-31,2026-09-06,True,True,200,2026-09-07T15:21:05.627295Z,recordings/boundary_1373272_both_products.recording.json
2888,บ้านแก่งยาว,ลำน้ำยัง,Royal Irrigation Department,Chi Basin Basin,discharge_reported,discharge,available,graph route published 154 non-null 'discharge' values in the 7-day window,154,168,2026-08-31,2026-09-06,True,True,200,2026-09-07T15:21:06.796715Z,recordings/boundary_1373272_both_products.recording.json
2888,บ้านแก่งยาว,ลำน้ำยัง,Royal Irrigation Department,Chi Basin Basin,stage_reported,value,available,graph route published 154 non-null 'value' values in the 7-day window,154,168,2026-08-31,2026-09-06,True,True,200,2026-09-07T15:21:06.796715Z,recordings/boundary_1373272_both_products.recording.json
2895,บ้านราชช้างขวัญ,แม่น้ำน่าน,Royal Irrigation Department,Nan Basin,discharge_reported,discharge,available,graph route published 161 non-null 'discharge' values in the 7-day window,161,168,2026-08-31,2026-09-06,True,True,200,2026-09-07T15:21:07.859880Z,recordings/boundary_1373272_both_products.recording.json
2895,บ้านราชช้างขวัญ,แม่น้ำน่าน,Royal Irrigation Department,Nan Basin,stage_reported,value,available,graph route published 161 non-null 'value' values in the 7-day window,161,168,2026-08-31,2026-09-06,True,True,200,2026-09-07T15:21:07.859880Z,recordings/boundary_1373272_both_products.recording.json
29,คลองระพีพัฒน์แยกตก,คลองระพีพัฒน์แยกตก,Hydro – Informatics Institute (Public Organization),Chao Phraya Basin,discharge_reported,discharge,empty_in_tested_window,graph route answered with a complete time grid carrying no non-null 'discharge' value in the 90-day window; the source states nothing about support,0,1008,2026-06-08,2026-09-06,True,False,200,2026-09-07T15:21:10.227604Z,recordings/boundary_11688546_empty_90d.recording.json
29,คลองระพีพัฒน์แยกตก,คลองระพีพัฒน์แยกตก,Hydro – Informatics Institute (Public Organization),Chao Phraya Basin,stage_reported,value,available,graph route published 12986 non-null 'value' values in the 90-day window,12986,1008,2026-06-08,2026-09-06,True,False,200,2026-09-07T15:21:10.227604Z,recordings/boundary_1373272_both_products.recording.json
2900,ต.ในเมือง,แม่น้ำปิง,Royal Irrigation Department,Ping Basin,discharge_reported,discharge,available,graph route published 156 non-null 'discharge' values in the 7-day window,156,168,2026-08-31,2026-09-06,True,False,200,2026-09-07T15:21:11.356230Z,recordings/boundary_1373272_both_products.recording.json
2900,ต.ในเมือง,แม่น้ำปิง,Royal Irrigation Department,Ping Basin,stage_reported,value,available,graph route published 161 non-null 'value' values in the 7-day window,161,168,2026-08-31,2026-09-06,True,False,200,2026-09-07T15:21:11.356230Z,recordings/boundary_1373272_both_products.recording.json
2905,บ้านยาง,ห้วยหิน,Royal Irrigation Department,Chi Basin Basin,discharge_reported,discharge,available,graph route published 7 non-null 'discharge' values in the 7-day window,7,168,2026-08-31,2026-09-06,True,True,200,2026-09-07T15:21:12.431660Z,recordings/boundary_1373272_both_products.recording.json
2905,บ้านยาง,ห้วยหิน,Royal Irrigation Department,Chi Basin Basin,stage_reported,value,available,graph route published 7 non-null 'value' values in the 7-day window,7,168,2026-08-31,2026-09-06,True,True,200,2026-09-07T15:21:12.431660Z,recordings/boundary_1373272_both_products.recording.json
2906,สามง่าม,แม่น้ำยม,Royal Irrigation Department,Yom Basin,discharge_reported,discharge,empty_in_tested_window,graph route answered with a complete time grid carrying no non-null 'discharge' value in the 90-day window; the source states nothing about support,0,168,2026-06-08,2026-09-06,True,False,200,2026-09-07T15:21:13.575442Z,recordings/boundary_11688546_empty_90d.recording.json
2906,สามง่าม,แม่น้ำยม,Royal Irrigation Department,Yom Basin,stage_reported,value,available,graph route published 2026 non-null 'value' values in the 90-day window,2026,168,2026-06-08,2026-09-06,True,False,200,2026-09-07T15:21:13.575442Z,recordings/boundary_1373272_both_products.recording.json
2914,คลองวังเจ้า,คลองวังเจ้า,Royal Irrigation Department,Ping Basin,discharge_reported,discharge,available,graph route published 161 non-null 'discharge' values in the 7-day window,161,168,2026-08-31,2026-09-06,True,True,200,2026-09-07T15:21:14.695339Z,recordings/boundary_1373272_both_products.recording.json
2914,คลองวังเจ้า,คลองวังเจ้า,Royal Irrigation Department,Ping Basin,stage_reported,value,available,graph route published 161 non-null 'value' values in the 7-day window,161,168,2026-08-31,2026-09-06,True,True,200,2026-09-07T15:21:14.695339Z,recordings/boundary_1373272_both_products.recording.json
2915,บ้านทานตะวัน,น้ำเข็ก,Royal Irrigation Department,Nan Basin,discharge_reported,discharge,available,graph route published 161 non-null 'discharge' values in the 7-day window,161,168,2026-08-31,2026-09-06,True,True,200,2026-09-07T15:21:15.854129Z,recordings/boundary_1373272_both_products.recording.json
2915,บ้านทานตะวัน,น้ำเข็ก,Royal Irrigation Department,Nan Basin,stage_reported,value,available,graph route published 161 non-null 'value' values in the 7-day window,161,168,2026-08-31,2026-09-06,True,True,200,2026-09-07T15:21:15.854129Z,recordings/boundary_1373272_both_products.recording.json
2918,บ้านหนองม่วง,ลำปาว,Royal Irrigation Department,Chi Basin Basin,discharge_reported,discharge,available,graph route published 160 non-null 'discharge' values in the 7-day window,160,168,2026-08-31,2026-09-06,True,True,200,2026-09-07T15:21:16.919443Z,recordings/boundary_1373272_both_products.recording.json
2918,บ้านหนองม่วง,ลำปาว,Royal Irrigation Department,Chi Basin Basin,stage_reported,value,available,graph route published 160 non-null 'value' values in the 7-day window,160,168,2026-08-31,2026-09-06,True,True,200,2026-09-07T15:21:16.919443Z,recordings/boundary_1373272_both_products.recording.json
2920,บ้านโนนหัน,ลำเชิญ,Royal Irrigation Department,Chi Basin Basin,discharge_reported,discharge,available,graph route published 160 non-null 'discharge' values in the 7-day window,160,168,2026-08-31,2026-09-06,True,True,200,2026-09-07T15:21:17.993402Z,recordings/boundary_1373272_both_products.recording.json
2920,บ้านโนนหัน,ลำเชิญ,Royal Irrigation Department,Chi Basin Basin,stage_reported,value,available,graph route published 160 non-null 'value' values in the 7-day window,160,168,2026-08-31,2026-09-06,True,True,200,2026-09-07T15:21:17.993402Z,recordings/boundary_1373272_both_products.recording.json
2924,บ้านท่าเม่า,ลำน้ำพอง,Royal Irrigation Department,Chi Basin Basin,discharge_reported,discharge,available,graph route published 160 non-null 'discharge' values in the 7-day window,160,168,2026-08-31,2026-09-06,True,True,200,2026-09-07T15:21:19.159470Z,recordings/boundary_1373272_both_products.recording.json
2924,บ้านท่าเม่า,ลำน้ำพอง,Royal Irrigation Department,Chi Basin Basin,stage_reported,value,available,graph route published 160 non-null 'value' values in the 7-day window,160,168,2026-08-31,2026-09-06,True,True,200,2026-09-07T15:21:19.159470Z,recordings/boundary_1373272_both_products.recording.json
2925,บ้านหนองริวหนัง,ห้วยลำหนองแสน,Royal Irrigation Department,Chi Basin Basin,discharge_reported,discharge,available,graph route published 8 non-null 'discharge' values in the 7-day window,8,168,2026-08-31,2026-09-06,True,True,200,2026-09-07T15:21:20.249346Z,recordings/boundary_1373272_both_products.recording.json
2925,บ้านหนองริวหนัง,ห้วยลำหนองแสน,Royal Irrigation Department,Chi Basin Basin,stage_reported,value,available,graph route published 8 non-null 'value' values in the 7-day window,8,168,2026-08-31,2026-09-06,True,True,200,2026-09-07T15:21:20.249346Z,recordings/boundary_1373272_both_products.recording.json
2941,บางระกำ,แม่น้ำยม,Royal Irrigation Department,Yom Basin,discharge_reported,discharge,available,graph route published 161 non-null 'discharge' values in the 7-day window,161,168,2026-08-31,2026-09-06,True,False,200,2026-09-07T15:21:21.360563Z,recordings/boundary_1373272_both_products.recording.json
2941,บางระกำ,แม่น้ำยม,Royal Irrigation Department,Yom Basin,stage_reported,value,available,graph route published 161 non-null 'value' values in the 7-day window,161,168,2026-08-31,2026-09-06,True,False,200,2026-09-07T15:21:21.360563Z,recordings/boundary_1373272_both_products.recording.json
2948,เนินยางใต้,ห้วยสังเคียบ,Royal Irrigation Department,Chi Basin Basin,discharge_reported,discharge,available,graph route published 7 non-null 'discharge' values in the 7-day window,7,168,2026-08-31,2026-09-06,True,True,200,2026-09-07T15:21:22.464080Z,recordings/boundary_1373272_both_products.recording.json
2948,เนินยางใต้,ห้วยสังเคียบ,Royal Irrigation Department,Chi Basin Basin,stage_reported,value,available,graph route published 7 non-null 'value' values in the 7-day window,7,168,2026-08-31,2026-09-06,True,True,200,2026-09-07T15:21:22.464080Z,recordings/boundary_1373272_both_products.recording.json
2953,สะพานสุพรรณกัลยา ,แม่น้ำน่าน,Royal Irrigation Department,Nan Basin,discharge_reported,discharge,available,graph route published 161 non-null 'discharge' values in the 7-day window,161,168,2026-08-31,2026-09-06,True,True,200,2026-09-07T15:21:23.599981Z,recordings/boundary_1373272_both_products.recording.json
2953,สะพานสุพรรณกัลยา ,แม่น้ำน่าน,Royal Irrigation Department,Nan Basin,stage_reported,value,available,graph route published 161 non-null 'value' values in the 7-day window,161,168,2026-08-31,2026-09-06,True,True,200,2026-09-07T15:21:23.599981Z,recordings/boundary_1373272_both_products.recording.json
2957,บ้านดงสวรรค์,ห้วยมูล,Royal Irrigation Department,Chi Basin Basin,discharge_reported,discharge,available,graph route published 8 non-null 'discharge' values in the 7-day window,8,168,2026-08-31,2026-09-06,True,True,200,2026-09-07T15:21:24.728134Z,recordings/boundary_1373272_both_products.recording.json
2957,บ้านดงสวรรค์,ห้วยมูล,Royal Irrigation Department,Chi Basin Basin,stage_reported,value,available,graph route published 8 non-null 'value' values in the 7-day window,8,168,2026-08-31,2026-09-06,True,True,200,2026-09-07T15:21:24.728134Z,recordings/boundary_1373272_both_products.recording.json
296,เมืองชัยภูมิ,แม่น้ำชี,Hydro – Informatics Institute (Public Organization),Chi Basin Basin,discharge_reported,discharge,empty_in_tested_window,graph route answered with a complete time grid carrying no non-null 'discharge' value in the 90-day window; the source states nothing about support,0,1008,2026-06-08,2026-09-06,True,False,200,2026-09-07T15:21:27.729115Z,recordings/boundary_11688546_empty_90d.recording.json
296,เมืองชัยภูมิ,แม่น้ำชี,Hydro – Informatics Institute (Public Organization),Chi Basin Basin,stage_reported,value,available,graph route published 13031 non-null 'value' values in the 90-day window,13031,1008,2026-06-08,2026-09-06,True,False,200,2026-09-07T15:21:27.729115Z,recordings/boundary_1373272_both_products.recording.json
2963,บ้านท่าแค,แม่น้ำปิง,Royal Irrigation Department,Ping Basin,discharge_reported,discharge,available,graph route published 161 non-null 'discharge' values in the 7-day window,161,168,2026-08-31,2026-09-06,True,True,200,2026-09-07T15:21:28.854288Z,recordings/boundary_1373272_both_products.recording.json
2963,บ้านท่าแค,แม่น้ำปิง,Royal Irrigation Department,Ping Basin,stage_reported,value,available,graph route published 161 non-null 'value' values in the 7-day window,161,168,2026-08-31,2026-09-06,True,True,200,2026-09-07T15:21:28.854288Z,recordings/boundary_1373272_both_products.recording.json
2964,บ้านโพน,ห้วยสังกะ,Royal Irrigation Department,Chi Basin Basin,discharge_reported,discharge,available,graph route published 160 non-null 'discharge' values in the 7-day window,160,168,2026-08-31,2026-09-06,True,True,200,2026-09-07T15:21:30.075723Z,recordings/boundary_1373272_both_products.recording.json
2964,บ้านโพน,ห้วยสังกะ,Royal Irrigation Department,Chi Basin Basin,stage_reported,value,available,graph route published 160 non-null 'value' values in the 7-day window,160,168,2026-08-31,2026-09-06,True,True,200,2026-09-07T15:21:30.075723Z,recordings/boundary_1373272_both_products.recording.json
2972,บ้านกง,แม่น้ำยม,Royal Irrigation Department,Yom Basin,discharge_reported,discharge,empty_in_tested_window,graph route answered with a complete time grid carrying no non-null 'discharge' value in the 90-day window; the source states nothing about support,0,168,2026-06-08,2026-09-06,True,False,200,2026-09-07T15:21:31.243733Z,recordings/boundary_11688546_empty_90d.recording.json
2972,บ้านกง,แม่น้ำยม,Royal Irrigation Department,Yom Basin,stage_reported,value,available,graph route published 1997 non-null 'value' values in the 90-day window,1997,168,2026-06-08,2026-09-06,True,False,200,2026-09-07T15:21:31.243733Z,recordings/boundary_1373272_both_products.recording.json
2975,บ้านท่าไฮ,ห้วยลำปาว,Royal Irrigation Department,Chi Basin Basin,discharge_reported,discharge,available,graph route published 160 non-null 'discharge' values in the 7-day window,160,168,2026-08-31,2026-09-06,True,True,200,2026-09-07T15:21:32.365946Z,recordings/boundary_1373272_both_products.recording.json
2975,บ้านท่าไฮ,ห้วยลำปาว,Royal Irrigation Department,Chi Basin Basin,stage_reported,value,available,graph route published 160 non-null 'value' values in the 7-day window,160,168,2026-08-31,2026-09-06,True,True,200,2026-09-07T15:21:32.365946Z,recordings/boundary_1373272_both_products.recording.json
2976,บ้านท่างาม,ลำพันชาด,Royal Irrigation Department,Chi Basin Basin,discharge_reported,discharge,available,graph route published 160 non-null 'discharge' values in the 7-day window,160,168,2026-08-31,2026-09-06,True,True,200,2026-09-07T15:21:33.453547Z,recordings/boundary_1373272_both_products.recording.json
2976,บ้านท่างาม,ลำพันชาด,Royal Irrigation Department,Chi Basin Basin,stage_reported,value,available,graph route published 160 non-null 'value' values in the 7-day window,160,168,2026-08-31,2026-09-06,True,True,200,2026-09-07T15:21:33.453547Z,recordings/boundary_1373272_both_products.recording.json
298,บ้านเขว้า,แม่น้ำชี,Hydro – Informatics Institute (Public Organization),Chi Basin Basin,discharge_reported,discharge,empty_in_tested_window,graph route answered with a complete time grid carrying no non-null 'discharge' value in the 90-day window; the source states nothing about support,0,1008,2026-06-08,2026-09-06,True,False,200,2026-09-07T15:21:35.623525Z,recordings/boundary_11688546_empty_90d.recording.json
298,บ้านเขว้า,แม่น้ำชี,Hydro – Informatics Institute (Public Organization),Chi Basin Basin,stage_reported,value,available,graph route published 12931 non-null 'value' values in the 90-day window,12931,1008,2026-06-08,2026-09-06,True,False,200,2026-09-07T15:21:35.623525Z,recordings/boundary_1373272_both_products.recording.json
2985,ต.ตาดกลอย,แม่น้ำป่าสัก,Royal Irrigation Department,Pasak Basin,discharge_reported,discharge,available,graph route published 161 non-null 'discharge' values in the 7-day window,161,168,2026-08-31,2026-09-06,True,True,200,2026-09-07T15:21:36.764412Z,recordings/boundary_1373272_both_products.recording.json
2985,ต.ตาดกลอย,แม่น้ำป่าสัก,Royal Irrigation Department,Pasak Basin,stage_reported,value,available,graph route published 161 non-null 'value' values in the 7-day window,161,168,2026-08-31,2026-09-06,True,True,200,2026-09-07T15:21:36.764412Z,recordings/boundary_1373272_both_products.recording.json
2986,ต.ธานี,แม่น้ำยม,Royal Irrigation Department,Yom Basin,discharge_reported,discharge,available,graph route published 161 non-null 'discharge' values in the 7-day window,161,168,2026-08-31,2026-09-06,True,True,200,2026-09-07T15:21:37.850018Z,recordings/boundary_1373272_both_products.recording.json
2986,ต.ธานี,แม่น้ำยม,Royal Irrigation Department,Yom Basin,stage_reported,value,available,graph route published 161 non-null 'value' values in the 7-day window,161,168,2026-08-31,2026-09-06,True,True,200,2026-09-07T15:21:37.850018Z,recordings/boundary_1373272_both_products.recording.json
2993,ท้ายเขื่อนนเรศวร,แม่น้ำน่าน,Royal Irrigation Department,Nan Basin,discharge_reported,discharge,available,graph route published 161 non-null 'discharge' values in the 7-day window,161,168,2026-08-31,2026-09-06,True,True,200,2026-09-07T15:21:38.941426Z,recordings/boundary_1373272_both_products.recording.json
2993,ท้ายเขื่อนนเรศวร,แม่น้ำน่าน,Royal Irrigation Department,Nan Basin,stage_reported,value,available,graph route published 161 non-null 'value' values in the 7-day window,161,168,2026-08-31,2026-09-06,True,True,200,2026-09-07T15:21:38.941426Z,recordings/boundary_1373272_both_products.recording.json
3,คลองลำปลาทิว ลาดกระบัง,คลองลำปลาทิว,Hydro – Informatics Institute (Public Organization),Bang Pakong Basin,discharge_reported,discharge,empty_in_tested_window,graph route answered with a complete time grid carrying no non-null 'discharge' value in the 90-day window; the source states nothing about support,0,1008,2026-06-08,2026-09-06,True,False,200,2026-09-07T15:21:41.306986Z,recordings/boundary_11688546_empty_90d.recording.json
3,คลองลำปลาทิว ลาดกระบัง,คลองลำปลาทิว,Hydro – Informatics Institute (Public Organization),Bang Pakong Basin,stage_reported,value,available,graph route published 6936 non-null 'value' values in the 90-day window,6936,1008,2026-06-08,2026-09-06,True,False,200,2026-09-07T15:21:41.306986Z,recordings/boundary_1373272_both_products.recording.json
3000,บ้านตองโขบ,ลำน้ำพุง,Royal Irrigation Department,Northeast Khong Basin,discharge_reported,discharge,available,graph route published 160 non-null 'discharge' values in the 7-day window,160,168,2026-08-31,2026-09-06,True,True,200,2026-09-07T15:21:42.380685Z,recordings/boundary_1373272_both_products.recording.json
3000,บ้านตองโขบ,ลำน้ำพุง,Royal Irrigation Department,Northeast Khong Basin,stage_reported,value,available,graph route published 160 non-null 'value' values in the 7-day window,160,168,2026-08-31,2026-09-06,True,True,200,2026-09-07T15:21:42.380685Z,recordings/boundary_1373272_both_products.recording.json
3002,บ้านข้องโป้,ลำพะเนียง,Royal Irrigation Department,Chi Basin Basin,discharge_reported,discharge,available,graph route published 160 non-null 'discharge' values in the 7-day window,160,168,2026-08-31,2026-09-06,True,True,200,2026-09-07T15:21:43.467942Z,recordings/boundary_1373272_both_products.recording.json
3002,บ้านข้องโป้,ลำพะเนียง,Royal Irrigation Department,Chi Basin Basin,stage_reported,value,available,graph route published 160 non-null 'value' values in the 7-day window,160,168,2026-08-31,2026-09-06,True,True,200,2026-09-07T15:21:43.467942Z,recordings/boundary_1373272_both_products.recording.json
3003,บ้านหนองกระท้าว,น้ำแควน้อย,Royal Irrigation Department,Nan Basin,discharge_reported,discharge,available,graph route published 161 non-null 'discharge' values in the 7-day window,161,168,2026-08-31,2026-09-06,True,True,200,2026-09-07T15:21:44.551869Z,recordings/boundary_1373272_both_products.recording.json
3003,บ้านหนองกระท้าว,น้ำแควน้อย,Royal Irrigation Department,Nan Basin,stage_reported,value,available,graph route published 161 non-null 'value' values in the 7-day window,161,168,2026-08-31,2026-09-06,True,True,200,2026-09-07T15:21:44.551869Z,recordings/boundary_1373272_both_products.recording.json
3014,บ้านแก่งบง,แม่น้ำเลย,Royal Irrigation Department,Northeast Khong Basin,discharge_reported,discharge,available,graph route published 160 non-null 'discharge' values in the 7-day window,160,168,2026-08-31,2026-09-06,True,True,200,2026-09-07T15:21:45.656695Z,recordings/boundary_1373272_both_products.recording.json
3014,บ้านแก่งบง,แม่น้ำเลย,Royal Irrigation Department,Northeast Khong Basin,stage_reported,value,available,graph route published 160 non-null 'value' values in the 7-day window,160,168,2026-08-31,2026-09-06,True,True,200,2026-09-07T15:21:45.656695Z,recordings/boundary_1373272_both_products.recording.json
3017,บ้านคลองตาล,แม่น้ำยม,Royal Irrigation Department,Yom Basin,discharge_reported,discharge,available,graph route published 161 non-null 'discharge' values in the 7-day window,161,168,2026-08-31,2026-09-06,True,True,200,2026-09-07T15:21:46.767875Z,recordings/boundary_1373272_both_products.recording.json
3017,บ้านคลองตาล,แม่น้ำยม,Royal Irrigation Department,Yom Basin,stage_reported,value,available,graph route published 161 non-null 'value' values in the 7-day window,161,168,2026-08-31,2026-09-06,True,True,200,2026-09-07T15:21:46.767875Z,recordings/boundary_1373272_both_products.recording.json
3018,บ้านวังหมัน,แม่น้ำวัง,Royal Irrigation Department,Wang Basin,discharge_reported,discharge,available,graph route published 161 non-null 'discharge' values in the 7-day window,161,168,2026-08-31,2026-09-06,True,True,200,2026-09-07T15:21:47.901767Z,recordings/boundary_1373272_both_products.recording.json
3018,บ้านวังหมัน,แม่น้ำวัง,Royal Irrigation Department,Wang Basin,stage_reported,value,available,graph route published 161 non-null 'value' values in the 7-day window,161,168,2026-08-31,2026-09-06,True,True,200,2026-09-07T15:21:47.901767Z,recordings/boundary_1373272_both_products.recording.json
3025,บ้านย่านรี,แม่น้ำปิง,Royal Irrigation Department,Ping Basin,discharge_reported,discharge,available,graph route published 161 non-null 'discharge' values in the 7-day window,161,168,2026-08-31,2026-09-06,True,True,200,2026-09-07T15:21:48.968425Z,recordings/boundary_1373272_both_products.recording.json
3025,บ้านย่านรี,แม่น้ำปิง,Royal Irrigation Department,Ping Basin,stage_reported,value,available,graph route published 161 non-null 'value' values in the 7-day window,161,168,2026-08-31,2026-09-06,True,True,200,2026-09-07T15:21:48.968425Z,recordings/boundary_1373272_both_products.recording.json
3029,บ้านท่าสะแก,น้ำภาค,Royal Irrigation Department,Nan Basin,discharge_reported,discharge,available,graph route published 161 non-null 'discharge' values in the 7-day window,161,168,2026-08-31,2026-09-06,True,True,200,2026-09-07T15:21:50.123018Z,recordings/boundary_1373272_both_products.recording.json
3029,บ้านท่าสะแก,น้ำภาค,Royal Irrigation Department,Nan Basin,stage_reported,value,available,graph route published 161 non-null 'value' values in the 7-day window,161,168,2026-08-31,2026-09-06,True,True,200,2026-09-07T15:21:50.123018Z,recordings/boundary_1373272_both_products.recording.json
3032,บ้านหนองวัวซอ,ห้วยหลวง,Royal Irrigation Department,Northeast Khong Basin,discharge_reported,discharge,available,graph route published 159 non-null 'discharge' values in the 7-day window,159,168,2026-08-31,2026-09-06,True,True,200,2026-09-07T15:21:51.197970Z,recordings/boundary_1373272_both_products.recording.json
3032,บ้านหนองวัวซอ,ห้วยหลวง,Royal Irrigation Department,Northeast Khong Basin,stage_reported,value,available,graph route published 160 non-null 'value' values in the 7-day window,160,168,2026-08-31,2026-09-06,True,True,200,2026-09-07T15:21:51.197970Z,recordings/boundary_1373272_both_products.recording.json
3041,บ้านวังขอนไม้,แม่น้ำยม,Royal Irrigation Department,Yom Basin,discharge_reported,discharge,available,graph route published 161 non-null 'discharge' values in the 7-day window,161,168,2026-08-31,2026-09-06,True,True,200,2026-09-07T15:21:52.355288Z,recordings/boundary_1373272_both_products.recording.json
3041,บ้านวังขอนไม้,แม่น้ำยม,Royal Irrigation Department,Yom Basin,stage_reported,value,available,graph route published 161 non-null 'value' values in the 7-day window,161,168,2026-08-31,2026-09-06,True,True,200,2026-09-07T15:21:52.355288Z,recordings/boundary_1373272_both_products.recording.json
3044,บ้านนาหลัก,แม่น้ำเลย,Royal Irrigation Department,Northeast Khong Basin,discharge_reported,discharge,available,graph route published 160 non-null 'discharge' values in the 7-day window,160,168,2026-08-31,2026-09-06,True,True,200,2026-09-07T15:21:53.537454Z,recordings/boundary_1373272_both_products.recording.json
3044,บ้านนาหลัก,แม่น้ำเลย,Royal Irrigation Department,Northeast Khong Basin,stage_reported,value,available,graph route published 160 non-null 'value' values in the 7-day window,160,168,2026-08-31,2026-09-06,True,True,200,2026-09-07T15:21:53.537454Z,recordings/boundary_1373272_both_products.recording.json
3047,บ้านท่าไผ่,แม่น้ำวัง,Royal Irrigation Department,Wang Basin,discharge_reported,discharge,available,graph route published 161 non-null 'discharge' values in the 7-day window,161,168,2026-08-31,2026-09-06,True,True,200,2026-09-07T15:21:54.596287Z,recordings/boundary_1373272_both_products.recording.json
3047,บ้านท่าไผ่,แม่น้ำวัง,Royal Irrigation Department,Wang Basin,stage_reported,value,available,graph route published 161 non-null 'value' values in the 7-day window,161,168,2026-08-31,2026-09-06,True,True,200,2026-09-07T15:21:54.596287Z,recordings/boundary_1373272_both_products.recording.json
3049,ห้วยแม่มอก,ห้วยแม่มอก,Royal Irrigation Department,Yom Basin,discharge_reported,discharge,available,graph route published 161 non-null 'discharge' values in the 7-day window,161,168,2026-08-31,2026-09-06,True,True,200,2026-09-07T15:21:55.699015Z,recordings/boundary_1373272_both_products.recording.json
3049,ห้วยแม่มอก,ห้วยแม่มอก,Royal Irrigation Department,Yom Basin,stage_reported,value,available,graph route published 161 non-null 'value' values in the 7-day window,161,168,2026-08-31,2026-09-06,True,True,200,2026-09-07T15:21:55.699015Z,recordings/boundary_1373272_both_products.recording.json
3059,บ้านแม่เชียงราย,แม่น้ำวัง,Royal Irrigation Department,Wang Basin,discharge_reported,discharge,available,graph route published 161 non-null 'discharge' values in the 7-day window,161,168,2026-08-31,2026-09-06,True,True,200,2026-09-07T15:21:56.757776Z,recordings/boundary_1373272_both_products.recording.json
3059,บ้านแม่เชียงราย,แม่น้ำวัง,Royal Irrigation Department,Wang Basin,stage_reported,value,available,graph route published 161 non-null 'value' values in the 7-day window,161,168,2026-08-31,2026-09-06,True,True,200,2026-09-07T15:21:56.757776Z,recordings/boundary_1373272_both_products.recording.json
3065,บ้านเด่นสำโรง,แม่น้ำน่าน,Royal Irrigation Department,Nan Basin,discharge_reported,discharge,available,graph route published 161 non-null 'discharge' values in the 7-day window,161,168,2026-08-31,2026-09-06,True,True,200,2026-09-07T15:21:57.871199Z,recordings/boundary_1373272_both_products.recording.json
3065,บ้านเด่นสำโรง,แม่น้ำน่าน,Royal Irrigation Department,Nan Basin,stage_reported,value,available,graph route published 161 non-null 'value' values in the 7-day window,161,168,2026-08-31,2026-09-06,True,True,200,2026-09-07T15:21:57.871199Z,recordings/boundary_1373272_both_products.recording.json
3076,บ้านโนนตูม,ห้วยหลวง,Royal Irrigation Department,Northeast Khong Basin,discharge_reported,discharge,available,graph route published 160 non-null 'discharge' values in the 7-day window,160,168,2026-08-31,2026-09-06,True,True,200,2026-09-07T15:21:58.993677Z,recordings/boundary_1373272_both_products.recording.json
3076,บ้านโนนตูม,ห้วยหลวง,Royal Irrigation Department,Northeast Khong Basin,stage_reported,value,available,graph route published 160 non-null 'value' values in the 7-day window,160,168,2026-08-31,2026-09-06,True,True,200,2026-09-07T15:21:58.993677Z,recordings/boundary_1373272_both_products.recording.json
3082,บ้านฟากเลย,แม่น้ำเลย,Royal Irrigation Department,Northeast Khong Basin,discharge_reported,discharge,available,graph route published 160 non-null 'discharge' values in the 7-day window,160,168,2026-08-31,2026-09-06,True,True,200,2026-09-07T15:22:00.138203Z,recordings/boundary_1373272_both_products.recording.json
3082,บ้านฟากเลย,แม่น้ำเลย,Royal Irrigation Department,Northeast Khong Basin,stage_reported,value,available,graph route published 160 non-null 'value' values in the 7-day window,160,168,2026-08-31,2026-09-06,True,True,200,2026-09-07T15:22:00.138203Z,recordings/boundary_1373272_both_products.recording.json
3085,บ้านโคกคำไหล,แม่น้ำสงคราม,Royal Irrigation Department,Northeast Khong Basin,discharge_reported,discharge,available,graph route published 139 non-null 'discharge' values in the 7-day window,139,168,2026-08-31,2026-09-06,True,True,200,2026-09-07T15:22:01.274740Z,recordings/boundary_1373272_both_products.recording.json
3085,บ้านโคกคำไหล,แม่น้ำสงคราม,Royal Irrigation Department,Northeast Khong Basin,stage_reported,value,available,graph route published 139 non-null 'value' values in the 7-day window,139,168,2026-08-31,2026-09-06,True,True,200,2026-09-07T15:22:01.274740Z,recordings/boundary_1373272_both_products.recording.json
3095,ต.ในเมือง,แม่น้ำน่าน,Royal Irrigation Department,Nan Basin,discharge_reported,discharge,available,graph route published 161 non-null 'discharge' values in the 7-day window,161,168,2026-08-31,2026-09-06,True,True,200,2026-09-07T15:22:02.348154Z,recordings/boundary_1373272_both_products.recording.json
3095,ต.ในเมือง,แม่น้ำน่าน,Royal Irrigation Department,Nan Basin,stage_reported,value,available,graph route published 161 non-null 'value' values in the 7-day window,161,168,2026-08-31,2026-09-06,True,True,200,2026-09-07T15:22:02.348154Z,recordings/boundary_1373272_both_products.recording.json
3102,บ้านดอนชัย,แม่น้ำวัง,Royal Irrigation Department,Wang Basin,discharge_reported,discharge,available,graph route published 161 non-null 'discharge' values in the 7-day window,161,168,2026-08-31,2026-09-06,True,True,200,2026-09-07T15:22:03.409311Z,recordings/boundary_1373272_both_products.recording.json
3102,บ้านดอนชัย,แม่น้ำวัง,Royal Irrigation Department,Wang Basin,stage_reported,value,available,graph route published 161 non-null 'value' values in the 7-day window,161,168,2026-08-31,2026-09-06,True,True,200,2026-09-07T15:22:03.409311Z,recordings/boundary_1373272_both_products.recording.json
3107,บ้านหาดไผ่,แม่น้ำน่าน,Royal Irrigation Department,Nan Basin,discharge_reported,discharge,available,graph route published 161 non-null 'discharge' values in the 7-day window,161,168,2026-08-31,2026-09-06,True,True,200,2026-09-07T15:22:04.538912Z,recordings/boundary_1373272_both_products.recording.json
3107,บ้านหาดไผ่,แม่น้ำน่าน,Royal Irrigation Department,Nan Basin,stage_reported,value,available,graph route published 161 non-null 'value' values in the 7-day window,161,168,2026-08-31,2026-09-06,True,True,200,2026-09-07T15:22:04.538912Z,recordings/boundary_1373272_both_products.recording.json
3112,บ้านหลวง,น้ำแม่ตื่น,Royal Irrigation Department,Ping Basin,discharge_reported,discharge,available,graph route published 7 non-null 'discharge' values in the 7-day window,7,168,2026-08-31,2026-09-06,True,True,200,2026-09-07T15:22:05.655355Z,recordings/boundary_1373272_both_products.recording.json
3112,บ้านหลวง,น้ำแม่ตื่น,Royal Irrigation Department,Ping Basin,stage_reported,value,available,graph route published 37 non-null 'value' values in the 7-day window,37,168,2026-08-31,2026-09-06,True,True,200,2026-09-07T15:22:05.655355Z,recordings/boundary_1373272_both_products.recording.json
3113,ห้วยแม่สิน,ห้วยแม่สิน,Royal Irrigation Department,Yom Basin,discharge_reported,discharge,available,graph route published 161 non-null 'discharge' values in the 7-day window,161,168,2026-08-31,2026-09-06,True,True,200,2026-09-07T15:22:06.738283Z,recordings/boundary_1373272_both_products.recording.json
3113,ห้วยแม่สิน,ห้วยแม่สิน,Royal Irrigation Department,Yom Basin,stage_reported,value,available,graph route published 161 non-null 'value' values in the 7-day window,161,168,2026-08-31,2026-09-06,True,True,200,2026-09-07T15:22:06.738283Z,recordings/boundary_1373272_both_products.recording.json
3117,บ้านท่าห้วยหลัว,แม่น้ำสงคราม,Royal Irrigation Department,Northeast Khong Basin,discharge_reported,discharge,available,graph route published 160 non-null 'discharge' values in the 7-day window,160,168,2026-08-31,2026-09-06,True,True,200,2026-09-07T15:22:07.810446Z,recordings/boundary_1373272_both_products.recording.json
3117,บ้านท่าห้วยหลัว,แม่น้ำสงคราม,Royal Irrigation Department,Northeast Khong Basin,stage_reported,value,available,graph route published 160 non-null 'value' values in the 7-day window,160,168,2026-08-31,2026-09-06,True,True,200,2026-09-07T15:22:07.810446Z,recordings/boundary_1373272_both_products.recording.json
3122,บ้านท่ากกแดง,แม่น้ำสงคราม,Royal Irrigation Department,Northeast Khong Basin,discharge_reported,discharge,available,graph route published 160 non-null 'discharge' values in the 7-day window,160,168,2026-08-31,2026-09-06,True,True,200,2026-09-07T15:22:08.945516Z,recordings/boundary_1373272_both_products.recording.json
3122,บ้านท่ากกแดง,แม่น้ำสงคราม,Royal Irrigation Department,Northeast Khong Basin,stage_reported,value,available,graph route published 160 non-null 'value' values in the 7-day window,160,168,2026-08-31,2026-09-06,True,True,200,2026-09-07T15:22:08.945516Z,recordings/boundary_1373272_both_products.recording.json
3127,บ้านวังชิ้น,แม่น้ำยม,Royal Irrigation Department,Yom Basin,discharge_reported,discharge,available,graph route published 161 non-null 'discharge' values in the 7-day window,161,168,2026-08-31,2026-09-06,True,True,200,2026-09-07T15:22:10.006398Z,recordings/boundary_1373272_both_products.recording.json
3127,บ้านวังชิ้น,แม่น้ำยม,Royal Irrigation Department,Yom Basin,stage_reported,value,available,graph route published 161 non-null 'value' values in the 7-day window,161,168,2026-08-31,2026-09-06,True,True,200,2026-09-07T15:22:10.006398Z,recordings/boundary_1373272_both_products.recording.json
3134,บ้านฟากท่า,น้ำปาด,Royal Irrigation Department,Nan Basin,discharge_reported,discharge,empty_in_tested_window,graph route answered with a complete time grid carrying no non-null 'discharge' value in the 90-day window; the source states nothing about support,0,168,2026-06-08,2026-09-06,True,False,200,2026-09-07T15:22:11.141253Z,recordings/boundary_11688546_empty_90d.recording.json
3134,บ้านฟากท่า,น้ำปาด,Royal Irrigation Department,Nan Basin,stage_reported,value,available,graph route published 2024 non-null 'value' values in the 90-day window,2024,168,2026-06-08,2026-09-06,True,False,200,2026-09-07T15:22:11.141253Z,recordings/boundary_1373272_both_products.recording.json
3146,บ้านน้ำโค้ง,แม่น้ำยม,Royal Irrigation Department,Yom Basin,discharge_reported,discharge,available,graph route published 161 non-null 'discharge' values in the 7-day window,161,168,2026-08-31,2026-09-06,True,True,200,2026-09-07T15:22:12.242350Z,recordings/boundary_1373272_both_products.recording.json
3146,บ้านน้ำโค้ง,แม่น้ำยม,Royal Irrigation Department,Yom Basin,stage_reported,value,available,graph route published 161 non-null 'value' values in the 7-day window,161,168,2026-08-31,2026-09-06,True,True,200,2026-09-07T15:22:12.242350Z,recordings/boundary_1373272_both_products.recording.json
3149,บ้านแม่อีไฮ,น้ำแม่ลี้,Royal Irrigation Department,Ping Basin,discharge_reported,discharge,available,graph route published 161 non-null 'discharge' values in the 7-day window,161,168,2026-08-31,2026-09-06,True,True,200,2026-09-07T15:22:13.347726Z,recordings/boundary_1373272_both_products.recording.json
3149,บ้านแม่อีไฮ,น้ำแม่ลี้,Royal Irrigation Department,Ping Basin,stage_reported,value,available,graph route published 161 non-null 'value' values in the 7-day window,161,168,2026-08-31,2026-09-06,True,True,200,2026-09-07T15:22:13.347726Z,recordings/boundary_1373272_both_products.recording.json
315,สุวรรณคูหา,ห้วยโค่โล่,Hydro – Informatics Institute (Public Organization),Northeast Khong Basin,discharge_reported,discharge,empty_in_tested_window,graph route answered with a complete time grid carrying no non-null 'discharge' value in the 90-day window; the source states nothing about support,0,1008,2026-06-08,2026-09-06,True,False,200,2026-09-07T15:22:15.674713Z,recordings/boundary_11688546_empty_90d.recording.json
315,สุวรรณคูหา,ห้วยโค่โล่,Hydro – Informatics Institute (Public Organization),Northeast Khong Basin,stage_reported,value,available,graph route published 12968 non-null 'value' values in the 90-day window,12968,1008,2026-06-08,2026-09-06,True,False,200,2026-09-07T15:22:15.674713Z,recordings/boundary_1373272_both_products.recording.json
3152,บ้านวังพร้าว,แม่น้ำจาง,Royal Irrigation Department,Wang Basin,discharge_reported,discharge,available,graph route published 155 non-null 'discharge' values in the 7-day window,155,168,2026-08-31,2026-09-06,True,True,200,2026-09-07T15:22:16.815704Z,recordings/boundary_1373272_both_products.recording.json
3152,บ้านวังพร้าว,แม่น้ำจาง,Royal Irrigation Department,Wang Basin,stage_reported,value,available,graph route published 155 non-null 'value' values in the 7-day window,155,168,2026-08-31,2026-09-06,True,True,200,2026-09-07T15:22:16.815704Z,recordings/boundary_1373272_both_products.recording.json
3154,บ้านเกาะคา,แม่น้ำวัง,Royal Irrigation Department,Wang Basin,discharge_reported,discharge,empty_in_tested_window,graph route answered with a complete time grid carrying no non-null 'discharge' value in the 90-day window; the source states nothing about support,0,168,2026-06-08,2026-09-06,True,False,200,2026-09-07T15:22:17.951806Z,recordings/boundary_11688546_empty_90d.recording.json
3154,บ้านเกาะคา,แม่น้ำวัง,Royal Irrigation Department,Wang Basin,stage_reported,value,available,graph route published 1410 non-null 'value' values in the 90-day window,1410,168,2026-06-08,2026-09-06,True,False,200,2026-09-07T15:22:17.951806Z,recordings/boundary_1373272_both_products.recording.json
3156,สะพานท่าข้าม,น้ำแม่แจ่ม,Royal Irrigation Department,Ping Basin,discharge_reported,discharge,available,graph route published 155 non-null 'discharge' values in the 7-day window,155,168,2026-08-31,2026-09-06,True,True,200,2026-09-07T15:22:19.070783Z,recordings/boundary_1373272_both_products.recording.json
3156,สะพานท่าข้าม,น้ำแม่แจ่ม,Royal Irrigation Department,Ping Basin,stage_reported,value,available,graph route published 155 non-null 'value' values in the 7-day window,155,168,2026-08-31,2026-09-06,True,True,200,2026-09-07T15:22:19.070783Z,recordings/boundary_1373272_both_products.recording.json
3157,บ้านแม่หล่าย,น้ำแม่หล่าย,Royal Irrigation Department,Yom Basin,discharge_reported,discharge,available,graph route published 161 non-null 'discharge' values in the 7-day window,161,168,2026-08-31,2026-09-06,True,True,200,2026-09-07T15:22:20.228976Z,recordings/boundary_1373272_both_products.recording.json
3157,บ้านแม่หล่าย,น้ำแม่หล่าย,Royal Irrigation Department,Yom Basin,stage_reported,value,available,graph route published 161 non-null 'value' values in the 7-day window,161,168,2026-08-31,2026-09-06,True,True,200,2026-09-07T15:22:20.228976Z,recordings/boundary_1373272_both_products.recording.json
3163,บ้านแม่คำมีตำหนักธรรม,น้ำแม่คำมี,Royal Irrigation Department,Yom Basin,discharge_reported,discharge,available,graph route published 161 non-null 'discharge' values in the 7-day window,161,168,2026-08-31,2026-09-06,True,True,200,2026-09-07T15:22:21.365294Z,recordings/boundary_1373272_both_products.recording.json
3163,บ้านแม่คำมีตำหนักธรรม,น้ำแม่คำมี,Royal Irrigation Department,Yom Basin,stage_reported,value,available,graph route published 161 non-null 'value' values in the 7-day window,161,168,2026-08-31,2026-09-06,True,True,200,2026-09-07T15:22:21.365294Z,recordings/boundary_1373272_both_products.recording.json
3164,บ้านสบสอย,แม่น้ำปิง,Royal Irrigation Department,Ping Basin,discharge_reported,discharge,empty_in_tested_window,graph route answered with a complete time grid carrying no non-null 'discharge' value in the 90-day window; the source states nothing about support,0,168,2026-06-08,2026-09-06,True,False,200,2026-09-07T15:22:22.531648Z,recordings/boundary_11688546_empty_90d.recording.json
3164,บ้านสบสอย,แม่น้ำปิง,Royal Irrigation Department,Ping Basin,stage_reported,value,available,graph route published 1522 non-null 'value' values in the 90-day window,1522,168,2026-06-08,2026-09-06,True,False,200,2026-09-07T15:22:22.531648Z,recordings/boundary_1373272_both_products.recording.json
3168,สะพานเสตุวารี,แม่น้ำวัง,Royal Irrigation Department,Wang Basin,discharge_reported,discharge,available,graph route published 161 non-null 'discharge' values in the 7-day window,161,168,2026-08-31,2026-09-06,True,True,200,2026-09-07T15:22:23.654400Z,recordings/boundary_1373272_both_products.recording.json
3168,สะพานเสตุวารี,แม่น้ำวัง,Royal Irrigation Department,Wang Basin,stage_reported,value,available,graph route published 161 non-null 'value' values in the 7-day window,161,168,2026-08-31,2026-09-06,True,True,200,2026-09-07T15:22:23.654400Z,recordings/boundary_1373272_both_products.recording.json
3171,บ้านท่าล้อ,น้ำแม่ตุ๋ย,Royal Irrigation Department,Wang Basin,discharge_reported,discharge,available,graph route published 155 non-null 'discharge' values in the 7-day window,155,168,2026-08-31,2026-09-06,True,True,200,2026-09-07T15:22:24.793511Z,recordings/boundary_1373272_both_products.recording.json
3171,บ้านท่าล้อ,น้ำแม่ตุ๋ย,Royal Irrigation Department,Wang Basin,stage_reported,value,available,graph route published 155 non-null 'value' values in the 7-day window,155,168,2026-08-31,2026-09-06,True,True,200,2026-09-07T15:22:24.793511Z,recordings/boundary_1373272_both_products.recording.json
3172,บ้านท่าเดื่อ,แม่น้ำวัง,Royal Irrigation Department,Wang Basin,discharge_reported,discharge,available,graph route published 155 non-null 'discharge' values in the 7-day window,155,168,2026-08-31,2026-09-06,True,True,200,2026-09-07T15:22:27.331108Z,recordings/boundary_1373272_both_products.recording.json
3172,บ้านท่าเดื่อ,แม่น้ำวัง,Royal Irrigation Department,Wang Basin,stage_reported,value,available,graph route published 155 non-null 'value' values in the 7-day window,155,168,2026-08-31,2026-09-06,True,True,200,2026-09-07T15:22:27.331108Z,recordings/boundary_1373272_both_products.recording.json
3174,บ้านหล่ายแก้ว,น้ำแม่ลี้,Royal Irrigation Department,Ping Basin,discharge_reported,discharge,available,graph route published 161 non-null 'discharge' values in the 7-day window,161,168,2026-08-31,2026-09-06,True,True,200,2026-09-07T15:22:28.475516Z,recordings/boundary_1373272_both_products.recording.json
3174,บ้านหล่ายแก้ว,น้ำแม่ลี้,Royal Irrigation Department,Ping Basin,stage_reported,value,available,graph route published 161 non-null 'value' values in the 7-day window,161,168,2026-08-31,2026-09-06,True,True,200,2026-09-07T15:22:28.475516Z,recordings/boundary_1373272_both_products.recording.json
3186,บ้านสบแม่สะป๊วด,น้ำแม่ทา,Royal Irrigation Department,Ping Basin,discharge_reported,discharge,available,graph route published 161 non-null 'discharge' values in the 7-day window,161,168,2026-08-31,2026-09-06,True,True,200,2026-09-07T15:22:29.621376Z,recordings/boundary_1373272_both_products.recording.json
3186,บ้านสบแม่สะป๊วด,น้ำแม่ทา,Royal Irrigation Department,Ping Basin,stage_reported,value,available,graph route published 161 non-null 'value' values in the 7-day window,161,168,2026-08-31,2026-09-06,True,True,200,2026-09-07T15:22:29.621376Z,recordings/boundary_1373272_both_products.recording.json
319,สะพานฉลองขอนแก่น 200 ปี,ลำน้ำพอง,Hydro – Informatics Institute (Public Organization),Chi Basin Basin,discharge_reported,discharge,empty_in_tested_window,graph route answered with a complete time grid carrying no non-null 'discharge' value in the 90-day window; the source states nothing about support,0,1008,2026-06-08,2026-09-06,True,False,200,2026-09-07T15:22:31.793763Z,recordings/boundary_11688546_empty_90d.recording.json
319,สะพานฉลองขอนแก่น 200 ปี,ลำน้ำพอง,Hydro – Informatics Institute (Public Organization),Chi Basin Basin,stage_reported,value,available,graph route published 9199 non-null 'value' values in the 90-day window,9199,1008,2026-06-08,2026-09-06,True,False,200,2026-09-07T15:22:31.793763Z,recordings/boundary_1373272_both_products.recording.json
3205,บ้านห้วยสัก,แม่น้ำยม,Royal Irrigation Department,Yom Basin,discharge_reported,discharge,available,graph route published 161 non-null 'discharge' values in the 7-day window,161,168,2026-08-31,2026-09-06,True,True,200,2026-09-07T15:22:32.907100Z,recordings/boundary_1373272_both_products.recording.json
3205,บ้านห้วยสัก,แม่น้ำยม,Royal Irrigation Department,Yom Basin,stage_reported,value,available,graph route published 161 non-null 'value' values in the 7-day window,161,168,2026-08-31,2026-09-06,True,True,200,2026-09-07T15:22:32.907100Z,recordings/boundary_1373272_both_products.recording.json
3212,บ้านโป่ง,น้ำแม่กวง,Royal Irrigation Department,Ping Basin,discharge_reported,discharge,available,graph route published 160 non-null 'discharge' values in the 7-day window,160,168,2026-08-31,2026-09-06,True,True,200,2026-09-07T15:22:34.029421Z,recordings/boundary_1373272_both_products.recording.json
3212,บ้านโป่ง,น้ำแม่กวง,Royal Irrigation Department,Ping Basin,stage_reported,value,available,graph route published 160 non-null 'value' values in the 7-day window,160,168,2026-08-31,2026-09-06,True,True,200,2026-09-07T15:22:34.029421Z,recordings/boundary_1373272_both_products.recording.json
3213,บ้านโป่ง,น้ำแม่หวด,Royal Irrigation Department,Yom Basin,discharge_reported,discharge,available,graph route published 7 non-null 'discharge' values in the 7-day window,7,168,2026-08-31,2026-09-06,True,False,200,2026-09-07T15:22:35.120244Z,recordings/boundary_1373272_both_products.recording.json
3213,บ้านโป่ง,น้ำแม่หวด,Royal Irrigation Department,Yom Basin,stage_reported,value,available,graph route published 7 non-null 'value' values in the 7-day window,7,168,2026-08-31,2026-09-06,True,False,200,2026-09-07T15:22:35.120244Z,recordings/boundary_1373272_both_products.recording.json
3215,บ้านหนองนาว,ห้วยเก้า,Royal Irrigation Department,Wang Basin,discharge_reported,discharge,available,graph route published 161 non-null 'discharge' values in the 7-day window,161,168,2026-08-31,2026-09-06,True,True,200,2026-09-07T15:22:36.262050Z,recordings/boundary_1373272_both_products.recording.json
3215,บ้านหนองนาว,ห้วยเก้า,Royal Irrigation Department,Wang Basin,stage_reported,value,available,graph route published 161 non-null 'value' values in the 7-day window,161,168,2026-08-31,2026-09-06,True,True,200,2026-09-07T15:22:36.262050Z,recordings/boundary_1373272_both_products.recording.json
3217,บ้านหลวงเหนือ,น้ำแม่งาว,Royal Irrigation Department,Yom Basin,discharge_reported,discharge,available,graph route published 160 non-null 'discharge' values in the 7-day window,160,168,2026-08-31,2026-09-06,True,True,200,2026-09-07T15:22:37.329684Z,recordings/boundary_1373272_both_products.recording.json
3217,บ้านหลวงเหนือ,น้ำแม่งาว,Royal Irrigation Department,Yom Basin,stage_reported,value,available,graph route published 160 non-null 'value' values in the 7-day window,160,168,2026-08-31,2026-09-06,True,True,200,2026-09-07T15:22:37.329684Z,recordings/boundary_1373272_both_products.recording.json
3219,หน้าสำนักงานป่าไม้,แม่น้ำน่าน,Royal Irrigation Department,Nan Basin,discharge_reported,discharge,available,graph route published 161 non-null 'discharge' values in the 7-day window,161,168,2026-08-31,2026-09-06,True,True,200,2026-09-07T15:22:38.459892Z,recordings/boundary_1373272_both_products.recording.json
3219,หน้าสำนักงานป่าไม้,แม่น้ำน่าน,Royal Irrigation Department,Nan Basin,stage_reported,value,available,graph route published 161 non-null 'value' values in the 7-day window,161,168,2026-08-31,2026-09-06,True,True,200,2026-09-07T15:22:38.459892Z,recordings/boundary_1373272_both_products.recording.json
3220,บ้านป่าซาง,น้ำแม่ทา,Royal Irrigation Department,Ping Basin,discharge_reported,discharge,available,graph route published 161 non-null 'discharge' values in the 7-day window,161,168,2026-08-31,2026-09-06,True,True,200,2026-09-07T15:22:39.539565Z,recordings/boundary_1373272_both_products.recording.json
3220,บ้านป่าซาง,น้ำแม่ทา,Royal Irrigation Department,Ping Basin,stage_reported,value,available,graph route published 161 non-null 'value' values in the 7-day window,161,168,2026-08-31,2026-09-06,True,True,200,2026-09-07T15:22:39.539565Z,recordings/boundary_1373272_both_products.recording.json
3221,สะพานท่าลี่,แม่น้ำน้ำว้า,Royal Irrigation Department,Nan Basin,discharge_reported,discharge,available,graph route published 161 non-null 'discharge' values in the 7-day window,161,168,2026-08-31,2026-09-06,True,True,200,2026-09-07T15:22:40.664451Z,recordings/boundary_1373272_both_products.recording.json
3221,สะพานท่าลี่,แม่น้ำน้ำว้า,Royal Irrigation Department,Nan Basin,stage_reported,value,available,graph route published 161 non-null 'value' values in the 7-day window,161,168,2026-08-31,2026-09-06,True,True,200,2026-09-07T15:22:40.664451Z,recordings/boundary_1373272_both_products.recording.json
3222,บ้านพันตน,น้ำแม่วาง,Royal Irrigation Department,Ping Basin,discharge_reported,discharge,available,graph route published 161 non-null 'discharge' values in the 7-day window,161,168,2026-08-31,2026-09-06,True,True,200,2026-09-07T15:22:41.757227Z,recordings/boundary_1373272_both_products.recording.json
3222,บ้านพันตน,น้ำแม่วาง,Royal Irrigation Department,Ping Basin,stage_reported,value,available,graph route published 161 non-null 'value' values in the 7-day window,161,168,2026-08-31,2026-09-06,True,True,200,2026-09-07T15:22:41.757227Z,recordings/boundary_1373272_both_products.recording.json
3223,บ้านโห้ง,เหมืองฮอ,Royal Irrigation Department,Ping Basin,discharge_reported,discharge,available,graph route published 155 non-null 'discharge' values in the 7-day window,155,168,2026-08-31,2026-09-06,True,True,200,2026-09-07T15:22:42.903484Z,recordings/boundary_1373272_both_products.recording.json
3223,บ้านโห้ง,เหมืองฮอ,Royal Irrigation Department,Ping Basin,stage_reported,value,available,graph route published 155 non-null 'value' values in the 7-day window,155,168,2026-08-31,2026-09-06,True,True,200,2026-09-07T15:22:42.903484Z,recordings/boundary_1373272_both_products.recording.json
3224,บ้านไฮ,แม่น้ำวัง,Royal Irrigation Department,Wang Basin,discharge_reported,discharge,available,graph route published 161 non-null 'discharge' values in the 7-day window,161,168,2026-08-31,2026-09-06,True,True,200,2026-09-07T15:22:43.997454Z,recordings/boundary_1373272_both_products.recording.json
3224,บ้านไฮ,แม่น้ำวัง,Royal Irrigation Department,Wang Basin,stage_reported,value,available,graph route published 161 non-null 'value' values in the 7-day window,161,168,2026-08-31,2026-09-06,True,True,200,2026-09-07T15:22:43.997454Z,recordings/boundary_1373272_both_products.recording.json
3226,สะพานนวรัฐ,แม่น้ำปิง,Royal Irrigation Department,Ping Basin,discharge_reported,discharge,available,graph route published 161 non-null 'discharge' values in the 7-day window,161,168,2026-08-31,2026-09-06,True,True,200,2026-09-07T15:22:46.128895Z,recordings/boundary_1373272_both_products.recording.json
3226,สะพานนวรัฐ,แม่น้ำปิง,Royal Irrigation Department,Ping Basin,stage_reported,value,available,graph route published 161 non-null 'value' values in the 7-day window,161,168,2026-08-31,2026-09-06,True,True,200,2026-09-07T15:22:46.128895Z,recordings/boundary_1373272_both_products.recording.json
3233,บ้านมาง,น้ำปี้,Royal Irrigation Department,Yom Basin,discharge_reported,discharge,available,graph route published 149 non-null 'discharge' values in the 7-day window,149,168,2026-08-31,2026-09-06,True,True,200,2026-09-07T15:22:47.264515Z,recordings/boundary_1373272_both_products.recording.json
3233,บ้านมาง,น้ำปี้,Royal Irrigation Department,Yom Basin,stage_reported,value,available,graph route published 149 non-null 'value' values in the 7-day window,149,168,2026-08-31,2026-09-06,True,True,200,2026-09-07T15:22:47.264515Z,recordings/boundary_1373272_both_products.recording.json
3237,บ้านโป่งดิน,ห้วยแม่วะ,Royal Irrigation Department,Ping Basin,discharge_reported,discharge,available,graph route published 155 non-null 'discharge' values in the 7-day window,155,168,2026-08-31,2026-09-06,True,True,200,2026-09-07T15:22:48.383866Z,recordings/boundary_1373272_both_products.recording.json
3237,บ้านโป่งดิน,ห้วยแม่วะ,Royal Irrigation Department,Ping Basin,stage_reported,value,available,graph route published 155 non-null 'value' values in the 7-day window,155,168,2026-08-31,2026-09-06,True,True,200,2026-09-07T15:22:48.383866Z,recordings/boundary_1373272_both_products.recording.json
3240,บ้านริมใต้,น้ำเหมือง,Royal Irrigation Department,Ping Basin,discharge_reported,discharge,available,graph route published 161 non-null 'discharge' values in the 7-day window,161,168,2026-08-31,2026-09-06,True,True,200,2026-09-07T15:22:49.534632Z,recordings/boundary_1373272_both_products.recording.json
3240,บ้านริมใต้,น้ำเหมือง,Royal Irrigation Department,Ping Basin,stage_reported,value,available,graph route published 161 non-null 'value' values in the 7-day window,161,168,2026-08-31,2026-09-06,True,True,200,2026-09-07T15:22:49.534632Z,recordings/boundary_1373272_both_products.recording.json
3243,บ้านทุ่งหนอง,แม่น้ำยม,Royal Irrigation Department,Yom Basin,discharge_reported,discharge,available,graph route published 161 non-null 'discharge' values in the 7-day window,161,168,2026-08-31,2026-09-06,True,True,200,2026-09-07T15:22:50.625517Z,recordings/boundary_1373272_both_products.recording.json
3243,บ้านทุ่งหนอง,แม่น้ำยม,Royal Irrigation Department,Yom Basin,stage_reported,value,available,graph route published 161 non-null 'value' values in the 7-day window,161,168,2026-08-31,2026-09-06,True,True,200,2026-09-07T15:22:50.625517Z,recordings/boundary_1373272_both_products.recording.json
3244,บ้านแม่หวาน,น้ำแม่กวง,Royal Irrigation Department,Ping Basin,discharge_reported,discharge,available,graph route published 155 non-null 'discharge' values in the 7-day window,155,168,2026-08-31,2026-09-06,True,True,200,2026-09-07T15:22:51.745843Z,recordings/boundary_1373272_both_products.recording.json
3244,บ้านแม่หวาน,น้ำแม่กวง,Royal Irrigation Department,Ping Basin,stage_reported,value,available,graph route published 155 non-null 'value' values in the 7-day window,155,168,2026-08-31,2026-09-06,True,True,200,2026-09-07T15:22:51.745843Z,recordings/boundary_1373272_both_products.recording.json
3245,บ้านน้ำยาว,น้ำยาว,Royal Irrigation Department,Nan Basin,discharge_reported,discharge,available,graph route published 161 non-null 'discharge' values in the 7-day window,161,168,2026-08-31,2026-09-06,True,True,200,2026-09-07T15:22:52.880065Z,recordings/boundary_1373272_both_products.recording.json
3245,บ้านน้ำยาว,น้ำยาว,Royal Irrigation Department,Nan Basin,stage_reported,value,available,graph route published 161 non-null 'value' values in the 7-day window,161,168,2026-08-31,2026-09-06,True,True,200,2026-09-07T15:22:52.880065Z,recordings/boundary_1373272_both_products.recording.json
3246,บ้านผาขวาง,แม่น้ำน่าน,Royal Irrigation Department,Nan Basin,discharge_reported,discharge,available,graph route published 161 non-null 'discharge' values in the 7-day window,161,168,2026-08-31,2026-09-06,True,True,200,2026-09-07T15:22:54.015679Z,recordings/boundary_1373272_both_products.recording.json
3246,บ้านผาขวาง,แม่น้ำน่าน,Royal Irrigation Department,Nan Basin,stage_reported,value,available,graph route published 161 non-null 'value' values in the 7-day window,161,168,2026-08-31,2026-09-06,True,True,200,2026-09-07T15:22:54.015679Z,recordings/boundary_1373272_both_products.recording.json
3247,บ้านแม่แต,แม่น้ำปิง,Royal Irrigation Department,Ping Basin,discharge_reported,discharge,available,graph route published 161 non-null 'discharge' values in the 7-day window,161,168,2026-08-31,2026-09-06,True,True,200,2026-09-07T15:22:55.172209Z,recordings/boundary_1373272_both_products.recording.json
3247,บ้านแม่แต,แม่น้ำปิง,Royal Irrigation Department,Ping Basin,stage_reported,value,available,graph route published 161 non-null 'value' values in the 7-day window,161,168,2026-08-31,2026-09-06,True,True,200,2026-09-07T15:22:55.172209Z,recordings/boundary_1373272_both_products.recording.json
3251,บ้านแม่แตง,แม่น้ำแม่แตง,Royal Irrigation Department,Ping Basin,discharge_reported,discharge,available,graph route published 161 non-null 'discharge' values in the 7-day window,161,168,2026-08-31,2026-09-06,True,True,200,2026-09-07T15:22:56.296239Z,recordings/boundary_1373272_both_products.recording.json
3251,บ้านแม่แตง,แม่น้ำแม่แตง,Royal Irrigation Department,Ping Basin,stage_reported,value,available,graph route published 161 non-null 'value' values in the 7-day window,161,168,2026-08-31,2026-09-06,True,True,200,2026-09-07T15:22:56.296239Z,recordings/boundary_1373272_both_products.recording.json
3253,บ้านช่อแล,เหมืองสายล่าง,Royal Irrigation Department,Ping Basin,discharge_reported,discharge,available,graph route published 161 non-null 'discharge' values in the 7-day window,161,168,2026-08-31,2026-09-06,True,True,200,2026-09-07T15:22:57.410981Z,recordings/boundary_1373272_both_products.recording.json
3253,บ้านช่อแล,เหมืองสายล่าง,Royal Irrigation Department,Ping Basin,stage_reported,value,available,graph route published 161 non-null 'value' values in the 7-day window,161,168,2026-08-31,2026-09-06,True,True,200,2026-09-07T15:22:57.410981Z,recordings/boundary_1373272_both_products.recording.json
3267,บ้านปางสา,น้ำยาว,Royal Irrigation Department,Nan Basin,discharge_reported,discharge,available,graph route published 161 non-null 'discharge' values in the 7-day window,161,168,2026-08-31,2026-09-06,True,True,200,2026-09-07T15:22:58.511936Z,recordings/boundary_1373272_both_products.recording.json
3267,บ้านปางสา,น้ำยาว,Royal Irrigation Department,Nan Basin,stage_reported,value,available,graph route published 161 non-null 'value' values in the 7-day window,161,168,2026-08-31,2026-09-06,True,True,200,2026-09-07T15:22:58.511936Z,recordings/boundary_1373272_both_products.recording.json
3269,บ้านสหกรณ์ร่มเกล้า,น้ำแม่งัด,Royal Irrigation Department,Ping Basin,discharge_reported,discharge,available,graph route published 7 non-null 'discharge' values in the 7-day window,7,168,2026-08-31,2026-09-06,True,True,200,2026-09-07T15:22:59.587577Z,recordings/boundary_1373272_both_products.recording.json
3269,บ้านสหกรณ์ร่มเกล้า,น้ำแม่งัด,Royal Irrigation Department,Ping Basin,stage_reported,value,available,graph route published 7 non-null 'value' values in the 7-day window,7,168,2026-08-31,2026-09-06,True,True,200,2026-09-07T15:22:59.587577Z,recordings/boundary_1373272_both_products.recording.json
3271,บ้านเชียงดาว,ห้วยแม่มาด,Royal Irrigation Department,Ping Basin,discharge_reported,discharge,available,graph route published 160 non-null 'discharge' values in the 7-day window,160,168,2026-08-31,2026-09-06,True,True,200,2026-09-07T15:23:00.712509Z,recordings/boundary_1373272_both_products.recording.json
3271,บ้านเชียงดาว,ห้วยแม่มาด,Royal Irrigation Department,Ping Basin,stage_reported,value,available,graph route published 160 non-null 'value' values in the 7-day window,160,168,2026-08-31,2026-09-06,True,True,200,2026-09-07T15:23:00.712509Z,recordings/boundary_1373272_both_products.recording.json
3281,บ้านเมืองมาย,ห้วยแม่คิ,Royal Irrigation Department,Wang Basin,discharge_reported,discharge,available,graph route published 152 non-null 'discharge' values in the 7-day window,152,168,2026-08-31,2026-09-06,True,True,200,2026-09-07T15:23:01.835976Z,recordings/boundary_1373272_both_products.recording.json
3281,บ้านเมืองมาย,ห้วยแม่คิ,Royal Irrigation Department,Wang Basin,stage_reported,value,available,graph route published 152 non-null 'value' values in the 7-day window,152,168,2026-08-31,2026-09-06,True,True,200,2026-09-07T15:23:01.835976Z,recordings/boundary_1373272_both_products.recording.json
3283,บ้านกลาง,น้ำแม่ขาน,Royal Irrigation Department,Ping Basin,discharge_reported,discharge,available,graph route published 161 non-null 'discharge' values in the 7-day window,161,168,2026-08-31,2026-09-06,True,True,200,2026-09-07T15:23:02.985884Z,recordings/boundary_1373272_both_products.recording.json
3283,บ้านกลาง,น้ำแม่ขาน,Royal Irrigation Department,Ping Basin,stage_reported,value,available,graph route published 161 non-null 'value' values in the 7-day window,161,168,2026-08-31,2026-09-06,True,True,200,2026-09-07T15:23:02.985884Z,recordings/boundary_1373272_both_products.recording.json
3285,บ้านสลวงนอก,น้ำแม่ริม,Royal Irrigation Department,Ping Basin,discharge_reported,discharge,available,graph route published 7 non-null 'discharge' values in the 7-day window,7,168,2026-08-31,2026-09-06,True,True,200,2026-09-07T15:23:04.115865Z,recordings/boundary_1373272_both_products.recording.json
3285,บ้านสลวงนอก,น้ำแม่ริม,Royal Irrigation Department,Ping Basin,stage_reported,value,available,graph route published 7 non-null 'value' values in the 7-day window,7,168,2026-08-31,2026-09-06,True,True,200,2026-09-07T15:23:04.115865Z,recordings/boundary_1373272_both_products.recording.json
3286,บ้านเมืองกึ๊ด,แม่น้ำแม่แตง,Royal Irrigation Department,Ping Basin,discharge_reported,discharge,available,graph route published 161 non-null 'discharge' values in the 7-day window,161,168,2026-08-31,2026-09-06,True,True,200,2026-09-07T15:23:05.241248Z,recordings/boundary_1373272_both_products.recording.json
3286,บ้านเมืองกึ๊ด,แม่น้ำแม่แตง,Royal Irrigation Department,Ping Basin,stage_reported,value,available,graph route published 161 non-null 'value' values in the 7-day window,161,168,2026-08-31,2026-09-06,True,True,200,2026-09-07T15:23:05.241248Z,recordings/boundary_1373272_both_products.recording.json
3288,บ้านสันปู่เลย,น้ำแม่ขอด,Royal Irrigation Department,Ping Basin,discharge_reported,discharge,available,graph route published 155 non-null 'discharge' values in the 7-day window,155,168,2026-08-31,2026-09-06,True,True,200,2026-09-07T15:23:06.369689Z,recordings/boundary_1373272_both_products.recording.json
3288,บ้านสันปู่เลย,น้ำแม่ขอด,Royal Irrigation Department,Ping Basin,stage_reported,value,available,graph route published 155 non-null 'value' values in the 7-day window,155,168,2026-08-31,2026-09-06,True,True,200,2026-09-07T15:23:06.369689Z,recordings/boundary_1373272_both_products.recording.json
3292,บ้านท่างาม,น้ำแควน้อย,Royal Irrigation Department,Nan Basin,discharge_reported,discharge,available,graph route published 161 non-null 'discharge' values in the 7-day window,161,168,2026-08-31,2026-09-06,True,True,200,2026-09-07T15:23:07.505329Z,recordings/boundary_1373272_both_products.recording.json
3292,บ้านท่างาม,น้ำแควน้อย,Royal Irrigation Department,Nan Basin,stage_reported,value,available,graph route published 161 non-null 'value' values in the 7-day window,161,168,2026-08-31,2026-09-06,True,True,200,2026-09-07T15:23:07.505329Z,recordings/boundary_1373272_both_products.recording.json
3294,บ้านท่าโป่งแดง,แม่น้ำปาย,Royal Irrigation Department,Salawin Basin,discharge_reported,discharge,available,graph route published 20 non-null 'discharge' values in the 7-day window,20,168,2026-08-31,2026-09-06,True,True,200,2026-09-07T15:23:08.625558Z,recordings/boundary_1373272_both_products.recording.json
3294,บ้านท่าโป่งแดง,แม่น้ำปาย,Royal Irrigation Department,Salawin Basin,stage_reported,value,available,graph route published 20 non-null 'value' values in the 7-day window,20,168,2026-08-31,2026-09-06,True,True,200,2026-09-07T15:23:08.625558Z,recordings/boundary_1373272_both_products.recording.json
3295,บ้านวังนกแอ่น,น้ำเข็ก,Royal Irrigation Department,Nan Basin,discharge_reported,discharge,available,graph route published 161 non-null 'discharge' values in the 7-day window,161,168,2026-08-31,2026-09-06,True,True,200,2026-09-07T15:23:09.892244Z,recordings/boundary_1373272_both_products.recording.json
3295,บ้านวังนกแอ่น,น้ำเข็ก,Royal Irrigation Department,Nan Basin,stage_reported,value,available,graph route published 161 non-null 'value' values in the 7-day window,161,168,2026-08-31,2026-09-06,True,True,200,2026-09-07T15:23:09.892244Z,recordings/boundary_1373272_both_products.recording.json
3296,บ้านเจดีย์งาม,ร่องค้าน,Royal Irrigation Department,North Khong Basin,discharge_reported,discharge,available,graph route published 7 non-null 'discharge' values in the 7-day window,7,168,2026-08-31,2026-09-06,True,True,200,2026-09-07T15:23:11.041832Z,recordings/boundary_1373272_both_products.recording.json
3296,บ้านเจดีย์งาม,ร่องค้าน,Royal Irrigation Department,North Khong Basin,stage_reported,value,available,graph route published 7 non-null 'value' values in the 7-day window,7,168,2026-08-31,2026-09-06,True,True,200,2026-09-07T15:23:11.041832Z,recordings/boundary_1373272_both_products.recording.json
3298,บ้านดอนสลี,น้ำแม่ลาว,Royal Irrigation Department,North Khong Basin,discharge_reported,discharge,available,graph route published 7 non-null 'discharge' values in the 7-day window,7,168,2026-08-31,2026-09-06,True,True,200,2026-09-07T15:23:12.176571Z,recordings/boundary_1373272_both_products.recording.json
3298,บ้านดอนสลี,น้ำแม่ลาว,Royal Irrigation Department,North Khong Basin,stage_reported,value,available,graph route published 7 non-null 'value' values in the 7-day window,7,168,2026-08-31,2026-09-06,True,True,200,2026-09-07T15:23:12.176571Z,recordings/boundary_1373272_both_products.recording.json
3299,บ้านกระเหรี่ยงทุ่งพร้าว,น้ำแม่สรวย,Royal Irrigation Department,North Khong Basin,discharge_reported,discharge,available,graph route published 7 non-null 'discharge' values in the 7-day window,7,168,2026-08-31,2026-09-06,True,True,200,2026-09-07T15:23:13.316402Z,recordings/boundary_1373272_both_products.recording.json
3299,บ้านกระเหรี่ยงทุ่งพร้าว,น้ำแม่สรวย,Royal Irrigation Department,North Khong Basin,stage_reported,value,available,graph route published 7 non-null 'value' values in the 7-day window,7,168,2026-08-31,2026-09-06,True,True,200,2026-09-07T15:23:13.316402Z,recordings/boundary_1373272_both_products.recording.json
330,ชนบท,แม่น้ำชี,Hydro – Informatics Institute (Public Organization),Chi Basin Basin,discharge_reported,discharge,empty_in_tested_window,graph route answered with a complete time grid carrying no non-null 'discharge' value in the 90-day window; the source states nothing about support,0,1008,2026-06-08,2026-09-06,True,False,200,2026-09-07T15:23:15.485262Z,recordings/boundary_11688546_empty_90d.recording.json
330,ชนบท,แม่น้ำชี,Hydro – Informatics Institute (Public Organization),Chi Basin Basin,stage_reported,value,available,graph route published 12835 non-null 'value' values in the 90-day window,12835,1008,2026-06-08,2026-09-06,True,False,200,2026-09-07T15:23:15.485262Z,recordings/boundary_1373272_both_products.recording.json
3303,บ้านหัวสะพาน,น้ำแม่จัน,Royal Irrigation Department,North Khong Basin,discharge_reported,discharge,available,graph route published 159 non-null 'discharge' values in the 7-day window,159,168,2026-08-31,2026-09-06,True,True,200,2026-09-07T15:23:16.644425Z,recordings/boundary_1373272_both_products.recording.json
3303,บ้านหัวสะพาน,น้ำแม่จัน,Royal Irrigation Department,North Khong Basin,stage_reported,value,available,graph route published 159 non-null 'value' values in the 7-day window,159,168,2026-08-31,2026-09-06,True,True,200,2026-09-07T15:23:16.644425Z,recordings/boundary_1373272_both_products.recording.json
3304,บ้านแม่คำหลักเจ็ด,แม่น้ำคำ,Royal Irrigation Department,North Khong Basin,discharge_reported,discharge,available,graph route published 159 non-null 'discharge' values in the 7-day window,159,168,2026-08-31,2026-09-06,True,True,200,2026-09-07T15:23:17.707667Z,recordings/boundary_1373272_both_products.recording.json
3304,บ้านแม่คำหลักเจ็ด,แม่น้ำคำ,Royal Irrigation Department,North Khong Basin,stage_reported,value,available,graph route published 159 non-null 'value' values in the 7-day window,159,168,2026-08-31,2026-09-06,True,True,200,2026-09-07T15:23:17.707667Z,recordings/boundary_1373272_both_products.recording.json
333,เมืองขอนแก่น,แม่น้ำชี,Hydro – Informatics Institute (Public Organization),Chi Basin Basin,discharge_reported,discharge,empty_in_tested_window,graph route answered with a complete time grid carrying no non-null 'discharge' value in the 90-day window; the source states nothing about support,0,1008,2026-06-08,2026-09-06,True,False,200,2026-09-07T15:23:19.750974Z,recordings/boundary_11688546_empty_90d.recording.json
333,เมืองขอนแก่น,แม่น้ำชี,Hydro – Informatics Institute (Public Organization),Chi Basin Basin,stage_reported,value,available,graph route published 12246 non-null 'value' values in the 90-day window,12246,1008,2026-06-08,2026-09-06,True,False,200,2026-09-07T15:23:19.750974Z,recordings/boundary_1373272_both_products.recording.json
335,เมืองอุดรธานี,ห้วยหลวง,Hydro – Informatics Institute (Public Organization),Northeast Khong Basin,discharge_reported,discharge,empty_in_tested_window,graph route answered with a complete time grid carrying no non-null 'discharge' value in the 90-day window; the source states nothing about support,0,1008,2026-06-08,2026-09-06,True,False,200,2026-09-07T15:23:21.745911Z,recordings/boundary_11688546_empty_90d.recording.json
335,เมืองอุดรธานี,ห้วยหลวง,Hydro – Informatics Institute (Public Organization),Northeast Khong Basin,stage_reported,value,available,graph route published 12307 non-null 'value' values in the 90-day window,12307,1008,2026-06-08,2026-09-06,True,False,200,2026-09-07T15:23:21.745911Z,recordings/boundary_1373272_both_products.recording.json
342,เมืองเลย,แม่น้ำเลย,Hydro – Informatics Institute (Public Organization),Northeast Khong Basin,discharge_reported,discharge,empty_in_tested_window,graph route answered with a complete time grid carrying no non-null 'discharge' value in the 90-day window; the source states nothing about support,0,1008,2026-06-08,2026-09-06,True,False,200,2026-09-07T15:23:23.823332Z,recordings/boundary_11688546_empty_90d.recording.json
342,เมืองเลย,แม่น้ำเลย,Hydro – Informatics Institute (Public Organization),Northeast Khong Basin,stage_reported,value,available,graph route published 13055 non-null 'value' values in the 90-day window,13055,1008,2026-06-08,2026-09-06,True,False,200,2026-09-07T15:23:23.823332Z,recordings/boundary_1373272_both_products.recording.json
3441,น้ำพรม อ.เกษตรสมบูรณ์,น้ำพรม,Electricity Generating Authority of Thailand,Chi Basin Basin,discharge_reported,discharge,available,graph route published 168 non-null 'discharge' values in the 7-day window,168,168,2026-08-31,2026-09-06,True,True,200,2026-09-07T15:23:24.988777Z,recordings/boundary_1373272_both_products.recording.json
3441,น้ำพรม อ.เกษตรสมบูรณ์,น้ำพรม,Electricity Generating Authority of Thailand,Chi Basin Basin,stage_reported,value,available,graph route published 168 non-null 'value' values in the 7-day window,168,168,2026-08-31,2026-09-06,True,True,200,2026-09-07T15:23:24.988777Z,recordings/boundary_1373272_both_products.recording.json
3459,ลำเชิญ อ.ชุมแพ (ท้ายฝายโครงการชลประทานน้ำเชิญ),ห้วยพรม,Electricity Generating Authority of Thailand,Chi Basin Basin,discharge_reported,discharge,available,graph route published 85 non-null 'discharge' values in the 7-day window,85,168,2026-08-31,2026-09-06,True,True,200,2026-09-07T15:23:26.111023Z,recordings/boundary_1373272_both_products.recording.json
3459,ลำเชิญ อ.ชุมแพ (ท้ายฝายโครงการชลประทานน้ำเชิญ),ห้วยพรม,Electricity Generating Authority of Thailand,Chi Basin Basin,stage_reported,value,available,graph route published 85 non-null 'value' values in the 7-day window,85,168,2026-08-31,2026-09-06,True,True,200,2026-09-07T15:23:26.111023Z,recordings/boundary_1373272_both_products.recording.json
3476,แม่น้ำมูล วัดปากโดม,แม่น้ำมูล,Electricity Generating Authority of Thailand,Mun Basin,discharge_reported,discharge,empty_in_tested_window,graph route answered with a complete time grid carrying no non-null 'discharge' value in the 90-day window; the source states nothing about support,0,168,2026-06-08,2026-09-06,True,False,200,2026-09-07T15:23:27.237742Z,recordings/boundary_11688546_empty_90d.recording.json
3476,แม่น้ำมูล วัดปากโดม,แม่น้ำมูล,Electricity Generating Authority of Thailand,Mun Basin,stage_reported,value,available,graph route published 1963 non-null 'value' values in the 90-day window,1963,168,2026-06-08,2026-09-06,True,False,200,2026-09-07T15:23:27.237742Z,recordings/boundary_1373272_both_products.recording.json
348,วังสะพุง,แม่น้ำเลย,Hydro – Informatics Institute (Public Organization),Northeast Khong Basin,discharge_reported,discharge,empty_in_tested_window,graph route answered with a complete time grid carrying no non-null 'discharge' value in the 90-day window; the source states nothing about support,0,1008,2026-06-08,2026-09-06,True,False,200,2026-09-07T15:23:29.194999Z,recordings/boundary_11688546_empty_90d.recording.json
348,วังสะพุง,แม่น้ำเลย,Hydro – Informatics Institute (Public Organization),Northeast Khong Basin,stage_reported,value,available,graph route published 12388 non-null 'value' values in the 90-day window,12388,1008,2026-06-08,2026-09-06,True,False,200,2026-09-07T15:23:29.194999Z,recordings/boundary_1373272_both_products.recording.json
3509,น้ำพอง อ.สีชมพู,ลำน้ำพอง,Electricity Generating Authority of Thailand,Chi Basin Basin,discharge_reported,discharge,available,graph route published 160 non-null 'discharge' values in the 7-day window,160,168,2026-08-31,2026-09-06,True,True,200,2026-09-07T15:23:30.318940Z,recordings/boundary_1373272_both_products.recording.json
3509,น้ำพอง อ.สีชมพู,ลำน้ำพอง,Electricity Generating Authority of Thailand,Chi Basin Basin,stage_reported,value,available,graph route published 160 non-null 'value' values in the 7-day window,160,168,2026-08-31,2026-09-06,True,True,200,2026-09-07T15:23:30.318940Z,recordings/boundary_1373272_both_products.recording.json
3510,ลำพะเนียง อ.เมือง,ลำพะเนียง,Electricity Generating Authority of Thailand,Chi Basin Basin,discharge_reported,discharge,available,graph route published 168 non-null 'discharge' values in the 7-day window,168,168,2026-08-31,2026-09-06,True,True,200,2026-09-07T15:23:31.446145Z,recordings/boundary_1373272_both_products.recording.json
3510,ลำพะเนียง อ.เมือง,ลำพะเนียง,Electricity Generating Authority of Thailand,Chi Basin Basin,stage_reported,value,available,graph route published 168 non-null 'value' values in the 7-day window,168,168,2026-08-31,2026-09-06,True,True,200,2026-09-07T15:23:31.446145Z,recordings/boundary_1373272_both_products.recording.json
3519,น้ำพอง บ้านผานกเค้า (E.29),น้ำพอง,Electricity Generating Authority of Thailand,Chi Basin Basin,discharge_reported,discharge,available,graph route published 168 non-null 'discharge' values in the 7-day window,168,168,2026-08-31,2026-09-06,True,True,200,2026-09-07T15:23:32.539751Z,recordings/boundary_1373272_both_products.recording.json
3519,น้ำพอง บ้านผานกเค้า (E.29),น้ำพอง,Electricity Generating Authority of Thailand,Chi Basin Basin,stage_reported,value,available,graph route published 168 non-null 'value' values in the 7-day window,168,168,2026-08-31,2026-09-06,True,True,200,2026-09-07T15:23:32.539751Z,recordings/boundary_1373272_both_products.recording.json
3523,ลำน้ำพอง (เหนือฝายหนองหวาย),ลำน้ำพอง,Electricity Generating Authority of Thailand,Chi Basin Basin,discharge_reported,discharge,empty_in_tested_window,graph route answered with a complete time grid carrying no non-null 'discharge' value in the 90-day window; the source states nothing about support,0,168,2026-06-08,2026-09-06,True,False,200,2026-09-07T15:23:33.598640Z,recordings/boundary_11688546_empty_90d.recording.json
3523,ลำน้ำพอง (เหนือฝายหนองหวาย),ลำน้ำพอง,Electricity Generating Authority of Thailand,Chi Basin Basin,stage_reported,value,available,graph route published 2184 non-null 'value' values in the 90-day window,2184,168,2026-06-08,2026-09-06,True,False,200,2026-09-07T15:23:33.598640Z,recordings/boundary_1373272_both_products.recording.json
3524,ลำน้ำพอง โรงเรียนลำน้ำพอง,ลำน้ำพอง,Electricity Generating Authority of Thailand,Chi Basin Basin,discharge_reported,discharge,available,graph route published 168 non-null 'discharge' values in the 7-day window,168,168,2026-08-31,2026-09-06,True,True,200,2026-09-07T15:23:34.750992Z,recordings/boundary_1373272_both_products.recording.json
3524,ลำน้ำพอง โรงเรียนลำน้ำพอง,ลำน้ำพอง,Electricity Generating Authority of Thailand,Chi Basin Basin,stage_reported,value,available,graph route published 168 non-null 'value' values in the 7-day window,168,168,2026-08-31,2026-09-06,True,True,200,2026-09-07T15:23:34.750992Z,recordings/boundary_1373272_both_products.recording.json
3525,แม่น้ำชี บ้านหินกอง,แม่น้ำชี,Electricity Generating Authority of Thailand,Chi Basin Basin,discharge_reported,discharge,available,graph route published 168 non-null 'discharge' values in the 7-day window,168,168,2026-08-31,2026-09-06,True,True,200,2026-09-07T15:23:35.836554Z,recordings/boundary_1373272_both_products.recording.json
3525,แม่น้ำชี บ้านหินกอง,แม่น้ำชี,Electricity Generating Authority of Thailand,Chi Basin Basin,stage_reported,value,available,graph route published 168 non-null 'value' values in the 7-day window,168,168,2026-08-31,2026-09-06,True,True,200,2026-09-07T15:23:35.836554Z,recordings/boundary_1373272_both_products.recording.json
3526,แม่น้ำชี ฝายมหาสารคาม(เหนือ),แม่น้ำชี,Electricity Generating Authority of Thailand,Chi Basin Basin,discharge_reported,discharge,empty_in_tested_window,graph route answered with a complete time grid carrying no non-null 'discharge' value in the 90-day window; the source states nothing about support,0,168,2026-06-08,2026-09-06,True,False,200,2026-09-07T15:23:36.976488Z,recordings/boundary_11688546_empty_90d.recording.json
3526,แม่น้ำชี ฝายมหาสารคาม(เหนือ),แม่น้ำชี,Electricity Generating Authority of Thailand,Chi Basin Basin,stage_reported,value,available,graph route published 2184 non-null 'value' values in the 90-day window,2184,168,2026-06-08,2026-09-06,True,False,200,2026-09-07T15:23:36.976488Z,recordings/boundary_1373272_both_products.recording.json
3529,แม่น้ำมูล อ.ราษีไศล (M.5),แม่น้ำมูล,Electricity Generating Authority of Thailand,Mun Basin,discharge_reported,discharge,empty_in_tested_window,graph route answered with a complete time grid carrying no non-null 'discharge' value in the 90-day window; the source states nothing about support,0,168,2026-06-08,2026-09-06,True,False,200,2026-09-07T15:23:38.101114Z,recordings/boundary_11688546_empty_90d.recording.json
3529,แม่น้ำมูล อ.ราษีไศล (M.5),แม่น้ำมูล,Electricity Generating Authority of Thailand,Mun Basin,stage_reported,value,available,graph route published 2184 non-null 'value' values in the 90-day window,2184,168,2026-06-08,2026-09-06,True,False,200,2026-09-07T15:23:38.101114Z,recordings/boundary_1373272_both_products.recording.json
3531,แม่น้ำมูล ท้ายแก่งสะพือ (M.11B),แม่น้ำมูล,Electricity Generating Authority of Thailand,Mun Basin,discharge_reported,discharge,empty_in_tested_window,graph route answered with a complete time grid carrying no non-null 'discharge' value in the 90-day window; the source states nothing about support,0,168,2026-06-08,2026-09-06,True,True,200,2026-09-07T15:23:39.216727Z,recordings/boundary_11688546_empty_90d.recording.json
3531,แม่น้ำมูล ท้ายแก่งสะพือ (M.11B),แม่น้ำมูล,Electricity Generating Authority of Thailand,Mun Basin,stage_reported,value,available,graph route published 2184 non-null 'value' values in the 90-day window,2184,168,2026-06-08,2026-09-06,True,True,200,2026-09-07T15:23:39.216727Z,recordings/boundary_1373272_both_products.recording.json
3533,ลำโดมใหญ่ บ้านนาเยีย,ลำโดมใหญ่,Electricity Generating Authority of Thailand,Mun Basin,discharge_reported,discharge,empty_in_tested_window,graph route answered with a complete time grid carrying no non-null 'discharge' value in the 90-day window; the source states nothing about support,0,168,2026-06-08,2026-09-06,True,True,200,2026-09-07T15:23:40.281506Z,recordings/boundary_11688546_empty_90d.recording.json
3533,ลำโดมใหญ่ บ้านนาเยีย,ลำโดมใหญ่,Electricity Generating Authority of Thailand,Mun Basin,stage_reported,value,available,graph route published 2184 non-null 'value' values in the 90-day window,2184,168,2026-06-08,2026-09-06,True,True,200,2026-09-07T15:23:40.281506Z,recordings/boundary_1373272_both_products.recording.json
3542,แม่น้ำมูล บ้านคันไร่,แม่น้ำมูล,Electricity Generating Authority of Thailand,Mun Basin,discharge_reported,discharge,empty_in_tested_window,graph route answered with a complete time grid carrying no non-null 'discharge' value in the 90-day window; the source states nothing about support,0,168,2026-06-08,2026-09-06,True,True,200,2026-09-07T15:23:41.354779Z,recordings/boundary_11688546_empty_90d.recording.json
3542,แม่น้ำมูล บ้านคันไร่,แม่น้ำมูล,Electricity Generating Authority of Thailand,Mun Basin,stage_reported,value,available,graph route published 1250 non-null 'value' values in the 90-day window,1250,168,2026-06-08,2026-09-06,True,True,200,2026-09-07T15:23:41.354779Z,recordings/boundary_1373272_both_products.recording.json
3543,แม่น้ำมูล เมืองอุบลราชธานี (M.7),แม่น้ำมูล,Electricity Generating Authority of Thailand,Mun Basin,discharge_reported,discharge,empty_in_tested_window,graph route answered with a complete time grid carrying no non-null 'discharge' value in the 90-day window; the source states nothing about support,0,168,2026-06-08,2026-09-06,True,True,200,2026-09-07T15:23:42.502200Z,recordings/boundary_11688546_empty_90d.recording.json
3543,แม่น้ำมูล เมืองอุบลราชธานี (M.7),แม่น้ำมูล,Electricity Generating Authority of Thailand,Mun Basin,stage_reported,value,available,graph route published 2184 non-null 'value' values in the 90-day window,2184,168,2026-06-08,2026-09-06,True,True,200,2026-09-07T15:23:42.502200Z,recordings/boundary_1373272_both_products.recording.json
3544,หน้าเขื่อนปากมูล,แม่น้ำมูล,Electricity Generating Authority of Thailand,Mun Basin,discharge_reported,discharge,empty_in_tested_window,graph route answered with a complete time grid carrying no non-null 'discharge' value in the 90-day window; the source states nothing about support,0,168,2026-06-08,2026-09-06,True,False,200,2026-09-07T15:23:43.620035Z,recordings/boundary_11688546_empty_90d.recording.json
3544,หน้าเขื่อนปากมูล,แม่น้ำมูล,Electricity Generating Authority of Thailand,Mun Basin,stage_reported,value,available,graph route published 2184 non-null 'value' values in the 90-day window,2184,168,2026-06-08,2026-09-06,True,False,200,2026-09-07T15:23:43.620035Z,recordings/boundary_1373272_both_products.recording.json
358,เมืองมหาสารคาม,แม่น้ำชี,Hydro – Informatics Institute (Public Organization),Chi Basin Basin,discharge_reported,discharge,empty_in_tested_window,graph route answered with a complete time grid carrying no non-null 'discharge' value in the 90-day window; the source states nothing about support,0,1008,2026-06-08,2026-09-06,True,False,200,2026-09-07T15:23:45.826728Z,recordings/boundary_11688546_empty_90d.recording.json
358,เมืองมหาสารคาม,แม่น้ำชี,Hydro – Informatics Institute (Public Organization),Chi Basin Basin,stage_reported,value,available,graph route published 12964 non-null 'value' values in the 90-day window,12964,1008,2026-06-08,2026-09-06,True,False,200,2026-09-07T15:23:45.826728Z,recordings/boundary_1373272_both_products.recording.json
36,คลองระพีพัฒน์แยกใต้ หนองเสือ,คลองลาดผักขวง,Hydro – Informatics Institute (Public Organization),Chao Phraya Basin,discharge_reported,discharge,empty_in_tested_window,graph route answered with a complete time grid carrying no non-null 'discharge' value in the 90-day window; the source states nothing about support,0,1008,2026-06-08,2026-09-06,True,False,200,2026-09-07T15:23:47.741594Z,recordings/boundary_11688546_empty_90d.recording.json
36,คลองระพีพัฒน์แยกใต้ หนองเสือ,คลองลาดผักขวง,Hydro – Informatics Institute (Public Organization),Chao Phraya Basin,stage_reported,value,available,graph route published 13064 non-null 'value' values in the 90-day window,13064,1008,2026-06-08,2026-09-06,True,False,200,2026-09-07T15:23:47.741594Z,recordings/boundary_1373272_both_products.recording.json
37,คลองหกวา ลำลูกกา คลอง8,คลองหกวา,Hydro – Informatics Institute (Public Organization),Bang Pakong Basin,discharge_reported,discharge,empty_in_tested_window,graph route answered with a complete time grid carrying no non-null 'discharge' value in the 90-day window; the source states nothing about support,0,1008,2026-06-08,2026-09-06,True,False,200,2026-09-07T15:23:49.789055Z,recordings/boundary_11688546_empty_90d.recording.json
37,คลองหกวา ลำลูกกา คลอง8,คลองหกวา,Hydro – Informatics Institute (Public Organization),Bang Pakong Basin,stage_reported,value,available,graph route published 13058 non-null 'value' values in the 90-day window,13058,1008,2026-06-08,2026-09-06,True,False,200,2026-09-07T15:23:49.789055Z,recordings/boundary_1373272_both_products.recording.json
380,ยางตลาด,ลำพาน,Hydro – Informatics Institute (Public Organization),Chi Basin Basin,discharge_reported,discharge,empty_in_tested_window,graph route answered with a complete time grid carrying no non-null 'discharge' value in the 90-day window; the source states nothing about support,0,1008,2026-06-08,2026-09-06,True,False,200,2026-09-07T15:23:51.729766Z,recordings/boundary_11688546_empty_90d.recording.json
380,ยางตลาด,ลำพาน,Hydro – Informatics Institute (Public Organization),Chi Basin Basin,stage_reported,value,available,graph route published 10402 non-null 'value' values in the 90-day window,10402,1008,2026-06-08,2026-09-06,True,False,200,2026-09-07T15:23:51.729766Z,recordings/boundary_1373272_both_products.recording.json
385579,ฝ่ายส่งน้ำและบำรุงรักษาที่ 2,น้ำแม่ดู,Hydro – Informatics Institute (Public Organization),Ping Basin,discharge_reported,discharge,empty_in_tested_window,graph route answered with a complete time grid carrying no non-null 'discharge' value in the 90-day window; the source states nothing about support,0,1008,2026-06-08,2026-09-06,True,False,200,2026-09-07T15:23:53.928995Z,recordings/boundary_11688546_empty_90d.recording.json
385579,ฝ่ายส่งน้ำและบำรุงรักษาที่ 2,น้ำแม่ดู,Hydro – Informatics Institute (Public Organization),Ping Basin,stage_reported,value,available,graph route published 13068 non-null 'value' values in the 90-day window,13068,1008,2026-06-08,2026-09-06,True,False,200,2026-09-07T15:23:53.928995Z,recordings/boundary_1373272_both_products.recording.json
385582,สะพานข้ามลำปะเทีย,ลำปะเทีย,Hydro – Informatics Institute (Public Organization),Mun Basin,discharge_reported,discharge,empty_in_tested_window,graph route answered with a complete time grid carrying no non-null 'discharge' value in the 90-day window; the source states nothing about support,0,1008,2026-06-08,2026-09-06,True,False,200,2026-09-07T15:23:55.990700Z,recordings/boundary_11688546_empty_90d.recording.json
385582,สะพานข้ามลำปะเทีย,ลำปะเทีย,Hydro – Informatics Institute (Public Organization),Mun Basin,stage_reported,value,available,graph route published 4443 non-null 'value' values in the 90-day window,4443,1008,2026-06-08,2026-09-06,True,False,200,2026-09-07T15:23:55.990700Z,recordings/boundary_1373272_both_products.recording.json
385586,สะพานมิตรภาพรับร่อ-หินแก้ว,คลองรับรอ,Hydro – Informatics Institute (Public Organization),Peninsula - Upper East Coast Basin,discharge_reported,discharge,empty_in_tested_window,graph route answered with a complete time grid carrying no non-null 'discharge' value in the 90-day window; the source states nothing about support,0,1008,2026-06-08,2026-09-06,True,False,200,2026-09-07T15:23:57.968341Z,recordings/boundary_11688546_empty_90d.recording.json
385586,สะพานมิตรภาพรับร่อ-หินแก้ว,คลองรับรอ,Hydro – Informatics Institute (Public Organization),Peninsula - Upper East Coast Basin,stage_reported,value,available,graph route published 13060 non-null 'value' values in the 90-day window,13060,1008,2026-06-08,2026-09-06,True,False,200,2026-09-07T15:23:57.968341Z,recordings/boundary_1373272_both_products.recording.json
39,พระนครศรีอยุธยา,แม่น้ำเจ้าพระยา,Hydro – Informatics Institute (Public Organization),Chao Phraya Basin,discharge_reported,discharge,empty_in_tested_window,graph route answered with a complete time grid carrying no non-null 'discharge' value in the 90-day window; the source states nothing about support,0,1008,2026-06-08,2026-09-06,True,False,200,2026-09-07T15:23:59.966281Z,recordings/boundary_11688546_empty_90d.recording.json
39,พระนครศรีอยุธยา,แม่น้ำเจ้าพระยา,Hydro – Informatics Institute (Public Organization),Chao Phraya Basin,stage_reported,value,available,graph route published 13065 non-null 'value' values in the 90-day window,13065,1008,2026-06-08,2026-09-06,True,False,200,2026-09-07T15:23:59.966281Z,recordings/boundary_1373272_both_products.recording.json
393,บ้านม่วง,แม่น้ำสงคราม,Hydro – Informatics Institute (Public Organization),Northeast Khong Basin,discharge_reported,discharge,empty_in_tested_window,graph route answered with a complete time grid carrying no non-null 'discharge' value in the 90-day window; the source states nothing about support,0,1008,2026-06-08,2026-09-06,False,False,200,2026-09-07T15:24:02.077277Z,recordings/boundary_11688546_empty_90d.recording.json
393,บ้านม่วง,แม่น้ำสงคราม,Hydro – Informatics Institute (Public Organization),Northeast Khong Basin,stage_reported,value,available,graph route published 2002 non-null 'value' values in the 90-day window,2002,1008,2026-06-08,2026-09-06,False,False,200,2026-09-07T15:24:02.077277Z,recordings/boundary_1373272_both_products.recording.json
395,สะพานนาทม,แม่น้ำสงคราม,Hydro – Informatics Institute (Public Organization),Northeast Khong Basin,discharge_reported,discharge,empty_in_tested_window,graph route answered with a complete time grid carrying no non-null 'discharge' value in the 90-day window; the source states nothing about support,0,1008,2026-06-08,2026-09-06,True,False,200,2026-09-07T15:24:04.128019Z,recordings/boundary_11688546_empty_90d.recording.json
395,สะพานนาทม,แม่น้ำสงคราม,Hydro – Informatics Institute (Public Organization),Northeast Khong Basin,stage_reported,value,available,graph route published 12881 non-null 'value' values in the 90-day window,12881,1008,2026-06-08,2026-09-06,True,False,200,2026-09-07T15:24:04.128019Z,recordings/boundary_1373272_both_products.recording.json
396,สว่างแดนดิน,แม่น้ำสงคราม,Hydro – Informatics Institute (Public Organization),Northeast Khong Basin,discharge_reported,discharge,empty_in_tested_window,graph route answered with a complete time grid carrying no non-null 'discharge' value in the 90-day window; the source states nothing about support,0,1008,2026-06-08,2026-09-06,True,False,200,2026-09-07T15:24:06.233878Z,recordings/boundary_11688546_empty_90d.recording.json
396,สว่างแดนดิน,แม่น้ำสงคราม,Hydro – Informatics Institute (Public Organization),Northeast Khong Basin,stage_reported,value,available,graph route published 12504 non-null 'value' values in the 90-day window,12504,1008,2026-06-08,2026-09-06,True,False,200,2026-09-07T15:24:06.233878Z,recordings/boundary_1373272_both_products.recording.json
4,สะพานกรุงเทพ,แม่น้ำเจ้าพระยา,Hydro – Informatics Institute (Public Organization),Chao Phraya Basin,discharge_reported,discharge,empty_in_tested_window,graph route answered with a complete time grid carrying no non-null 'discharge' value in the 90-day window; the source states nothing about support,0,1008,2026-06-08,2026-09-06,True,False,200,2026-09-07T15:24:08.181824Z,recordings/boundary_11688546_empty_90d.recording.json
4,สะพานกรุงเทพ,แม่น้ำเจ้าพระยา,Hydro – Informatics Institute (Public Organization),Chao Phraya Basin,stage_reported,value,available,graph route published 12963 non-null 'value' values in the 90-day window,12963,1008,2026-06-08,2026-09-06,True,False,200,2026-09-07T15:24:08.181824Z,recordings/boundary_1373272_both_products.recording.json
40,ท่าเรือ,แม่น้ำป่าสัก,Hydro – Informatics Institute (Public Organization),Pasak Basin,discharge_reported,discharge,empty_in_tested_window,graph route answered with a complete time grid carrying no non-null 'discharge' value in the 90-day window; the source states nothing about support,0,1008,2026-06-08,2026-09-06,True,False,200,2026-09-07T15:24:10.313455Z,recordings/boundary_11688546_empty_90d.recording.json
40,ท่าเรือ,แม่น้ำป่าสัก,Hydro – Informatics Institute (Public Organization),Pasak Basin,stage_reported,value,available,graph route published 13055 non-null 'value' values in the 90-day window,13055,1008,2026-06-08,2026-09-06,True,False,200,2026-09-07T15:24:10.313455Z,recordings/boundary_1373272_both_products.recording.json
405,ศรีสงคราม,แม่น้ำสงคราม,Hydro – Informatics Institute (Public Organization),Northeast Khong Basin,discharge_reported,discharge,empty_in_tested_window,graph route answered with a complete time grid carrying no non-null 'discharge' value in the 90-day window; the source states nothing about support,0,1008,2026-06-08,2026-09-06,True,False,200,2026-09-07T15:24:12.419822Z,recordings/boundary_11688546_empty_90d.recording.json
405,ศรีสงคราม,แม่น้ำสงคราม,Hydro – Informatics Institute (Public Organization),Northeast Khong Basin,stage_reported,value,available,graph route published 12704 non-null 'value' values in the 90-day window,12704,1008,2026-06-08,2026-09-06,True,False,200,2026-09-07T15:24:12.419822Z,recordings/boundary_1373272_both_products.recording.json
414,เชียงดาว,แม่น้ำปิง,Hydro – Informatics Institute (Public Organization),Ping Basin,discharge_reported,discharge,empty_in_tested_window,graph route answered with a complete time grid carrying no non-null 'discharge' value in the 90-day window; the source states nothing about support,0,1008,2026-06-08,2026-09-06,True,False,200,2026-09-07T15:24:14.577511Z,recordings/boundary_11688546_empty_90d.recording.json
414,เชียงดาว,แม่น้ำปิง,Hydro – Informatics Institute (Public Organization),Ping Basin,stage_reported,value,available,graph route published 13067 non-null 'value' values in the 90-day window,13067,1008,2026-06-08,2026-09-06,True,False,200,2026-09-07T15:24:14.577511Z,recordings/boundary_1373272_both_products.recording.json
418,แม่แตง,แม่น้ำแม่แตง,Hydro – Informatics Institute (Public Organization),Ping Basin,discharge_reported,discharge,empty_in_tested_window,graph route answered with a complete time grid carrying no non-null 'discharge' value in the 90-day window; the source states nothing about support,0,1008,2026-06-08,2026-09-06,True,False,200,2026-09-07T15:24:16.599611Z,recordings/boundary_11688546_empty_90d.recording.json
418,แม่แตง,แม่น้ำแม่แตง,Hydro – Informatics Institute (Public Organization),Ping Basin,stage_reported,value,available,graph route published 13070 non-null 'value' values in the 90-day window,13070,1008,2026-06-08,2026-09-06,True,False,200,2026-09-07T15:24:16.599611Z,recordings/boundary_1373272_both_products.recording.json
422,ฝาง,น้ำฝาง,Hydro – Informatics Institute (Public Organization),North Khong Basin,discharge_reported,discharge,empty_in_tested_window,graph route answered with a complete time grid carrying no non-null 'discharge' value in the 90-day window; the source states nothing about support,0,1008,2026-06-08,2026-09-06,True,False,200,2026-09-07T15:24:18.592200Z,recordings/boundary_11688546_empty_90d.recording.json
422,ฝาง,น้ำฝาง,Hydro – Informatics Institute (Public Organization),North Khong Basin,stage_reported,value,available,graph route published 13061 non-null 'value' values in the 90-day window,13061,1008,2026-06-08,2026-09-06,True,False,200,2026-09-07T15:24:18.592200Z,recordings/boundary_1373272_both_products.recording.json
424,แม่อาย,แม่น้ำกก,Hydro – Informatics Institute (Public Organization),North Khong Basin,discharge_reported,discharge,empty_in_tested_window,graph route answered with a complete time grid carrying no non-null 'discharge' value in the 90-day window; the source states nothing about support,0,1008,2026-06-08,2026-09-06,True,False,200,2026-09-07T15:24:20.629580Z,recordings/boundary_11688546_empty_90d.recording.json
424,แม่อาย,แม่น้ำกก,Hydro – Informatics Institute (Public Organization),North Khong Basin,stage_reported,value,available,graph route published 13070 non-null 'value' values in the 90-day window,13070,1008,2026-06-08,2026-09-06,True,False,200,2026-09-07T15:24:20.629580Z,recordings/boundary_1373272_both_products.recording.json
427,สะพานโยธาอำนวยพัฒนา,น้ำแม่ขาน,Hydro – Informatics Institute (Public Organization),Ping Basin,discharge_reported,discharge,empty_in_tested_window,graph route answered with a complete time grid carrying no non-null 'discharge' value in the 90-day window; the source states nothing about support,0,1008,2026-06-08,2026-09-06,True,False,200,2026-09-07T15:24:22.646761Z,recordings/boundary_11688546_empty_90d.recording.json
427,สะพานโยธาอำนวยพัฒนา,น้ำแม่ขาน,Hydro – Informatics Institute (Public Organization),Ping Basin,stage_reported,value,available,graph route published 12966 non-null 'value' values in the 90-day window,12966,1008,2026-06-08,2026-09-06,True,False,200,2026-09-07T15:24:22.646761Z,recordings/boundary_1373272_both_products.recording.json
430,สันทราย,แม่น้ำปิง,Hydro – Informatics Institute (Public Organization),Ping Basin,discharge_reported,discharge,empty_in_tested_window,graph route answered with a complete time grid carrying no non-null 'discharge' value in the 90-day window; the source states nothing about support,0,1008,2026-06-08,2026-09-06,True,False,200,2026-09-07T15:24:24.761598Z,recordings/boundary_11688546_empty_90d.recording.json
430,สันทราย,แม่น้ำปิง,Hydro – Informatics Institute (Public Organization),Ping Basin,stage_reported,value,available,graph route published 13069 non-null 'value' values in the 90-day window,13069,1008,2026-06-08,2026-09-06,True,False,200,2026-09-07T15:24:24.761598Z,recordings/boundary_1373272_both_products.recording.json
434,ฮอด,แม่น้ำปิง,Hydro – Informatics Institute (Public Organization),Ping Basin,discharge_reported,discharge,empty_in_tested_window,graph route answered with a complete time grid carrying no non-null 'discharge' value in the 90-day window; the source states nothing about support,0,1008,2026-06-08,2026-09-06,True,False,200,2026-09-07T15:24:26.748374Z,recordings/boundary_11688546_empty_90d.recording.json
434,ฮอด,แม่น้ำปิง,Hydro – Informatics Institute (Public Organization),Ping Basin,stage_reported,value,available,graph route published 12770 non-null 'value' values in the 90-day window,12770,1008,2026-06-08,2026-09-06,True,False,200,2026-09-07T15:24:26.748374Z,recordings/boundary_1373272_both_products.recording.json
44,นครหลวง,แม่น้ำป่าสัก,Hydro – Informatics Institute (Public Organization),Pasak Basin,discharge_reported,discharge,empty_in_tested_window,graph route answered with a complete time grid carrying no non-null 'discharge' value in the 90-day window; the source states nothing about support,0,1008,2026-06-08,2026-09-06,True,False,200,2026-09-07T15:24:28.772841Z,recordings/boundary_11688546_empty_90d.recording.json
44,นครหลวง,แม่น้ำป่าสัก,Hydro – Informatics Institute (Public Organization),Pasak Basin,stage_reported,value,available,graph route published 13067 non-null 'value' values in the 90-day window,13067,1008,2026-06-08,2026-09-06,True,False,200,2026-09-07T15:24:28.772841Z,recordings/boundary_1373272_both_products.recording.json
454,เกาะคา,แม่น้ำวัง,Hydro – Informatics Institute (Public Organization),Wang Basin,discharge_reported,discharge,empty_in_tested_window,graph route answered with a complete time grid carrying no non-null 'discharge' value in the 90-day window; the source states nothing about support,0,1008,2026-06-08,2026-09-06,True,False,200,2026-09-07T15:24:30.919572Z,recordings/boundary_11688546_empty_90d.recording.json
454,เกาะคา,แม่น้ำวัง,Hydro – Informatics Institute (Public Organization),Wang Basin,stage_reported,value,available,graph route published 13064 non-null 'value' values in the 90-day window,13064,1008,2026-06-08,2026-09-06,True,False,200,2026-09-07T15:24:30.919572Z,recordings/boundary_1373272_both_products.recording.json
463,เถิน,แม่น้ำวัง,Hydro – Informatics Institute (Public Organization),Wang Basin,discharge_reported,discharge,empty_in_tested_window,graph route answered with a complete time grid carrying no non-null 'discharge' value in the 90-day window; the source states nothing about support,0,1008,2026-06-08,2026-09-06,True,False,200,2026-09-07T15:24:32.879037Z,recordings/boundary_11688546_empty_90d.recording.json
463,เถิน,แม่น้ำวัง,Hydro – Informatics Institute (Public Organization),Wang Basin,stage_reported,value,available,graph route published 13070 non-null 'value' values in the 90-day window,13070,1008,2026-06-08,2026-09-06,True,False,200,2026-09-07T15:24:32.879037Z,recordings/boundary_1373272_both_products.recording.json
464,แม่พริก,แม่น้ำวัง,Hydro – Informatics Institute (Public Organization),Wang Basin,discharge_reported,discharge,empty_in_tested_window,graph route answered with a complete time grid carrying no non-null 'discharge' value in the 90-day window; the source states nothing about support,0,1008,2026-06-08,2026-09-06,True,False,200,2026-09-07T15:24:35.044595Z,recordings/boundary_11688546_empty_90d.recording.json
464,แม่พริก,แม่น้ำวัง,Hydro – Informatics Institute (Public Organization),Wang Basin,stage_reported,value,available,graph route published 13070 non-null 'value' values in the 90-day window,13070,1008,2026-06-08,2026-09-06,True,False,200,2026-09-07T15:24:35.044595Z,recordings/boundary_1373272_both_products.recording.json
47,คลองบางบาล,คลองบางบาล,Hydro – Informatics Institute (Public Organization),Chao Phraya Basin,discharge_reported,discharge,empty_in_tested_window,graph route answered with a complete time grid carrying no non-null 'discharge' value in the 90-day window; the source states nothing about support,0,1008,2026-06-08,2026-09-06,True,False,200,2026-09-07T15:24:37.105003Z,recordings/boundary_11688546_empty_90d.recording.json
47,คลองบางบาล,คลองบางบาล,Hydro – Informatics Institute (Public Organization),Chao Phraya Basin,stage_reported,value,available,graph route published 12990 non-null 'value' values in the 90-day window,12990,1008,2026-06-08,2026-09-06,True,False,200,2026-09-07T15:24:37.105003Z,recordings/boundary_1373272_both_products.recording.json
471583,คลองช่องสะเดา,คลองช่องสะเดา,Hydro – Informatics Institute (Public Organization),Chao Phraya Basin,discharge_reported,discharge,empty_in_tested_window,graph route answered with a complete time grid carrying no non-null 'discharge' value in the 90-day window; the source states nothing about support,0,1008,2026-06-08,2026-09-06,True,False,200,2026-09-07T15:24:39.186412Z,recordings/boundary_11688546_empty_90d.recording.json
471583,คลองช่องสะเดา,คลองช่องสะเดา,Hydro – Informatics Institute (Public Organization),Chao Phraya Basin,stage_reported,value,available,graph route published 13041 non-null 'value' values in the 90-day window,13041,1008,2026-06-08,2026-09-06,True,False,200,2026-09-07T15:24:39.186412Z,recordings/boundary_1373272_both_products.recording.json
472,เมืองอุตรดิตถ์,แม่น้ำน่าน,Hydro – Informatics Institute (Public Organization),Nan Basin,discharge_reported,discharge,empty_in_tested_window,graph route answered with a complete time grid carrying no non-null 'discharge' value in the 90-day window; the source states nothing about support,0,1008,2026-06-08,2026-09-06,True,False,200,2026-09-07T15:24:41.343188Z,recordings/boundary_11688546_empty_90d.recording.json
472,เมืองอุตรดิตถ์,แม่น้ำน่าน,Hydro – Informatics Institute (Public Organization),Nan Basin,stage_reported,value,available,graph route published 12991 non-null 'value' values in the 90-day window,12991,1008,2026-06-08,2026-09-06,True,False,200,2026-09-07T15:24:41.343188Z,recordings/boundary_1373272_both_products.recording.json
475,ตรอน,แม่น้ำน่าน,Hydro – Informatics Institute (Public Organization),Nan Basin,discharge_reported,discharge,empty_in_tested_window,graph route answered with a complete time grid carrying no non-null 'discharge' value in the 90-day window; the source states nothing about support,0,1008,2026-06-08,2026-09-06,True,False,200,2026-09-07T15:24:43.327154Z,recordings/boundary_11688546_empty_90d.recording.json
475,ตรอน,แม่น้ำน่าน,Hydro – Informatics Institute (Public Organization),Nan Basin,stage_reported,value,available,graph route published 13099 non-null 'value' values in the 90-day window,13099,1008,2026-06-08,2026-09-06,True,False,200,2026-09-07T15:24:43.327154Z,recordings/boundary_1373272_both_products.recording.json
478,น้ำปาด,น้ำปาด,Hydro – Informatics Institute (Public Organization),Nan Basin,discharge_reported,discharge,empty_in_tested_window,graph route answered with a complete time grid carrying no non-null 'discharge' value in the 90-day window; the source states nothing about support,0,1008,2026-06-08,2026-09-06,True,False,200,2026-09-07T15:24:45.505595Z,recordings/boundary_11688546_empty_90d.recording.json
478,น้ำปาด,น้ำปาด,Hydro – Informatics Institute (Public Organization),Nan Basin,stage_reported,value,available,graph route published 13065 non-null 'value' values in the 90-day window,13065,1008,2026-06-08,2026-09-06,True,False,200,2026-09-07T15:24:45.505595Z,recordings/boundary_1373272_both_products.recording.json
479230,สะพานแม่ฟ้าหลวง,แม่น้ำกก,Hydro – Informatics Institute (Public Organization),North Khong Basin,discharge_reported,discharge,empty_in_tested_window,graph route answered with a complete time grid carrying no non-null 'discharge' value in the 90-day window; the source states nothing about support,0,1008,2026-06-08,2026-09-06,True,False,200,2026-09-07T15:24:47.549967Z,recordings/boundary_11688546_empty_90d.recording.json
479230,สะพานแม่ฟ้าหลวง,แม่น้ำกก,Hydro – Informatics Institute (Public Organization),North Khong Basin,stage_reported,value,available,graph route published 13065 non-null 'value' values in the 90-day window,13065,1008,2026-06-08,2026-09-06,True,False,200,2026-09-07T15:24:47.549967Z,recordings/boundary_1373272_both_products.recording.json
479231,คลองแม่พุง,น้ำแม่พุง,Hydro – Informatics Institute (Public Organization),North Khong Basin,discharge_reported,discharge,empty_in_tested_window,graph route answered with a complete time grid carrying no non-null 'discharge' value in the 90-day window; the source states nothing about support,0,1008,2026-06-08,2026-09-06,True,False,200,2026-09-07T15:24:49.586695Z,recordings/boundary_11688546_empty_90d.recording.json
479231,คลองแม่พุง,น้ำแม่พุง,Hydro – Informatics Institute (Public Organization),North Khong Basin,stage_reported,value,available,graph route published 13061 non-null 'value' values in the 90-day window,13061,1008,2026-06-08,2026-09-06,True,False,200,2026-09-07T15:24:49.586695Z,recordings/boundary_1373272_both_products.recording.json
479232,สะพานอิงอุดม,แม่น้ำอิง,Hydro – Informatics Institute (Public Organization),North Khong Basin,discharge_reported,discharge,empty_in_tested_window,graph route answered with a complete time grid carrying no non-null 'discharge' value in the 90-day window; the source states nothing about support,0,1008,2026-06-08,2026-09-06,True,False,200,2026-09-07T15:24:51.730204Z,recordings/boundary_11688546_empty_90d.recording.json
479232,สะพานอิงอุดม,แม่น้ำอิง,Hydro – Informatics Institute (Public Organization),North Khong Basin,stage_reported,value,available,graph route published 13070 non-null 'value' values in the 90-day window,13070,1008,2026-06-08,2026-09-06,True,False,200,2026-09-07T15:24:51.730204Z,recordings/boundary_1373272_both_products.recording.json
479233,คลองปาว,ลำปาว,Hydro – Informatics Institute (Public Organization),Chi Basin Basin,discharge_reported,discharge,empty_in_tested_window,graph route answered with a complete time grid carrying no non-null 'discharge' value in the 90-day window; the source states nothing about support,0,1008,2026-06-08,2026-09-06,True,False,200,2026-09-07T15:24:54.846630Z,recordings/boundary_11688546_empty_90d.recording.json
479233,คลองปาว,ลำปาว,Hydro – Informatics Institute (Public Organization),Chi Basin Basin,stage_reported,value,available,graph route published 13037 non-null 'value' values in the 90-day window,13037,1008,2026-06-08,2026-09-06,True,False,200,2026-09-07T15:24:54.846630Z,recordings/boundary_1373272_both_products.recording.json
479234,ห้วยยัง,ลำพะยัง,Hydro – Informatics Institute (Public Organization),Chi Basin Basin,discharge_reported,discharge,empty_in_tested_window,graph route answered with a complete time grid carrying no non-null 'discharge' value in the 90-day window; the source states nothing about support,0,1008,2026-06-08,2026-09-06,True,False,200,2026-09-07T15:24:56.778889Z,recordings/boundary_11688546_empty_90d.recording.json
479234,ห้วยยัง,ลำพะยัง,Hydro – Informatics Institute (Public Organization),Chi Basin Basin,stage_reported,value,available,graph route published 13060 non-null 'value' values in the 90-day window,13060,1008,2026-06-08,2026-09-06,True,False,200,2026-09-07T15:24:56.778889Z,recordings/boundary_1373272_both_products.recording.json
479235,ลำน้ำอูน,ลำน้ำอูน,Hydro – Informatics Institute (Public Organization),Northeast Khong Basin,discharge_reported,discharge,empty_in_tested_window,graph route answered with a complete time grid carrying no non-null 'discharge' value in the 90-day window; the source states nothing about support,0,1008,2026-06-08,2026-09-06,True,False,200,2026-09-07T15:24:58.909206Z,recordings/boundary_11688546_empty_90d.recording.json
479235,ลำน้ำอูน,ลำน้ำอูน,Hydro – Informatics Institute (Public Organization),Northeast Khong Basin,stage_reported,value,available,graph route published 13034 non-null 'value' values in the 90-day window,13034,1008,2026-06-08,2026-09-06,True,False,200,2026-09-07T15:24:58.909206Z,recordings/boundary_1373272_both_products.recording.json
479236,บ้านโพธิ์ชัยทอง,ลำน้ำยาม,Hydro – Informatics Institute (Public Organization),Northeast Khong Basin,discharge_reported,discharge,empty_in_tested_window,graph route answered with a complete time grid carrying no non-null 'discharge' value in the 90-day window; the source states nothing about support,0,1008,2026-06-08,2026-09-06,True,False,200,2026-09-07T15:25:01.022595Z,recordings/boundary_11688546_empty_90d.recording.json
479236,บ้านโพธิ์ชัยทอง,ลำน้ำยาม,Hydro – Informatics Institute (Public Organization),Northeast Khong Basin,stage_reported,value,available,graph route published 12796 non-null 'value' values in the 90-day window,12796,1008,2026-06-08,2026-09-06,True,False,200,2026-09-07T15:25:01.022595Z,recordings/boundary_1373272_both_products.recording.json
479237,ลำน้ำยัง,ลำน้ำยัง,Hydro – Informatics Institute (Public Organization),Chi Basin Basin,discharge_reported,discharge,empty_in_tested_window,graph route answered with a complete time grid carrying no non-null 'discharge' value in the 90-day window; the source states nothing about support,0,1008,2026-06-08,2026-09-06,False,False,200,2026-09-07T15:25:03.127578Z,recordings/boundary_11688546_empty_90d.recording.json
479237,ลำน้ำยัง,ลำน้ำยัง,Hydro – Informatics Institute (Public Organization),Chi Basin Basin,stage_reported,value,available,graph route published 2403 non-null 'value' values in the 90-day window,2403,1008,2026-06-08,2026-09-06,False,False,200,2026-09-07T15:25:03.127578Z,recordings/boundary_1373272_both_products.recording.json
479238,ลำน้ำพุง,ลำน้ำพุง,Hydro – Informatics Institute (Public Organization),Northeast Khong Basin,discharge_reported,discharge,empty_in_tested_window,graph route answered with a complete time grid carrying no non-null 'discharge' value in the 90-day window; the source states nothing about support,0,1008,2026-06-08,2026-09-06,True,False,200,2026-09-07T15:25:05.214766Z,recordings/boundary_11688546_empty_90d.recording.json
479238,ลำน้ำพุง,ลำน้ำพุง,Hydro – Informatics Institute (Public Organization),Northeast Khong Basin,stage_reported,value,available,graph route published 13004 non-null 'value' values in the 90-day window,13004,1008,2026-06-08,2026-09-06,True,False,200,2026-09-07T15:25:05.214766Z,recordings/boundary_1373272_both_products.recording.json
479240,ลำน้ำก่ำ,ลำน้ำกำ,Hydro – Informatics Institute (Public Organization),Northeast Khong Basin,discharge_reported,discharge,empty_in_tested_window,graph route answered with a complete time grid carrying no non-null 'discharge' value in the 90-day window; the source states nothing about support,0,1008,2026-06-08,2026-09-06,False,False,200,2026-09-07T15:25:07.264628Z,recordings/boundary_11688546_empty_90d.recording.json
479240,ลำน้ำก่ำ,ลำน้ำกำ,Hydro – Informatics Institute (Public Organization),Northeast Khong Basin,stage_reported,value,available,graph route published 8539 non-null 'value' values in the 90-day window,8539,1008,2026-06-08,2026-09-06,False,False,200,2026-09-07T15:25:07.264628Z,recordings/boundary_1373272_both_products.recording.json
479241,ลำเซบาย,ลำเซบาย,Hydro – Informatics Institute (Public Organization),Mun Basin,discharge_reported,discharge,empty_in_tested_window,graph route answered with a complete time grid carrying no non-null 'discharge' value in the 90-day window; the source states nothing about support,0,1008,2026-06-08,2026-09-06,True,False,200,2026-09-07T15:25:09.439010Z,recordings/boundary_11688546_empty_90d.recording.json
479241,ลำเซบาย,ลำเซบาย,Hydro – Informatics Institute (Public Organization),Mun Basin,stage_reported,value,available,graph route published 13058 non-null 'value' values in the 90-day window,13058,1008,2026-06-08,2026-09-06,True,False,200,2026-09-07T15:25:09.439010Z,recordings/boundary_1373272_both_products.recording.json
48,คลองบางหลวง,แม่น้ำน้อย,Hydro – Informatics Institute (Public Organization),Chao Phraya Basin,discharge_reported,discharge,empty_in_tested_window,graph route answered with a complete time grid carrying no non-null 'discharge' value in the 90-day window; the source states nothing about support,0,1008,2026-06-08,2026-09-06,True,False,200,2026-09-07T15:25:11.524061Z,recordings/boundary_11688546_empty_90d.recording.json
48,คลองบางหลวง,แม่น้ำน้อย,Hydro – Informatics Institute (Public Organization),Chao Phraya Basin,stage_reported,value,available,graph route published 13039 non-null 'value' values in the 90-day window,13039,1008,2026-06-08,2026-09-06,True,False,200,2026-09-07T15:25:11.524061Z,recordings/boundary_1373272_both_products.recording.json
482,พิชัย,แม่น้ำน่าน,Hydro – Informatics Institute (Public Organization),Nan Basin,discharge_reported,discharge,empty_in_tested_window,graph route answered with a complete time grid carrying no non-null 'discharge' value in the 90-day window; the source states nothing about support,0,1008,2026-06-08,2026-09-06,True,False,200,2026-09-07T15:25:13.543641Z,recordings/boundary_11688546_empty_90d.recording.json
482,พิชัย,แม่น้ำน่าน,Hydro – Informatics Institute (Public Organization),Nan Basin,stage_reported,value,available,graph route published 13099 non-null 'value' values in the 90-day window,13099,1008,2026-06-08,2026-09-06,True,False,200,2026-09-07T15:25:13.543641Z,recordings/boundary_1373272_both_products.recording.json
483,คลองผันน้ำยม-น่าน3,คลองละมุง,Hydro – Informatics Institute (Public Organization),Nan Basin,discharge_reported,discharge,empty_in_tested_window,graph route answered with a complete time grid carrying no non-null 'discharge' value in the 90-day window; the source states nothing about support,0,1008,2026-06-08,2026-09-06,True,False,200,2026-09-07T15:25:15.696058Z,recordings/boundary_11688546_empty_90d.recording.json
483,คลองผันน้ำยม-น่าน3,คลองละมุง,Hydro – Informatics Institute (Public Organization),Nan Basin,stage_reported,value,available,graph route published 13014 non-null 'value' values in the 90-day window,13014,1008,2026-06-08,2026-09-06,True,False,200,2026-09-07T15:25:15.696058Z,recordings/boundary_1373272_both_products.recording.json
489,เมืองแพร่,แม่น้ำยม,Hydro – Informatics Institute (Public Organization),Yom Basin,discharge_reported,discharge,empty_in_tested_window,graph route answered with a complete time grid carrying no non-null 'discharge' value in the 90-day window; the source states nothing about support,0,1008,2026-06-08,2026-09-06,True,False,200,2026-09-07T15:25:17.766516Z,recordings/boundary_11688546_empty_90d.recording.json
489,เมืองแพร่,แม่น้ำยม,Hydro – Informatics Institute (Public Organization),Yom Basin,stage_reported,value,available,graph route published 13069 non-null 'value' values in the 90-day window,13069,1008,2026-06-08,2026-09-06,True,False,200,2026-09-07T15:25:17.766516Z,recordings/boundary_1373272_both_products.recording.json
49,บางปะอิน,แม่น้ำเจ้าพระยา,Hydro – Informatics Institute (Public Organization),Chao Phraya Basin,discharge_reported,discharge,empty_in_tested_window,graph route answered with a complete time grid carrying no non-null 'discharge' value in the 90-day window; the source states nothing about support,0,1008,2026-06-08,2026-09-06,True,False,200,2026-09-07T15:25:19.825936Z,recordings/boundary_11688546_empty_90d.recording.json
49,บางปะอิน,แม่น้ำเจ้าพระยา,Hydro – Informatics Institute (Public Organization),Chao Phraya Basin,stage_reported,value,available,graph route published 12971 non-null 'value' values in the 90-day window,12971,1008,2026-06-08,2026-09-06,True,False,200,2026-09-07T15:25:19.825936Z,recordings/boundary_1373272_both_products.recording.json
493,เด่นชัย,แม่น้ำยม,Hydro – Informatics Institute (Public Organization),Yom Basin,discharge_reported,discharge,empty_in_tested_window,graph route answered with a complete time grid carrying no non-null 'discharge' value in the 90-day window; the source states nothing about support,0,1008,2026-06-08,2026-09-06,True,False,200,2026-09-07T15:25:21.819406Z,recordings/boundary_11688546_empty_90d.recording.json
493,เด่นชัย,แม่น้ำยม,Hydro – Informatics Institute (Public Organization),Yom Basin,stage_reported,value,available,graph route published 13065 non-null 'value' values in the 90-day window,13065,1008,2026-06-08,2026-09-06,True,False,200,2026-09-07T15:25:21.819406Z,recordings/boundary_1373272_both_products.recording.json
499,หนองม่วงไข่,แม่น้ำยม,Hydro – Informatics Institute (Public Organization),Yom Basin,discharge_reported,discharge,empty_in_tested_window,graph route answered with a complete time grid carrying no non-null 'discharge' value in the 90-day window; the source states nothing about support,0,1008,2026-06-08,2026-09-06,True,False,200,2026-09-07T15:25:23.776892Z,recordings/boundary_11688546_empty_90d.recording.json
499,หนองม่วงไข่,แม่น้ำยม,Hydro – Informatics Institute (Public Organization),Yom Basin,stage_reported,value,available,graph route published 13070 non-null 'value' values in the 90-day window,13070,1008,2026-06-08,2026-09-06,True,False,200,2026-09-07T15:25:23.776892Z,recordings/boundary_1373272_both_products.recording.json
5,คลองมหาสวัสดิ บางกรวย-สวนผัก,คลองมหาสวัสดิ์,Hydro – Informatics Institute (Public Organization),Chao Phraya Basin,discharge_reported,discharge,empty_in_tested_window,graph route answered with a complete time grid carrying no non-null 'discharge' value in the 90-day window; the source states nothing about support,0,1008,2026-06-08,2026-09-06,True,False,200,2026-09-07T15:25:25.750044Z,recordings/boundary_11688546_empty_90d.recording.json
5,คลองมหาสวัสดิ บางกรวย-สวนผัก,คลองมหาสวัสดิ์,Hydro – Informatics Institute (Public Organization),Chao Phraya Basin,stage_reported,value,available,graph route published 5092 non-null 'value' values in the 90-day window,5092,1008,2026-06-08,2026-09-06,True,False,200,2026-09-07T15:25:25.750044Z,recordings/boundary_1373272_both_products.recording.json
50,บางปะหัน,แม่น้ำลพบุรี,Hydro – Informatics Institute (Public Organization),Chao Phraya Basin,discharge_reported,discharge,empty_in_tested_window,graph route answered with a complete time grid carrying no non-null 'discharge' value in the 90-day window; the source states nothing about support,0,1008,2026-06-08,2026-09-06,True,False,200,2026-09-07T15:25:27.705356Z,recordings/boundary_11688546_empty_90d.recording.json
50,บางปะหัน,แม่น้ำลพบุรี,Hydro – Informatics Institute (Public Organization),Chao Phraya Basin,stage_reported,value,available,graph route published 13063 non-null 'value' values in the 90-day window,13063,1008,2026-06-08,2026-09-06,True,False,200,2026-09-07T15:25:27.705356Z,recordings/boundary_1373272_both_products.recording.json
504679,สะพานวงแหวนรอบ 3,แม่น้ำปิง,Royal Irrigation Department,Ping Basin,discharge_reported,discharge,available,graph route published 161 non-null 'discharge' values in the 7-day window,161,168,2026-08-31,2026-09-06,True,True,200,2026-09-07T15:25:28.856491Z,recordings/boundary_1373272_both_products.recording.json
504679,สะพานวงแหวนรอบ 3,แม่น้ำปิง,Royal Irrigation Department,Ping Basin,stage_reported,value,available,graph route published 161 non-null 'value' values in the 7-day window,161,168,2026-08-31,2026-09-06,True,True,200,2026-09-07T15:25:28.856491Z,recordings/boundary_1373272_both_products.recording.json
504708,บ้านสบแปะ,แม่น้ำปิง,Royal Irrigation Department,Ping Basin,discharge_reported,discharge,available,graph route published 161 non-null 'discharge' values in the 7-day window,161,168,2026-08-31,2026-09-06,True,True,200,2026-09-07T15:25:29.940797Z,recordings/boundary_1373272_both_products.recording.json
504708,บ้านสบแปะ,แม่น้ำปิง,Royal Irrigation Department,Ping Basin,stage_reported,value,available,graph route published 161 non-null 'value' values in the 7-day window,161,168,2026-08-31,2026-09-06,True,True,200,2026-09-07T15:25:29.940797Z,recordings/boundary_1373272_both_products.recording.json
504897,บางระกำ,แม่น้ำยม,Royal Irrigation Department,Yom Basin,discharge_reported,discharge,available,graph route published 161 non-null 'discharge' values in the 7-day window,161,168,2026-08-31,2026-09-06,True,False,200,2026-09-07T15:25:31.217245Z,recordings/boundary_1373272_both_products.recording.json
504897,บางระกำ,แม่น้ำยม,Royal Irrigation Department,Yom Basin,stage_reported,value,available,graph route published 161 non-null 'value' values in the 7-day window,161,168,2026-08-31,2026-09-06,True,False,200,2026-09-07T15:25:31.217245Z,recordings/boundary_1373272_both_products.recording.json
504940,บ้านเขื่องใน,แม่น้ำชี,Royal Irrigation Department,Chi Basin Basin,discharge_reported,discharge,available,graph route published 63 non-null 'discharge' values in the 7-day window,63,168,2026-08-31,2026-09-06,False,False,200,2026-09-07T15:25:32.360010Z,recordings/boundary_1373272_both_products.recording.json
504940,บ้านเขื่องใน,แม่น้ำชี,Royal Irrigation Department,Chi Basin Basin,stage_reported,value,available,graph route published 63 non-null 'value' values in the 7-day window,63,168,2026-08-31,2026-09-06,False,False,200,2026-09-07T15:25:32.360010Z,recordings/boundary_1373272_both_products.recording.json
504945,บ้านโคกกรวด,คลองมอญ,Royal Irrigation Department,Mun Basin,discharge_reported,discharge,available,graph route published 157 non-null 'discharge' values in the 7-day window,157,168,2026-08-31,2026-09-06,True,True,200,2026-09-07T15:25:33.544219Z,recordings/boundary_1373272_both_products.recording.json
504945,บ้านโคกกรวด,คลองมอญ,Royal Irrigation Department,Mun Basin,stage_reported,value,available,graph route published 157 non-null 'value' values in the 7-day window,157,168,2026-08-31,2026-09-06,True,True,200,2026-09-07T15:25:33.544219Z,recordings/boundary_1373272_both_products.recording.json
504962,บ้านป่าก่อ,ลำเซบาย,Royal Irrigation Department,Mun Basin,discharge_reported,discharge,available,graph route published 157 non-null 'discharge' values in the 7-day window,157,168,2026-08-31,2026-09-06,True,True,200,2026-09-07T15:25:34.716511Z,recordings/boundary_1373272_both_products.recording.json
504962,บ้านป่าก่อ,ลำเซบาย,Royal Irrigation Department,Mun Basin,stage_reported,value,available,graph route published 157 non-null 'value' values in the 7-day window,157,168,2026-08-31,2026-09-06,True,True,200,2026-09-07T15:25:34.716511Z,recordings/boundary_1373272_both_products.recording.json
504982,บ้านพูลทรัพย์,แม่น้ำป่าสัก,Royal Irrigation Department,Pasak Basin,discharge_reported,discharge,available,graph route published 161 non-null 'discharge' values in the 7-day window,161,168,2026-08-31,2026-09-06,True,True,200,2026-09-07T15:25:35.894555Z,recordings/boundary_1373272_both_products.recording.json
504982,บ้านพูลทรัพย์,แม่น้ำป่าสัก,Royal Irrigation Department,Pasak Basin,stage_reported,value,available,graph route published 161 non-null 'value' values in the 7-day window,161,168,2026-08-31,2026-09-06,True,True,200,2026-09-07T15:25:35.894555Z,recordings/boundary_1373272_both_products.recording.json
504990,บ้านทาม,แม่น้ำบางปะกง,Royal Irrigation Department,Bang Pakong Basin,discharge_reported,discharge,empty_in_tested_window,graph route answered with a complete time grid carrying no non-null 'discharge' value in the 90-day window; the source states nothing about support,0,168,2026-06-08,2026-09-06,True,False,200,2026-09-07T15:25:36.994461Z,recordings/boundary_11688546_empty_90d.recording.json
504990,บ้านทาม,แม่น้ำบางปะกง,Royal Irrigation Department,Bang Pakong Basin,stage_reported,value,available,graph route published 2091 non-null 'value' values in the 90-day window,2091,168,2026-06-08,2026-09-06,True,False,200,2026-09-07T15:25:36.994461Z,recordings/boundary_1373272_both_products.recording.json
504994,บ้านโนนสุขภูมิ,คลองพระปรง,Royal Irrigation Department,Bang Pakong Basin,discharge_reported,discharge,available,graph route published 161 non-null 'discharge' values in the 7-day window,161,168,2026-08-31,2026-09-06,True,True,200,2026-09-07T15:25:38.136376Z,recordings/boundary_1373272_both_products.recording.json
504994,บ้านโนนสุขภูมิ,คลองพระปรง,Royal Irrigation Department,Bang Pakong Basin,stage_reported,value,available,graph route published 161 non-null 'value' values in the 7-day window,161,168,2026-08-31,2026-09-06,True,True,200,2026-09-07T15:25:38.136376Z,recordings/boundary_1373272_both_products.recording.json
504997,บ้านท่าบุญมี,คลองท่าบุญมี,Royal Irrigation Department,Bang Pakong Basin,discharge_reported,discharge,available,graph route published 161 non-null 'discharge' values in the 7-day window,161,168,2026-08-31,2026-09-06,True,True,200,2026-09-07T15:25:39.280582Z,recordings/boundary_1373272_both_products.recording.json
504997,บ้านท่าบุญมี,คลองท่าบุญมี,Royal Irrigation Department,Bang Pakong Basin,stage_reported,value,available,graph route published 161 non-null 'value' values in the 7-day window,161,168,2026-08-31,2026-09-06,True,True,200,2026-09-07T15:25:39.280582Z,recordings/boundary_1373272_both_products.recording.json
504999,บ้านนาแขม,แควหนุมาน,Royal Irrigation Department,Bang Pakong Basin,discharge_reported,discharge,available,graph route published 161 non-null 'discharge' values in the 7-day window,161,168,2026-08-31,2026-09-06,True,True,200,2026-09-07T15:25:40.432025Z,recordings/boundary_1373272_both_products.recording.json
504999,บ้านนาแขม,แควหนุมาน,Royal Irrigation Department,Bang Pakong Basin,stage_reported,value,available,graph route published 161 non-null 'value' values in the 7-day window,161,168,2026-08-31,2026-09-06,True,True,200,2026-09-07T15:25:40.432025Z,recordings/boundary_1373272_both_products.recording.json
505003,สะพานหน้าจวนผู้ว่าฯ,แม่น้ำนครนายก,Royal Irrigation Department,Bang Pakong Basin,discharge_reported,discharge,empty_in_tested_window,graph route answered with a complete time grid carrying no non-null 'discharge' value in the 90-day window; the source states nothing about support,0,168,2026-06-08,2026-09-06,True,False,200,2026-09-07T15:25:41.553978Z,recordings/boundary_11688546_empty_90d.recording.json
505003,สะพานหน้าจวนผู้ว่าฯ,แม่น้ำนครนายก,Royal Irrigation Department,Bang Pakong Basin,stage_reported,value,available,graph route published 2091 non-null 'value' values in the 90-day window,2091,168,2026-06-08,2026-09-06,True,False,200,2026-09-07T15:25:41.553978Z,recordings/boundary_1373272_both_products.recording.json
505011,บ้านเขาโบสถ์,คลองกระเฉด,Royal Irrigation Department,East Coast Gulf Basin,discharge_reported,discharge,available,graph route published 161 non-null 'discharge' values in the 7-day window,161,168,2026-08-31,2026-09-06,True,True,200,2026-09-07T15:25:42.651565Z,recordings/boundary_1373272_both_products.recording.json
505011,บ้านเขาโบสถ์,คลองกระเฉด,Royal Irrigation Department,East Coast Gulf Basin,stage_reported,value,available,graph route published 161 non-null 'value' values in the 7-day window,161,168,2026-08-31,2026-09-06,True,True,200,2026-09-07T15:25:42.651565Z,recordings/boundary_1373272_both_products.recording.json
505018,บ้านปากแซง,แม่น้ำแควน้อย,Royal Irrigation Department,Mae Klong Basin,discharge_reported,discharge,available,graph route published 152 non-null 'discharge' values in the 7-day window,152,168,2026-08-31,2026-09-06,True,True,200,2026-09-07T15:25:43.779531Z,recordings/boundary_1373272_both_products.recording.json
505018,บ้านปากแซง,แม่น้ำแควน้อย,Royal Irrigation Department,Mae Klong Basin,stage_reported,value,available,graph route published 152 non-null 'value' values in the 7-day window,152,168,2026-08-31,2026-09-06,True,True,200,2026-09-07T15:25:43.779531Z,recordings/boundary_1373272_both_products.recording.json
505025,สะพานข้ามแม่น้ำแม่กลองหน้าศาลากลางจ.กาญจนบุรี,แม่น้ำแม่กลอง,Royal Irrigation Department,Mae Klong Basin,discharge_reported,discharge,empty_in_tested_window,graph route answered with a complete time grid carrying no non-null 'discharge' value in the 90-day window; the source states nothing about support,0,168,2026-06-08,2026-09-06,True,False,200,2026-09-07T15:25:44.950491Z,recordings/boundary_11688546_empty_90d.recording.json
505025,สะพานข้ามแม่น้ำแม่กลองหน้าศาลากลางจ.กาญจนบุรี,แม่น้ำแม่กลอง,Royal Irrigation Department,Mae Klong Basin,stage_reported,value,available,graph route published 1987 non-null 'value' values in the 90-day window,1987,168,2026-06-08,2026-09-06,True,False,200,2026-09-07T15:25:44.950491Z,recordings/boundary_1373272_both_products.recording.json
505027,บ้านสาระเห็ด,แม่น้ำเพชรบุรี,Royal Irrigation Department,Phetchaburi - Prachuap Khiri Khan Basin,discharge_reported,discharge,available,graph route published 152 non-null 'discharge' values in the 7-day window,152,168,2026-08-31,2026-09-06,True,True,200,2026-09-07T15:25:46.033770Z,recordings/boundary_1373272_both_products.recording.json
505027,บ้านสาระเห็ด,แม่น้ำเพชรบุรี,Royal Irrigation Department,Phetchaburi - Prachuap Khiri Khan Basin,stage_reported,value,available,graph route published 152 non-null 'value' values in the 7-day window,152,168,2026-08-31,2026-09-06,True,True,200,2026-09-07T15:25:46.033770Z,recordings/boundary_1373272_both_products.recording.json
505029,สะพานบ้านลาด,แม่น้ำเพชรบุรี,Royal Irrigation Department,Phetchaburi - Prachuap Khiri Khan Basin,discharge_reported,discharge,available,graph route published 152 non-null 'discharge' values in the 7-day window,152,168,2026-08-31,2026-09-06,True,True,200,2026-09-07T15:25:47.138498Z,recordings/boundary_1373272_both_products.recording.json
505029,สะพานบ้านลาด,แม่น้ำเพชรบุรี,Royal Irrigation Department,Phetchaburi - Prachuap Khiri Khan Basin,stage_reported,value,available,graph route published 152 non-null 'value' values in the 7-day window,152,168,2026-08-31,2026-09-06,True,True,200,2026-09-07T15:25:47.138498Z,recordings/boundary_1373272_both_products.recording.json
505030,ข้างจวนผู้ว่าฯ,แม่น้ำเพชรบุรี,Royal Irrigation Department,Phetchaburi - Prachuap Khiri Khan Basin,discharge_reported,discharge,empty_in_tested_window,graph route answered with a complete time grid carrying no non-null 'discharge' value in the 90-day window; the source states nothing about support,0,168,2026-06-08,2026-09-06,True,False,200,2026-09-07T15:25:48.262149Z,recordings/boundary_11688546_empty_90d.recording.json
505030,ข้างจวนผู้ว่าฯ,แม่น้ำเพชรบุรี,Royal Irrigation Department,Phetchaburi - Prachuap Khiri Khan Basin,stage_reported,value,available,graph route published 1987 non-null 'value' values in the 90-day window,1987,168,2026-06-08,2026-09-06,True,False,200,2026-09-07T15:25:48.262149Z,recordings/boundary_1373272_both_products.recording.json
505037,สะพานรถยนต์ ร.ร.อนุบาลบางสะพาน,คลองบางกระจอง,Royal Irrigation Department,Phetchaburi - Prachuap Khiri Khan Basin,discharge_reported,discharge,empty_in_tested_window,graph route answered with a complete time grid carrying no non-null 'discharge' value in the 90-day window; the source states nothing about support,0,168,2026-06-08,2026-09-06,True,False,200,2026-09-07T15:25:49.361825Z,recordings/boundary_11688546_empty_90d.recording.json
505037,สะพานรถยนต์ ร.ร.อนุบาลบางสะพาน,คลองบางกระจอง,Royal Irrigation Department,Phetchaburi - Prachuap Khiri Khan Basin,stage_reported,value,available,graph route published 1973 non-null 'value' values in the 90-day window,1973,168,2026-06-08,2026-09-06,True,False,200,2026-09-07T15:25:49.361825Z,recordings/boundary_1373272_both_products.recording.json
505038,บ้านวัดพระรูป,แม่น้ำสุพรรณ,Royal Irrigation Department,Tha Chin Basin,discharge_reported,discharge,empty_in_tested_window,graph route answered with a complete time grid carrying no non-null 'discharge' value in the 90-day window; the source states nothing about support,0,168,2026-06-08,2026-09-06,True,False,200,2026-09-07T15:25:50.491849Z,recordings/boundary_11688546_empty_90d.recording.json
505038,บ้านวัดพระรูป,แม่น้ำสุพรรณ,Royal Irrigation Department,Tha Chin Basin,stage_reported,value,available,graph route published 1974 non-null 'value' values in the 90-day window,1974,168,2026-06-08,2026-09-06,True,False,200,2026-09-07T15:25:50.491849Z,recordings/boundary_1373272_both_products.recording.json
505039,บ้านบางการ้อง,แม่น้ำท่าจีน,Royal Irrigation Department,Tha Chin Basin,discharge_reported,discharge,empty_in_tested_window,graph route answered with a complete time grid carrying no non-null 'discharge' value in the 90-day window; the source states nothing about support,0,168,2026-06-08,2026-09-06,True,False,200,2026-09-07T15:25:51.624292Z,recordings/boundary_11688546_empty_90d.recording.json
505039,บ้านบางการ้อง,แม่น้ำท่าจีน,Royal Irrigation Department,Tha Chin Basin,stage_reported,value,available,graph route published 1540 non-null 'value' values in the 90-day window,1540,168,2026-06-08,2026-09-06,True,False,200,2026-09-07T15:25:51.624292Z,recordings/boundary_1373272_both_products.recording.json
505041,ร.ร.บ้านสามพราน,แม่น้ำท่าจีน,Royal Irrigation Department,Tha Chin Basin,discharge_reported,discharge,empty_in_tested_window,graph route answered with a complete time grid carrying no non-null 'discharge' value in the 90-day window; the source states nothing about support,0,168,2026-06-08,2026-09-06,True,False,200,2026-09-07T15:25:52.721894Z,recordings/boundary_11688546_empty_90d.recording.json
505041,ร.ร.บ้านสามพราน,แม่น้ำท่าจีน,Royal Irrigation Department,Tha Chin Basin,stage_reported,value,available,graph route published 1987 non-null 'value' values in the 90-day window,1987,168,2026-06-08,2026-09-06,True,False,200,2026-09-07T15:25:52.721894Z,recordings/boundary_1373272_both_products.recording.json
505050,บ้านบูเก๊ะตา,แม่น้ำโก-ลก,Royal Irrigation Department,Peninsula - Lower East Coast Basin,discharge_reported,discharge,available,graph route published 148 non-null 'discharge' values in the 7-day window,148,168,2026-08-31,2026-09-06,True,True,200,2026-09-07T15:25:53.836208Z,recordings/boundary_1373272_both_products.recording.json
505050,บ้านบูเก๊ะตา,แม่น้ำโก-ลก,Royal Irrigation Department,Peninsula - Lower East Coast Basin,stage_reported,value,available,graph route published 148 non-null 'value' values in the 7-day window,148,168,2026-08-31,2026-09-06,True,True,200,2026-09-07T15:25:53.836208Z,recordings/boundary_1373272_both_products.recording.json
505052,บ้านมูโน๊ะ,แม่น้ำโก-ลก,Royal Irrigation Department,Peninsula - Lower East Coast Basin,discharge_reported,discharge,empty_in_tested_window,graph route answered with a complete time grid carrying no non-null 'discharge' value in the 90-day window; the source states nothing about support,0,168,2026-06-08,2026-09-06,True,False,200,2026-09-07T15:25:54.917164Z,recordings/boundary_11688546_empty_90d.recording.json
505052,บ้านมูโน๊ะ,แม่น้ำโก-ลก,Royal Irrigation Department,Peninsula - Lower East Coast Basin,stage_reported,value,available,graph route published 1975 non-null 'value' values in the 90-day window,1975,168,2026-06-08,2026-09-06,True,False,200,2026-09-07T15:25:54.917164Z,recordings/boundary_1373272_both_products.recording.json
505056,บ้านท่าข้าม,แม่น้ำตาปี,Royal Irrigation Department,Peninsula - Upper East Coast Basin,discharge_reported,discharge,empty_in_tested_window,graph route answered with a complete time grid carrying no non-null 'discharge' value in the 90-day window; the source states nothing about support,0,168,2026-06-08,2026-09-06,True,False,200,2026-09-07T15:25:56.039220Z,recordings/boundary_11688546_empty_90d.recording.json
505056,บ้านท่าข้าม,แม่น้ำตาปี,Royal Irrigation Department,Peninsula - Upper East Coast Basin,stage_reported,value,available,graph route published 1975 non-null 'value' values in the 90-day window,1975,168,2026-06-08,2026-09-06,True,False,200,2026-09-07T15:25:56.039220Z,recordings/boundary_1373272_both_products.recording.json
505069,บ้านปะเหลียนใน,คลองปะเหลียน,Royal Irrigation Department,Peninsula - West Coast Basin,discharge_reported,discharge,available,graph route published 148 non-null 'discharge' values in the 7-day window,148,168,2026-08-31,2026-09-06,True,True,200,2026-09-07T15:25:57.175652Z,recordings/boundary_1373272_both_products.recording.json
505069,บ้านปะเหลียนใน,คลองปะเหลียน,Royal Irrigation Department,Peninsula - West Coast Basin,stage_reported,value,available,graph route published 148 non-null 'value' values in the 7-day window,148,168,2026-08-31,2026-09-06,True,True,200,2026-09-07T15:25:57.175652Z,recordings/boundary_1373272_both_products.recording.json
505072,ชุมชนประชาบำรุง,คลองละงู,Royal Irrigation Department,Peninsula - West Coast Basin,discharge_reported,discharge,empty_in_tested_window,graph route answered with a complete time grid carrying no non-null 'discharge' value in the 90-day window; the source states nothing about support,0,168,2026-06-08,2026-09-06,True,False,200,2026-09-07T15:25:58.261838Z,recordings/boundary_11688546_empty_90d.recording.json
505072,ชุมชนประชาบำรุง,คลองละงู,Royal Irrigation Department,Peninsula - West Coast Basin,stage_reported,value,available,graph route published 1975 non-null 'value' values in the 90-day window,1975,168,2026-06-08,2026-09-06,True,False,200,2026-09-07T15:25:58.261838Z,recordings/boundary_1373272_both_products.recording.json
508035,บ้านผานกเค้า,น้ำพอง,Royal Irrigation Department,Chi Basin Basin,discharge_reported,discharge,available,graph route published 160 non-null 'discharge' values in the 7-day window,160,168,2026-08-31,2026-09-06,True,True,200,2026-09-07T15:25:59.342392Z,recordings/boundary_1373272_both_products.recording.json
508035,บ้านผานกเค้า,น้ำพอง,Royal Irrigation Department,Chi Basin Basin,stage_reported,value,available,graph route published 160 non-null 'value' values in the 7-day window,160,168,2026-08-31,2026-09-06,True,True,200,2026-09-07T15:25:59.342392Z,recordings/boundary_1373272_both_products.recording.json
510,ท่าวังผา,แม่น้ำน่าน,Hydro – Informatics Institute (Public Organization),Nan Basin,discharge_reported,discharge,empty_in_tested_window,graph route answered with a complete time grid carrying no non-null 'discharge' value in the 90-day window; the source states nothing about support,0,1008,2026-06-08,2026-09-06,True,False,200,2026-09-07T15:26:01.456423Z,recordings/boundary_11688546_empty_90d.recording.json
510,ท่าวังผา,แม่น้ำน่าน,Hydro – Informatics Institute (Public Organization),Nan Basin,stage_reported,value,available,graph route published 13069 non-null 'value' values in the 90-day window,13069,1008,2026-06-08,2026-09-06,True,False,200,2026-09-07T15:26:01.456423Z,recordings/boundary_1373272_both_products.recording.json
512,เวียงสา,แม่น้ำน่าน,Hydro – Informatics Institute (Public Organization),Nan Basin,discharge_reported,discharge,empty_in_tested_window,graph route answered with a complete time grid carrying no non-null 'discharge' value in the 90-day window; the source states nothing about support,0,1008,2026-06-08,2026-09-06,True,False,200,2026-09-07T15:26:03.541080Z,recordings/boundary_11688546_empty_90d.recording.json
512,เวียงสา,แม่น้ำน่าน,Hydro – Informatics Institute (Public Organization),Nan Basin,stage_reported,value,available,graph route published 13052 non-null 'value' values in the 90-day window,13052,1008,2026-06-08,2026-09-06,True,False,200,2026-09-07T15:26:03.541080Z,recordings/boundary_1373272_both_products.recording.json
516210,ลำน้ำขว้าง (ฝายจ้าว),น้ำขว้าง,Friend in Need (of “Pa”) Volunteers Foundation,Nan Basin,discharge_reported,discharge,empty_in_tested_window,graph route answered with a complete time grid carrying no non-null 'discharge' value in the 90-day window; the source states nothing about support,0,1008,2026-06-08,2026-09-06,False,False,200,2026-09-07T15:26:05.558560Z,recordings/boundary_11688546_empty_90d.recording.json
516210,ลำน้ำขว้าง (ฝายจ้าว),น้ำขว้าง,Friend in Need (of “Pa”) Volunteers Foundation,Nan Basin,stage_reported,value,available,graph route published 10179 non-null 'value' values in the 90-day window,10179,1008,2026-06-08,2026-09-06,False,False,200,2026-09-07T15:26:05.558560Z,recordings/boundary_1373272_both_products.recording.json
516213,ลำน้ำกูน,น้ำคูณ,Friend in Need (of “Pa”) Volunteers Foundation,Nan Basin,discharge_reported,discharge,empty_in_tested_window,graph route answered with a complete time grid carrying no non-null 'discharge' value in the 90-day window; the source states nothing about support,0,1008,2026-06-08,2026-09-06,True,False,200,2026-09-07T15:26:07.671392Z,recordings/boundary_11688546_empty_90d.recording.json
516213,ลำน้ำกูน,น้ำคูณ,Friend in Need (of “Pa”) Volunteers Foundation,Nan Basin,stage_reported,value,available,graph route published 12918 non-null 'value' values in the 90-day window,12918,1008,2026-06-08,2026-09-06,True,False,200,2026-09-07T15:26:07.671392Z,recordings/boundary_1373272_both_products.recording.json
516216,สะพานน้ำมวบ (บ้านภูแยง),น้ำมวบ,Friend in Need (of “Pa”) Volunteers Foundation,Nan Basin,discharge_reported,discharge,empty_in_tested_window,graph route answered with a complete time grid carrying no non-null 'discharge' value in the 90-day window; the source states nothing about support,0,1008,2026-06-08,2026-09-06,True,False,200,2026-09-07T15:26:09.659858Z,recordings/boundary_11688546_empty_90d.recording.json
516216,สะพานน้ำมวบ (บ้านภูแยง),น้ำมวบ,Friend in Need (of “Pa”) Volunteers Foundation,Nan Basin,stage_reported,value,available,graph route published 12907 non-null 'value' values in the 90-day window,12907,1008,2026-06-08,2026-09-06,True,False,200,2026-09-07T15:26:09.659858Z,recordings/boundary_1373272_both_products.recording.json
516218,บ้านตอง,น้ำมวบ,Friend in Need (of “Pa”) Volunteers Foundation,Nan Basin,discharge_reported,discharge,empty_in_tested_window,graph route answered with a complete time grid carrying no non-null 'discharge' value in the 90-day window; the source states nothing about support,0,1008,2026-06-08,2026-09-06,True,False,200,2026-09-07T15:26:11.739355Z,recordings/boundary_11688546_empty_90d.recording.json
516218,บ้านตอง,น้ำมวบ,Friend in Need (of “Pa”) Volunteers Foundation,Nan Basin,stage_reported,value,available,graph route published 12764 non-null 'value' values in the 90-day window,12764,1008,2026-06-08,2026-09-06,True,False,200,2026-09-07T15:26:11.739355Z,recordings/boundary_1373272_both_products.recording.json
522,ภูเพียง,แม่น้ำน่าน,Hydro – Informatics Institute (Public Organization),Nan Basin,discharge_reported,discharge,empty_in_tested_window,graph route answered with a complete time grid carrying no non-null 'discharge' value in the 90-day window; the source states nothing about support,0,1008,2026-06-08,2026-09-06,True,False,200,2026-09-07T15:26:13.646548Z,recordings/boundary_11688546_empty_90d.recording.json
522,ภูเพียง,แม่น้ำน่าน,Hydro – Informatics Institute (Public Organization),Nan Basin,stage_reported,value,available,graph route published 13055 non-null 'value' values in the 90-day window,13055,1008,2026-06-08,2026-09-06,True,False,200,2026-09-07T15:26:13.646548Z,recordings/boundary_1373272_both_products.recording.json
523,เมืองน่าน,แม่น้ำน่าน,Hydro – Informatics Institute (Public Organization),Nan Basin,discharge_reported,discharge,empty_in_tested_window,graph route answered with a complete time grid carrying no non-null 'discharge' value in the 90-day window; the source states nothing about support,0,1008,2026-06-08,2026-09-06,True,False,200,2026-09-07T15:26:15.682183Z,recordings/boundary_11688546_empty_90d.recording.json
523,เมืองน่าน,แม่น้ำน่าน,Hydro – Informatics Institute (Public Organization),Nan Basin,stage_reported,value,available,graph route published 13013 non-null 'value' values in the 90-day window,13013,1008,2026-06-08,2026-09-06,True,False,200,2026-09-07T15:26:15.682183Z,recordings/boundary_1373272_both_products.recording.json
526,ท้ายกว๊านพะเยา,น้ำแม่ต๋ำ,Hydro – Informatics Institute (Public Organization),North Khong Basin,discharge_reported,discharge,empty_in_tested_window,graph route answered with a complete time grid carrying no non-null 'discharge' value in the 90-day window; the source states nothing about support,0,1008,2026-06-08,2026-09-06,True,False,200,2026-09-07T15:26:17.783624Z,recordings/boundary_11688546_empty_90d.recording.json
526,ท้ายกว๊านพะเยา,น้ำแม่ต๋ำ,Hydro – Informatics Institute (Public Organization),North Khong Basin,stage_reported,value,available,graph route published 13069 non-null 'value' values in the 90-day window,13069,1008,2026-06-08,2026-09-06,True,False,200,2026-09-07T15:26:17.783624Z,recordings/boundary_1373272_both_products.recording.json
527828,บ้านชมพู,คลองชมพู,Royal Irrigation Department,Nan Basin,discharge_reported,discharge,available,graph route published 161 non-null 'discharge' values in the 7-day window,161,168,2026-08-31,2026-09-06,True,True,200,2026-09-07T15:26:18.941107Z,recordings/boundary_1373272_both_products.recording.json
527828,บ้านชมพู,คลองชมพู,Royal Irrigation Department,Nan Basin,stage_reported,value,available,graph route published 161 non-null 'value' values in the 7-day window,161,168,2026-08-31,2026-09-06,True,True,200,2026-09-07T15:26:18.941107Z,recordings/boundary_1373272_both_products.recording.json
528052,วัดบางไผ่นารถ,แม่น้ำท่าจีน,Royal Irrigation Department,Tha Chin Basin,discharge_reported,discharge,empty_in_tested_window,graph route answered with a complete time grid carrying no non-null 'discharge' value in the 90-day window; the source states nothing about support,0,168,2026-06-08,2026-09-06,True,False,200,2026-09-07T15:26:20.093826Z,recordings/boundary_11688546_empty_90d.recording.json
528052,วัดบางไผ่นารถ,แม่น้ำท่าจีน,Royal Irrigation Department,Tha Chin Basin,stage_reported,value,available,graph route published 1830 non-null 'value' values in the 90-day window,1830,168,2026-06-08,2026-09-06,True,False,200,2026-09-07T15:26:20.093826Z,recordings/boundary_1373272_both_products.recording.json
529399,สะพานลำน้ำยาม,ลำน้ำยาม,Friend in Need (of “Pa”) Volunteers Foundation,Northeast Khong Basin,discharge_reported,discharge,empty_in_tested_window,graph route answered with a complete time grid carrying no non-null 'discharge' value in the 90-day window; the source states nothing about support,0,1008,2026-06-08,2026-09-06,True,False,200,2026-09-07T15:26:22.169633Z,recordings/boundary_11688546_empty_90d.recording.json
529399,สะพานลำน้ำยาม,ลำน้ำยาม,Friend in Need (of “Pa”) Volunteers Foundation,Northeast Khong Basin,stage_reported,value,available,graph route published 12900 non-null 'value' values in the 90-day window,12900,1008,2026-06-08,2026-09-06,True,False,200,2026-09-07T15:26:22.169633Z,recordings/boundary_1373272_both_products.recording.json
537,เมืองเชียงราย,น้ำแม่ลาว,Hydro – Informatics Institute (Public Organization),North Khong Basin,discharge_reported,discharge,empty_in_tested_window,graph route answered with a complete time grid carrying no non-null 'discharge' value in the 90-day window; the source states nothing about support,0,1008,2026-06-08,2026-09-06,True,False,200,2026-09-07T15:26:24.113072Z,recordings/boundary_11688546_empty_90d.recording.json
537,เมืองเชียงราย,น้ำแม่ลาว,Hydro – Informatics Institute (Public Organization),North Khong Basin,stage_reported,value,available,graph route published 13068 non-null 'value' values in the 90-day window,13068,1008,2026-06-08,2026-09-06,True,False,200,2026-09-07T15:26:24.113072Z,recordings/boundary_1373272_both_products.recording.json
54,คลองพระยาบรรลือ,คลองพระยาบรรลือ,Hydro – Informatics Institute (Public Organization),Chao Phraya Basin,discharge_reported,discharge,empty_in_tested_window,graph route answered with a complete time grid carrying no non-null 'discharge' value in the 90-day window; the source states nothing about support,0,1008,2026-06-08,2026-09-06,True,False,200,2026-09-07T15:26:26.110526Z,recordings/boundary_11688546_empty_90d.recording.json
54,คลองพระยาบรรลือ,คลองพระยาบรรลือ,Hydro – Informatics Institute (Public Organization),Chao Phraya Basin,stage_reported,value,available,graph route published 13070 non-null 'value' values in the 90-day window,13070,1008,2026-06-08,2026-09-06,True,False,200,2026-09-07T15:26:26.110526Z,recordings/boundary_1373272_both_products.recording.json
542,เทิง,แม่น้ำอิง,Hydro – Informatics Institute (Public Organization),North Khong Basin,discharge_reported,discharge,empty_in_tested_window,graph route answered with a complete time grid carrying no non-null 'discharge' value in the 90-day window; the source states nothing about support,0,1008,2026-06-08,2026-09-06,True,False,200,2026-09-07T15:26:28.126813Z,recordings/boundary_11688546_empty_90d.recording.json
542,เทิง,แม่น้ำอิง,Hydro – Informatics Institute (Public Organization),North Khong Basin,stage_reported,value,available,graph route published 13050 non-null 'value' values in the 90-day window,13050,1008,2026-06-08,2026-09-06,True,False,200,2026-09-07T15:26:28.126813Z,recordings/boundary_1373272_both_products.recording.json
545,แม่จัน,น้ำแม่จัน,Hydro – Informatics Institute (Public Organization),North Khong Basin,discharge_reported,discharge,empty_in_tested_window,graph route answered with a complete time grid carrying no non-null 'discharge' value in the 90-day window; the source states nothing about support,0,1008,2026-06-08,2026-09-06,True,False,200,2026-09-07T15:26:30.121850Z,recordings/boundary_11688546_empty_90d.recording.json
545,แม่จัน,น้ำแม่จัน,Hydro – Informatics Institute (Public Organization),North Khong Basin,stage_reported,value,available,graph route published 13068 non-null 'value' values in the 90-day window,13068,1008,2026-06-08,2026-09-06,True,False,200,2026-09-07T15:26:30.121850Z,recordings/boundary_1373272_both_products.recording.json
547,เชียงแสน,แม่น้ำกก,Hydro – Informatics Institute (Public Organization),North Khong Basin,discharge_reported,discharge,empty_in_tested_window,graph route answered with a complete time grid carrying no non-null 'discharge' value in the 90-day window; the source states nothing about support,0,1008,2026-06-08,2026-09-06,True,False,200,2026-09-07T15:26:32.158112Z,recordings/boundary_11688546_empty_90d.recording.json
547,เชียงแสน,แม่น้ำกก,Hydro – Informatics Institute (Public Organization),North Khong Basin,stage_reported,value,available,graph route published 13070 non-null 'value' values in the 90-day window,13070,1008,2026-06-08,2026-09-06,True,False,200,2026-09-07T15:26:32.158112Z,recordings/boundary_1373272_both_products.recording.json
550,แม่สรวย,น้ำแม่ลาว,Hydro – Informatics Institute (Public Organization),North Khong Basin,discharge_reported,discharge,empty_in_tested_window,graph route answered with a complete time grid carrying no non-null 'discharge' value in the 90-day window; the source states nothing about support,0,1008,2026-06-08,2026-09-06,True,False,200,2026-09-07T15:26:34.203461Z,recordings/boundary_11688546_empty_90d.recording.json
550,แม่สรวย,น้ำแม่ลาว,Hydro – Informatics Institute (Public Organization),North Khong Basin,stage_reported,value,available,graph route published 13067 non-null 'value' values in the 90-day window,13067,1008,2026-06-08,2026-09-06,True,False,200,2026-09-07T15:26:34.203461Z,recordings/boundary_1373272_both_products.recording.json
558654,น้ำพรม บ้านกุดเลาะ    ,น้ำพรม,Electricity Generating Authority of Thailand,Chi Basin Basin,discharge_reported,discharge,empty_in_tested_window,graph route answered with a complete time grid carrying no non-null 'discharge' value in the 90-day window; the source states nothing about support,0,168,2026-06-08,2026-09-06,True,False,200,2026-09-07T15:26:35.346333Z,recordings/boundary_11688546_empty_90d.recording.json
558654,น้ำพรม บ้านกุดเลาะ    ,น้ำพรม,Electricity Generating Authority of Thailand,Chi Basin Basin,stage_reported,value,available,graph route published 2184 non-null 'value' values in the 90-day window,2184,168,2026-06-08,2026-09-06,True,False,200,2026-09-07T15:26:35.346333Z,recordings/boundary_1373272_both_products.recording.json
558658,เขื่อนน้ำพุง บ้านคำเพิ่ม ,ห้วยน้ำพุง,Electricity Generating Authority of Thailand,Northeast Khong Basin,discharge_reported,discharge,empty_in_tested_window,graph route answered with a complete time grid carrying no non-null 'discharge' value in the 90-day window; the source states nothing about support,0,168,2026-06-08,2026-09-06,True,False,200,2026-09-07T15:26:36.469903Z,recordings/boundary_11688546_empty_90d.recording.json
558658,เขื่อนน้ำพุง บ้านคำเพิ่ม ,ห้วยน้ำพุง,Electricity Generating Authority of Thailand,Northeast Khong Basin,stage_reported,value,available,graph route published 2184 non-null 'value' values in the 90-day window,2184,168,2026-06-08,2026-09-06,True,False,200,2026-09-07T15:26:36.469903Z,recordings/boundary_1373272_both_products.recording.json
558661,วัดศิริมังคละเต่างอย ,ลำน้ำพุง,Electricity Generating Authority of Thailand,Northeast Khong Basin,discharge_reported,discharge,empty_in_tested_window,graph route answered with a complete time grid carrying no non-null 'discharge' value in the 90-day window; the source states nothing about support,0,168,2026-06-08,2026-09-06,True,False,200,2026-09-07T15:26:37.556924Z,recordings/boundary_11688546_empty_90d.recording.json
558661,วัดศิริมังคละเต่างอย ,ลำน้ำพุง,Electricity Generating Authority of Thailand,Northeast Khong Basin,stage_reported,value,available,graph route published 2180 non-null 'value' values in the 90-day window,2180,168,2026-06-08,2026-09-06,True,False,200,2026-09-07T15:26:37.556924Z,recordings/boundary_1373272_both_products.recording.json
560,เมืองแม่ฮ่องสอน,แม่น้ำปาย,Hydro – Informatics Institute (Public Organization),Salawin Basin,discharge_reported,discharge,empty_in_tested_window,graph route answered with a complete time grid carrying no non-null 'discharge' value in the 90-day window; the source states nothing about support,0,1008,2026-06-08,2026-09-06,True,False,200,2026-09-07T15:26:39.591831Z,recordings/boundary_11688546_empty_90d.recording.json
560,เมืองแม่ฮ่องสอน,แม่น้ำปาย,Hydro – Informatics Institute (Public Organization),Salawin Basin,stage_reported,value,available,graph route published 13070 non-null 'value' values in the 90-day window,13070,1008,2026-06-08,2026-09-06,True,False,200,2026-09-07T15:26:39.591831Z,recordings/boundary_1373272_both_products.recording.json
562796,สะพานบ้าน กม.29 อ.เบตง จ.ยะลา,แม่น้ำปัตตานี,Electricity Generating Authority of Thailand,Peninsula - Lower East Coast Basin,discharge_reported,discharge,available,graph route published 168 non-null 'discharge' values in the 7-day window,168,168,2026-08-31,2026-09-06,True,True,200,2026-09-07T15:26:40.723301Z,recordings/boundary_1373272_both_products.recording.json
562796,สะพานบ้าน กม.29 อ.เบตง จ.ยะลา,แม่น้ำปัตตานี,Electricity Generating Authority of Thailand,Peninsula - Lower East Coast Basin,stage_reported,value,available,graph route published 168 non-null 'value' values in the 7-day window,168,168,2026-08-31,2026-09-06,True,True,200,2026-09-07T15:26:40.723301Z,recordings/boundary_1373272_both_products.recording.json
562799,สะพานท้ายเขื่อนบางลาง อ.บันนังสตา จ.ยะลา,แม่น้ำปัตตานี,Electricity Generating Authority of Thailand,Peninsula - Lower East Coast Basin,discharge_reported,discharge,available,graph route published 168 non-null 'discharge' values in the 7-day window,168,168,2026-08-31,2026-09-06,True,True,200,2026-09-07T15:26:41.850940Z,recordings/boundary_1373272_both_products.recording.json
562799,สะพานท้ายเขื่อนบางลาง อ.บันนังสตา จ.ยะลา,แม่น้ำปัตตานี,Electricity Generating Authority of Thailand,Peninsula - Lower East Coast Basin,stage_reported,value,available,graph route published 168 non-null 'value' values in the 7-day window,168,168,2026-08-31,2026-09-06,True,True,200,2026-09-07T15:26:41.850940Z,recordings/boundary_1373272_both_products.recording.json
562800,สะพานหัวสะพาน อ.บันนังสตา จ.ยะลา,แม่น้ำปัตตานี,Electricity Generating Authority of Thailand,Peninsula - Lower East Coast Basin,discharge_reported,discharge,empty_in_tested_window,graph route answered with a complete time grid carrying no non-null 'discharge' value in the 90-day window; the source states nothing about support,0,168,2026-06-08,2026-09-06,True,False,200,2026-09-07T15:26:42.951923Z,recordings/boundary_11688546_empty_90d.recording.json
562800,สะพานหัวสะพาน อ.บันนังสตา จ.ยะลา,แม่น้ำปัตตานี,Electricity Generating Authority of Thailand,Peninsula - Lower East Coast Basin,stage_reported,value,available,graph route published 2184 non-null 'value' values in the 90-day window,2184,168,2026-06-08,2026-09-06,True,False,200,2026-09-07T15:26:42.951923Z,recordings/boundary_1373272_both_products.recording.json
562802,อาคารสูบน้ำดิบ กปภ. อ.ยะหา จ.ยะลา,คลองเล็ก,Electricity Generating Authority of Thailand,Peninsula - Lower East Coast Basin,discharge_reported,discharge,empty_in_tested_window,graph route answered with a complete time grid carrying no non-null 'discharge' value in the 90-day window; the source states nothing about support,0,168,2026-06-08,2026-09-06,True,False,200,2026-09-07T15:26:44.034643Z,recordings/boundary_11688546_empty_90d.recording.json
562802,อาคารสูบน้ำดิบ กปภ. อ.ยะหา จ.ยะลา,คลองเล็ก,Electricity Generating Authority of Thailand,Peninsula - Lower East Coast Basin,stage_reported,value,available,graph route published 2184 non-null 'value' values in the 90-day window,2184,168,2026-06-08,2026-09-06,True,False,200,2026-09-07T15:26:44.034643Z,recordings/boundary_1373272_both_products.recording.json
562803,สะพานเมืองปัตตานี อ.เมือง จ.ปัตตานี,แม่น้ำปัตตานี,Electricity Generating Authority of Thailand,Peninsula - Lower East Coast Basin,discharge_reported,discharge,empty_in_tested_window,graph route answered with a complete time grid carrying no non-null 'discharge' value in the 90-day window; the source states nothing about support,0,168,2026-06-08,2026-09-06,True,False,200,2026-09-07T15:26:45.184761Z,recordings/boundary_11688546_empty_90d.recording.json
562803,สะพานเมืองปัตตานี อ.เมือง จ.ปัตตานี,แม่น้ำปัตตานี,Electricity Generating Authority of Thailand,Peninsula - Lower East Coast Basin,stage_reported,value,available,graph route published 2184 non-null 'value' values in the 90-day window,2184,168,2026-06-08,2026-09-06,True,False,200,2026-09-07T15:26:45.184761Z,recordings/boundary_1373272_both_products.recording.json
562804,ฝายละแอ อ.บันนังสตา จ.ยะลา,คลองละแอ,Electricity Generating Authority of Thailand,Peninsula - Lower East Coast Basin,discharge_reported,discharge,empty_in_tested_window,graph route answered with a complete time grid carrying no non-null 'discharge' value in the 90-day window; the source states nothing about support,0,168,2026-06-08,2026-09-06,True,False,200,2026-09-07T15:26:46.281683Z,recordings/boundary_11688546_empty_90d.recording.json
562804,ฝายละแอ อ.บันนังสตา จ.ยะลา,คลองละแอ,Electricity Generating Authority of Thailand,Peninsula - Lower East Coast Basin,stage_reported,value,available,graph route published 2184 non-null 'value' values in the 90-day window,2184,168,2026-06-08,2026-09-06,True,False,200,2026-09-07T15:26:46.281683Z,recordings/boundary_1373272_both_products.recording.json
562808,เขื่อนบางลาง อ.บันนังสตา จ.ยะลา,แม่น้ำปัตตานี,Electricity Generating Authority of Thailand,Peninsula - Lower East Coast Basin,discharge_reported,discharge,empty_in_tested_window,graph route answered with a complete time grid carrying no non-null 'discharge' value in the 90-day window; the source states nothing about support,0,168,2026-06-08,2026-09-06,True,False,200,2026-09-07T15:26:48.732936Z,recordings/boundary_11688546_empty_90d.recording.json
562808,เขื่อนบางลาง อ.บันนังสตา จ.ยะลา,แม่น้ำปัตตานี,Electricity Generating Authority of Thailand,Peninsula - Lower East Coast Basin,stage_reported,value,available,graph route published 2184 non-null 'value' values in the 90-day window,2184,168,2026-06-08,2026-09-06,True,False,200,2026-09-07T15:26:48.732936Z,recordings/boundary_1373272_both_products.recording.json
568,สะพานเดชาติวงศ์,แม่น้ำเจ้าพระยา,Hydro – Informatics Institute (Public Organization),Chao Phraya Basin,discharge_reported,discharge,empty_in_tested_window,graph route answered with a complete time grid carrying no non-null 'discharge' value in the 90-day window; the source states nothing about support,0,1008,2026-06-08,2026-09-06,True,False,200,2026-09-07T15:26:50.807715Z,recordings/boundary_11688546_empty_90d.recording.json
568,สะพานเดชาติวงศ์,แม่น้ำเจ้าพระยา,Hydro – Informatics Institute (Public Organization),Chao Phraya Basin,stage_reported,value,available,graph route published 13069 non-null 'value' values in the 90-day window,13069,1008,2026-06-08,2026-09-06,True,False,200,2026-09-07T15:26:50.807715Z,recordings/boundary_1373272_both_products.recording.json
57,เสนา,แม่น้ำน้อย,Hydro – Informatics Institute (Public Organization),Chao Phraya Basin,discharge_reported,discharge,empty_in_tested_window,graph route answered with a complete time grid carrying no non-null 'discharge' value in the 90-day window; the source states nothing about support,0,1008,2026-06-08,2026-09-06,True,False,200,2026-09-07T15:26:52.875552Z,recordings/boundary_11688546_empty_90d.recording.json
57,เสนา,แม่น้ำน้อย,Hydro – Informatics Institute (Public Organization),Chao Phraya Basin,stage_reported,value,available,graph route published 13066 non-null 'value' values in the 90-day window,13066,1008,2026-06-08,2026-09-06,True,False,200,2026-09-07T15:26:52.875552Z,recordings/boundary_1373272_both_products.recording.json
573,ชุมแสง,แม่น้ำน่าน,Hydro – Informatics Institute (Public Organization),Nan Basin,discharge_reported,discharge,empty_in_tested_window,graph route answered with a complete time grid carrying no non-null 'discharge' value in the 90-day window; the source states nothing about support,0,1008,2026-06-08,2026-09-06,True,False,200,2026-09-07T15:26:54.987930Z,recordings/boundary_11688546_empty_90d.recording.json
573,ชุมแสง,แม่น้ำน่าน,Hydro – Informatics Institute (Public Organization),Nan Basin,stage_reported,value,available,graph route published 13067 non-null 'value' values in the 90-day window,13067,1008,2026-06-08,2026-09-06,True,False,200,2026-09-07T15:26:54.987930Z,recordings/boundary_1373272_both_products.recording.json
575565,สวนศรีนครเขื่อนขันธ์,แม่น้ำเจ้าพระยา,Hydro – Informatics Institute (Public Organization),Chao Phraya Basin,discharge_reported,discharge,empty_in_tested_window,graph route answered with a complete time grid carrying no non-null 'discharge' value in the 90-day window; the source states nothing about support,0,1008,2026-06-08,2026-09-06,False,False,200,2026-09-07T15:26:56.893991Z,recordings/boundary_11688546_empty_90d.recording.json
575565,สวนศรีนครเขื่อนขันธ์,แม่น้ำเจ้าพระยา,Hydro – Informatics Institute (Public Organization),Chao Phraya Basin,stage_reported,value,available,graph route published 5063 non-null 'value' values in the 90-day window,5063,1008,2026-06-08,2026-09-06,False,False,200,2026-09-07T15:26:56.893991Z,recordings/boundary_1373272_both_products.recording.json
575566,ปตร.วัดบางกระเจ้านอก,คลองบางกะเจ้า,Hydro – Informatics Institute (Public Organization),Chao Phraya Basin,discharge_reported,discharge,empty_in_tested_window,graph route answered with a complete time grid carrying no non-null 'discharge' value in the 90-day window; the source states nothing about support,0,1008,2026-06-08,2026-09-06,True,False,200,2026-09-07T15:26:58.952317Z,recordings/boundary_11688546_empty_90d.recording.json
575566,ปตร.วัดบางกระเจ้านอก,คลองบางกะเจ้า,Hydro – Informatics Institute (Public Organization),Chao Phraya Basin,stage_reported,value,available,graph route published 12608 non-null 'value' values in the 90-day window,12608,1008,2026-06-08,2026-09-06,True,False,200,2026-09-07T15:26:58.952317Z,recordings/boundary_1373272_both_products.recording.json
575567,ปตร. คลองลัดบางยอ 1,แม่น้ำเจ้าพระยา,Hydro – Informatics Institute (Public Organization),Chao Phraya Basin,discharge_reported,discharge,empty_in_tested_window,graph route answered with a complete time grid carrying no non-null 'discharge' value in the 90-day window; the source states nothing about support,0,1008,2026-06-08,2026-09-06,True,False,200,2026-09-07T15:27:00.917385Z,recordings/boundary_11688546_empty_90d.recording.json
575567,ปตร. คลองลัดบางยอ 1,แม่น้ำเจ้าพระยา,Hydro – Informatics Institute (Public Organization),Chao Phraya Basin,stage_reported,value,available,graph route published 11819 non-null 'value' values in the 90-day window,11819,1008,2026-06-08,2026-09-06,True,False,200,2026-09-07T15:27:00.917385Z,recordings/boundary_1373272_both_products.recording.json
575568,ปตร. คลองลัดบางยอ 2,แม่น้ำเจ้าพระยา,Hydro – Informatics Institute (Public Organization),Chao Phraya Basin,discharge_reported,discharge,empty_in_tested_window,graph route answered with a complete time grid carrying no non-null 'discharge' value in the 90-day window; the source states nothing about support,0,1008,2026-06-08,2026-09-06,True,False,200,2026-09-07T15:27:02.993173Z,recordings/boundary_11688546_empty_90d.recording.json
575568,ปตร. คลองลัดบางยอ 2,แม่น้ำเจ้าพระยา,Hydro – Informatics Institute (Public Organization),Chao Phraya Basin,stage_reported,value,available,graph route published 11463 non-null 'value' values in the 90-day window,11463,1008,2026-06-08,2026-09-06,True,False,200,2026-09-07T15:27:02.993173Z,recordings/boundary_1373272_both_products.recording.json
575569,ปตร. คลองตาสด,แม่น้ำเจ้าพระยา,Hydro – Informatics Institute (Public Organization),Chao Phraya Basin,discharge_reported,discharge,empty_in_tested_window,graph route answered with a complete time grid carrying no non-null 'discharge' value in the 90-day window; the source states nothing about support,0,1008,2026-06-08,2026-09-06,False,False,200,2026-09-07T15:27:05.090729Z,recordings/boundary_11688546_empty_90d.recording.json
575569,ปตร. คลองตาสด,แม่น้ำเจ้าพระยา,Hydro – Informatics Institute (Public Organization),Chao Phraya Basin,stage_reported,value,available,graph route published 9969 non-null 'value' values in the 90-day window,9969,1008,2026-06-08,2026-09-06,False,False,200,2026-09-07T15:27:05.090729Z,recordings/boundary_1373272_both_products.recording.json
577,เก้าเลี้ยว,แม่น้ำปิง,Hydro – Informatics Institute (Public Organization),Ping Basin,discharge_reported,discharge,empty_in_tested_window,graph route answered with a complete time grid carrying no non-null 'discharge' value in the 90-day window; the source states nothing about support,0,1008,2026-06-08,2026-09-06,True,False,200,2026-09-07T15:27:07.193948Z,recordings/boundary_11688546_empty_90d.recording.json
577,เก้าเลี้ยว,แม่น้ำปิง,Hydro – Informatics Institute (Public Organization),Ping Basin,stage_reported,value,available,graph route published 13069 non-null 'value' values in the 90-day window,13069,1008,2026-06-08,2026-09-06,True,False,200,2026-09-07T15:27:07.193948Z,recordings/boundary_1373272_both_products.recording.json
58,เมืองอ่างทอง,แม่น้ำเจ้าพระยา,Hydro – Informatics Institute (Public Organization),Chao Phraya Basin,discharge_reported,discharge,empty_in_tested_window,graph route answered with a complete time grid carrying no non-null 'discharge' value in the 90-day window; the source states nothing about support,0,1008,2026-06-08,2026-09-06,True,False,200,2026-09-07T15:27:09.315126Z,recordings/boundary_11688546_empty_90d.recording.json
58,เมืองอ่างทอง,แม่น้ำเจ้าพระยา,Hydro – Informatics Institute (Public Organization),Chao Phraya Basin,stage_reported,value,available,graph route published 13028 non-null 'value' values in the 90-day window,13028,1008,2026-06-08,2026-09-06,True,False,200,2026-09-07T15:27:09.315126Z,recordings/boundary_1373272_both_products.recording.json
584,พยุหะคีรี,แม่น้ำเจ้าพระยา,Hydro – Informatics Institute (Public Organization),Chao Phraya Basin,discharge_reported,discharge,empty_in_tested_window,graph route answered with a complete time grid carrying no non-null 'discharge' value in the 90-day window; the source states nothing about support,0,1008,2026-06-08,2026-09-06,True,False,200,2026-09-07T15:27:11.433937Z,recordings/boundary_11688546_empty_90d.recording.json
584,พยุหะคีรี,แม่น้ำเจ้าพระยา,Hydro – Informatics Institute (Public Organization),Chao Phraya Basin,stage_reported,value,available,graph route published 13065 non-null 'value' values in the 90-day window,13065,1008,2026-06-08,2026-09-06,True,False,200,2026-09-07T15:27:11.433937Z,recordings/boundary_1373272_both_products.recording.json
587,คลองกลาง,คลองตะกวด,Hydro – Informatics Institute (Public Organization),Sakae Krang Basin,discharge_reported,discharge,empty_in_tested_window,graph route answered with a complete time grid carrying no non-null 'discharge' value in the 90-day window; the source states nothing about support,0,1008,2026-06-08,2026-09-06,True,False,200,2026-09-07T15:27:13.489539Z,recordings/boundary_11688546_empty_90d.recording.json
587,คลองกลาง,คลองตะกวด,Hydro – Informatics Institute (Public Organization),Sakae Krang Basin,stage_reported,value,available,graph route published 13061 non-null 'value' values in the 90-day window,13061,1008,2026-06-08,2026-09-06,True,False,200,2026-09-07T15:27:13.489539Z,recordings/boundary_1373272_both_products.recording.json
592,สะพานแม่เล่ย์,คลองห้วยทราย,Hydro – Informatics Institute (Public Organization),Sakae Krang Basin,discharge_reported,discharge,empty_in_tested_window,graph route answered with a complete time grid carrying no non-null 'discharge' value in the 90-day window; the source states nothing about support,0,1008,2026-06-08,2026-09-06,True,False,200,2026-09-07T15:27:15.380157Z,recordings/boundary_11688546_empty_90d.recording.json
592,สะพานแม่เล่ย์,คลองห้วยทราย,Hydro – Informatics Institute (Public Organization),Sakae Krang Basin,stage_reported,value,available,graph route published 13063 non-null 'value' values in the 90-day window,13063,1008,2026-06-08,2026-09-06,True,False,200,2026-09-07T15:27:15.380157Z,recordings/boundary_1373272_both_products.recording.json
595,เมืองอุทัยธานี,แม่น้ำสะแกกรัง,Hydro – Informatics Institute (Public Organization),Sakae Krang Basin,discharge_reported,discharge,empty_in_tested_window,graph route answered with a complete time grid carrying no non-null 'discharge' value in the 90-day window; the source states nothing about support,0,1008,2026-06-08,2026-09-06,True,False,200,2026-09-07T15:27:17.302044Z,recordings/boundary_11688546_empty_90d.recording.json
595,เมืองอุทัยธานี,แม่น้ำสะแกกรัง,Hydro – Informatics Institute (Public Organization),Sakae Krang Basin,stage_reported,value,available,graph route published 9724 non-null 'value' values in the 90-day window,9724,1008,2026-06-08,2026-09-06,True,False,200,2026-09-07T15:27:17.302044Z,recordings/boundary_1373272_both_products.recording.json
595071,สะพานน้ำแม่สา,น้ำแม่สา,Friend in Need (of “Pa”) Volunteers Foundation,Ping Basin,discharge_reported,discharge,empty_in_tested_window,graph route answered with a complete time grid carrying no non-null 'discharge' value in the 90-day window; the source states nothing about support,0,1008,2026-06-08,2026-09-06,True,False,200,2026-09-07T15:27:19.289370Z,recordings/boundary_11688546_empty_90d.recording.json
595071,สะพานน้ำแม่สา,น้ำแม่สา,Friend in Need (of “Pa”) Volunteers Foundation,Ping Basin,stage_reported,value,available,graph route published 13041 non-null 'value' values in the 90-day window,13041,1008,2026-06-08,2026-09-06,True,False,200,2026-09-07T15:27:19.289370Z,recordings/boundary_1373272_both_products.recording.json
595072,สะพานห้วยแม่ตาช้าง,ห้วยแม่ท่าช้าง,Friend in Need (of “Pa”) Volunteers Foundation,Ping Basin,discharge_reported,discharge,empty_in_tested_window,graph route answered with a complete time grid carrying no non-null 'discharge' value in the 90-day window; the source states nothing about support,0,1008,2026-06-08,2026-09-06,True,False,200,2026-09-07T15:27:21.403215Z,recordings/boundary_11688546_empty_90d.recording.json
595072,สะพานห้วยแม่ตาช้าง,ห้วยแม่ท่าช้าง,Friend in Need (of “Pa”) Volunteers Foundation,Ping Basin,stage_reported,value,available,graph route published 10511 non-null 'value' values in the 90-day window,10511,1008,2026-06-08,2026-09-06,True,False,200,2026-09-07T15:27:21.403215Z,recordings/boundary_1373272_both_products.recording.json
609,เมืองกำแพงเพชร (P7A),แม่น้ำปิง,Hydro – Informatics Institute (Public Organization),Ping Basin,discharge_reported,discharge,empty_in_tested_window,graph route answered with a complete time grid carrying no non-null 'discharge' value in the 90-day window; the source states nothing about support,0,1008,2026-06-08,2026-09-06,True,False,200,2026-09-07T15:27:23.544936Z,recordings/boundary_11688546_empty_90d.recording.json
609,เมืองกำแพงเพชร (P7A),แม่น้ำปิง,Hydro – Informatics Institute (Public Organization),Ping Basin,stage_reported,value,available,graph route published 13067 non-null 'value' values in the 90-day window,13067,1008,2026-06-08,2026-09-06,True,False,200,2026-09-07T15:27:23.544936Z,recordings/boundary_1373272_both_products.recording.json
61,เมืองลพบุรี,แม่น้ำลพบุรี,Hydro – Informatics Institute (Public Organization),Chao Phraya Basin,discharge_reported,discharge,empty_in_tested_window,graph route answered with a complete time grid carrying no non-null 'discharge' value in the 90-day window; the source states nothing about support,0,1008,2026-06-08,2026-09-06,True,False,200,2026-09-07T15:27:25.637075Z,recordings/boundary_11688546_empty_90d.recording.json
61,เมืองลพบุรี,แม่น้ำลพบุรี,Hydro – Informatics Institute (Public Organization),Chao Phraya Basin,stage_reported,value,available,graph route published 13069 non-null 'value' values in the 90-day window,13069,1008,2026-06-08,2026-09-06,True,False,200,2026-09-07T15:27:25.637075Z,recordings/boundary_1373272_both_products.recording.json
610,สะพานลานดอกไม้,แม่น้ำปิง,Hydro – Informatics Institute (Public Organization),Ping Basin,discharge_reported,discharge,empty_in_tested_window,graph route answered with a complete time grid carrying no non-null 'discharge' value in the 90-day window; the source states nothing about support,0,1008,2026-06-08,2026-09-06,True,False,200,2026-09-07T15:27:27.646578Z,recordings/boundary_11688546_empty_90d.recording.json
610,สะพานลานดอกไม้,แม่น้ำปิง,Hydro – Informatics Institute (Public Organization),Ping Basin,stage_reported,value,available,graph route published 13070 non-null 'value' values in the 90-day window,13070,1008,2026-06-08,2026-09-06,True,False,200,2026-09-07T15:27:27.646578Z,recordings/boundary_1373272_both_products.recording.json
611,ท่อทองแดง1,คลองหนองเต่า,Hydro – Informatics Institute (Public Organization),Ping Basin,discharge_reported,discharge,empty_in_tested_window,graph route answered with a complete time grid carrying no non-null 'discharge' value in the 90-day window; the source states nothing about support,0,1008,2026-06-08,2026-09-06,True,False,200,2026-09-07T15:27:29.616613Z,recordings/boundary_11688546_empty_90d.recording.json
611,ท่อทองแดง1,คลองหนองเต่า,Hydro – Informatics Institute (Public Organization),Ping Basin,stage_reported,value,available,graph route published 13069 non-null 'value' values in the 90-day window,13069,1008,2026-06-08,2026-09-06,True,False,200,2026-09-07T15:27:29.616613Z,recordings/boundary_1373272_both_products.recording.json
616,ขาณุวรลักษบุรี,แม่น้ำปิง,Hydro – Informatics Institute (Public Organization),Ping Basin,discharge_reported,discharge,empty_in_tested_window,graph route answered with a complete time grid carrying no non-null 'discharge' value in the 90-day window; the source states nothing about support,0,1008,2026-06-08,2026-09-06,True,False,200,2026-09-07T15:27:31.529348Z,recordings/boundary_11688546_empty_90d.recording.json
616,ขาณุวรลักษบุรี,แม่น้ำปิง,Hydro – Informatics Institute (Public Organization),Ping Basin,stage_reported,value,available,graph route published 13069 non-null 'value' values in the 90-day window,13069,1008,2026-06-08,2026-09-06,True,False,200,2026-09-07T15:27:31.529348Z,recordings/boundary_1373272_both_products.recording.json
618,สะพานแม่วงก์,แม่น้ำแม่วงก์,Hydro – Informatics Institute (Public Organization),Sakae Krang Basin,discharge_reported,discharge,empty_in_tested_window,graph route answered with a complete time grid carrying no non-null 'discharge' value in the 90-day window; the source states nothing about support,0,1008,2026-06-08,2026-09-06,True,False,200,2026-09-07T15:27:33.604291Z,recordings/boundary_11688546_empty_90d.recording.json
618,สะพานแม่วงก์,แม่น้ำแม่วงก์,Hydro – Informatics Institute (Public Organization),Sakae Krang Basin,stage_reported,value,available,graph route published 13066 non-null 'value' values in the 90-day window,13066,1008,2026-06-08,2026-09-06,True,False,200,2026-09-07T15:27:33.604291Z,recordings/boundary_1373272_both_products.recording.json
619,สะพานต้นน้ำ (เกาะแก้ว-ตลิ่งสูง),แม่น้ำแม่วงก์,Hydro – Informatics Institute (Public Organization),Sakae Krang Basin,discharge_reported,discharge,empty_in_tested_window,graph route answered with a complete time grid carrying no non-null 'discharge' value in the 90-day window; the source states nothing about support,0,1008,2026-06-08,2026-09-06,True,False,200,2026-09-07T15:27:35.710598Z,recordings/boundary_11688546_empty_90d.recording.json
619,สะพานต้นน้ำ (เกาะแก้ว-ตลิ่งสูง),แม่น้ำแม่วงก์,Hydro – Informatics Institute (Public Organization),Sakae Krang Basin,stage_reported,value,available,graph route published 13061 non-null 'value' values in the 90-day window,13061,1008,2026-06-08,2026-09-06,True,False,200,2026-09-07T15:27:35.710598Z,recordings/boundary_1373272_both_products.recording.json
628,บ้านตาก,แม่น้ำปิง,Hydro – Informatics Institute (Public Organization),Ping Basin,discharge_reported,discharge,empty_in_tested_window,graph route answered with a complete time grid carrying no non-null 'discharge' value in the 90-day window; the source states nothing about support,0,1008,2026-06-08,2026-09-06,True,False,200,2026-09-07T15:27:37.692329Z,recordings/boundary_11688546_empty_90d.recording.json
628,บ้านตาก,แม่น้ำปิง,Hydro – Informatics Institute (Public Organization),Ping Basin,stage_reported,value,available,graph route published 13070 non-null 'value' values in the 90-day window,13070,1008,2026-06-08,2026-09-06,True,False,200,2026-09-07T15:27:37.692329Z,recordings/boundary_1373272_both_products.recording.json
630,สามเงา,แม่น้ำวัง,Hydro – Informatics Institute (Public Organization),Wang Basin,discharge_reported,discharge,empty_in_tested_window,graph route answered with a complete time grid carrying no non-null 'discharge' value in the 90-day window; the source states nothing about support,0,1008,2026-06-08,2026-09-06,True,False,200,2026-09-07T15:27:39.680498Z,recordings/boundary_11688546_empty_90d.recording.json
630,สามเงา,แม่น้ำวัง,Hydro – Informatics Institute (Public Organization),Wang Basin,stage_reported,value,available,graph route published 13070 non-null 'value' values in the 90-day window,13070,1008,2026-06-08,2026-09-06,True,False,200,2026-09-07T15:27:39.680498Z,recordings/boundary_1373272_both_products.recording.json
632505,บ้านแก่งบัวคำ,น้ำแควน้อย,Royal Irrigation Department,Nan Basin,discharge_reported,discharge,available,graph route published 161 non-null 'discharge' values in the 7-day window,161,168,2026-08-31,2026-09-06,True,True,200,2026-09-07T15:27:40.744892Z,recordings/boundary_1373272_both_products.recording.json
632505,บ้านแก่งบัวคำ,น้ำแควน้อย,Royal Irrigation Department,Nan Basin,stage_reported,value,available,graph route published 161 non-null 'value' values in the 7-day window,161,168,2026-08-31,2026-09-06,True,True,200,2026-09-07T15:27:40.744892Z,recordings/boundary_1373272_both_products.recording.json
632511,ต.น้ำปาด,น้ำปาด,Royal Irrigation Department,Nan Basin,discharge_reported,discharge,available,graph route published 161 non-null 'discharge' values in the 7-day window,161,168,2026-08-31,2026-09-06,True,True,200,2026-09-07T15:27:41.808020Z,recordings/boundary_1373272_both_products.recording.json
632511,ต.น้ำปาด,น้ำปาด,Royal Irrigation Department,Nan Basin,stage_reported,value,available,graph route published 161 non-null 'value' values in the 7-day window,161,168,2026-08-31,2026-09-06,True,True,200,2026-09-07T15:27:41.808020Z,recordings/boundary_1373272_both_products.recording.json
638,เมืองตาก,แม่น้ำปิง,Hydro – Informatics Institute (Public Organization),Ping Basin,discharge_reported,discharge,empty_in_tested_window,graph route answered with a complete time grid carrying no non-null 'discharge' value in the 90-day window; the source states nothing about support,0,1008,2026-06-08,2026-09-06,True,False,200,2026-09-07T15:27:43.857180Z,recordings/boundary_11688546_empty_90d.recording.json
638,เมืองตาก,แม่น้ำปิง,Hydro – Informatics Institute (Public Organization),Ping Basin,stage_reported,value,available,graph route published 13070 non-null 'value' values in the 90-day window,13070,1008,2026-06-08,2026-09-06,True,False,200,2026-09-07T15:27:43.857180Z,recordings/boundary_1373272_both_products.recording.json
638734,คลองแม่รำพัน 1,คลองแม่รำพัน,Friend in Need (of “Pa”) Volunteers Foundation,Yom Basin,discharge_reported,discharge,empty_in_tested_window,graph route answered with a complete time grid carrying no non-null 'discharge' value in the 90-day window; the source states nothing about support,0,1008,2026-06-08,2026-09-06,True,False,200,2026-09-07T15:27:45.897614Z,recordings/boundary_11688546_empty_90d.recording.json
638734,คลองแม่รำพัน 1,คลองแม่รำพัน,Friend in Need (of “Pa”) Volunteers Foundation,Yom Basin,stage_reported,value,available,graph route published 12767 non-null 'value' values in the 90-day window,12767,1008,2026-06-08,2026-09-06,True,False,200,2026-09-07T15:27:45.897614Z,recordings/boundary_1373272_both_products.recording.json
640,เมืองสุโขทัย,แม่น้ำยม,Hydro – Informatics Institute (Public Organization),Yom Basin,discharge_reported,discharge,empty_in_tested_window,graph route answered with a complete time grid carrying no non-null 'discharge' value in the 90-day window; the source states nothing about support,0,1008,2026-06-08,2026-09-06,True,False,200,2026-09-07T15:27:47.990740Z,recordings/boundary_11688546_empty_90d.recording.json
640,เมืองสุโขทัย,แม่น้ำยม,Hydro – Informatics Institute (Public Organization),Yom Basin,stage_reported,value,available,graph route published 12621 non-null 'value' values in the 90-day window,12621,1008,2026-06-08,2026-09-06,True,False,200,2026-09-07T15:27:47.990740Z,recordings/boundary_1373272_both_products.recording.json
642740,สะพานห้วยแม่สาว,น้ำแม่สาว,Friend in Need (of “Pa”) Volunteers Foundation,North Khong Basin,discharge_reported,discharge,empty_in_tested_window,graph route answered with a complete time grid carrying no non-null 'discharge' value in the 90-day window; the source states nothing about support,0,1008,2026-06-08,2026-09-06,True,False,200,2026-09-07T15:27:50.017742Z,recordings/boundary_11688546_empty_90d.recording.json
642740,สะพานห้วยแม่สาว,น้ำแม่สาว,Friend in Need (of “Pa”) Volunteers Foundation,North Khong Basin,stage_reported,value,available,graph route published 13033 non-null 'value' values in the 90-day window,13033,1008,2026-06-08,2026-09-06,True,False,200,2026-09-07T15:27:50.017742Z,recordings/boundary_1373272_both_products.recording.json
642750,สะพานแม่น้ำน่าน บ้านเปียงก่อ,น้ำราง,Friend in Need (of “Pa”) Volunteers Foundation,Nan Basin,discharge_reported,discharge,empty_in_tested_window,graph route answered with a complete time grid carrying no non-null 'discharge' value in the 90-day window; the source states nothing about support,0,1008,2026-06-08,2026-09-06,True,False,200,2026-09-07T15:27:52.136928Z,recordings/boundary_11688546_empty_90d.recording.json
642750,สะพานแม่น้ำน่าน บ้านเปียงก่อ,น้ำราง,Friend in Need (of “Pa”) Volunteers Foundation,Nan Basin,stage_reported,value,available,graph route published 13020 non-null 'value' values in the 90-day window,13020,1008,2026-06-08,2026-09-06,True,False,200,2026-09-07T15:27:52.136928Z,recordings/boundary_1373272_both_products.recording.json
642753,สะพานน้ำขว้าง บ้านร้องแง,น้ำขว้าง,Friend in Need (of “Pa”) Volunteers Foundation,Nan Basin,discharge_reported,discharge,empty_in_tested_window,graph route answered with a complete time grid carrying no non-null 'discharge' value in the 90-day window; the source states nothing about support,0,1008,2026-06-08,2026-09-06,True,False,200,2026-09-07T15:27:54.126799Z,recordings/boundary_11688546_empty_90d.recording.json
642753,สะพานน้ำขว้าง บ้านร้องแง,น้ำขว้าง,Friend in Need (of “Pa”) Volunteers Foundation,Nan Basin,stage_reported,value,available,graph route published 13016 non-null 'value' values in the 90-day window,13016,1008,2026-06-08,2026-09-06,True,False,200,2026-09-07T15:27:54.126799Z,recordings/boundary_1373272_both_products.recording.json
645,กงไกรลาศ,แม่น้ำยม,Hydro – Informatics Institute (Public Organization),Yom Basin,discharge_reported,discharge,empty_in_tested_window,graph route answered with a complete time grid carrying no non-null 'discharge' value in the 90-day window; the source states nothing about support,0,1008,2026-06-08,2026-09-06,True,False,200,2026-09-07T15:27:56.104371Z,recordings/boundary_11688546_empty_90d.recording.json
645,กงไกรลาศ,แม่น้ำยม,Hydro – Informatics Institute (Public Organization),Yom Basin,stage_reported,value,available,graph route published 12961 non-null 'value' values in the 90-day window,12961,1008,2026-06-08,2026-09-06,True,False,200,2026-09-07T15:27:56.104371Z,recordings/boundary_1373272_both_products.recording.json
647,ศรีสัชนาลัย,แม่น้ำยม,Hydro – Informatics Institute (Public Organization),Yom Basin,discharge_reported,discharge,empty_in_tested_window,graph route answered with a complete time grid carrying no non-null 'discharge' value in the 90-day window; the source states nothing about support,0,1008,2026-06-08,2026-09-06,True,False,200,2026-09-07T15:27:58.150676Z,recordings/boundary_11688546_empty_90d.recording.json
647,ศรีสัชนาลัย,แม่น้ำยม,Hydro – Informatics Institute (Public Organization),Yom Basin,stage_reported,value,available,graph route published 13066 non-null 'value' values in the 90-day window,13066,1008,2026-06-08,2026-09-06,True,False,200,2026-09-07T15:27:58.150676Z,recordings/boundary_1373272_both_products.recording.json
648042,สะพานน้ำยาว บ้านสองแคว,น้ำยาว,Friend in Need (of “Pa”) Volunteers Foundation,Nan Basin,discharge_reported,discharge,empty_in_tested_window,graph route answered with a complete time grid carrying no non-null 'discharge' value in the 90-day window; the source states nothing about support,0,1008,2026-06-08,2026-09-06,True,False,200,2026-09-07T15:28:00.164010Z,recordings/boundary_11688546_empty_90d.recording.json
648042,สะพานน้ำยาว บ้านสองแคว,น้ำยาว,Friend in Need (of “Pa”) Volunteers Foundation,Nan Basin,stage_reported,value,available,graph route published 13062 non-null 'value' values in the 90-day window,13062,1008,2026-06-08,2026-09-06,True,False,200,2026-09-07T15:28:00.164010Z,recordings/boundary_1373272_both_products.recording.json
653,สวรรคโลก,แม่น้ำยม,Hydro – Informatics Institute (Public Organization),Yom Basin,discharge_reported,discharge,empty_in_tested_window,graph route answered with a complete time grid carrying no non-null 'discharge' value in the 90-day window; the source states nothing about support,0,1008,2026-06-08,2026-09-06,True,False,200,2026-09-07T15:28:02.201718Z,recordings/boundary_11688546_empty_90d.recording.json
653,สวรรคโลก,แม่น้ำยม,Hydro – Informatics Institute (Public Organization),Yom Basin,stage_reported,value,available,graph route published 12934 non-null 'value' values in the 90-day window,12934,1008,2026-06-08,2026-09-06,True,False,200,2026-09-07T15:28:02.201718Z,recordings/boundary_1373272_both_products.recording.json
657,เมืองพิษณุโลก,แม่น้ำน่าน,Hydro – Informatics Institute (Public Organization),Nan Basin,discharge_reported,discharge,empty_in_tested_window,graph route answered with a complete time grid carrying no non-null 'discharge' value in the 90-day window; the source states nothing about support,0,1008,2026-06-08,2026-09-06,True,False,200,2026-09-07T15:28:04.237901Z,recordings/boundary_11688546_empty_90d.recording.json
657,เมืองพิษณุโลก,แม่น้ำน่าน,Hydro – Informatics Institute (Public Organization),Nan Basin,stage_reported,value,available,graph route published 13070 non-null 'value' values in the 90-day window,13070,1008,2026-06-08,2026-09-06,True,False,200,2026-09-07T15:28:04.237901Z,recordings/boundary_1373272_both_products.recording.json
658,คลองผันน้ำยม-น่าน4,แม่น้ำน่าน,Hydro – Informatics Institute (Public Organization),Yom Basin,discharge_reported,discharge,empty_in_tested_window,graph route answered with a complete time grid carrying no non-null 'discharge' value in the 90-day window; the source states nothing about support,0,1008,2026-06-08,2026-09-06,True,False,200,2026-09-07T15:28:06.341150Z,recordings/boundary_11688546_empty_90d.recording.json
658,คลองผันน้ำยม-น่าน4,แม่น้ำน่าน,Hydro – Informatics Institute (Public Organization),Yom Basin,stage_reported,value,available,graph route published 13069 non-null 'value' values in the 90-day window,13069,1008,2026-06-08,2026-09-06,True,False,200,2026-09-07T15:28:06.341150Z,recordings/boundary_1373272_both_products.recording.json
661,นครไทย,น้ำแควน้อย,Hydro – Informatics Institute (Public Organization),Nan Basin,discharge_reported,discharge,empty_in_tested_window,graph route answered with a complete time grid carrying no non-null 'discharge' value in the 90-day window; the source states nothing about support,0,1008,2026-06-08,2026-09-06,True,False,200,2026-09-07T15:28:08.305371Z,recordings/boundary_11688546_empty_90d.recording.json
661,นครไทย,น้ำแควน้อย,Hydro – Informatics Institute (Public Organization),Nan Basin,stage_reported,value,available,graph route published 13070 non-null 'value' values in the 90-day window,13070,1008,2026-06-08,2026-09-06,True,False,200,2026-09-07T15:28:08.305371Z,recordings/boundary_1373272_both_products.recording.json
664,บางระกำ,แม่น้ำยม,Hydro – Informatics Institute (Public Organization),Yom Basin,discharge_reported,discharge,empty_in_tested_window,graph route answered with a complete time grid carrying no non-null 'discharge' value in the 90-day window; the source states nothing about support,0,1008,2026-06-08,2026-09-06,True,False,200,2026-09-07T15:28:10.306247Z,recordings/boundary_11688546_empty_90d.recording.json
664,บางระกำ,แม่น้ำยม,Hydro – Informatics Institute (Public Organization),Yom Basin,stage_reported,value,available,graph route published 12954 non-null 'value' values in the 90-day window,12954,1008,2026-06-08,2026-09-06,True,False,200,2026-09-07T15:28:10.306247Z,recordings/boundary_1373272_both_products.recording.json
665,ชุมแสงสงคราม,แม่น้ำยม,Hydro – Informatics Institute (Public Organization),Yom Basin,discharge_reported,discharge,empty_in_tested_window,graph route answered with a complete time grid carrying no non-null 'discharge' value in the 90-day window; the source states nothing about support,0,1008,2026-06-08,2026-09-06,True,False,200,2026-09-07T15:28:12.381342Z,recordings/boundary_11688546_empty_90d.recording.json
665,ชุมแสงสงคราม,แม่น้ำยม,Hydro – Informatics Institute (Public Organization),Yom Basin,stage_reported,value,available,graph route published 13069 non-null 'value' values in the 90-day window,13069,1008,2026-06-08,2026-09-06,True,False,200,2026-09-07T15:28:12.381342Z,recordings/boundary_1373272_both_products.recording.json
667,บางกระทุ่ม,แม่น้ำน่าน,Hydro – Informatics Institute (Public Organization),Nan Basin,discharge_reported,discharge,empty_in_tested_window,graph route answered with a complete time grid carrying no non-null 'discharge' value in the 90-day window; the source states nothing about support,0,1008,2026-06-08,2026-09-06,True,False,200,2026-09-07T15:28:14.474794Z,recordings/boundary_11688546_empty_90d.recording.json
667,บางกระทุ่ม,แม่น้ำน่าน,Hydro – Informatics Institute (Public Organization),Nan Basin,stage_reported,value,available,graph route published 13067 non-null 'value' values in the 90-day window,13067,1008,2026-06-08,2026-09-06,True,False,200,2026-09-07T15:28:14.474794Z,recordings/boundary_1373272_both_products.recording.json
668,สะพานนครป่าหมากร่วมใจ,คลองโกรงเกรง,Hydro – Informatics Institute (Public Organization),Nan Basin,discharge_reported,discharge,empty_in_tested_window,graph route answered with a complete time grid carrying no non-null 'discharge' value in the 90-day window; the source states nothing about support,0,1008,2026-06-08,2026-09-06,True,False,200,2026-09-07T15:28:16.534724Z,recordings/boundary_11688546_empty_90d.recording.json
668,สะพานนครป่าหมากร่วมใจ,คลองโกรงเกรง,Hydro – Informatics Institute (Public Organization),Nan Basin,stage_reported,value,available,graph route published 13065 non-null 'value' values in the 90-day window,13065,1008,2026-06-08,2026-09-06,True,False,200,2026-09-07T15:28:16.534724Z,recordings/boundary_1373272_both_products.recording.json
670714,ลำน้ำกวงสะพานศรีดอนชัย,น้ำแม่กวง,Friend in Need (of “Pa”) Volunteers Foundation,Ping Basin,discharge_reported,discharge,empty_in_tested_window,graph route answered with a complete time grid carrying no non-null 'discharge' value in the 90-day window; the source states nothing about support,0,1008,2026-06-08,2026-09-06,True,False,200,2026-09-07T15:28:18.664594Z,recordings/boundary_11688546_empty_90d.recording.json
670714,ลำน้ำกวงสะพานศรีดอนชัย,น้ำแม่กวง,Friend in Need (of “Pa”) Volunteers Foundation,Ping Basin,stage_reported,value,available,graph route published 13021 non-null 'value' values in the 90-day window,13021,1008,2026-06-08,2026-09-06,True,False,200,2026-09-07T15:28:18.664594Z,recordings/boundary_1373272_both_products.recording.json
670715,ลำน้ำสานบ้านทุ่งยาวเหนือ,น้ำแม่สาร,Friend in Need (of “Pa”) Volunteers Foundation,Ping Basin,discharge_reported,discharge,empty_in_tested_window,graph route answered with a complete time grid carrying no non-null 'discharge' value in the 90-day window; the source states nothing about support,0,1008,2026-06-08,2026-09-06,True,False,200,2026-09-07T15:28:20.633559Z,recordings/boundary_11688546_empty_90d.recording.json
670715,ลำน้ำสานบ้านทุ่งยาวเหนือ,น้ำแม่สาร,Friend in Need (of “Pa”) Volunteers Foundation,Ping Basin,stage_reported,value,available,graph route published 13029 non-null 'value' values in the 90-day window,13029,1008,2026-06-08,2026-09-06,True,False,200,2026-09-07T15:28:20.633559Z,recordings/boundary_1373272_both_products.recording.json
671,คลองผันน้ำยม-น่าน2,คลองเมม,Hydro – Informatics Institute (Public Organization),Yom Basin,discharge_reported,discharge,empty_in_tested_window,graph route answered with a complete time grid carrying no non-null 'discharge' value in the 90-day window; the source states nothing about support,0,1008,2026-06-08,2026-09-06,True,False,200,2026-09-07T15:28:22.744749Z,recordings/boundary_11688546_empty_90d.recording.json
671,คลองผันน้ำยม-น่าน2,คลองเมม,Hydro – Informatics Institute (Public Organization),Yom Basin,stage_reported,value,available,graph route published 13066 non-null 'value' values in the 90-day window,13066,1008,2026-06-08,2026-09-06,True,False,200,2026-09-07T15:28:22.744749Z,recordings/boundary_1373272_both_products.recording.json
675,วังทอง,แม่น้ำวังทอง,Hydro – Informatics Institute (Public Organization),Nan Basin,discharge_reported,discharge,empty_in_tested_window,graph route answered with a complete time grid carrying no non-null 'discharge' value in the 90-day window; the source states nothing about support,0,1008,2026-06-08,2026-09-06,True,False,200,2026-09-07T15:28:24.845040Z,recordings/boundary_11688546_empty_90d.recording.json
675,วังทอง,แม่น้ำวังทอง,Hydro – Informatics Institute (Public Organization),Nan Basin,stage_reported,value,available,graph route published 13065 non-null 'value' values in the 90-day window,13065,1008,2026-06-08,2026-09-06,True,False,200,2026-09-07T15:28:24.845040Z,recordings/boundary_1373272_both_products.recording.json
676,แม่น้ำเข็ก (ว้งทอง),น้ำเข็ก,Hydro – Informatics Institute (Public Organization),Nan Basin,discharge_reported,discharge,empty_in_tested_window,graph route answered with a complete time grid carrying no non-null 'discharge' value in the 90-day window; the source states nothing about support,0,1008,2026-06-08,2026-09-06,True,False,200,2026-09-07T15:28:26.878036Z,recordings/boundary_11688546_empty_90d.recording.json
676,แม่น้ำเข็ก (ว้งทอง),น้ำเข็ก,Hydro – Informatics Institute (Public Organization),Nan Basin,stage_reported,value,available,graph route published 12726 non-null 'value' values in the 90-day window,12726,1008,2026-06-08,2026-09-06,True,False,200,2026-09-07T15:28:26.878036Z,recordings/boundary_1373272_both_products.recording.json
68,พรหมบุรี,แม่น้ำเจ้าพระยา,Hydro – Informatics Institute (Public Organization),Chao Phraya Basin,discharge_reported,discharge,empty_in_tested_window,graph route answered with a complete time grid carrying no non-null 'discharge' value in the 90-day window; the source states nothing about support,0,1008,2026-06-08,2026-09-06,True,False,200,2026-09-07T15:28:28.921914Z,recordings/boundary_11688546_empty_90d.recording.json
68,พรหมบุรี,แม่น้ำเจ้าพระยา,Hydro – Informatics Institute (Public Organization),Chao Phraya Basin,stage_reported,value,available,graph route published 13013 non-null 'value' values in the 90-day window,13013,1008,2026-06-08,2026-09-06,True,False,200,2026-09-07T15:28:28.921914Z,recordings/boundary_1373272_both_products.recording.json
680,โพธิ์ประทับช้าง,แม่น้ำยม,Hydro – Informatics Institute (Public Organization),Yom Basin,discharge_reported,discharge,empty_in_tested_window,graph route answered with a complete time grid carrying no non-null 'discharge' value in the 90-day window; the source states nothing about support,0,1008,2026-06-08,2026-09-06,True,False,200,2026-09-07T15:28:30.808003Z,recordings/boundary_11688546_empty_90d.recording.json
680,โพธิ์ประทับช้าง,แม่น้ำยม,Hydro – Informatics Institute (Public Organization),Yom Basin,stage_reported,value,available,graph route published 13064 non-null 'value' values in the 90-day window,13064,1008,2026-06-08,2026-09-06,True,False,200,2026-09-07T15:28:30.808003Z,recordings/boundary_1373272_both_products.recording.json
683,ตะพานหิน,แม่น้ำน่าน,Hydro – Informatics Institute (Public Organization),Nan Basin,discharge_reported,discharge,empty_in_tested_window,graph route answered with a complete time grid carrying no non-null 'discharge' value in the 90-day window; the source states nothing about support,0,1008,2026-06-08,2026-09-06,True,False,200,2026-09-07T15:28:32.870349Z,recordings/boundary_11688546_empty_90d.recording.json
683,ตะพานหิน,แม่น้ำน่าน,Hydro – Informatics Institute (Public Organization),Nan Basin,stage_reported,value,available,graph route published 13070 non-null 'value' values in the 90-day window,13070,1008,2026-06-08,2026-09-06,True,False,200,2026-09-07T15:28:32.870349Z,recordings/boundary_1373272_both_products.recording.json
685637,สะพานน้ำกอน บ้านพญาแก้ว,น้ำกอน,Friend in Need (of “Pa”) Volunteers Foundation,Nan Basin,discharge_reported,discharge,empty_in_tested_window,graph route answered with a complete time grid carrying no non-null 'discharge' value in the 90-day window; the source states nothing about support,0,1008,2026-06-08,2026-09-06,True,False,200,2026-09-07T15:28:34.896167Z,recordings/boundary_11688546_empty_90d.recording.json
685637,สะพานน้ำกอน บ้านพญาแก้ว,น้ำกอน,Friend in Need (of “Pa”) Volunteers Foundation,Nan Basin,stage_reported,value,available,graph route published 13023 non-null 'value' values in the 90-day window,13023,1008,2026-06-08,2026-09-06,True,False,200,2026-09-07T15:28:34.896167Z,recordings/boundary_1373272_both_products.recording.json
685638,สะพานแม่น้ำว้า บ้านบ่อหยวก,น้ำว้า,Friend in Need (of “Pa”) Volunteers Foundation,Nan Basin,discharge_reported,discharge,empty_in_tested_window,graph route answered with a complete time grid carrying no non-null 'discharge' value in the 90-day window; the source states nothing about support,0,1008,2026-06-08,2026-09-06,False,False,200,2026-09-07T15:28:36.987529Z,recordings/boundary_11688546_empty_90d.recording.json
685638,สะพานแม่น้ำว้า บ้านบ่อหยวก,น้ำว้า,Friend in Need (of “Pa”) Volunteers Foundation,Nan Basin,stage_reported,value,available,graph route published 8486 non-null 'value' values in the 90-day window,8486,1008,2026-06-08,2026-09-06,False,False,200,2026-09-07T15:28:36.987529Z,recordings/boundary_1373272_both_products.recording.json
685643,สะพานห้วยน้ำสาย,น้ำสบสาย,Friend in Need (of “Pa”) Volunteers Foundation,Nan Basin,discharge_reported,discharge,empty_in_tested_window,graph route answered with a complete time grid carrying no non-null 'discharge' value in the 90-day window; the source states nothing about support,0,1008,2026-06-08,2026-09-06,True,False,200,2026-09-07T15:28:39.012677Z,recordings/boundary_11688546_empty_90d.recording.json
685643,สะพานห้วยน้ำสาย,น้ำสบสาย,Friend in Need (of “Pa”) Volunteers Foundation,Nan Basin,stage_reported,value,available,graph route published 12802 non-null 'value' values in the 90-day window,12802,1008,2026-06-08,2026-09-06,True,False,200,2026-09-07T15:28:39.012677Z,recordings/boundary_1373272_both_products.recording.json
685650,สะพานน้ำว้า บ้านน้ำว้า,แม่น้ำน้ำว้า,Friend in Need (of “Pa”) Volunteers Foundation,Nan Basin,discharge_reported,discharge,empty_in_tested_window,graph route answered with a complete time grid carrying no non-null 'discharge' value in the 90-day window; the source states nothing about support,0,1008,2026-06-08,2026-09-06,True,False,200,2026-09-07T15:28:41.060496Z,recordings/boundary_11688546_empty_90d.recording.json
685650,สะพานน้ำว้า บ้านน้ำว้า,แม่น้ำน้ำว้า,Friend in Need (of “Pa”) Volunteers Foundation,Nan Basin,stage_reported,value,available,graph route published 11628 non-null 'value' values in the 90-day window,11628,1008,2026-06-08,2026-09-06,True,False,200,2026-09-07T15:28:41.060496Z,recordings/boundary_1373272_both_products.recording.json
685653,สะพานห้วยแม่ถาบ้านปาหุ่ง,ห้วยแม่ถา,Friend in Need (of “Pa”) Volunteers Foundation,Nan Basin,discharge_reported,discharge,empty_in_tested_window,graph route answered with a complete time grid carrying no non-null 'discharge' value in the 90-day window; the source states nothing about support,0,1008,2026-06-08,2026-09-06,True,False,200,2026-09-07T15:28:42.995536Z,recordings/boundary_11688546_empty_90d.recording.json
685653,สะพานห้วยแม่ถาบ้านปาหุ่ง,ห้วยแม่ถา,Friend in Need (of “Pa”) Volunteers Foundation,Nan Basin,stage_reported,value,available,graph route published 12970 non-null 'value' values in the 90-day window,12970,1008,2026-06-08,2026-09-06,True,False,200,2026-09-07T15:28:42.995536Z,recordings/boundary_1373272_both_products.recording.json
685658,สะพานน้ำมวบ บ้านน้ำมวบ,น้ำมวบ,Friend in Need (of “Pa”) Volunteers Foundation,Nan Basin,discharge_reported,discharge,empty_in_tested_window,graph route answered with a complete time grid carrying no non-null 'discharge' value in the 90-day window; the source states nothing about support,0,1008,2026-06-08,2026-09-06,True,False,200,2026-09-07T15:28:45.028958Z,recordings/boundary_11688546_empty_90d.recording.json
685658,สะพานน้ำมวบ บ้านน้ำมวบ,น้ำมวบ,Friend in Need (of “Pa”) Volunteers Foundation,Nan Basin,stage_reported,value,available,graph route published 12628 non-null 'value' values in the 90-day window,12628,1008,2026-06-08,2026-09-06,True,False,200,2026-09-07T15:28:45.028958Z,recordings/boundary_1373272_both_products.recording.json
685678,สะพานแม่ตื่น,แม่น้ำตื่น,Friend in Need (of “Pa”) Volunteers Foundation,Ping Basin,discharge_reported,discharge,empty_in_tested_window,graph route answered with a complete time grid carrying no non-null 'discharge' value in the 90-day window; the source states nothing about support,0,1008,2026-06-08,2026-09-06,True,False,200,2026-09-07T15:28:47.112165Z,recordings/boundary_11688546_empty_90d.recording.json
685678,สะพานแม่ตื่น,แม่น้ำตื่น,Friend in Need (of “Pa”) Volunteers Foundation,Ping Basin,stage_reported,value,available,graph route published 4129 non-null 'value' values in the 90-day window,4129,1008,2026-06-08,2026-09-06,True,False,200,2026-09-07T15:28:47.112165Z,recordings/boundary_1373272_both_products.recording.json
691,เมืองเพชรบูรณ์,แม่น้ำป่าสัก,Hydro – Informatics Institute (Public Organization),Pasak Basin,discharge_reported,discharge,empty_in_tested_window,graph route answered with a complete time grid carrying no non-null 'discharge' value in the 90-day window; the source states nothing about support,0,1008,2026-06-08,2026-09-06,True,False,200,2026-09-07T15:28:49.150874Z,recordings/boundary_11688546_empty_90d.recording.json
691,เมืองเพชรบูรณ์,แม่น้ำป่าสัก,Hydro – Informatics Institute (Public Organization),Pasak Basin,stage_reported,value,available,graph route published 13037 non-null 'value' values in the 90-day window,13037,1008,2026-06-08,2026-09-06,True,False,200,2026-09-07T15:28:49.150874Z,recordings/boundary_1373272_both_products.recording.json
693,หล่มสัก,แม่น้ำป่าสัก,Hydro – Informatics Institute (Public Organization),Pasak Basin,discharge_reported,discharge,empty_in_tested_window,graph route answered with a complete time grid carrying no non-null 'discharge' value in the 90-day window; the source states nothing about support,0,1008,2026-06-08,2026-09-06,True,False,200,2026-09-07T15:28:51.192321Z,recordings/boundary_11688546_empty_90d.recording.json
693,หล่มสัก,แม่น้ำป่าสัก,Hydro – Informatics Institute (Public Organization),Pasak Basin,stage_reported,value,available,graph route published 13069 non-null 'value' values in the 90-day window,13069,1008,2026-06-08,2026-09-06,True,False,200,2026-09-07T15:28:51.192321Z,recordings/boundary_1373272_both_products.recording.json
700,หนองไผ่,แม่น้ำป่าสัก,Hydro – Informatics Institute (Public Organization),Pasak Basin,discharge_reported,discharge,empty_in_tested_window,graph route answered with a complete time grid carrying no non-null 'discharge' value in the 90-day window; the source states nothing about support,0,1008,2026-06-08,2026-09-06,True,False,200,2026-09-07T15:28:53.229110Z,recordings/boundary_11688546_empty_90d.recording.json
700,หนองไผ่,แม่น้ำป่าสัก,Hydro – Informatics Institute (Public Organization),Pasak Basin,stage_reported,value,available,graph route published 13069 non-null 'value' values in the 90-day window,13069,1008,2026-06-08,2026-09-06,True,False,200,2026-09-07T15:28:53.229110Z,recordings/boundary_1373272_both_products.recording.json
700551,เขื่อนท่าทุ่งนา,อ่างเก็บน้ำท่าทุ่งนา,Electricity Generating Authority of Thailand,Mae Klong Basin,discharge_reported,discharge,empty_in_tested_window,graph route answered with a complete time grid carrying no non-null 'discharge' value in the 90-day window; the source states nothing about support,0,168,2026-06-08,2026-09-06,True,False,200,2026-09-07T15:28:54.340433Z,recordings/boundary_11688546_empty_90d.recording.json
700551,เขื่อนท่าทุ่งนา,อ่างเก็บน้ำท่าทุ่งนา,Electricity Generating Authority of Thailand,Mae Klong Basin,stage_reported,value,available,graph route published 2163 non-null 'value' values in the 90-day window,2163,168,2026-06-08,2026-09-06,True,False,200,2026-09-07T15:28:54.340433Z,recordings/boundary_1373272_both_products.recording.json
700552,บ้านหนองบัว (K.35A),แม่น้ำแควใหญ่,Electricity Generating Authority of Thailand,Mae Klong Basin,discharge_reported,discharge,available,graph route published 168 non-null 'discharge' values in the 7-day window,168,168,2026-08-31,2026-09-06,True,True,200,2026-09-07T15:28:55.476502Z,recordings/boundary_1373272_both_products.recording.json
700552,บ้านหนองบัว (K.35A),แม่น้ำแควใหญ่,Electricity Generating Authority of Thailand,Mae Klong Basin,stage_reported,value,available,graph route published 168 non-null 'value' values in the 7-day window,168,168,2026-08-31,2026-09-06,True,True,200,2026-09-07T15:28:55.476502Z,recordings/boundary_1373272_both_products.recording.json
700553,วัดไชยชุมพลชนะสงคราม (วัดใต้),แม่น้ำแม่กลอง,Electricity Generating Authority of Thailand,Mae Klong Basin,discharge_reported,discharge,empty_in_tested_window,graph route answered with a complete time grid carrying no non-null 'discharge' value in the 90-day window; the source states nothing about support,0,168,2026-06-08,2026-09-06,True,False,200,2026-09-07T15:28:56.609498Z,recordings/boundary_11688546_empty_90d.recording.json
700553,วัดไชยชุมพลชนะสงคราม (วัดใต้),แม่น้ำแม่กลอง,Electricity Generating Authority of Thailand,Mae Klong Basin,stage_reported,value,available,graph route published 2161 non-null 'value' values in the 90-day window,2161,168,2026-06-08,2026-09-06,True,False,200,2026-09-07T15:28:56.609498Z,recordings/boundary_1373272_both_products.recording.json
700555,วัดหนองปรือ,ลำตะเพิน,Electricity Generating Authority of Thailand,Mae Klong Basin,discharge_reported,discharge,available,graph route published 161 non-null 'discharge' values in the 7-day window,161,168,2026-08-31,2026-09-06,True,True,200,2026-09-07T15:28:57.684197Z,recordings/boundary_1373272_both_products.recording.json
700555,วัดหนองปรือ,ลำตะเพิน,Electricity Generating Authority of Thailand,Mae Klong Basin,stage_reported,value,available,graph route published 161 non-null 'value' values in the 7-day window,161,168,2026-08-31,2026-09-06,True,True,200,2026-09-07T15:28:57.684197Z,recordings/boundary_1373272_both_products.recording.json
700556,โรงเรียนบ้านทุ่งนานางหรอก,ลำตะเพิน,Electricity Generating Authority of Thailand,Mae Klong Basin,discharge_reported,discharge,available,graph route published 168 non-null 'discharge' values in the 7-day window,168,168,2026-08-31,2026-09-06,True,True,200,2026-09-07T15:28:58.809149Z,recordings/boundary_1373272_both_products.recording.json
700556,โรงเรียนบ้านทุ่งนานางหรอก,ลำตะเพิน,Electricity Generating Authority of Thailand,Mae Klong Basin,stage_reported,value,available,graph route published 168 non-null 'value' values in the 7-day window,168,168,2026-08-31,2026-09-06,True,True,200,2026-09-07T15:28:58.809149Z,recordings/boundary_1373272_both_products.recording.json
700559,หน่วยพิทักษ์ป่าเขาบันได,ห้วยแม่ดี,Electricity Generating Authority of Thailand,Mae Klong Basin,discharge_reported,discharge,empty_in_tested_window,graph route answered with a complete time grid carrying no non-null 'discharge' value in the 90-day window; the source states nothing about support,0,168,2026-06-08,2026-09-06,True,False,200,2026-09-07T15:28:59.942115Z,recordings/boundary_11688546_empty_90d.recording.json
700559,หน่วยพิทักษ์ป่าเขาบันได,ห้วยแม่ดี,Electricity Generating Authority of Thailand,Mae Klong Basin,stage_reported,value,available,graph route published 2161 non-null 'value' values in the 90-day window,2161,168,2026-06-08,2026-09-06,True,False,200,2026-09-07T15:28:59.942115Z,recordings/boundary_1373272_both_products.recording.json
700584,อ.ทองผาภูมิ,แม่น้ำแควน้อย,Electricity Generating Authority of Thailand,Mae Klong Basin,discharge_reported,discharge,available,graph route published 168 non-null 'discharge' values in the 7-day window,168,168,2026-08-31,2026-09-06,True,True,200,2026-09-07T15:29:01.070358Z,recordings/boundary_1373272_both_products.recording.json
700584,อ.ทองผาภูมิ,แม่น้ำแควน้อย,Electricity Generating Authority of Thailand,Mae Klong Basin,stage_reported,value,available,graph route published 168 non-null 'value' values in the 7-day window,168,168,2026-08-31,2026-09-06,True,True,200,2026-09-07T15:29:01.070358Z,recordings/boundary_1373272_both_products.recording.json
700585,บ้านหินดาด,แม่น้ำแควน้อย,Electricity Generating Authority of Thailand,Mae Klong Basin,discharge_reported,discharge,available,graph route published 168 non-null 'discharge' values in the 7-day window,168,168,2026-08-31,2026-09-06,True,True,200,2026-09-07T15:29:02.200799Z,recordings/boundary_1373272_both_products.recording.json
700585,บ้านหินดาด,แม่น้ำแควน้อย,Electricity Generating Authority of Thailand,Mae Klong Basin,stage_reported,value,available,graph route published 168 non-null 'value' values in the 7-day window,168,168,2026-08-31,2026-09-06,True,True,200,2026-09-07T15:29:02.200799Z,recordings/boundary_1373272_both_products.recording.json
700586,บ้านลิ่นถิ่น (K.54),แม่น้ำแควน้อย,Electricity Generating Authority of Thailand,Mae Klong Basin,discharge_reported,discharge,available,graph route published 168 non-null 'discharge' values in the 7-day window,168,168,2026-08-31,2026-09-06,True,True,200,2026-09-07T15:29:03.342798Z,recordings/boundary_1373272_both_products.recording.json
700586,บ้านลิ่นถิ่น (K.54),แม่น้ำแควน้อย,Electricity Generating Authority of Thailand,Mae Klong Basin,stage_reported,value,available,graph route published 168 non-null 'value' values in the 7-day window,168,168,2026-08-31,2026-09-06,True,True,200,2026-09-07T15:29:03.342798Z,recordings/boundary_1373272_both_products.recording.json
700587,บ้านปากแซง (K.58),แม่น้ำแควน้อย,Electricity Generating Authority of Thailand,Mae Klong Basin,discharge_reported,discharge,available,graph route published 168 non-null 'discharge' values in the 7-day window,168,168,2026-08-31,2026-09-06,True,True,200,2026-09-07T15:29:04.479140Z,recordings/boundary_1373272_both_products.recording.json
700587,บ้านปากแซง (K.58),แม่น้ำแควน้อย,Electricity Generating Authority of Thailand,Mae Klong Basin,stage_reported,value,available,graph route published 168 non-null 'value' values in the 7-day window,168,168,2026-08-31,2026-09-06,True,True,200,2026-09-07T15:29:04.479140Z,recordings/boundary_1373272_both_products.recording.json
700588,บ้านลุ่มสุ่ม (K.10),แม่น้ำแควน้อย,Electricity Generating Authority of Thailand,Mae Klong Basin,discharge_reported,discharge,available,graph route published 168 non-null 'discharge' values in the 7-day window,168,168,2026-08-31,2026-09-06,True,True,200,2026-09-07T15:29:05.635233Z,recordings/boundary_1373272_both_products.recording.json
700588,บ้านลุ่มสุ่ม (K.10),แม่น้ำแควน้อย,Electricity Generating Authority of Thailand,Mae Klong Basin,stage_reported,value,available,graph route published 168 non-null 'value' values in the 7-day window,168,168,2026-08-31,2026-09-06,True,True,200,2026-09-07T15:29:05.635233Z,recordings/boundary_1373272_both_products.recording.json
700589,บ้านวังเย็น (K.37),แม่น้ำแควน้อย,Electricity Generating Authority of Thailand,Mae Klong Basin,discharge_reported,discharge,available,graph route published 162 non-null 'discharge' values in the 7-day window,162,168,2026-08-31,2026-09-06,True,True,200,2026-09-07T15:29:08.152678Z,recordings/boundary_1373272_both_products.recording.json
700589,บ้านวังเย็น (K.37),แม่น้ำแควน้อย,Electricity Generating Authority of Thailand,Mae Klong Basin,stage_reported,value,available,graph route published 162 non-null 'value' values in the 7-day window,162,168,2026-08-31,2026-09-06,True,True,200,2026-09-07T15:29:08.152678Z,recordings/boundary_1373272_both_products.recording.json
700591,สะพานมิตรภาพชุมพล,แม่น้ำภาชี,Electricity Generating Authority of Thailand,Mae Klong Basin,discharge_reported,discharge,available,graph route published 168 non-null 'discharge' values in the 7-day window,168,168,2026-08-31,2026-09-06,True,True,200,2026-09-07T15:29:09.281860Z,recordings/boundary_1373272_both_products.recording.json
700591,สะพานมิตรภาพชุมพล,แม่น้ำภาชี,Electricity Generating Authority of Thailand,Mae Klong Basin,stage_reported,value,available,graph route published 168 non-null 'value' values in the 7-day window,168,168,2026-08-31,2026-09-06,True,True,200,2026-09-07T15:29:09.281860Z,recordings/boundary_1373272_both_products.recording.json
700592,วัดหินแท่น (K.62),ลำภาชี,Electricity Generating Authority of Thailand,Mae Klong Basin,discharge_reported,discharge,available,graph route published 710 non-null 'discharge' values in the 90-day window,710,168,2026-06-08,2026-09-06,False,False,200,2026-09-07T15:29:10.419986Z,recordings/boundary_1373272_both_products.recording.json
700592,วัดหินแท่น (K.62),ลำภาชี,Electricity Generating Authority of Thailand,Mae Klong Basin,stage_reported,value,available,graph route published 710 non-null 'value' values in the 90-day window,710,168,2026-06-08,2026-09-06,False,False,200,2026-09-07T15:29:10.419986Z,recordings/boundary_1373272_both_products.recording.json
706,สวนผึ้ง,แม่น้ำภาชี,Hydro – Informatics Institute (Public Organization),Mae Klong Basin,discharge_reported,discharge,empty_in_tested_window,graph route answered with a complete time grid carrying no non-null 'discharge' value in the 90-day window; the source states nothing about support,0,1008,2026-06-08,2026-09-06,True,False,200,2026-09-07T15:29:12.485515Z,recordings/boundary_11688546_empty_90d.recording.json
706,สวนผึ้ง,แม่น้ำภาชี,Hydro – Informatics Institute (Public Organization),Mae Klong Basin,stage_reported,value,available,graph route published 13037 non-null 'value' values in the 90-day window,13037,1008,2026-06-08,2026-09-06,True,False,200,2026-09-07T15:29:12.485515Z,recordings/boundary_1373272_both_products.recording.json
709,บ้านโป่ง,แม่น้ำแม่กลอง,Hydro – Informatics Institute (Public Organization),Mae Klong Basin,discharge_reported,discharge,empty_in_tested_window,graph route answered with a complete time grid carrying no non-null 'discharge' value in the 90-day window; the source states nothing about support,0,1008,2026-06-08,2026-09-06,True,False,200,2026-09-07T15:29:14.425874Z,recordings/boundary_11688546_empty_90d.recording.json
709,บ้านโป่ง,แม่น้ำแม่กลอง,Hydro – Informatics Institute (Public Organization),Mae Klong Basin,stage_reported,value,available,graph route published 13064 non-null 'value' values in the 90-day window,13064,1008,2026-06-08,2026-09-06,True,False,200,2026-09-07T15:29:14.425874Z,recordings/boundary_1373272_both_products.recording.json
709863,สะพานท่าสาป อ.เมือง จ.ยะลา,แม่น้ำปัตตานี,Electricity Generating Authority of Thailand,Peninsula - Lower East Coast Basin,discharge_reported,discharge,available,graph route published 168 non-null 'discharge' values in the 7-day window,168,168,2026-08-31,2026-09-06,True,True,200,2026-09-07T15:29:15.564618Z,recordings/boundary_1373272_both_products.recording.json
709863,สะพานท่าสาป อ.เมือง จ.ยะลา,แม่น้ำปัตตานี,Electricity Generating Authority of Thailand,Peninsula - Lower East Coast Basin,stage_reported,value,available,graph route published 168 non-null 'value' values in the 7-day window,168,168,2026-08-31,2026-09-06,True,True,200,2026-09-07T15:29:15.564618Z,recordings/boundary_1373272_both_products.recording.json
71,อินทร์บุรี,แม่น้ำเจ้าพระยา,Hydro – Informatics Institute (Public Organization),Chao Phraya Basin,discharge_reported,discharge,empty_in_tested_window,graph route answered with a complete time grid carrying no non-null 'discharge' value in the 90-day window; the source states nothing about support,0,1008,2026-06-08,2026-09-06,True,False,200,2026-09-07T15:29:17.614697Z,recordings/boundary_11688546_empty_90d.recording.json
71,อินทร์บุรี,แม่น้ำเจ้าพระยา,Hydro – Informatics Institute (Public Organization),Chao Phraya Basin,stage_reported,value,available,graph route published 13030 non-null 'value' values in the 90-day window,13030,1008,2026-06-08,2026-09-06,True,False,200,2026-09-07T15:29:17.614697Z,recordings/boundary_1373272_both_products.recording.json
710,โพธาราม,แม่น้ำแม่กลอง,Hydro – Informatics Institute (Public Organization),Mae Klong Basin,discharge_reported,discharge,empty_in_tested_window,graph route answered with a complete time grid carrying no non-null 'discharge' value in the 90-day window; the source states nothing about support,0,1008,2026-06-08,2026-09-06,True,False,200,2026-09-07T15:29:19.555568Z,recordings/boundary_11688546_empty_90d.recording.json
710,โพธาราม,แม่น้ำแม่กลอง,Hydro – Informatics Institute (Public Organization),Mae Klong Basin,stage_reported,value,available,graph route published 13064 non-null 'value' values in the 90-day window,13064,1008,2026-06-08,2026-09-06,True,False,200,2026-09-07T15:29:19.555568Z,recordings/boundary_1373272_both_products.recording.json
714,เมืองกาญจนบุรี,แม่น้ำแควใหญ่,Hydro – Informatics Institute (Public Organization),Mae Klong Basin,discharge_reported,discharge,empty_in_tested_window,graph route answered with a complete time grid carrying no non-null 'discharge' value in the 90-day window; the source states nothing about support,0,1008,2026-06-08,2026-09-06,True,False,200,2026-09-07T15:29:21.629843Z,recordings/boundary_11688546_empty_90d.recording.json
714,เมืองกาญจนบุรี,แม่น้ำแควใหญ่,Hydro – Informatics Institute (Public Organization),Mae Klong Basin,stage_reported,value,available,graph route published 13063 non-null 'value' values in the 90-day window,13063,1008,2026-06-08,2026-09-06,True,False,200,2026-09-07T15:29:21.629843Z,recordings/boundary_1373272_both_products.recording.json
717,ไทรโยค,แม่น้ำแควน้อย,Hydro – Informatics Institute (Public Organization),Mae Klong Basin,discharge_reported,discharge,empty_in_tested_window,graph route answered with a complete time grid carrying no non-null 'discharge' value in the 90-day window; the source states nothing about support,0,1008,2026-06-08,2026-09-06,True,False,200,2026-09-07T15:29:23.684042Z,recordings/boundary_11688546_empty_90d.recording.json
717,ไทรโยค,แม่น้ำแควน้อย,Hydro – Informatics Institute (Public Organization),Mae Klong Basin,stage_reported,value,available,graph route published 13066 non-null 'value' values in the 90-day window,13066,1008,2026-06-08,2026-09-06,True,False,200,2026-09-07T15:29:23.684042Z,recordings/boundary_1373272_both_products.recording.json
726653,บ้านเสาธง,คลองเสาธง,Royal Irrigation Department,Peninsula - Upper East Coast Basin,discharge_reported,discharge,available,graph route published 148 non-null 'discharge' values in the 7-day window,148,168,2026-08-31,2026-09-06,True,True,200,2026-09-07T15:29:24.752231Z,recordings/boundary_1373272_both_products.recording.json
726653,บ้านเสาธง,คลองเสาธง,Royal Irrigation Department,Peninsula - Upper East Coast Basin,stage_reported,value,available,graph route published 148 non-null 'value' values in the 7-day window,148,168,2026-08-31,2026-09-06,True,True,200,2026-09-07T15:29:24.752231Z,recordings/boundary_1373272_both_products.recording.json
726656,บ้านควนกลาง (1),แม่น้ำตาปี,Royal Irrigation Department,Peninsula - Upper East Coast Basin,discharge_reported,discharge,available,graph route published 148 non-null 'discharge' values in the 7-day window,148,168,2026-08-31,2026-09-06,True,True,200,2026-09-07T15:29:25.882569Z,recordings/boundary_1373272_both_products.recording.json
726656,บ้านควนกลาง (1),แม่น้ำตาปี,Royal Irrigation Department,Peninsula - Upper East Coast Basin,stage_reported,value,available,graph route published 148 non-null 'value' values in the 7-day window,148,168,2026-08-31,2026-09-06,True,True,200,2026-09-07T15:29:25.882569Z,recordings/boundary_1373272_both_products.recording.json
726667,บ้านอาพาธ,คลองอิปัน,Royal Irrigation Department,Peninsula - Upper East Coast Basin,discharge_reported,discharge,available,graph route published 7 non-null 'discharge' values in the 7-day window,7,168,2026-08-31,2026-09-06,True,True,200,2026-09-07T15:29:27.039139Z,recordings/boundary_1373272_both_products.recording.json
726667,บ้านอาพาธ,คลองอิปัน,Royal Irrigation Department,Peninsula - Upper East Coast Basin,stage_reported,value,available,graph route published 7 non-null 'value' values in the 7-day window,7,168,2026-08-31,2026-09-06,True,True,200,2026-09-07T15:29:27.039139Z,recordings/boundary_1373272_both_products.recording.json
726673,บ้านนาสีทอง,คลองรัตภูมิ,Royal Irrigation Department,Thale Sap Songkhla Basin,discharge_reported,discharge,available,graph route published 148 non-null 'discharge' values in the 7-day window,148,168,2026-08-31,2026-09-06,True,True,200,2026-09-07T15:29:28.162528Z,recordings/boundary_1373272_both_products.recording.json
726673,บ้านนาสีทอง,คลองรัตภูมิ,Royal Irrigation Department,Thale Sap Songkhla Basin,stage_reported,value,available,graph route published 148 non-null 'value' values in the 7-day window,148,168,2026-08-31,2026-09-06,True,True,200,2026-09-07T15:29:28.162528Z,recordings/boundary_1373272_both_products.recording.json
726680,บ้านหูแร่,คลองวาด,Royal Irrigation Department,Thale Sap Songkhla Basin,discharge_reported,discharge,available,graph route published 148 non-null 'discharge' values in the 7-day window,148,168,2026-08-31,2026-09-06,True,True,200,2026-09-07T15:29:29.280439Z,recordings/boundary_1373272_both_products.recording.json
726680,บ้านหูแร่,คลองวาด,Royal Irrigation Department,Thale Sap Songkhla Basin,stage_reported,value,available,graph route published 148 non-null 'value' values in the 7-day window,148,168,2026-08-31,2026-09-06,True,True,200,2026-09-07T15:29:29.280439Z,recordings/boundary_1373272_both_products.recording.json
726684,บ้านบริดอ,แม่น้ำปัตตานี,Royal Irrigation Department,Peninsula - Lower East Coast Basin,discharge_reported,discharge,empty_in_tested_window,graph route answered with a complete time grid carrying no non-null 'discharge' value in the 90-day window; the source states nothing about support,0,168,2026-06-08,2026-09-06,True,False,200,2026-09-07T15:29:30.416884Z,recordings/boundary_11688546_empty_90d.recording.json
726684,บ้านบริดอ,แม่น้ำปัตตานี,Royal Irrigation Department,Peninsula - Lower East Coast Basin,stage_reported,value,available,graph route published 1957 non-null 'value' values in the 90-day window,1957,168,2026-06-08,2026-09-06,True,False,200,2026-09-07T15:29:30.416884Z,recordings/boundary_1373272_both_products.recording.json
726686,บ้านท่านา,คลองกะปง,Royal Irrigation Department,Peninsula - West Coast Basin,discharge_reported,discharge,available,graph route published 148 non-null 'discharge' values in the 7-day window,148,168,2026-08-31,2026-09-06,True,True,200,2026-09-07T15:29:31.540337Z,recordings/boundary_1373272_both_products.recording.json
726686,บ้านท่านา,คลองกะปง,Royal Irrigation Department,Peninsula - West Coast Basin,stage_reported,value,available,graph route published 148 non-null 'value' values in the 7-day window,148,168,2026-08-31,2026-09-06,True,True,200,2026-09-07T15:29:31.540337Z,recordings/boundary_1373272_both_products.recording.json
731,เมืองสุพรรณบุรี,แม่น้ำสุพรรณ,Hydro – Informatics Institute (Public Organization),Tha Chin Basin,discharge_reported,discharge,empty_in_tested_window,graph route answered with a complete time grid carrying no non-null 'discharge' value in the 90-day window; the source states nothing about support,0,1008,2026-06-08,2026-09-06,True,False,200,2026-09-07T15:29:33.658619Z,recordings/boundary_11688546_empty_90d.recording.json
731,เมืองสุพรรณบุรี,แม่น้ำสุพรรณ,Hydro – Informatics Institute (Public Organization),Tha Chin Basin,stage_reported,value,available,graph route published 13059 non-null 'value' values in the 90-day window,13059,1008,2026-06-08,2026-09-06,True,False,200,2026-09-07T15:29:33.658619Z,recordings/boundary_1373272_both_products.recording.json
734,ด่านช้าง,ห้วยกระเสียว,Hydro – Informatics Institute (Public Organization),Tha Chin Basin,discharge_reported,discharge,empty_in_tested_window,graph route answered with a complete time grid carrying no non-null 'discharge' value in the 90-day window; the source states nothing about support,0,1008,2026-06-08,2026-09-06,True,False,200,2026-09-07T15:29:35.696920Z,recordings/boundary_11688546_empty_90d.recording.json
734,ด่านช้าง,ห้วยกระเสียว,Hydro – Informatics Institute (Public Organization),Tha Chin Basin,stage_reported,value,available,graph route published 13069 non-null 'value' values in the 90-day window,13069,1008,2026-06-08,2026-09-06,True,False,200,2026-09-07T15:29:35.696920Z,recordings/boundary_1373272_both_products.recording.json
736,สองพี่น้อง,คลองสองพี่น้อง,Hydro – Informatics Institute (Public Organization),Tha Chin Basin,discharge_reported,discharge,empty_in_tested_window,graph route answered with a complete time grid carrying no non-null 'discharge' value in the 90-day window; the source states nothing about support,0,1008,2026-06-08,2026-09-06,True,False,200,2026-09-07T15:29:37.720411Z,recordings/boundary_11688546_empty_90d.recording.json
736,สองพี่น้อง,คลองสองพี่น้อง,Hydro – Informatics Institute (Public Organization),Tha Chin Basin,stage_reported,value,available,graph route published 13067 non-null 'value' values in the 90-day window,13067,1008,2026-06-08,2026-09-06,True,False,200,2026-09-07T15:29:37.720411Z,recordings/boundary_1373272_both_products.recording.json
737,วัดท่าเจดีย์ (TTC06),แม่น้ำท่าจีน,Hydro – Informatics Institute (Public Organization),Tha Chin Basin,discharge_reported,discharge,empty_in_tested_window,graph route answered with a complete time grid carrying no non-null 'discharge' value in the 90-day window; the source states nothing about support,0,1008,2026-06-08,2026-09-06,True,False,200,2026-09-07T15:29:39.761575Z,recordings/boundary_11688546_empty_90d.recording.json
737,วัดท่าเจดีย์ (TTC06),แม่น้ำท่าจีน,Hydro – Informatics Institute (Public Organization),Tha Chin Basin,stage_reported,value,available,graph route published 13070 non-null 'value' values in the 90-day window,13070,1008,2026-06-08,2026-09-06,True,False,200,2026-09-07T15:29:39.761575Z,recordings/boundary_1373272_both_products.recording.json
738,สามชุก,แม่น้ำท่าจีน,Hydro – Informatics Institute (Public Organization),Tha Chin Basin,discharge_reported,discharge,empty_in_tested_window,graph route answered with a complete time grid carrying no non-null 'discharge' value in the 90-day window; the source states nothing about support,0,1008,2026-06-08,2026-09-06,True,False,200,2026-09-07T15:29:41.761381Z,recordings/boundary_11688546_empty_90d.recording.json
738,สามชุก,แม่น้ำท่าจีน,Hydro – Informatics Institute (Public Organization),Tha Chin Basin,stage_reported,value,available,graph route published 13069 non-null 'value' values in the 90-day window,13069,1008,2026-06-08,2026-09-06,True,False,200,2026-09-07T15:29:41.761381Z,recordings/boundary_1373272_both_products.recording.json
740532,สะพานลำน้ำเลย,แม่น้ำเลย,Hydro – Informatics Institute (Public Organization),Northeast Khong Basin,discharge_reported,discharge,empty_in_tested_window,graph route answered with a complete time grid carrying no non-null 'discharge' value in the 90-day window; the source states nothing about support,0,1008,2026-06-08,2026-09-06,True,False,200,2026-09-07T15:29:43.795522Z,recordings/boundary_11688546_empty_90d.recording.json
740532,สะพานลำน้ำเลย,แม่น้ำเลย,Hydro – Informatics Institute (Public Organization),Northeast Khong Basin,stage_reported,value,available,graph route published 13044 non-null 'value' values in the 90-day window,13044,1008,2026-06-08,2026-09-06,True,False,200,2026-09-07T15:29:43.795522Z,recordings/boundary_1373272_both_products.recording.json
740533,สะพานห้วยน้ำฮวย,ห้วยน้ำฮวย,Hydro – Informatics Institute (Public Organization),Northeast Khong Basin,discharge_reported,discharge,empty_in_tested_window,graph route answered with a complete time grid carrying no non-null 'discharge' value in the 90-day window; the source states nothing about support,0,1008,2026-06-08,2026-09-06,True,False,200,2026-09-07T15:29:45.765252Z,recordings/boundary_11688546_empty_90d.recording.json
740533,สะพานห้วยน้ำฮวย,ห้วยน้ำฮวย,Hydro – Informatics Institute (Public Organization),Northeast Khong Basin,stage_reported,value,available,graph route published 1152 non-null 'value' values in the 90-day window,1152,1008,2026-06-08,2026-09-06,True,False,200,2026-09-07T15:29:45.765252Z,recordings/boundary_1373272_both_products.recording.json
740537,สะพานห้วยมุก,ห้วยมุก,Hydro – Informatics Institute (Public Organization),Northeast Khong Basin,discharge_reported,discharge,empty_in_tested_window,graph route answered with a complete time grid carrying no non-null 'discharge' value in the 90-day window; the source states nothing about support,0,1008,2026-06-08,2026-09-06,True,False,200,2026-09-07T15:29:47.788047Z,recordings/boundary_11688546_empty_90d.recording.json
740537,สะพานห้วยมุก,ห้วยมุก,Hydro – Informatics Institute (Public Organization),Northeast Khong Basin,stage_reported,value,available,graph route published 12861 non-null 'value' values in the 90-day window,12861,1008,2026-06-08,2026-09-06,True,False,200,2026-09-07T15:29:47.788047Z,recordings/boundary_1373272_both_products.recording.json
740538,สะพานบังอี่,ห้วยบังอี,Hydro – Informatics Institute (Public Organization),Northeast Khong Basin,discharge_reported,discharge,empty_in_tested_window,graph route answered with a complete time grid carrying no non-null 'discharge' value in the 90-day window; the source states nothing about support,0,1008,2026-06-08,2026-09-06,True,False,200,2026-09-07T15:29:49.687946Z,recordings/boundary_11688546_empty_90d.recording.json
740538,สะพานบังอี่,ห้วยบังอี,Hydro – Informatics Institute (Public Organization),Northeast Khong Basin,stage_reported,value,available,graph route published 5892 non-null 'value' values in the 90-day window,5892,1008,2026-06-08,2026-09-06,True,False,200,2026-09-07T15:29:49.687946Z,recordings/boundary_1373272_both_products.recording.json
740540,สะพานข้ามน้ำมูล,แม่น้ำมูล,Hydro – Informatics Institute (Public Organization),Mun Basin,discharge_reported,discharge,empty_in_tested_window,graph route answered with a complete time grid carrying no non-null 'discharge' value in the 90-day window; the source states nothing about support,0,1008,2026-06-08,2026-09-06,True,False,200,2026-09-07T15:29:51.701803Z,recordings/boundary_11688546_empty_90d.recording.json
740540,สะพานข้ามน้ำมูล,แม่น้ำมูล,Hydro – Informatics Institute (Public Organization),Mun Basin,stage_reported,value,available,graph route published 11063 non-null 'value' values in the 90-day window,11063,1008,2026-06-08,2026-09-06,True,False,200,2026-09-07T15:29:51.701803Z,recordings/boundary_1373272_both_products.recording.json
740720,คลองสรอย วัดแม่ขมวก,ห้วยแม่สรอย,Friend in Need (of “Pa”) Volunteers Foundation,Yom Basin,discharge_reported,discharge,empty_in_tested_window,graph route answered with a complete time grid carrying no non-null 'discharge' value in the 90-day window; the source states nothing about support,0,1008,2026-06-08,2026-09-06,True,False,200,2026-09-07T15:29:53.789118Z,recordings/boundary_11688546_empty_90d.recording.json
740720,คลองสรอย วัดแม่ขมวก,ห้วยแม่สรอย,Friend in Need (of “Pa”) Volunteers Foundation,Yom Basin,stage_reported,value,available,graph route published 12945 non-null 'value' values in the 90-day window,12945,1008,2026-06-08,2026-09-06,True,False,200,2026-09-07T15:29:53.789118Z,recordings/boundary_1373272_both_products.recording.json
740723,สะพานวัดมงคลร่วมใจ (บ้านวังสาร),คลองวังน้ำใส,Friend in Need (of “Pa”) Volunteers Foundation,Nan Basin,discharge_reported,discharge,empty_in_tested_window,graph route answered with a complete time grid carrying no non-null 'discharge' value in the 90-day window; the source states nothing about support,0,1008,2026-06-08,2026-09-06,True,False,200,2026-09-07T15:29:55.774523Z,recordings/boundary_11688546_empty_90d.recording.json
740723,สะพานวัดมงคลร่วมใจ (บ้านวังสาร),คลองวังน้ำใส,Friend in Need (of “Pa”) Volunteers Foundation,Nan Basin,stage_reported,value,available,graph route published 12970 non-null 'value' values in the 90-day window,12970,1008,2026-06-08,2026-09-06,True,False,200,2026-09-07T15:29:55.774523Z,recordings/boundary_1373272_both_products.recording.json
740726,สะพานบางไตประชาบริรักษ์,คลองยัน,Friend in Need (of “Pa”) Volunteers Foundation,Peninsula - Upper East Coast Basin,discharge_reported,discharge,empty_in_tested_window,graph route answered with a complete time grid carrying no non-null 'discharge' value in the 90-day window; the source states nothing about support,0,1008,2026-06-08,2026-09-06,True,False,200,2026-09-07T15:29:57.691884Z,recordings/boundary_11688546_empty_90d.recording.json
740726,สะพานบางไตประชาบริรักษ์,คลองยัน,Friend in Need (of “Pa”) Volunteers Foundation,Peninsula - Upper East Coast Basin,stage_reported,value,available,graph route published 13005 non-null 'value' values in the 90-day window,13005,1008,2026-06-08,2026-09-06,True,False,200,2026-09-07T15:29:57.691884Z,recordings/boundary_1373272_both_products.recording.json
740727,สะพานคลองพาย,ห้วยแวัะ,Friend in Need (of “Pa”) Volunteers Foundation,Peninsula - Upper East Coast Basin,discharge_reported,discharge,empty_in_tested_window,graph route answered with a complete time grid carrying no non-null 'discharge' value in the 90-day window; the source states nothing about support,0,1008,2026-06-08,2026-09-06,True,False,200,2026-09-07T15:29:59.640492Z,recordings/boundary_11688546_empty_90d.recording.json
740727,สะพานคลองพาย,ห้วยแวัะ,Friend in Need (of “Pa”) Volunteers Foundation,Peninsula - Upper East Coast Basin,stage_reported,value,available,graph route published 12915 non-null 'value' values in the 90-day window,12915,1008,2026-06-08,2026-09-06,True,False,200,2026-09-07T15:29:59.640492Z,recordings/boundary_1373272_both_products.recording.json
740729,สะพานทางเข้าชุมชนบ้านปากซวด,คลองบางครก,Friend in Need (of “Pa”) Volunteers Foundation,Peninsula - Upper East Coast Basin,discharge_reported,discharge,empty_in_tested_window,graph route answered with a complete time grid carrying no non-null 'discharge' value in the 90-day window; the source states nothing about support,0,1008,2026-06-08,2026-09-06,True,False,200,2026-09-07T15:30:01.824800Z,recordings/boundary_11688546_empty_90d.recording.json
740729,สะพานทางเข้าชุมชนบ้านปากซวด,คลองบางครก,Friend in Need (of “Pa”) Volunteers Foundation,Peninsula - Upper East Coast Basin,stage_reported,value,available,graph route published 12912 non-null 'value' values in the 90-day window,12912,1008,2026-06-08,2026-09-06,True,False,200,2026-09-07T15:30:01.824800Z,recordings/boundary_1373272_both_products.recording.json
740730,สะพานบ้านสวนปราง,คลองสระ,Friend in Need (of “Pa”) Volunteers Foundation,Peninsula - Upper East Coast Basin,discharge_reported,discharge,empty_in_tested_window,graph route answered with a complete time grid carrying no non-null 'discharge' value in the 90-day window; the source states nothing about support,0,1008,2026-06-08,2026-09-06,True,False,200,2026-09-07T15:30:03.948784Z,recordings/boundary_11688546_empty_90d.recording.json
740730,สะพานบ้านสวนปราง,คลองสระ,Friend in Need (of “Pa”) Volunteers Foundation,Peninsula - Upper East Coast Basin,stage_reported,value,available,graph route published 12872 non-null 'value' values in the 90-day window,12872,1008,2026-06-08,2026-09-06,True,False,200,2026-09-07T15:30:03.948784Z,recordings/boundary_1373272_both_products.recording.json
740731,สะพานข้ามคลองหวาด,คลองหวาด,Friend in Need (of “Pa”) Volunteers Foundation,Peninsula - Upper East Coast Basin,discharge_reported,discharge,empty_in_tested_window,graph route answered with a complete time grid carrying no non-null 'discharge' value in the 90-day window; the source states nothing about support,0,1008,2026-06-08,2026-09-06,True,False,200,2026-09-07T15:30:06.139012Z,recordings/boundary_11688546_empty_90d.recording.json
740731,สะพานข้ามคลองหวาด,คลองหวาด,Friend in Need (of “Pa”) Volunteers Foundation,Peninsula - Upper East Coast Basin,stage_reported,value,available,graph route published 12990 non-null 'value' values in the 90-day window,12990,1008,2026-06-08,2026-09-06,True,False,200,2026-09-07T15:30:06.139012Z,recordings/boundary_1373272_both_products.recording.json
740736,สะพานข้ามคลองวังเคียน,คลองวังเคียน,Friend in Need (of “Pa”) Volunteers Foundation,Peninsula - Upper East Coast Basin,discharge_reported,discharge,empty_in_tested_window,graph route answered with a complete time grid carrying no non-null 'discharge' value in the 90-day window; the source states nothing about support,0,1008,2026-06-08,2026-09-06,True,False,200,2026-09-07T15:30:10.999099Z,recordings/boundary_11688546_empty_90d.recording.json
740736,สะพานข้ามคลองวังเคียน,คลองวังเคียน,Friend in Need (of “Pa”) Volunteers Foundation,Peninsula - Upper East Coast Basin,stage_reported,value,available,graph route published 12865 non-null 'value' values in the 90-day window,12865,1008,2026-06-08,2026-09-06,True,False,200,2026-09-07T15:30:10.999099Z,recordings/boundary_1373272_both_products.recording.json
740737,สะพานห้วยน้ำใส,คลองไม้เสียบ,Friend in Need (of “Pa”) Volunteers Foundation,Peninsula - Upper East Coast Basin,discharge_reported,discharge,empty_in_tested_window,graph route answered with a complete time grid carrying no non-null 'discharge' value in the 90-day window; the source states nothing about support,0,1008,2026-06-08,2026-09-06,True,False,200,2026-09-07T15:30:13.672137Z,recordings/boundary_11688546_empty_90d.recording.json
740737,สะพานห้วยน้ำใส,คลองไม้เสียบ,Friend in Need (of “Pa”) Volunteers Foundation,Peninsula - Upper East Coast Basin,stage_reported,value,available,graph route published 13013 non-null 'value' values in the 90-day window,13013,1008,2026-06-08,2026-09-06,True,False,200,2026-09-07T15:30:13.672137Z,recordings/boundary_1373272_both_products.recording.json
740738,สะพานข้ามคลองห้วยกรวด,คลองห้วยกรวด,Friend in Need (of “Pa”) Volunteers Foundation,Thale Sap Songkhla Basin,discharge_reported,discharge,empty_in_tested_window,graph route answered with a complete time grid carrying no non-null 'discharge' value in the 90-day window; the source states nothing about support,0,1008,2026-06-08,2026-09-06,True,False,200,2026-09-07T15:30:15.973955Z,recordings/boundary_11688546_empty_90d.recording.json
740738,สะพานข้ามคลองห้วยกรวด,คลองห้วยกรวด,Friend in Need (of “Pa”) Volunteers Foundation,Thale Sap Songkhla Basin,stage_reported,value,available,graph route published 12639 non-null 'value' values in the 90-day window,12639,1008,2026-06-08,2026-09-06,True,False,200,2026-09-07T15:30:15.973955Z,recordings/boundary_1373272_both_products.recording.json
740739,สะพานบ้านแหลมโตนด,คลองคุ้ง,Friend in Need (of “Pa”) Volunteers Foundation,Thale Sap Songkhla Basin,discharge_reported,discharge,empty_in_tested_window,graph route answered with a complete time grid carrying no non-null 'discharge' value in the 90-day window; the source states nothing about support,0,1008,2026-06-08,2026-09-06,True,False,200,2026-09-07T15:30:18.427461Z,recordings/boundary_11688546_empty_90d.recording.json
740739,สะพานบ้านแหลมโตนด,คลองคุ้ง,Friend in Need (of “Pa”) Volunteers Foundation,Thale Sap Songkhla Basin,stage_reported,value,available,graph route published 6247 non-null 'value' values in the 90-day window,6247,1008,2026-06-08,2026-09-06,True,False,200,2026-09-07T15:30:18.427461Z,recordings/boundary_1373272_both_products.recording.json
740740,สะพานท่าสำเภา,คลองปากประ,Friend in Need (of “Pa”) Volunteers Foundation,Thale Sap Songkhla Basin,discharge_reported,discharge,empty_in_tested_window,graph route answered with a complete time grid carrying no non-null 'discharge' value in the 90-day window; the source states nothing about support,0,1008,2026-06-08,2026-09-06,True,False,200,2026-09-07T15:30:22.509654Z,recordings/boundary_11688546_empty_90d.recording.json
740740,สะพานท่าสำเภา,คลองปากประ,Friend in Need (of “Pa”) Volunteers Foundation,Thale Sap Songkhla Basin,stage_reported,value,available,graph route published 13022 non-null 'value' values in the 90-day window,13022,1008,2026-06-08,2026-09-06,True,False,200,2026-09-07T15:30:22.509654Z,recordings/boundary_1373272_both_products.recording.json
740742,คลองสุหงาบารู หมู่ที่ 4,คลองสุหงาบารู,Friend in Need (of “Pa”) Volunteers Foundation,Peninsula - Lower East Coast Basin,discharge_reported,discharge,empty_in_tested_window,graph route answered with a complete time grid carrying no non-null 'discharge' value in the 90-day window; the source states nothing about support,0,1008,2026-06-08,2026-09-06,True,False,200,2026-09-07T15:30:24.827809Z,recordings/boundary_11688546_empty_90d.recording.json
740742,คลองสุหงาบารู หมู่ที่ 4,คลองสุหงาบารู,Friend in Need (of “Pa”) Volunteers Foundation,Peninsula - Lower East Coast Basin,stage_reported,value,available,graph route published 12951 non-null 'value' values in the 90-day window,12951,1008,2026-06-08,2026-09-06,True,False,200,2026-09-07T15:30:24.827809Z,recordings/boundary_1373272_both_products.recording.json
740746,สะพานข้ามแม่น้ำปัตตานี,แม่น้ำปัตตานี,Friend in Need (of “Pa”) Volunteers Foundation,Peninsula - Lower East Coast Basin,discharge_reported,discharge,empty_in_tested_window,graph route answered with a complete time grid carrying no non-null 'discharge' value in the 90-day window; the source states nothing about support,0,1008,2026-06-08,2026-09-06,True,False,200,2026-09-07T15:30:27.344523Z,recordings/boundary_11688546_empty_90d.recording.json
740746,สะพานข้ามแม่น้ำปัตตานี,แม่น้ำปัตตานี,Friend in Need (of “Pa”) Volunteers Foundation,Peninsula - Lower East Coast Basin,stage_reported,value,available,graph route published 13013 non-null 'value' values in the 90-day window,13013,1008,2026-06-08,2026-09-06,True,False,200,2026-09-07T15:30:27.344523Z,recordings/boundary_1373272_both_products.recording.json
745,บางเลน,แม่น้ำท่าจีน,Hydro – Informatics Institute (Public Organization),Tha Chin Basin,discharge_reported,discharge,empty_in_tested_window,graph route answered with a complete time grid carrying no non-null 'discharge' value in the 90-day window; the source states nothing about support,0,1008,2026-06-08,2026-09-06,True,False,200,2026-09-07T15:30:31.675329Z,recordings/boundary_11688546_empty_90d.recording.json
745,บางเลน,แม่น้ำท่าจีน,Hydro – Informatics Institute (Public Organization),Tha Chin Basin,stage_reported,value,available,graph route published 13061 non-null 'value' values in the 90-day window,13061,1008,2026-06-08,2026-09-06,True,False,200,2026-09-07T15:30:31.675329Z,recordings/boundary_1373272_both_products.recording.json
745748,สะพานห้วยบังบาต,ห้วยบางบาตร,Hydro – Informatics Institute (Public Organization),Northeast Khong Basin,discharge_reported,discharge,empty_in_tested_window,graph route answered with a complete time grid carrying no non-null 'discharge' value in the 90-day window; the source states nothing about support,0,1008,2026-06-08,2026-09-06,True,False,200,2026-09-07T15:30:37.775383Z,recordings/boundary_11688546_empty_90d.recording.json
745748,สะพานห้วยบังบาต,ห้วยบางบาตร,Hydro – Informatics Institute (Public Organization),Northeast Khong Basin,stage_reported,value,available,graph route published 12975 non-null 'value' values in the 90-day window,12975,1008,2026-06-08,2026-09-06,True,False,200,2026-09-07T15:30:37.775383Z,recordings/boundary_1373272_both_products.recording.json
747,คลองนราภิรมย์ (บางเลน),คลองนราภิรมย์,Hydro – Informatics Institute (Public Organization),Chao Phraya Basin,discharge_reported,discharge,empty_in_tested_window,graph route answered with a complete time grid carrying no non-null 'discharge' value in the 90-day window; the source states nothing about support,0,1008,2026-06-08,2026-09-06,True,False,200,2026-09-07T15:30:40.110894Z,recordings/boundary_11688546_empty_90d.recording.json
747,คลองนราภิรมย์ (บางเลน),คลองนราภิรมย์,Hydro – Informatics Institute (Public Organization),Chao Phraya Basin,stage_reported,value,available,graph route published 13037 non-null 'value' values in the 90-day window,13037,1008,2026-06-08,2026-09-06,True,False,200,2026-09-07T15:30:40.110894Z,recordings/boundary_1373272_both_products.recording.json
748,สะพานนครชัยศรี,แม่น้ำท่าจีน,Hydro – Informatics Institute (Public Organization),Tha Chin Basin,discharge_reported,discharge,empty_in_tested_window,graph route answered with a complete time grid carrying no non-null 'discharge' value in the 90-day window; the source states nothing about support,0,1008,2026-06-08,2026-09-06,True,False,200,2026-09-07T15:30:42.579145Z,recordings/boundary_11688546_empty_90d.recording.json
748,สะพานนครชัยศรี,แม่น้ำท่าจีน,Hydro – Informatics Institute (Public Organization),Tha Chin Basin,stage_reported,value,available,graph route published 13061 non-null 'value' values in the 90-day window,13061,1008,2026-06-08,2026-09-06,True,False,200,2026-09-07T15:30:42.579145Z,recordings/boundary_1373272_both_products.recording.json
749,ศาลาดิน,คลองหม่อมเจ้าเฉลิมศรี,Hydro – Informatics Institute (Public Organization),Tha Chin Basin,discharge_reported,discharge,empty_in_tested_window,graph route answered with a complete time grid carrying no non-null 'discharge' value in the 90-day window; the source states nothing about support,0,1008,2026-06-08,2026-09-06,True,False,200,2026-09-07T15:30:44.636497Z,recordings/boundary_11688546_empty_90d.recording.json
749,ศาลาดิน,คลองหม่อมเจ้าเฉลิมศรี,Hydro – Informatics Institute (Public Organization),Tha Chin Basin,stage_reported,value,available,graph route published 7660 non-null 'value' values in the 90-day window,7660,1008,2026-06-08,2026-09-06,True,False,200,2026-09-07T15:30:44.636497Z,recordings/boundary_1373272_both_products.recording.json
750,เมืองสมุทรสาคร,แม่น้ำท่าจีน,Hydro – Informatics Institute (Public Organization),Tha Chin Basin,discharge_reported,discharge,empty_in_tested_window,graph route answered with a complete time grid carrying no non-null 'discharge' value in the 90-day window; the source states nothing about support,0,1008,2026-06-08,2026-09-06,True,False,200,2026-09-07T15:30:47.729895Z,recordings/boundary_11688546_empty_90d.recording.json
750,เมืองสมุทรสาคร,แม่น้ำท่าจีน,Hydro – Informatics Institute (Public Organization),Tha Chin Basin,stage_reported,value,available,graph route published 13067 non-null 'value' values in the 90-day window,13067,1008,2026-06-08,2026-09-06,True,False,200,2026-09-07T15:30:47.729895Z,recordings/boundary_1373272_both_products.recording.json
751,คลองมหาชัย วัดพันท้ายนรสิงห์,คลองสนามชัย,Hydro – Informatics Institute (Public Organization),Tha Chin Basin,discharge_reported,discharge,empty_in_tested_window,graph route answered with a complete time grid carrying no non-null 'discharge' value in the 90-day window; the source states nothing about support,0,1008,2026-06-08,2026-09-06,True,False,200,2026-09-07T15:30:50.066442Z,recordings/boundary_11688546_empty_90d.recording.json
751,คลองมหาชัย วัดพันท้ายนรสิงห์,คลองสนามชัย,Hydro – Informatics Institute (Public Organization),Tha Chin Basin,stage_reported,value,available,graph route published 13069 non-null 'value' values in the 90-day window,13069,1008,2026-06-08,2026-09-06,True,False,200,2026-09-07T15:30:50.066442Z,recordings/boundary_1373272_both_products.recording.json
754,บ้านแพ้ว,คลองดำเนินสะดวก,Hydro – Informatics Institute (Public Organization),Mae Klong Basin,discharge_reported,discharge,empty_in_tested_window,graph route answered with a complete time grid carrying no non-null 'discharge' value in the 90-day window; the source states nothing about support,0,1008,2026-06-08,2026-09-06,True,False,200,2026-09-07T15:30:56.835958Z,recordings/boundary_11688546_empty_90d.recording.json
754,บ้านแพ้ว,คลองดำเนินสะดวก,Hydro – Informatics Institute (Public Organization),Mae Klong Basin,stage_reported,value,available,graph route published 13034 non-null 'value' values in the 90-day window,13034,1008,2026-06-08,2026-09-06,True,False,200,2026-09-07T15:30:56.835958Z,recordings/boundary_1373272_both_products.recording.json
755,พระรามสอง,แม่น้ำแม่กลอง,Hydro – Informatics Institute (Public Organization),Mae Klong Basin,discharge_reported,discharge,empty_in_tested_window,graph route answered with a complete time grid carrying no non-null 'discharge' value in the 90-day window; the source states nothing about support,0,1008,2026-06-08,2026-09-06,True,False,200,2026-09-07T15:30:59.265046Z,recordings/boundary_11688546_empty_90d.recording.json
755,พระรามสอง,แม่น้ำแม่กลอง,Hydro – Informatics Institute (Public Organization),Mae Klong Basin,stage_reported,value,available,graph route published 13068 non-null 'value' values in the 90-day window,13068,1008,2026-06-08,2026-09-06,True,False,200,2026-09-07T15:30:59.265046Z,recordings/boundary_1373272_both_products.recording.json
758,เมืองเพชรบุรี,แม่น้ำเพชรบุรี,Hydro – Informatics Institute (Public Organization),Phetchaburi - Prachuap Khiri Khan Basin,discharge_reported,discharge,empty_in_tested_window,graph route answered with a complete time grid carrying no non-null 'discharge' value in the 90-day window; the source states nothing about support,0,1008,2026-06-08,2026-09-06,True,False,200,2026-09-07T15:31:03.014587Z,recordings/boundary_11688546_empty_90d.recording.json
758,เมืองเพชรบุรี,แม่น้ำเพชรบุรี,Hydro – Informatics Institute (Public Organization),Phetchaburi - Prachuap Khiri Khan Basin,stage_reported,value,available,graph route published 13027 non-null 'value' values in the 90-day window,13027,1008,2026-06-08,2026-09-06,True,False,200,2026-09-07T15:31:03.014587Z,recordings/boundary_1373272_both_products.recording.json
770,บางตะบูนและบางตะบูนออก,คลองบางตะบูน,Hydro – Informatics Institute (Public Organization),Phetchaburi - Prachuap Khiri Khan Basin,discharge_reported,discharge,empty_in_tested_window,graph route answered with a complete time grid carrying no non-null 'discharge' value in the 90-day window; the source states nothing about support,0,1008,2026-06-08,2026-09-06,True,False,200,2026-09-07T15:31:06.322191Z,recordings/boundary_11688546_empty_90d.recording.json
770,บางตะบูนและบางตะบูนออก,คลองบางตะบูน,Hydro – Informatics Institute (Public Organization),Phetchaburi - Prachuap Khiri Khan Basin,stage_reported,value,available,graph route published 13061 non-null 'value' values in the 90-day window,13061,1008,2026-06-08,2026-09-06,True,False,200,2026-09-07T15:31:06.322191Z,recordings/boundary_1373272_both_products.recording.json
772,แก่งกระจาน,ห้วยแม่ประจันต์,Hydro – Informatics Institute (Public Organization),Phetchaburi - Prachuap Khiri Khan Basin,discharge_reported,discharge,empty_in_tested_window,graph route answered with a complete time grid carrying no non-null 'discharge' value in the 90-day window; the source states nothing about support,0,1008,2026-06-08,2026-09-06,True,False,200,2026-09-07T15:31:08.631959Z,recordings/boundary_11688546_empty_90d.recording.json
772,แก่งกระจาน,ห้วยแม่ประจันต์,Hydro – Informatics Institute (Public Organization),Phetchaburi - Prachuap Khiri Khan Basin,stage_reported,value,available,graph route published 13060 non-null 'value' values in the 90-day window,13060,1008,2026-06-08,2026-09-06,True,False,200,2026-09-07T15:31:08.631959Z,recordings/boundary_1373272_both_products.recording.json
784,ปราณบุรี,แม่น้ำปราณบุรี,Hydro – Informatics Institute (Public Organization),Phetchaburi - Prachuap Khiri Khan Basin,discharge_reported,discharge,empty_in_tested_window,graph route answered with a complete time grid carrying no non-null 'discharge' value in the 90-day window; the source states nothing about support,0,1008,2026-06-08,2026-09-06,True,False,200,2026-09-07T15:31:11.234307Z,recordings/boundary_11688546_empty_90d.recording.json
784,ปราณบุรี,แม่น้ำปราณบุรี,Hydro – Informatics Institute (Public Organization),Phetchaburi - Prachuap Khiri Khan Basin,stage_reported,value,available,graph route published 13064 non-null 'value' values in the 90-day window,13064,1008,2026-06-08,2026-09-06,True,False,200,2026-09-07T15:31:11.234307Z,recordings/boundary_1373272_both_products.recording.json
786010,บ้านดอนยาง,ลำน้ำยัง,Royal Irrigation Department,Chi Basin Basin,discharge_reported,discharge,empty_in_tested_window,graph route answered with a complete time grid carrying no non-null 'discharge' value in the 90-day window; the source states nothing about support,0,168,2026-06-08,2026-09-06,False,False,200,2026-09-07T15:31:12.681812Z,recordings/boundary_11688546_empty_90d.recording.json
786010,บ้านดอนยาง,ลำน้ำยัง,Royal Irrigation Department,Chi Basin Basin,stage_reported,value,available,graph route published 1500 non-null 'value' values in the 90-day window,1500,168,2026-06-08,2026-09-06,False,False,200,2026-09-07T15:31:12.681812Z,recordings/boundary_1373272_both_products.recording.json
79,สะพานคง-ศุข ศรีสวัสดิ์,แม่น้ำท่าจีน,Hydro – Informatics Institute (Public Organization),Chao Phraya Basin,discharge_reported,discharge,empty_in_tested_window,graph route answered with a complete time grid carrying no non-null 'discharge' value in the 90-day window; the source states nothing about support,0,1008,2026-06-08,2026-09-06,True,False,200,2026-09-07T15:31:15.932429Z,recordings/boundary_11688546_empty_90d.recording.json
79,สะพานคง-ศุข ศรีสวัสดิ์,แม่น้ำท่าจีน,Hydro – Informatics Institute (Public Organization),Chao Phraya Basin,stage_reported,value,available,graph route published 13067 non-null 'value' values in the 90-day window,13067,1008,2026-06-08,2026-09-06,True,False,200,2026-09-07T15:31:15.932429Z,recordings/boundary_1373272_both_products.recording.json
792,เชียรใหญ่,คลองชะอวด,Hydro – Informatics Institute (Public Organization),Peninsula - Upper East Coast Basin,discharge_reported,discharge,empty_in_tested_window,graph route answered with a complete time grid carrying no non-null 'discharge' value in the 90-day window; the source states nothing about support,0,1008,2026-06-08,2026-09-06,True,False,200,2026-09-07T15:31:19.411800Z,recordings/boundary_11688546_empty_90d.recording.json
792,เชียรใหญ่,คลองชะอวด,Hydro – Informatics Institute (Public Organization),Peninsula - Upper East Coast Basin,stage_reported,value,available,graph route published 13037 non-null 'value' values in the 90-day window,13037,1008,2026-06-08,2026-09-06,True,False,200,2026-09-07T15:31:19.411800Z,recordings/boundary_1373272_both_products.recording.json
794,ท่าศาลา,คลองกลาย,Hydro – Informatics Institute (Public Organization),Peninsula - Upper East Coast Basin,discharge_reported,discharge,empty_in_tested_window,graph route answered with a complete time grid carrying no non-null 'discharge' value in the 90-day window; the source states nothing about support,0,1008,2026-06-08,2026-09-06,True,False,200,2026-09-07T15:31:22.028894Z,recordings/boundary_11688546_empty_90d.recording.json
794,ท่าศาลา,คลองกลาย,Hydro – Informatics Institute (Public Organization),Peninsula - Upper East Coast Basin,stage_reported,value,available,graph route published 12946 non-null 'value' values in the 90-day window,12946,1008,2026-06-08,2026-09-06,True,False,200,2026-09-07T15:31:22.028894Z,recordings/boundary_1373272_both_products.recording.json
795,ทุ่งสง,คลองท่าเลา,Hydro – Informatics Institute (Public Organization),Peninsula - West Coast Basin,discharge_reported,discharge,empty_in_tested_window,graph route answered with a complete time grid carrying no non-null 'discharge' value in the 90-day window; the source states nothing about support,0,1008,2026-06-08,2026-09-06,True,False,200,2026-09-07T15:31:24.540574Z,recordings/boundary_11688546_empty_90d.recording.json
795,ทุ่งสง,คลองท่าเลา,Hydro – Informatics Institute (Public Organization),Peninsula - West Coast Basin,stage_reported,value,available,graph route published 13033 non-null 'value' values in the 90-day window,13033,1008,2026-06-08,2026-09-06,True,False,200,2026-09-07T15:31:24.540574Z,recordings/boundary_1373272_both_products.recording.json
8,คลองลาดพร้าว ปากคลอง2สายใต้,คลองหกวา,Hydro – Informatics Institute (Public Organization),Bang Pakong Basin,discharge_reported,discharge,empty_in_tested_window,graph route answered with a complete time grid carrying no non-null 'discharge' value in the 90-day window; the source states nothing about support,0,1008,2026-06-08,2026-09-06,True,False,200,2026-09-07T15:31:28.231060Z,recordings/boundary_11688546_empty_90d.recording.json
8,คลองลาดพร้าว ปากคลอง2สายใต้,คลองหกวา,Hydro – Informatics Institute (Public Organization),Bang Pakong Basin,stage_reported,value,available,graph route published 13062 non-null 'value' values in the 90-day window,13062,1008,2026-06-08,2026-09-06,True,False,200,2026-09-07T15:31:28.231060Z,recordings/boundary_1373272_both_products.recording.json
80,สะพานธรรมจักร(วัดธรรมามูล),แม่น้ำเจ้าพระยา,Hydro – Informatics Institute (Public Organization),Chao Phraya Basin,discharge_reported,discharge,empty_in_tested_window,graph route answered with a complete time grid carrying no non-null 'discharge' value in the 90-day window; the source states nothing about support,0,1008,2026-06-08,2026-09-06,True,False,200,2026-09-07T15:31:31.595433Z,recordings/boundary_11688546_empty_90d.recording.json
80,สะพานธรรมจักร(วัดธรรมามูล),แม่น้ำเจ้าพระยา,Hydro – Informatics Institute (Public Organization),Chao Phraya Basin,stage_reported,value,available,graph route published 13070 non-null 'value' values in the 90-day window,13070,1008,2026-06-08,2026-09-06,True,False,200,2026-09-07T15:31:31.595433Z,recordings/boundary_1373272_both_products.recording.json
802,เมืองพังงา,คลองพังงา,Hydro – Informatics Institute (Public Organization),Peninsula - West Coast Basin,discharge_reported,discharge,empty_in_tested_window,graph route answered with a complete time grid carrying no non-null 'discharge' value in the 90-day window; the source states nothing about support,0,1008,2026-06-08,2026-09-06,True,False,200,2026-09-07T15:31:34.781033Z,recordings/boundary_11688546_empty_90d.recording.json
802,เมืองพังงา,คลองพังงา,Hydro – Informatics Institute (Public Organization),Peninsula - West Coast Basin,stage_reported,value,available,graph route published 9362 non-null 'value' values in the 90-day window,9362,1008,2026-06-08,2026-09-06,True,False,200,2026-09-07T15:31:34.781033Z,recordings/boundary_1373272_both_products.recording.json
804,ตลาดเก่าตะกั่วป่า,คลองตะกั่วป่า,Hydro – Informatics Institute (Public Organization),Peninsula - West Coast Basin,discharge_reported,discharge,empty_in_tested_window,graph route answered with a complete time grid carrying no non-null 'discharge' value in the 90-day window; the source states nothing about support,0,1008,2026-06-08,2026-09-06,True,False,200,2026-09-07T15:31:37.116337Z,recordings/boundary_11688546_empty_90d.recording.json
804,ตลาดเก่าตะกั่วป่า,คลองตะกั่วป่า,Hydro – Informatics Institute (Public Organization),Peninsula - West Coast Basin,stage_reported,value,available,graph route published 13035 non-null 'value' values in the 90-day window,13035,1008,2026-06-08,2026-09-06,True,False,200,2026-09-07T15:31:37.116337Z,recordings/boundary_1373272_both_products.recording.json
812,ท่าขนอม,แม่น้ำพุมดวง,Hydro – Informatics Institute (Public Organization),Peninsula - Upper East Coast Basin,discharge_reported,discharge,empty_in_tested_window,graph route answered with a complete time grid carrying no non-null 'discharge' value in the 90-day window; the source states nothing about support,0,1008,2026-06-08,2026-09-06,True,False,200,2026-09-07T15:31:39.067936Z,recordings/boundary_11688546_empty_90d.recording.json
812,ท่าขนอม,แม่น้ำพุมดวง,Hydro – Informatics Institute (Public Organization),Peninsula - Upper East Coast Basin,stage_reported,value,available,graph route published 12906 non-null 'value' values in the 90-day window,12906,1008,2026-06-08,2026-09-06,True,False,200,2026-09-07T15:31:39.067936Z,recordings/boundary_1373272_both_products.recording.json
823,พุนพิน 1,แม่น้ำตาปี,Hydro – Informatics Institute (Public Organization),Peninsula - Upper East Coast Basin,discharge_reported,discharge,empty_in_tested_window,graph route answered with a complete time grid carrying no non-null 'discharge' value in the 90-day window; the source states nothing about support,0,1008,2026-06-08,2026-09-06,True,False,200,2026-09-07T15:31:41.104952Z,recordings/boundary_11688546_empty_90d.recording.json
823,พุนพิน 1,แม่น้ำตาปี,Hydro – Informatics Institute (Public Organization),Peninsula - Upper East Coast Basin,stage_reported,value,available,graph route published 13012 non-null 'value' values in the 90-day window,13012,1008,2026-06-08,2026-09-06,True,False,200,2026-09-07T15:31:41.104952Z,recordings/boundary_1373272_both_products.recording.json
824,พุนพิน 3,แม่น้ำตาปี,Hydro – Informatics Institute (Public Organization),Peninsula - Upper East Coast Basin,discharge_reported,discharge,empty_in_tested_window,graph route answered with a complete time grid carrying no non-null 'discharge' value in the 90-day window; the source states nothing about support,0,1008,2026-06-08,2026-09-06,True,False,200,2026-09-07T15:31:43.234034Z,recordings/boundary_11688546_empty_90d.recording.json
824,พุนพิน 3,แม่น้ำตาปี,Hydro – Informatics Institute (Public Organization),Peninsula - Upper East Coast Basin,stage_reported,value,available,graph route published 13066 non-null 'value' values in the 90-day window,13066,1008,2026-06-08,2026-09-06,True,False,200,2026-09-07T15:31:43.234034Z,recordings/boundary_1373272_both_products.recording.json
825,ชุมชนลีเล็ด,คลองลีเล็ด,Hydro – Informatics Institute (Public Organization),Peninsula - Upper East Coast Basin,discharge_reported,discharge,empty_in_tested_window,graph route answered with a complete time grid carrying no non-null 'discharge' value in the 90-day window; the source states nothing about support,0,1008,2026-06-08,2026-09-06,True,False,200,2026-09-07T15:31:45.224928Z,recordings/boundary_11688546_empty_90d.recording.json
825,ชุมชนลีเล็ด,คลองลีเล็ด,Hydro – Informatics Institute (Public Organization),Peninsula - Upper East Coast Basin,stage_reported,value,available,graph route published 13062 non-null 'value' values in the 90-day window,13062,1008,2026-06-08,2026-09-06,True,False,200,2026-09-07T15:31:45.224928Z,recordings/boundary_1373272_both_products.recording.json
826,พุนพิน 2,แม่น้ำพุมดวง,Hydro – Informatics Institute (Public Organization),Peninsula - Upper East Coast Basin,discharge_reported,discharge,empty_in_tested_window,graph route answered with a complete time grid carrying no non-null 'discharge' value in the 90-day window; the source states nothing about support,0,1008,2026-06-08,2026-09-06,True,False,200,2026-09-07T15:31:47.265440Z,recordings/boundary_11688546_empty_90d.recording.json
826,พุนพิน 2,แม่น้ำพุมดวง,Hydro – Informatics Institute (Public Organization),Peninsula - Upper East Coast Basin,stage_reported,value,available,graph route published 12952 non-null 'value' values in the 90-day window,12952,1008,2026-06-08,2026-09-06,True,False,200,2026-09-07T15:31:47.265440Z,recordings/boundary_1373272_both_products.recording.json
828,วิภาวดี,คลองยัน,Hydro – Informatics Institute (Public Organization),Peninsula - Upper East Coast Basin,discharge_reported,discharge,empty_in_tested_window,graph route answered with a complete time grid carrying no non-null 'discharge' value in the 90-day window; the source states nothing about support,0,1008,2026-06-08,2026-09-06,True,False,200,2026-09-07T15:31:49.350696Z,recordings/boundary_11688546_empty_90d.recording.json
828,วิภาวดี,คลองยัน,Hydro – Informatics Institute (Public Organization),Peninsula - Upper East Coast Basin,stage_reported,value,available,graph route published 13054 non-null 'value' values in the 90-day window,13054,1008,2026-06-08,2026-09-06,True,False,200,2026-09-07T15:31:49.350696Z,recordings/boundary_1373272_both_products.recording.json
829,เมืองระนอง,คลองหาดส้มแป้น,Hydro – Informatics Institute (Public Organization),Peninsula - West Coast Basin,discharge_reported,discharge,empty_in_tested_window,graph route answered with a complete time grid carrying no non-null 'discharge' value in the 90-day window; the source states nothing about support,0,1008,2026-06-08,2026-09-06,True,False,200,2026-09-07T15:31:51.483651Z,recordings/boundary_11688546_empty_90d.recording.json
829,เมืองระนอง,คลองหาดส้มแป้น,Hydro – Informatics Institute (Public Organization),Peninsula - West Coast Basin,stage_reported,value,available,graph route published 13065 non-null 'value' values in the 90-day window,13065,1008,2026-06-08,2026-09-06,True,False,200,2026-09-07T15:31:51.483651Z,recordings/boundary_1373272_both_products.recording.json
83,ปตร.มโนรมย์,แม่น้ำเจ้าพระยา,Hydro – Informatics Institute (Public Organization),Chao Phraya Basin,discharge_reported,discharge,empty_in_tested_window,graph route answered with a complete time grid carrying no non-null 'discharge' value in the 90-day window; the source states nothing about support,0,1008,2026-06-08,2026-09-06,True,False,200,2026-09-07T15:31:53.595258Z,recordings/boundary_11688546_empty_90d.recording.json
83,ปตร.มโนรมย์,แม่น้ำเจ้าพระยา,Hydro – Informatics Institute (Public Organization),Chao Phraya Basin,stage_reported,value,available,graph route published 12938 non-null 'value' values in the 90-day window,12938,1008,2026-06-08,2026-09-06,True,False,200,2026-09-07T15:31:53.595258Z,recordings/boundary_1373272_both_products.recording.json
832057,บ้านหนองไผ่,ลำภาชี,Royal Irrigation Department,Mae Klong Basin,discharge_reported,discharge,available,graph route published 1 non-null 'discharge' values in the 90-day window,1,168,2026-06-08,2026-09-06,True,False,200,2026-09-07T15:31:54.714279Z,recordings/boundary_1373272_both_products.recording.json
832057,บ้านหนองไผ่,ลำภาชี,Royal Irrigation Department,Mae Klong Basin,stage_reported,value,available,graph route published 1974 non-null 'value' values in the 90-day window,1974,168,2026-06-08,2026-09-06,True,False,200,2026-09-07T15:31:54.714279Z,recordings/boundary_1373272_both_products.recording.json
832059,บ้านยางสูง,ลำตะเพิน,Royal Irrigation Department,Mae Klong Basin,discharge_reported,discharge,empty_in_tested_window,graph route answered with a complete time grid carrying no non-null 'discharge' value in the 90-day window; the source states nothing about support,0,168,2026-06-08,2026-09-06,True,False,200,2026-09-07T15:31:55.838449Z,recordings/boundary_11688546_empty_90d.recording.json
832059,บ้านยางสูง,ลำตะเพิน,Royal Irrigation Department,Mae Klong Basin,stage_reported,value,available,graph route published 1985 non-null 'value' values in the 90-day window,1985,168,2026-06-08,2026-09-06,True,False,200,2026-09-07T15:31:55.838449Z,recordings/boundary_1373272_both_products.recording.json
832066,สะพานค่ายหลวง,แม่น้ำแม่กลอง,Royal Irrigation Department,Mae Klong Basin,discharge_reported,discharge,available,graph route published 152 non-null 'discharge' values in the 7-day window,152,168,2026-08-31,2026-09-06,True,True,200,2026-09-07T15:31:56.950789Z,recordings/boundary_1373272_both_products.recording.json
832066,สะพานค่ายหลวง,แม่น้ำแม่กลอง,Royal Irrigation Department,Mae Klong Basin,stage_reported,value,available,graph route published 152 non-null 'value' values in the 7-day window,152,168,2026-08-31,2026-09-06,True,True,200,2026-09-07T15:31:56.950789Z,recordings/boundary_1373272_both_products.recording.json
832084,บ้านทุ่งแฝก,แม่น้ำกุยบุรี,Royal Irrigation Department,Phetchaburi - Prachuap Khiri Khan Basin,discharge_reported,discharge,available,graph route published 152 non-null 'discharge' values in the 7-day window,152,168,2026-08-31,2026-09-06,True,True,200,2026-09-07T15:31:58.070377Z,recordings/boundary_1373272_both_products.recording.json
832084,บ้านทุ่งแฝก,แม่น้ำกุยบุรี,Royal Irrigation Department,Phetchaburi - Prachuap Khiri Khan Basin,stage_reported,value,available,graph route published 152 non-null 'value' values in the 7-day window,152,168,2026-08-31,2026-09-06,True,True,200,2026-09-07T15:31:58.070377Z,recordings/boundary_1373272_both_products.recording.json
835,เมืองชุมพร,คลองท่าตะเภา,Hydro – Informatics Institute (Public Organization),Peninsula - Upper East Coast Basin,discharge_reported,discharge,empty_in_tested_window,graph route answered with a complete time grid carrying no non-null 'discharge' value in the 90-day window; the source states nothing about support,0,1008,2026-06-08,2026-09-06,True,False,200,2026-09-07T15:32:00.109490Z,recordings/boundary_11688546_empty_90d.recording.json
835,เมืองชุมพร,คลองท่าตะเภา,Hydro – Informatics Institute (Public Organization),Peninsula - Upper East Coast Basin,stage_reported,value,available,graph route published 88 non-null 'value' values in the 90-day window,88,1008,2026-06-08,2026-09-06,True,False,200,2026-09-07T15:32:00.109490Z,recordings/boundary_1373272_both_products.recording.json
841,หลังสวน,คลองหลังสวน,Hydro – Informatics Institute (Public Organization),Peninsula - Upper East Coast Basin,discharge_reported,discharge,empty_in_tested_window,graph route answered with a complete time grid carrying no non-null 'discharge' value in the 90-day window; the source states nothing about support,0,1008,2026-06-08,2026-09-06,True,False,200,2026-09-07T15:32:02.271272Z,recordings/boundary_11688546_empty_90d.recording.json
841,หลังสวน,คลองหลังสวน,Hydro – Informatics Institute (Public Organization),Peninsula - Upper East Coast Basin,stage_reported,value,available,graph route published 12922 non-null 'value' values in the 90-day window,12922,1008,2026-06-08,2026-09-06,True,False,200,2026-09-07T15:32:02.271272Z,recordings/boundary_1373272_both_products.recording.json
845,สวี 1,คลองสวี,Hydro – Informatics Institute (Public Organization),Peninsula - Upper East Coast Basin,discharge_reported,discharge,empty_in_tested_window,graph route answered with a complete time grid carrying no non-null 'discharge' value in the 90-day window; the source states nothing about support,0,1008,2026-06-08,2026-09-06,True,False,200,2026-09-07T15:32:04.418235Z,recordings/boundary_11688546_empty_90d.recording.json
845,สวี 1,คลองสวี,Hydro – Informatics Institute (Public Organization),Peninsula - Upper East Coast Basin,stage_reported,value,available,graph route published 12917 non-null 'value' values in the 90-day window,12917,1008,2026-06-08,2026-09-06,True,False,200,2026-09-07T15:32:04.418235Z,recordings/boundary_1373272_both_products.recording.json
846,สวี 2,คลองสวี,Hydro – Informatics Institute (Public Organization),Peninsula - Upper East Coast Basin,discharge_reported,discharge,empty_in_tested_window,graph route answered with a complete time grid carrying no non-null 'discharge' value in the 90-day window; the source states nothing about support,0,1008,2026-06-08,2026-09-06,True,False,200,2026-09-07T15:32:06.344071Z,recordings/boundary_11688546_empty_90d.recording.json
846,สวี 2,คลองสวี,Hydro – Informatics Institute (Public Organization),Peninsula - Upper East Coast Basin,stage_reported,value,available,graph route published 7558 non-null 'value' values in the 90-day window,7558,1008,2026-06-08,2026-09-06,True,False,200,2026-09-07T15:32:06.344071Z,recordings/boundary_1373272_both_products.recording.json
849,จะนะ,คลองลึก,Hydro – Informatics Institute (Public Organization),Thale Sap Songkhla Basin,discharge_reported,discharge,empty_in_tested_window,graph route answered with a complete time grid carrying no non-null 'discharge' value in the 90-day window; the source states nothing about support,0,1008,2026-06-08,2026-09-06,True,False,200,2026-09-07T15:32:08.250930Z,recordings/boundary_11688546_empty_90d.recording.json
849,จะนะ,คลองลึก,Hydro – Informatics Institute (Public Organization),Thale Sap Songkhla Basin,stage_reported,value,available,graph route published 13024 non-null 'value' values in the 90-day window,13024,1008,2026-06-08,2026-09-06,True,False,200,2026-09-07T15:32:08.250930Z,recordings/boundary_1373272_both_products.recording.json
850,นาทวี,คลองนาทวี,Hydro – Informatics Institute (Public Organization),Thale Sap Songkhla Basin,discharge_reported,discharge,empty_in_tested_window,graph route answered with a complete time grid carrying no non-null 'discharge' value in the 90-day window; the source states nothing about support,0,1008,2026-06-08,2026-09-06,True,False,200,2026-09-07T15:32:10.343852Z,recordings/boundary_11688546_empty_90d.recording.json
850,นาทวี,คลองนาทวี,Hydro – Informatics Institute (Public Organization),Thale Sap Songkhla Basin,stage_reported,value,available,graph route published 13026 non-null 'value' values in the 90-day window,13026,1008,2026-06-08,2026-09-06,True,False,200,2026-09-07T15:32:10.343852Z,recordings/boundary_1373272_both_products.recording.json
852087,อโศก,คลองแสนแสบ,Hydro – Informatics Institute (Public Organization),Chao Phraya Basin,discharge_reported,discharge,empty_in_tested_window,graph route answered with a complete time grid carrying no non-null 'discharge' value in the 90-day window; the source states nothing about support,0,1008,2026-06-08,2026-09-06,True,False,200,2026-09-07T15:32:12.505908Z,recordings/boundary_11688546_empty_90d.recording.json
852087,อโศก,คลองแสนแสบ,Hydro – Informatics Institute (Public Organization),Chao Phraya Basin,stage_reported,value,available,graph route published 12931 non-null 'value' values in the 90-day window,12931,1008,2026-06-08,2026-09-06,True,False,200,2026-09-07T15:32:12.505908Z,recordings/boundary_1373272_both_products.recording.json
855,สะเดา,คลองอู่ตะเภา,Hydro – Informatics Institute (Public Organization),Thale Sap Songkhla Basin,discharge_reported,discharge,empty_in_tested_window,graph route answered with a complete time grid carrying no non-null 'discharge' value in the 90-day window; the source states nothing about support,0,1008,2026-06-08,2026-09-06,True,False,200,2026-09-07T15:32:14.535732Z,recordings/boundary_11688546_empty_90d.recording.json
855,สะเดา,คลองอู่ตะเภา,Hydro – Informatics Institute (Public Organization),Thale Sap Songkhla Basin,stage_reported,value,available,graph route published 13056 non-null 'value' values in the 90-day window,13056,1008,2026-06-08,2026-09-06,True,False,200,2026-09-07T15:32:14.535732Z,recordings/boundary_1373272_both_products.recording.json
858,บางกล่ำ,คลองบางกล่ำ,Hydro – Informatics Institute (Public Organization),Thale Sap Songkhla Basin,discharge_reported,discharge,empty_in_tested_window,graph route answered with a complete time grid carrying no non-null 'discharge' value in the 90-day window; the source states nothing about support,0,1008,2026-06-08,2026-09-06,True,False,200,2026-09-07T15:32:16.507988Z,recordings/boundary_11688546_empty_90d.recording.json
858,บางกล่ำ,คลองบางกล่ำ,Hydro – Informatics Institute (Public Organization),Thale Sap Songkhla Basin,stage_reported,value,available,graph route published 10899 non-null 'value' values in the 90-day window,10899,1008,2026-06-08,2026-09-06,True,False,200,2026-09-07T15:32:16.507988Z,recordings/boundary_1373272_both_products.recording.json
859,ปากรอ,คลองปากรอ,Hydro – Informatics Institute (Public Organization),Thale Sap Songkhla Basin,discharge_reported,discharge,empty_in_tested_window,graph route answered with a complete time grid carrying no non-null 'discharge' value in the 90-day window; the source states nothing about support,0,1008,2026-06-08,2026-09-06,True,False,200,2026-09-07T15:32:18.558388Z,recordings/boundary_11688546_empty_90d.recording.json
859,ปากรอ,คลองปากรอ,Hydro – Informatics Institute (Public Organization),Thale Sap Songkhla Basin,stage_reported,value,available,graph route published 13059 non-null 'value' values in the 90-day window,13059,1008,2026-06-08,2026-09-06,True,False,200,2026-09-07T15:32:18.558388Z,recordings/boundary_1373272_both_products.recording.json
860,คลองหอยโข่ง,คลองอู่ตะเภา,Hydro – Informatics Institute (Public Organization),Thale Sap Songkhla Basin,discharge_reported,discharge,empty_in_tested_window,graph route answered with a complete time grid carrying no non-null 'discharge' value in the 90-day window; the source states nothing about support,0,1008,2026-06-08,2026-09-06,True,False,200,2026-09-07T15:32:20.613698Z,recordings/boundary_11688546_empty_90d.recording.json
860,คลองหอยโข่ง,คลองอู่ตะเภา,Hydro – Informatics Institute (Public Organization),Thale Sap Songkhla Basin,stage_reported,value,available,graph route published 12965 non-null 'value' values in the 90-day window,12965,1008,2026-06-08,2026-09-06,True,False,200,2026-09-07T15:32:20.613698Z,recordings/boundary_1373272_both_products.recording.json
861,เมืองสตูล,คลองน้ำพระ,Hydro – Informatics Institute (Public Organization),Peninsula - West Coast Basin,discharge_reported,discharge,empty_in_tested_window,graph route answered with a complete time grid carrying no non-null 'discharge' value in the 90-day window; the source states nothing about support,0,1008,2026-06-08,2026-09-06,True,False,200,2026-09-07T15:32:22.554394Z,recordings/boundary_11688546_empty_90d.recording.json
861,เมืองสตูล,คลองน้ำพระ,Hydro – Informatics Institute (Public Organization),Peninsula - West Coast Basin,stage_reported,value,available,graph route published 12925 non-null 'value' values in the 90-day window,12925,1008,2026-06-08,2026-09-06,True,False,200,2026-09-07T15:32:22.554394Z,recordings/boundary_1373272_both_products.recording.json
865,เมืองตรัง,แม่น้ำตรัง,Hydro – Informatics Institute (Public Organization),Peninsula - West Coast Basin,discharge_reported,discharge,empty_in_tested_window,graph route answered with a complete time grid carrying no non-null 'discharge' value in the 90-day window; the source states nothing about support,0,1008,2026-06-08,2026-09-06,True,False,200,2026-09-07T15:32:24.480846Z,recordings/boundary_11688546_empty_90d.recording.json
865,เมืองตรัง,แม่น้ำตรัง,Hydro – Informatics Institute (Public Organization),Peninsula - West Coast Basin,stage_reported,value,available,graph route published 12933 non-null 'value' values in the 90-day window,12933,1008,2026-06-08,2026-09-06,True,False,200,2026-09-07T15:32:24.480846Z,recordings/boundary_1373272_both_products.recording.json
869,ท่าสะบ้า,แม่น้ำตรัง,Hydro – Informatics Institute (Public Organization),Peninsula - West Coast Basin,discharge_reported,discharge,empty_in_tested_window,graph route answered with a complete time grid carrying no non-null 'discharge' value in the 90-day window; the source states nothing about support,0,1008,2026-06-08,2026-09-06,True,False,200,2026-09-07T15:32:26.502231Z,recordings/boundary_11688546_empty_90d.recording.json
869,ท่าสะบ้า,แม่น้ำตรัง,Hydro – Informatics Institute (Public Organization),Peninsula - West Coast Basin,stage_reported,value,available,graph route published 13007 non-null 'value' values in the 90-day window,13007,1008,2026-06-08,2026-09-06,True,False,200,2026-09-07T15:32:26.502231Z,recordings/boundary_1373272_both_products.recording.json
870,คลองนาท่อม,คลองลำ,Hydro – Informatics Institute (Public Organization),Thale Sap Songkhla Basin,discharge_reported,discharge,empty_in_tested_window,graph route answered with a complete time grid carrying no non-null 'discharge' value in the 90-day window; the source states nothing about support,0,1008,2026-06-08,2026-09-06,True,False,200,2026-09-07T15:32:28.413070Z,recordings/boundary_11688546_empty_90d.recording.json
870,คลองนาท่อม,คลองลำ,Hydro – Informatics Institute (Public Organization),Thale Sap Songkhla Basin,stage_reported,value,available,graph route published 12550 non-null 'value' values in the 90-day window,12550,1008,2026-06-08,2026-09-06,True,False,200,2026-09-07T15:32:28.413070Z,recordings/boundary_1373272_both_products.recording.json
89,สรรพยา,แม่น้ำเจ้าพระยา,Hydro – Informatics Institute (Public Organization),Chao Phraya Basin,discharge_reported,discharge,empty_in_tested_window,graph route answered with a complete time grid carrying no non-null 'discharge' value in the 90-day window; the source states nothing about support,0,1008,2026-06-08,2026-09-06,True,False,200,2026-09-07T15:32:30.418570Z,recordings/boundary_11688546_empty_90d.recording.json
89,สรรพยา,แม่น้ำเจ้าพระยา,Hydro – Informatics Institute (Public Organization),Chao Phraya Basin,stage_reported,value,available,graph route published 13057 non-null 'value' values in the 90-day window,13057,1008,2026-06-08,2026-09-06,True,False,200,2026-09-07T15:32:30.418570Z,recordings/boundary_1373272_both_products.recording.json
901,เมืองยะลา,เขื่อนปัตตานี,Hydro – Informatics Institute (Public Organization),Peninsula - Lower East Coast Basin,discharge_reported,discharge,empty_in_tested_window,graph route answered with a complete time grid carrying no non-null 'discharge' value in the 90-day window; the source states nothing about support,0,1008,2026-06-08,2026-09-06,True,False,200,2026-09-07T15:32:32.404385Z,recordings/boundary_11688546_empty_90d.recording.json
901,เมืองยะลา,เขื่อนปัตตานี,Hydro – Informatics Institute (Public Organization),Peninsula - Lower East Coast Basin,stage_reported,value,available,graph route published 13063 non-null 'value' values in the 90-day window,13063,1008,2026-06-08,2026-09-06,True,False,200,2026-09-07T15:32:32.404385Z,recordings/boundary_1373272_both_products.recording.json
905,บันนังสตา,แม่น้ำปัตตานี,Hydro – Informatics Institute (Public Organization),Peninsula - Lower East Coast Basin,discharge_reported,discharge,empty_in_tested_window,graph route answered with a complete time grid carrying no non-null 'discharge' value in the 90-day window; the source states nothing about support,0,1008,2026-06-08,2026-09-06,True,False,200,2026-09-07T15:32:34.502677Z,recordings/boundary_11688546_empty_90d.recording.json
905,บันนังสตา,แม่น้ำปัตตานี,Hydro – Informatics Institute (Public Organization),Peninsula - Lower East Coast Basin,stage_reported,value,available,graph route published 13034 non-null 'value' values in the 90-day window,13034,1008,2026-06-08,2026-09-06,True,False,200,2026-09-07T15:32:34.502677Z,recordings/boundary_1373272_both_products.recording.json
922,ศรีสาคร,แม่น้ำสายบุรี,Hydro – Informatics Institute (Public Organization),Peninsula - Lower East Coast Basin,discharge_reported,discharge,empty_in_tested_window,graph route answered with a complete time grid carrying no non-null 'discharge' value in the 90-day window; the source states nothing about support,0,1008,2026-06-08,2026-09-06,True,False,200,2026-09-07T15:32:36.534643Z,recordings/boundary_11688546_empty_90d.recording.json
922,ศรีสาคร,แม่น้ำสายบุรี,Hydro – Informatics Institute (Public Organization),Peninsula - Lower East Coast Basin,stage_reported,value,available,graph route published 12605 non-null 'value' values in the 90-day window,12605,1008,2026-06-08,2026-09-06,True,False,200,2026-09-07T15:32:36.534643Z,recordings/boundary_1373272_both_products.recording.json
9822342,โรงสูบน้ำแรงต่ำแม่ข่าย (แม่สาย),,Hydro – Informatics Institute (Public Organization),North Khong Basin,discharge_reported,discharge,empty_in_tested_window,graph route answered with a complete time grid carrying no non-null 'discharge' value in the 90-day window; the source states nothing about support,0,1008,2026-06-08,2026-09-06,True,False,200,2026-09-07T15:32:38.495442Z,recordings/boundary_11688546_empty_90d.recording.json
9822342,โรงสูบน้ำแรงต่ำแม่ข่าย (แม่สาย),,Hydro – Informatics Institute (Public Organization),North Khong Basin,stage_reported,value,available,graph route published 9129 non-null 'value' values in the 90-day window,9129,1008,2026-06-08,2026-09-06,True,False,200,2026-09-07T15:32:38.495442Z,recordings/boundary_1373272_both_products.recording.json
9930854,คลองพระราชดำริ ซอยหัวหิน 10,,Hydro – Informatics Institute (Public Organization),Phetchaburi - Prachuap Khiri Khan Basin,discharge_reported,discharge,empty_in_tested_window,graph route answered with a complete time grid carrying no non-null 'discharge' value in the 90-day window; the source states nothing about support,0,1008,2026-06-08,2026-09-06,True,False,200,2026-09-07T15:32:40.493553Z,recordings/boundary_11688546_empty_90d.recording.json
9930854,คลองพระราชดำริ ซอยหัวหิน 10,,Hydro – Informatics Institute (Public Organization),Phetchaburi - Prachuap Khiri Khan Basin,stage_reported,value,available,graph route published 12552 non-null 'value' values in the 90-day window,12552,1008,2026-06-08,2026-09-06,True,False,200,2026-09-07T15:32:40.493553Z,recordings/boundary_1373272_both_products.recording.json
9930856,คลองพระราชดำริ วัดเขาไกรลาศ,,Hydro – Informatics Institute (Public Organization),Phetchaburi - Prachuap Khiri Khan Basin,discharge_reported,discharge,empty_in_tested_window,graph route answered with a complete time grid carrying no non-null 'discharge' value in the 90-day window; the source states nothing about support,0,1008,2026-06-08,2026-09-06,True,False,200,2026-09-07T15:32:42.557317Z,recordings/boundary_11688546_empty_90d.recording.json
9930856,คลองพระราชดำริ วัดเขาไกรลาศ,,Hydro – Informatics Institute (Public Organization),Phetchaburi - Prachuap Khiri Khan Basin,stage_reported,value,available,graph route published 12374 non-null 'value' values in the 90-day window,12374,1008,2026-06-08,2026-09-06,True,False,200,2026-09-07T15:32:42.557317Z,recordings/boundary_1373272_both_products.recording.json
9931002,บ้านหัวนาหนองจิก,,Hydro – Informatics Institute (Public Organization),Mun Basin,discharge_reported,discharge,empty_in_tested_window,graph route answered with a complete time grid carrying no non-null 'discharge' value in the 90-day window; the source states nothing about support,0,1008,2026-06-08,2026-09-06,True,False,200,2026-09-07T15:32:44.554526Z,recordings/boundary_11688546_empty_90d.recording.json
9931002,บ้านหัวนาหนองจิก,,Hydro – Informatics Institute (Public Organization),Mun Basin,stage_reported,value,available,graph route published 11682 non-null 'value' values in the 90-day window,11682,1008,2026-06-08,2026-09-06,True,False,200,2026-09-07T15:32:44.554526Z,recordings/boundary_1373272_both_products.recording.json
9931004,บ้านกำพี้ ,,Hydro – Informatics Institute (Public Organization),Mun Basin,discharge_reported,discharge,empty_in_tested_window,graph route answered with a complete time grid carrying no non-null 'discharge' value in the 90-day window; the source states nothing about support,0,1008,2026-06-08,2026-09-06,True,False,200,2026-09-07T15:32:46.451115Z,recordings/boundary_11688546_empty_90d.recording.json
9931004,บ้านกำพี้ ,,Hydro – Informatics Institute (Public Organization),Mun Basin,stage_reported,value,available,graph route published 11809 non-null 'value' values in the 90-day window,11809,1008,2026-06-08,2026-09-06,True,False,200,2026-09-07T15:32:46.451115Z,recordings/boundary_1373272_both_products.recording.json
9931006,บ้านน้ำผึ้ง,,Hydro – Informatics Institute (Public Organization),Mun Basin,discharge_reported,discharge,empty_in_tested_window,graph route answered with a complete time grid carrying no non-null 'discharge' value in the 90-day window; the source states nothing about support,0,1008,2026-06-08,2026-09-06,True,False,200,2026-09-07T15:32:48.567255Z,recordings/boundary_11688546_empty_90d.recording.json
9931006,บ้านน้ำผึ้ง,,Hydro – Informatics Institute (Public Organization),Mun Basin,stage_reported,value,available,graph route published 11561 non-null 'value' values in the 90-day window,11561,1008,2026-06-08,2026-09-06,True,False,200,2026-09-07T15:32:48.567255Z,recordings/boundary_1373272_both_products.recording.json
9931008,บ้านกระยอม ,,Hydro – Informatics Institute (Public Organization),Mun Basin,discharge_reported,discharge,empty_in_tested_window,graph route answered with a complete time grid carrying no non-null 'discharge' value in the 90-day window; the source states nothing about support,0,1008,2026-06-08,2026-09-06,True,False,200,2026-09-07T15:32:50.667293Z,recordings/boundary_11688546_empty_90d.recording.json
9931008,บ้านกระยอม ,,Hydro – Informatics Institute (Public Organization),Mun Basin,stage_reported,value,available,graph route published 11674 non-null 'value' values in the 90-day window,11674,1008,2026-06-08,2026-09-06,True,False,200,2026-09-07T15:32:50.667293Z,recordings/boundary_1373272_both_products.recording.json
999395,บ้านหาดใน ,คลองรับรอ,Royal Irrigation Department,Peninsula - Upper East Coast Basin,discharge_reported,discharge,empty_in_tested_window,graph route answered with a complete time grid carrying no non-null 'discharge' value in the 90-day window; the source states nothing about support,0,168,2026-06-08,2026-09-06,True,False,200,2026-09-07T15:32:51.733399Z,recordings/boundary_11688546_empty_90d.recording.json
999395,บ้านหาดใน ,คลองรับรอ,Royal Irrigation Department,Peninsula - Upper East Coast Basin,stage_reported,value,available,graph route published 1975 non-null 'value' values in the 90-day window,1975,168,2026-06-08,2026-09-06,True,False,200,2026-09-07T15:32:51.733399Z,recordings/boundary_1373272_both_products.recording.json
999405,วัดถลุงทอง อำเภอร่อนพิบูลย์ ,คลองเสาธง,Royal Irrigation Department,Peninsula - Upper East Coast Basin,discharge_reported,discharge,available,graph route published 148 non-null 'discharge' values in the 7-day window,148,168,2026-08-31,2026-09-06,True,True,200,2026-09-07T15:32:52.865160Z,recordings/boundary_1373272_both_products.recording.json
999405,วัดถลุงทอง อำเภอร่อนพิบูลย์ ,คลองเสาธง,Royal Irrigation Department,Peninsula - Upper East Coast Basin,stage_reported,value,available,graph route published 148 non-null 'value' values in the 7-day window,148,168,2026-08-31,2026-09-06,True,True,200,2026-09-07T15:32:52.865160Z,recordings/boundary_1373272_both_products.recording.json
