station_no,station_name,river_name,site_no,object_type,in_baseline,declared_in_layer,product_id,source_code,workbook,status,evidence_basis,declared_rows,data_rows,populated_measurements,declared_unit,declared_parameter,timeseries_name,observed_window_start,observed_window_end,byte_size,http_status,url,retrieved_at,response_sha256,evidence_ref,layer_recording,transport_error
1010,HS Svilaj,Sava,1,General;Hidrološka stanica,True,True,discharge_reported,Q,Q_1Y.xlsx,measurements_present,17209 populated measurement cells across 17209 timestamped rows,17209,17209,17209,m³/s,Proticaj,81 Web Kontinuirani,2025-09-10 00:00:00,2026-09-09 12:30:00,274488,200,https://vodostaji.voda.ba/data/internet/stations/1/1010/Q/Q_1Y.xlsx,2026-09-09T15:53:10.360301Z,3f0ee380a8dbfc39ec21f0e3ee5fb2d0c37a6224fb54743bd561be2dbd64df45,evidence/1010_discharge_reported.evidence.json,recordings/layer_20.recording.json,
1010,HS Svilaj,Sava,1,General;Hidrološka stanica,True,True,stage_reported,H,H_1Y.xlsx,measurements_present,17209 populated measurement cells across 17209 timestamped rows,17209,17209,17209,cm,Vodostaj,81 Web Kontinuirani,2025-09-10 00:00:00,2026-09-09 12:30:00,245661,200,https://vodostaji.voda.ba/data/internet/stations/1/1010/H/H_1Y.xlsx,2026-09-09T15:53:10.940891Z,e3fabc8abe483a4a40e5da50ffc3644d927268ef8aed6198ccd9a7c36ab9cf18,evidence/1010_stage_reported.evidence.json,recordings/layer_10.recording.json,
1010,HS Svilaj,Sava,1,General;Hidrološka stanica,True,False,water_temperature_reported,WT,Tvode_1Y.xlsx,no_data_rows,publisher declares #Rows = 0 while still declaring parameter 'Temperatura vode' and unit '°C',0,0,0,°C,Temperatura vode,81 Web Kontinuirani,,,3627,200,https://vodostaji.voda.ba/data/internet/stations/1/1010/WT/Tvode_1Y.xlsx,2026-09-09T15:53:11.518156Z,93ba9c57de43bc22f8d2505a1433423b4b855f50f6d18a3d738eb7cd7be0b85f,evidence/1010_water_temperature_reported.evidence.json,recordings/layer_30.recording.json,
1011,CS Svilaj,Kanal/Svilaj,1,General;Hidrološka stanica,False,False,discharge_reported,Q,Q_1Y.xlsx,timestamped_without_measurements,"16796 timestamped rows, every measurement cell published empty (no <v> child); parameter 'Proticaj' and unit 'm³/s' still declared",16796,16796,0,m³/s,Proticaj,81 Web Kontinuirani,2025-09-10 00:00:00,2026-09-09 12:30:00,191922,200,https://vodostaji.voda.ba/data/internet/stations/1/1011/Q/Q_1Y.xlsx,2026-09-09T15:53:11.902833Z,ede00b81bff6c18f65ae8d441aa4d6cf0d4224f6b22b56e4517af8f3ee064e8b,evidence/1011_discharge_reported.evidence.json,recordings/layer_20.recording.json,
1011,CS Svilaj,Kanal/Svilaj,1,General;Hidrološka stanica,False,True,stage_reported,H,H_1Y.xlsx,measurements_present,17207 populated measurement cells across 17207 timestamped rows,17207,17207,17207,cm,Vodostaj,81 Web Kontinuirani,2025-09-10 00:00:00,2026-09-09 12:30:00,224431,200,https://vodostaji.voda.ba/data/internet/stations/1/1011/H/H_1Y.xlsx,2026-09-09T15:53:12.443083Z,0859e08ed4965fd0c24121ced4d9b55dc484b20e71ec1eb1a7a70200faa78f23,evidence/1011_stage_reported.evidence.json,recordings/layer_10.recording.json,
1011,CS Svilaj,Kanal/Svilaj,1,General;Hidrološka stanica,False,False,water_temperature_reported,WT,Tvode_1Y.xlsx,no_data_rows,publisher declares #Rows = 0 while still declaring parameter 'Temperatura vode' and unit '°C',0,0,0,°C,Temperatura vode,81 Web Kontinuirani,,,3626,200,https://vodostaji.voda.ba/data/internet/stations/1/1011/WT/Tvode_1Y.xlsx,2026-09-09T15:53:13.008749Z,97a9287a46bb62cb2f8e9fc243d3d8007ff1520b97ab1a3bad4dce265b25575d,evidence/1011_water_temperature_reported.evidence.json,recordings/layer_30.recording.json,
1012,CS Zorice,Kanal/Zorice,1,General;Hidrološka stanica,False,False,discharge_reported,Q,Q_1Y.xlsx,timestamped_without_measurements,"16424 timestamped rows, every measurement cell published empty (no <v> child); parameter 'Proticaj' and unit 'm³/s' still declared",16424,16424,0,m³/s,Proticaj,81 Web Kontinuirani,2025-09-10 00:00:00,2026-09-09 12:30:00,187821,200,https://vodostaji.voda.ba/data/internet/stations/1/1012/Q/Q_1Y.xlsx,2026-09-09T15:53:13.387348Z,a1f41127a8b206310b77872fed4a9551873677b4cd78373261afb72d249fdf13,evidence/1012_discharge_reported.evidence.json,recordings/layer_20.recording.json,
1012,CS Zorice,Kanal/Zorice,1,General;Hidrološka stanica,False,True,stage_reported,H,H_1Y.xlsx,measurements_present,16965 populated measurement cells across 16965 timestamped rows,16965,16965,16965,cm,Vodostaj,81 Web Kontinuirani,2025-09-10 00:00:00,2026-09-09 12:30:00,222550,200,https://vodostaji.voda.ba/data/internet/stations/1/1012/H/H_1Y.xlsx,2026-09-09T15:53:13.927956Z,5c90ac092d1b9599aa696d965df08b0e6054d415ea14fb42c06ab98533ebf1dc,evidence/1012_stage_reported.evidence.json,recordings/layer_10.recording.json,
1012,CS Zorice,Kanal/Zorice,1,General;Hidrološka stanica,False,False,water_temperature_reported,WT,Tvode_1Y.xlsx,no_data_rows,publisher declares #Rows = 0 while still declaring parameter 'Temperatura vode' and unit '°C',0,0,0,°C,Temperatura vode,81 Web Kontinuirani,,,3628,200,https://vodostaji.voda.ba/data/internet/stations/1/1012/WT/Tvode_1Y.xlsx,2026-09-09T15:53:14.501909Z,d7f8085908a85ed5779fb1672cb18e1ebb1de398ecb5e8066897254a37edb7b1,evidence/1012_water_temperature_reported.evidence.json,recordings/layer_30.recording.json,
1020,HS Grebnice,Sava,1,General;Hidrološka stanica,True,True,discharge_reported,Q,Q_1Y.xlsx,measurements_present,8508 populated measurement cells across 8508 timestamped rows,8508,8508,8508,m³/s,Proticaj,81 Web Kontinuirani,2025-09-10 00:00:00,2026-09-09 12:00:00,139179,200,https://vodostaji.voda.ba/data/internet/stations/1/1020/Q/Q_1Y.xlsx,2026-09-09T15:53:14.878086Z,0e3a17466806233dbedd46ed2e970e0232141fbca86f8dd6a2889a0a58d0e1f0,evidence/1020_discharge_reported.evidence.json,recordings/layer_20.recording.json,
1020,HS Grebnice,Sava,1,General;Hidrološka stanica,True,True,stage_reported,H,H_1Y.xlsx,measurements_present,8508 populated measurement cells across 8508 timestamped rows,8508,8508,8508,cm,Vodostaj,81 Web Kontinuirani,2025-09-10 00:00:00,2026-09-09 12:00:00,125424,200,https://vodostaji.voda.ba/data/internet/stations/1/1020/H/H_1Y.xlsx,2026-09-09T15:53:15.381239Z,9f93e78fdb9f6435883300c7992d86bcf21482486430e37a58c6de84bc0b2328,evidence/1020_stage_reported.evidence.json,recordings/layer_10.recording.json,
1020,HS Grebnice,Sava,1,General;Hidrološka stanica,True,False,water_temperature_reported,WT,Tvode_1Y.xlsx,measurements_present,7209 populated measurement cells across 7209 timestamped rows,7209,7209,7209,°C,Temperatura vode,81 Web Kontinuirani,2025-09-10 00:00:00,2026-09-09 12:00:00,94419,200,https://vodostaji.voda.ba/data/internet/stations/1/1020/WT/Tvode_1Y.xlsx,2026-09-09T15:53:15.884888Z,0211218535d8bb1ceee84045c97f9956461045ce3ad4bcdf8bc43f127c549f50,evidence/1020_water_temperature_reported.evidence.json,recordings/layer_30.recording.json,
1030,HS Orašje,Sava,1,General;Hidrološka stanica,False,False,discharge_reported,Q,Q_1Y.xlsx,measurements_present,2161 populated measurement cells across 2162 timestamped rows,2162,2162,2161,m³/s,Proticaj,81 Web Kontinuirani,2026-04-27 13:00:00,2026-09-09 13:00:00,31738,200,https://vodostaji.voda.ba/data/internet/stations/1/1030/Q/Q_1Y.xlsx,2026-09-09T15:53:16.425602Z,730abc2957b77fc110e3e19c15c58ad9cf50583dd85fe426059a720eac9275ed,evidence/1030_discharge_reported.evidence.json,recordings/layer_20.recording.json,
1030,HS Orašje,Sava,1,General;Hidrološka stanica,False,True,stage_reported,H,H_1Y.xlsx,measurements_present,2161 populated measurement cells across 7598 timestamped rows,7598,7598,2161,cm,Vodostaj,81 Web Kontinuirani,2025-09-10 00:00:00,2026-09-09 13:00:00,91216,200,https://vodostaji.voda.ba/data/internet/stations/1/1030/H/H_1Y.xlsx,2026-09-09T15:53:16.850022Z,482bfb681f59ddcda16d7816122825c69c3eef64a86cc459ba517dab938e46e5,evidence/1030_stage_reported.evidence.json,recordings/layer_10.recording.json,
1030,HS Orašje,Sava,1,General;Hidrološka stanica,False,False,water_temperature_reported,WT,Tvode_1Y.xlsx,timestamped_without_measurements,"5440 timestamped rows, every measurement cell published empty (no <v> child); parameter 'Temperatura vode' and unit '°C' still declared",5440,5440,0,°C,Temperatura vode,81 Web Kontinuirani,2025-09-10 00:00:00,2026-04-27 13:00:00,63966,200,https://vodostaji.voda.ba/data/internet/stations/1/1030/WT/Tvode_1Y.xlsx,2026-09-09T15:53:17.326748Z,0d67bbbed0c61eb14d29f6a28f79bd07889800f84f068951e8989aeaf30797b9,evidence/1030_water_temperature_reported.evidence.json,recordings/layer_30.recording.json,
1031,CS Tolisa - Demerovac,Kanal/Demerovac,1,General;Hidrološka stanica,False,False,discharge_reported,Q,Q_1Y.xlsx,timestamped_without_measurements,"14777 timestamped rows, every measurement cell published empty (no <v> child); parameter 'Proticaj' and unit 'm³/s' still declared",14777,14777,0,m³/s,Proticaj,81 Web Kontinuirani,2025-09-10 00:00:00,2026-09-09 12:30:00,169809,200,https://vodostaji.voda.ba/data/internet/stations/1/1031/Q/Q_1Y.xlsx,2026-09-09T15:53:17.808871Z,a055e404fdc2f74099123233288762dd89615afedef3a576c0e5b1cfd9f7f3f2,evidence/1031_discharge_reported.evidence.json,recordings/layer_20.recording.json,
1031,CS Tolisa - Demerovac,Kanal/Demerovac,1,General;Hidrološka stanica,False,True,stage_reported,H,H_1Y.xlsx,measurements_present,15565 populated measurement cells across 15565 timestamped rows,15565,15565,15565,cm,Vodostaj,81 Web Kontinuirani,2025-09-10 00:00:00,2026-09-09 12:30:00,218873,200,https://vodostaji.voda.ba/data/internet/stations/1/1031/H/H_1Y.xlsx,2026-09-09T15:53:18.329735Z,922aa1c807de7ac97a9682afaad35560029999bfae405c945513d33b5ba4122b,evidence/1031_stage_reported.evidence.json,recordings/layer_10.recording.json,
1031,CS Tolisa - Demerovac,Kanal/Demerovac,1,General;Hidrološka stanica,False,False,water_temperature_reported,WT,Tvode_1Y.xlsx,no_data_rows,publisher declares #Rows = 0 while still declaring parameter 'Temperatura vode' and unit '°C',0,0,0,°C,Temperatura vode,81 Web Kontinuirani,,,3639,200,https://vodostaji.voda.ba/data/internet/stations/1/1031/WT/Tvode_1Y.xlsx,2026-09-09T15:53:18.904535Z,ccc928ca708a2c0741cc1a3548bd4bd3484e1e1b7c5efe7eb96e46f03ce72e9c,evidence/1031_water_temperature_reported.evidence.json,recordings/layer_30.recording.json,
1032,CS Tolisa - Briježnica,Kanal/Briježnica,1,General;Hidrološka stanica,False,False,discharge_reported,Q,Q_1Y.xlsx,timestamped_without_measurements,"14774 timestamped rows, every measurement cell published empty (no <v> child); parameter 'Proticaj' and unit 'm³/s' still declared",14774,14774,0,m³/s,Proticaj,81 Web Kontinuirani,2025-09-10 00:00:00,2026-09-09 12:30:00,169788,200,https://vodostaji.voda.ba/data/internet/stations/1/1032/Q/Q_1Y.xlsx,2026-09-09T15:53:19.289796Z,f05dbba3098fbf12f9a35fae96d50238509622a7a62a8197a7e94ec8acb2d04a,evidence/1032_discharge_reported.evidence.json,recordings/layer_20.recording.json,
1032,CS Tolisa - Briježnica,Kanal/Briježnica,1,General;Hidrološka stanica,False,True,stage_reported,H,H_1Y.xlsx,measurements_present,15566 populated measurement cells across 15566 timestamped rows,15566,15566,15566,cm,Vodostaj,81 Web Kontinuirani,2025-09-10 00:00:00,2026-09-09 12:30:00,208912,200,https://vodostaji.voda.ba/data/internet/stations/1/1032/H/H_1Y.xlsx,2026-09-09T15:53:19.807339Z,25efd28fd63bcf8dde014913a2c940d17d7ca4edc29232d3a3e97b03255385eb,evidence/1032_stage_reported.evidence.json,recordings/layer_10.recording.json,
1032,CS Tolisa - Briježnica,Kanal/Briježnica,1,General;Hidrološka stanica,False,False,water_temperature_reported,WT,Tvode_1Y.xlsx,no_data_rows,publisher declares #Rows = 0 while still declaring parameter 'Temperatura vode' and unit '°C',0,0,0,°C,Temperatura vode,81 Web Kontinuirani,,,3639,200,https://vodostaji.voda.ba/data/internet/stations/1/1032/WT/Tvode_1Y.xlsx,2026-09-09T15:53:20.374603Z,12f85f15327e3708ed70ac3867952edc6c02c25d1826159a4edc7c68f1232fcd,evidence/1032_water_temperature_reported.evidence.json,recordings/layer_30.recording.json,
1033,CS Tolisa - Tolisa,Kanal/Tolisa,1,General;Hidrološka stanica,False,False,discharge_reported,Q,Q_1Y.xlsx,timestamped_without_measurements,"14775 timestamped rows, every measurement cell published empty (no <v> child); parameter 'Proticaj' and unit 'm³/s' still declared",14775,14775,0,m³/s,Proticaj,81 Web Kontinuirani,2025-09-10 00:00:00,2026-09-09 12:30:00,169786,200,https://vodostaji.voda.ba/data/internet/stations/1/1033/Q/Q_1Y.xlsx,2026-09-09T15:53:20.750321Z,2188ae432a777a17e632af7c2abe0eb60625494d4e50236ef7cc0485d3ae1ba6,evidence/1033_discharge_reported.evidence.json,recordings/layer_20.recording.json,
1033,CS Tolisa - Tolisa,Kanal/Tolisa,1,General;Hidrološka stanica,False,True,stage_reported,H,H_1Y.xlsx,measurements_present,15569 populated measurement cells across 15569 timestamped rows,15569,15569,15569,cm,Vodostaj,81 Web Kontinuirani,2025-09-10 00:00:00,2026-09-09 12:30:00,210199,200,https://vodostaji.voda.ba/data/internet/stations/1/1033/H/H_1Y.xlsx,2026-09-09T15:53:21.470000Z,e3b2420b0d751ad2eb2b2f7da73825d51f25ffb5e6d45ea3c1db5199ed208731,evidence/1033_stage_reported.evidence.json,recordings/layer_10.recording.json,
1033,CS Tolisa - Tolisa,Kanal/Tolisa,1,General;Hidrološka stanica,False,False,water_temperature_reported,WT,Tvode_1Y.xlsx,no_data_rows,publisher declares #Rows = 0 while still declaring parameter 'Temperatura vode' and unit '°C',0,0,0,°C,Temperatura vode,81 Web Kontinuirani,,,3632,200,https://vodostaji.voda.ba/data/internet/stations/1/1033/WT/Tvode_1Y.xlsx,2026-09-09T15:53:22.032519Z,731893c5c88f8664229c2c570da2060231bc391490a101b27f5d8aff76b93fc9,evidence/1033_water_temperature_reported.evidence.json,recordings/layer_30.recording.json,
1110,HS Srebrenik,Tinja,1,General;Hidrološka stanica,False,False,discharge_reported,Q,Q_1Y.xlsx,timestamped_without_measurements,"1 timestamped rows, every measurement cell published empty (no <v> child); parameter 'Proticaj' and unit 'm³/s' still declared",1,1,0,m³/s,Proticaj,81 Web Kontinuirani,2026-09-09 13:00:00,2026-09-09 13:00:00,3743,200,https://vodostaji.voda.ba/data/internet/stations/1/1110/Q/Q_1Y.xlsx,2026-09-09T15:53:22.413854Z,9db0aed50cdf3fa82b88f86d61e1d8c270e0710d88b487806dff408108cd1460,evidence/1110_discharge_reported.evidence.json,recordings/layer_20.recording.json,
1110,HS Srebrenik,Tinja,1,General;Hidrološka stanica,False,True,stage_reported,H,H_1Y.xlsx,measurements_present,8688 populated measurement cells across 8688 timestamped rows,8688,8688,8688,cm,Vodostaj,81 Web Kontinuirani,2025-09-10 00:00:00,2026-09-09 13:00:00,118289,200,https://vodostaji.voda.ba/data/internet/stations/1/1110/H/H_1Y.xlsx,2026-09-09T15:53:22.795022Z,50ecdf4aa5cf674193ed88888ca11138438b127935f3cd61d8610025401bf5d9,evidence/1110_stage_reported.evidence.json,recordings/layer_10.recording.json,
1110,HS Srebrenik,Tinja,1,General;Hidrološka stanica,False,False,water_temperature_reported,WT,Tvode_1Y.xlsx,no_data_rows,publisher declares #Rows = 0 while still declaring parameter 'Temperatura vode' and unit '°C',0,0,0,°C,Temperatura vode,81 Web Kontinuirani,,,3629,200,https://vodostaji.voda.ba/data/internet/stations/1/1110/WT/Tvode_1Y.xlsx,2026-09-09T15:53:23.297968Z,fab9730fcb0216c8acb8d886f16bec568175c813005bc0a501335115280f0341,evidence/1110_water_temperature_reported.evidence.json,recordings/layer_30.recording.json,
1114,HS Krušnica,Krušnica,2,General;Hidrološka stanica,True,True,discharge_reported,Q,Q_1Y.xlsx,measurements_present,7498 populated measurement cells across 7498 timestamped rows,7498,7498,7498,m³/s,Proticaj,81 Web Kontinuirani,2025-09-10 00:00:00,2026-08-05 09:00:00,113838,200,https://vodostaji.voda.ba/data/internet/stations/2/1114/Q/Q_1Y.xlsx,2026-09-09T15:53:23.672683Z,cfe20a28230fe82cc4ba601bead090888c03618b33033692afc67d6debe8ec03,evidence/1114_discharge_reported.evidence.json,recordings/layer_20.recording.json,
1114,HS Krušnica,Krušnica,2,General;Hidrološka stanica,True,True,stage_reported,H,H_1Y.xlsx,measurements_present,7498 populated measurement cells across 7498 timestamped rows,7498,7498,7498,cm,Vodostaj,81 Web Kontinuirani,2025-09-10 00:00:00,2026-08-05 09:00:00,109340,200,https://vodostaji.voda.ba/data/internet/stations/2/1114/H/H_1Y.xlsx,2026-09-09T15:53:24.165378Z,0203ace74cc4fc6d9a66314f0e3e15c910f3e0f9e3eb77c72e2fa40fff28bc9f,evidence/1114_stage_reported.evidence.json,recordings/layer_10.recording.json,
1114,HS Krušnica,Krušnica,2,General;Hidrološka stanica,True,False,water_temperature_reported,WT,Tvode_1Y.xlsx,no_data_rows,publisher declares #Rows = 0 while still declaring parameter 'Temperatura vode' and unit '°C',0,0,0,°C,Temperatura vode,81 Web Kontinuirani,,,3632,200,https://vodostaji.voda.ba/data/internet/stations/2/1114/WT/Tvode_1Y.xlsx,2026-09-09T15:53:24.669694Z,3843d87657bbcf92bfd4dc4408a6efe75606ec816d880c22dd2981be5c921ef9,evidence/1114_water_temperature_reported.evidence.json,recordings/layer_30.recording.json,
2010,HS Martin Brod,Una,2,General;Hidrološka stanica,True,True,discharge_reported,Q,Q_1Y.xlsx,measurements_present,8212 populated measurement cells across 8232 timestamped rows,8232,8232,8212,m³/s,Proticaj,81 Web Kontinuirani,2025-09-10 00:00:00,2026-09-09 13:00:00,121299,200,https://vodostaji.voda.ba/data/internet/stations/2/2010/Q/Q_1Y.xlsx,2026-09-09T15:53:25.057031Z,dac95ae415affff111282085dfaf7d9e631bb3fdd2933fc8e5bcd085a3041ad9,evidence/2010_discharge_reported.evidence.json,recordings/layer_20.recording.json,
2010,HS Martin Brod,Una,2,General;Hidrološka stanica,True,True,stage_reported,H,H_1Y.xlsx,measurements_present,8212 populated measurement cells across 8580 timestamped rows,8580,8580,8212,cm,Vodostaj,81 Web Kontinuirani,2025-09-10 00:00:00,2026-09-09 13:00:00,120323,200,https://vodostaji.voda.ba/data/internet/stations/2/2010/H/H_1Y.xlsx,2026-09-09T15:53:25.582414Z,9bd84a2959703d922914f7e2e9fa8ac541a5819c4da3bae4daa8e9137aa99316,evidence/2010_stage_reported.evidence.json,recordings/layer_10.recording.json,
2010,HS Martin Brod,Una,2,General;Hidrološka stanica,True,False,water_temperature_reported,WT,Tvode_1Y.xlsx,no_data_rows,publisher declares #Rows = 0 while still declaring parameter 'Temperatura vode' and unit '°C',0,0,0,°C,Temperatura vode,81 Web Kontinuirani,,,3629,200,https://vodostaji.voda.ba/data/internet/stations/2/2010/WT/Tvode_1Y.xlsx,2026-09-09T15:53:26.118659Z,d8ddd7e2260e8dfd0e1cd44abde2219f70e4d87e7c1af99e4b4cc55b69115bd2,evidence/2010_water_temperature_reported.evidence.json,recordings/layer_30.recording.json,
2020,HS Kulen Vakuf,Una,2,General;Hidrološka stanica,True,True,discharge_reported,Q,Q_1Y.xlsx,measurements_present,8701 populated measurement cells across 8701 timestamped rows,8701,8701,8701,m³/s,Proticaj,81 Web Kontinuirani,2025-09-10 00:00:00,2026-09-09 13:00:00,112009,200,https://vodostaji.voda.ba/data/internet/stations/2/2020/Q/Q_1Y.xlsx,2026-09-09T15:53:26.501190Z,367bbbb01306fa91dd83b81e12f20c299252b8e0b027ee06ecc6d1d22cba2c36,evidence/2020_discharge_reported.evidence.json,recordings/layer_20.recording.json,
2020,HS Kulen Vakuf,Una,2,General;Hidrološka stanica,True,True,stage_reported,H,H_1Y.xlsx,measurements_present,8701 populated measurement cells across 8701 timestamped rows,8701,8701,8701,cm,Vodostaj,81 Web Kontinuirani,2025-09-10 00:00:00,2026-09-09 13:00:00,108813,200,https://vodostaji.voda.ba/data/internet/stations/2/2020/H/H_1Y.xlsx,2026-09-09T15:53:27.020243Z,3167157b34ad93ff516d374cbd3ef4e39ef18b54b129d9723826290c800651cb,evidence/2020_stage_reported.evidence.json,recordings/layer_10.recording.json,
2020,HS Kulen Vakuf,Una,2,General;Hidrološka stanica,True,False,water_temperature_reported,WT,Tvode_1Y.xlsx,no_data_rows,publisher declares #Rows = 0 while still declaring parameter 'Temperatura vode' and unit '°C',0,0,0,°C,Temperatura vode,81 Web Kontinuirani,,,3628,200,https://vodostaji.voda.ba/data/internet/stations/2/2020/WT/Tvode_1Y.xlsx,2026-09-09T15:53:27.545350Z,a10b5b21919fbed10663e2ec7f30dbf349bd144c75b4341c8e6c31f5a4f79756,evidence/2020_water_temperature_reported.evidence.json,recordings/layer_30.recording.json,
2030,HS Kralje,Una,2,General;Hidrološka stanica,True,True,discharge_reported,Q,Q_1Y.xlsx,measurements_present,8701 populated measurement cells across 8701 timestamped rows,8701,8701,8701,m³/s,Proticaj,81 Web Kontinuirani,2025-09-10 00:00:00,2026-09-09 13:00:00,131600,200,https://vodostaji.voda.ba/data/internet/stations/2/2030/Q/Q_1Y.xlsx,2026-09-09T15:53:27.921347Z,4d289cdfe6bf5208bdda4eb51d6ca40e666a5b820e7793dd97f084f86b8fb8d1,evidence/2030_discharge_reported.evidence.json,recordings/layer_20.recording.json,
2030,HS Kralje,Una,2,General;Hidrološka stanica,True,True,stage_reported,H,H_1Y.xlsx,measurements_present,8701 populated measurement cells across 8701 timestamped rows,8701,8701,8701,cm,Vodostaj,81 Web Kontinuirani,2025-09-10 00:00:00,2026-09-09 13:00:00,124526,200,https://vodostaji.voda.ba/data/internet/stations/2/2030/H/H_1Y.xlsx,2026-09-09T15:53:28.458784Z,a24d0d0c4fb28124e4586adf7f438ffa25cebed055cccfe7b1ed3b4845c82a19,evidence/2030_stage_reported.evidence.json,recordings/layer_10.recording.json,
2030,HS Kralje,Una,2,General;Hidrološka stanica,True,False,water_temperature_reported,WT,Tvode_1Y.xlsx,no_data_rows,publisher declares #Rows = 0 while still declaring parameter 'Temperatura vode' and unit '°C',0,0,0,°C,Temperatura vode,81 Web Kontinuirani,,,3626,200,https://vodostaji.voda.ba/data/internet/stations/2/2030/WT/Tvode_1Y.xlsx,2026-09-09T15:53:28.999618Z,43ea48a981e2c0d9552a0fc83f42c6d202b143f1ce409a13fe00f1bcf98285eb,evidence/2030_water_temperature_reported.evidence.json,recordings/layer_30.recording.json,
2031,HS Bihać,Una,2,General;Hidrološka stanica,False,False,discharge_reported,Q,Q_1Y.xlsx,timestamped_without_measurements,"8570 timestamped rows, every measurement cell published empty (no <v> child); parameter 'Proticaj' and unit 'm³/s' still declared",8570,8570,0,m³/s,Proticaj,81 Web Kontinuirani,2025-09-10 00:00:00,2026-09-09 13:00:00,98540,200,https://vodostaji.voda.ba/data/internet/stations/2/2031/Q/Q_1Y.xlsx,2026-09-09T15:53:29.384274Z,97443f480d247534c9bc5dbd9f81cce06bffe5ed8fae77d09fde4d033ca0a17d,evidence/2031_discharge_reported.evidence.json,recordings/layer_20.recording.json,
2031,HS Bihać,Una,2,General;Hidrološka stanica,False,True,stage_reported,H,H_1Y.xlsx,measurements_present,8693 populated measurement cells across 8695 timestamped rows,8695,8695,8693,cm,Vodostaj,81 Web Kontinuirani,2025-09-10 00:00:00,2026-09-09 13:00:00,106820,200,https://vodostaji.voda.ba/data/internet/stations/2/2031/H/H_1Y.xlsx,2026-09-09T15:53:29.878293Z,28451f0dea21a9b57900555948aa325293bd94f9d7790218dcda07b9b5a44c30,evidence/2031_stage_reported.evidence.json,recordings/layer_10.recording.json,
2031,HS Bihać,Una,2,General;Hidrološka stanica,False,True,water_temperature_reported,WT,Tvode_1Y.xlsx,measurements_present,8693 populated measurement cells across 8695 timestamped rows,8695,8695,8693,°C,Temperatura vode,81 Web Kontinuirani,2025-09-10 00:00:00,2026-09-09 13:00:00,112347,200,https://vodostaji.voda.ba/data/internet/stations/2/2031/WT/Tvode_1Y.xlsx,2026-09-09T15:53:30.447147Z,e4b2c8298b67b84fcf12887ad38cb1fceffe55c8267b153d57d8da90993ae1de,evidence/2031_water_temperature_reported.evidence.json,recordings/layer_30.recording.json,
2035,HS Ripač,Una,2,General;Hidrološka stanica,True,True,discharge_reported,Q,Q_1Y.xlsx,measurements_present,8690 populated measurement cells across 8690 timestamped rows,8690,8690,8690,m³/s,Proticaj,81 Web Kontinuirani,2025-09-10 00:00:00,2026-09-09 13:00:00,126177,200,https://vodostaji.voda.ba/data/internet/stations/2/2035/Q/Q_1Y.xlsx,2026-09-09T15:53:30.972309Z,c82092155bde72e7d5093eb03995c9644e9397bb1189c015b5dcd334f07a2292,evidence/2035_discharge_reported.evidence.json,recordings/layer_20.recording.json,
2035,HS Ripač,Una,2,General;Hidrološka stanica,True,True,stage_reported,H,H_1Y.xlsx,measurements_present,8690 populated measurement cells across 8690 timestamped rows,8690,8690,8690,cm,Vodostaj,81 Web Kontinuirani,2025-09-10 00:00:00,2026-09-09 13:00:00,120753,200,https://vodostaji.voda.ba/data/internet/stations/2/2035/H/H_1Y.xlsx,2026-09-09T15:53:31.479848Z,074083ae6b45221c51a8dc96296d56dd545ec8646ee6803696f73247443e32e7,evidence/2035_stage_reported.evidence.json,recordings/layer_10.recording.json,
2035,HS Ripač,Una,2,General;Hidrološka stanica,True,False,water_temperature_reported,WT,Tvode_1Y.xlsx,no_data_rows,publisher declares #Rows = 0 while still declaring parameter 'Temperatura vode' and unit '°C',0,0,0,°C,Temperatura vode,81 Web Kontinuirani,,,3631,200,https://vodostaji.voda.ba/data/internet/stations/2/2035/WT/Tvode_1Y.xlsx,2026-09-09T15:53:31.989614Z,5bc1173c333e81e73b31e3816cb67142b669763c49ccbb963c0e481e45f85de6,evidence/2035_water_temperature_reported.evidence.json,recordings/layer_30.recording.json,
2040,HS Kostela,Una,2,General;Hidrološka stanica,False,False,discharge_reported,Q,Q_1Y.xlsx,timestamped_without_measurements,"8535 timestamped rows, every measurement cell published empty (no <v> child); parameter 'Proticaj' and unit 'm³/s' still declared",8535,8535,0,m³/s,Proticaj,81 Web Kontinuirani,2025-09-10 00:00:00,2026-09-09 13:00:00,98171,200,https://vodostaji.voda.ba/data/internet/stations/2/2040/Q/Q_1Y.xlsx,2026-09-09T15:53:32.367485Z,e839c102e07ddac2546a60980abf57e9d15c0773c89fb9f9b99a112a45096c3c,evidence/2040_discharge_reported.evidence.json,recordings/layer_20.recording.json,
2040,HS Kostela,Una,2,General;Hidrološka stanica,False,True,stage_reported,H,H_1Y.xlsx,measurements_present,8701 populated measurement cells across 8701 timestamped rows,8701,8701,8701,cm,Vodostaj,81 Web Kontinuirani,2025-09-10 00:00:00,2026-09-09 13:00:00,109808,200,https://vodostaji.voda.ba/data/internet/stations/2/2040/H/H_1Y.xlsx,2026-09-09T15:53:32.845458Z,02575f0779530133241854aae85f701f5df69cd4643017aa256ba201c6aa39aa,evidence/2040_stage_reported.evidence.json,recordings/layer_10.recording.json,
2040,HS Kostela,Una,2,General;Hidrološka stanica,False,True,water_temperature_reported,WT,Tvode_1Y.xlsx,measurements_present,8690 populated measurement cells across 8701 timestamped rows,8701,8701,8690,°C,Temperatura vode,81 Web Kontinuirani,2025-09-10 00:00:00,2026-09-09 13:00:00,112726,200,https://vodostaji.voda.ba/data/internet/stations/2/2040/WT/Tvode_1Y.xlsx,2026-09-09T15:53:33.414282Z,9b26c631d0fe758e1e686bd8a1d943f01af78849dd9ed48e62022e53903534bd,evidence/2040_water_temperature_reported.evidence.json,recordings/layer_30.recording.json,
2050,HS Bosanska Krupa,Una,2,General;Hidrološka stanica,True,True,discharge_reported,Q,Q_1Y.xlsx,measurements_present,6865 populated measurement cells across 6865 timestamped rows,6865,6865,6865,m³/s,Proticaj,81 Web Kontinuirani,2025-11-26 12:00:00,2026-09-09 12:00:00,105667,200,https://vodostaji.voda.ba/data/internet/stations/2/2050/Q/Q_1Y.xlsx,2026-09-09T15:53:33.916544Z,4d99684a4a446df12ee6707b9540177d72f82ab614e1b667b88906e95fac6787,evidence/2050_discharge_reported.evidence.json,recordings/layer_20.recording.json,
2050,HS Bosanska Krupa,Una,2,General;Hidrološka stanica,True,True,stage_reported,H,H_1Y.xlsx,measurements_present,6865 populated measurement cells across 6865 timestamped rows,6865,6865,6865,cm,Vodostaj,81 Web Kontinuirani,2025-11-26 12:00:00,2026-09-09 12:00:00,98146,200,https://vodostaji.voda.ba/data/internet/stations/2/2050/H/H_1Y.xlsx,2026-09-09T15:53:34.415092Z,fd08ebaf3fcefbfcee17679ca4d683339fb12aae87ba7feb19f3da05dcf23189,evidence/2050_stage_reported.evidence.json,recordings/layer_10.recording.json,
2050,HS Bosanska Krupa,Una,2,General;Hidrološka stanica,True,False,water_temperature_reported,WT,Tvode_1Y.xlsx,no_data_rows,publisher declares #Rows = 0 while still declaring parameter 'Temperatura vode' and unit '°C',0,0,0,°C,Temperatura vode,81 Web Kontinuirani,,,3632,200,https://vodostaji.voda.ba/data/internet/stations/2/2050/WT/Tvode_1Y.xlsx,2026-09-09T15:53:34.895304Z,a4b4b770d0c046524c4cb6709f0c0b96660e7c381fafedced78156dbe80dd2bd,evidence/2050_water_temperature_reported.evidence.json,recordings/layer_30.recording.json,
2060,HS Bosanska Otoka,Una,2,General;Hidrološka stanica,True,True,discharge_reported,Q,Q_1Y.xlsx,measurements_present,8702 populated measurement cells across 8702 timestamped rows,8702,8702,8702,m³/s,Proticaj,81 Web Kontinuirani,2025-09-10 00:00:00,2026-09-09 13:00:00,130407,200,https://vodostaji.voda.ba/data/internet/stations/2/2060/Q/Q_1Y.xlsx,2026-09-09T15:53:35.266286Z,042777464764524bd00bfe56491f6a0d15184ce60eed28df05760e7a44ce2f5a,evidence/2060_discharge_reported.evidence.json,recordings/layer_20.recording.json,
2060,HS Bosanska Otoka,Una,2,General;Hidrološka stanica,True,True,stage_reported,H,H_1Y.xlsx,measurements_present,8702 populated measurement cells across 8702 timestamped rows,8702,8702,8702,cm,Vodostaj,81 Web Kontinuirani,2025-09-10 00:00:00,2026-09-09 13:00:00,123057,200,https://vodostaji.voda.ba/data/internet/stations/2/2060/H/H_1Y.xlsx,2026-09-09T15:53:35.775053Z,d4f38368e56e37e529cd7464de624204fc91e5db9a8cc1815531a6e740f1e800,evidence/2060_stage_reported.evidence.json,recordings/layer_10.recording.json,
2060,HS Bosanska Otoka,Una,2,General;Hidrološka stanica,True,True,water_temperature_reported,WT,Tvode_1Y.xlsx,measurements_present,8702 populated measurement cells across 8702 timestamped rows,8702,8702,8702,°C,Temperatura vode,81 Web Kontinuirani,2025-09-10 00:00:00,2026-09-09 13:00:00,114190,200,https://vodostaji.voda.ba/data/internet/stations/2/2060/WT/Tvode_1Y.xlsx,2026-09-09T15:53:36.284012Z,932c325b25744aa2f49c975bc8d5097293ad30484c2e1a4eac79b35da04566ba,evidence/2060_water_temperature_reported.evidence.json,recordings/layer_30.recording.json,
2101-B,HS Bistrica,Bistrica,3,General;Hidrološka stanica,True,True,discharge_reported,Q,Q_1Y.xlsx,measurements_present,8690 populated measurement cells across 8690 timestamped rows,8690,8690,8690,m³/s,Proticaj,81 Web Kontinuirani,2025-09-10 00:00:00,2026-09-09 12:00:00,119570,200,https://vodostaji.voda.ba/data/internet/stations/3/2101-B/Q/Q_1Y.xlsx,2026-09-09T15:53:36.798966Z,a596770ec1eb246086dfef550ef7365a7a0af297b6c73ab59cb74dad91f79b49,evidence/2101-B_discharge_reported.evidence.json,recordings/layer_20.recording.json,
2101-B,HS Bistrica,Bistrica,3,General;Hidrološka stanica,True,True,stage_reported,H,H_1Y.xlsx,measurements_present,8690 populated measurement cells across 8690 timestamped rows,8690,8690,8690,cm,Vodostaj,81 Web Kontinuirani,2025-09-10 00:00:00,2026-09-09 12:00:00,118468,200,https://vodostaji.voda.ba/data/internet/stations/3/2101-B/H/H_1Y.xlsx,2026-09-09T15:53:37.318105Z,17c0df8dba5e28752e12e19d3eb98cb6f40f7a71a49aa62b7dadc15f0455efeb,evidence/2101-B_stage_reported.evidence.json,recordings/layer_10.recording.json,
2101-B,HS Bistrica,Bistrica,3,General;Hidrološka stanica,True,False,water_temperature_reported,WT,Tvode_1Y.xlsx,no_data_rows,publisher declares #Rows = 0 while still declaring parameter 'Temperatura vode' and unit '°C',0,0,0,°C,Temperatura vode,81 Web Kontinuirani,,,3632,200,https://vodostaji.voda.ba/data/internet/stations/3/2101-B/WT/Tvode_1Y.xlsx,2026-09-09T15:53:37.829190Z,69d919f70a7f3955aaffc9abd6a6a6889b376eb47b0b94f5a4523188628f0414,evidence/2101-B_water_temperature_reported.evidence.json,recordings/layer_30.recording.json,
2103,HS Veseočica,Veseočica,3,General;Hidrološka stanica,True,True,discharge_reported,Q,Q_1Y.xlsx,measurements_present,8054 populated measurement cells across 8068 timestamped rows,8068,8068,8054,m³/s,Proticaj,81 Web Kontinuirani,2025-09-10 00:00:00,2026-08-31 09:00:00,117952,200,https://vodostaji.voda.ba/data/internet/stations/3/2103/Q/Q_1Y.xlsx,2026-09-09T15:53:38.206420Z,ea7448db2b9eb00a3e68e9e6fc8ff7a08717a7969fd97dc2c7c253ac9b440063,evidence/2103_discharge_reported.evidence.json,recordings/layer_20.recording.json,
2103,HS Veseočica,Veseočica,3,General;Hidrološka stanica,True,True,stage_reported,H,H_1Y.xlsx,measurements_present,7287 populated measurement cells across 7315 timestamped rows,7315,7315,7287,cm,Vodostaj,81 Web Kontinuirani,2025-09-10 00:00:00,2026-07-29 09:00:00,105803,200,https://vodostaji.voda.ba/data/internet/stations/3/2103/H/H_1Y.xlsx,2026-09-09T15:53:38.705407Z,0b5e15b840ad22951477cd5b09fb7066f51dcedd8e08dbea9e50f402b51bfc7b,evidence/2103_stage_reported.evidence.json,recordings/layer_10.recording.json,
2103,HS Veseočica,Veseočica,3,General;Hidrološka stanica,True,False,water_temperature_reported,WT,Tvode_1Y.xlsx,no_data_rows,publisher declares #Rows = 0 while still declaring parameter 'Temperatura vode' and unit '°C',0,0,0,°C,Temperatura vode,81 Web Kontinuirani,,,3633,200,https://vodostaji.voda.ba/data/internet/stations/3/2103/WT/Tvode_1Y.xlsx,2026-09-09T15:53:39.221510Z,39c3a381bfa24f71741dca43ea59e675669822c5d9e637076179bc418c2049eb,evidence/2103_water_temperature_reported.evidence.json,recordings/layer_30.recording.json,
2110,HS Drvar,Unac,2,General;Hidrološka stanica,True,True,discharge_reported,Q,Q_1Y.xlsx,measurements_present,8701 populated measurement cells across 8701 timestamped rows,8701,8701,8701,m³/s,Proticaj,81 Web Kontinuirani,2025-09-10 00:00:00,2026-09-09 13:00:00,121934,200,https://vodostaji.voda.ba/data/internet/stations/2/2110/Q/Q_1Y.xlsx,2026-09-09T15:53:39.600801Z,882df7cdde3e53e2372c158f9063c184f8d1bd877ffc801ae59c448e216910a7,evidence/2110_discharge_reported.evidence.json,recordings/layer_20.recording.json,
2110,HS Drvar,Unac,2,General;Hidrološka stanica,True,True,stage_reported,H,H_1Y.xlsx,measurements_present,8701 populated measurement cells across 8701 timestamped rows,8701,8701,8701,cm,Vodostaj,81 Web Kontinuirani,2025-09-10 00:00:00,2026-09-09 13:00:00,119456,200,https://vodostaji.voda.ba/data/internet/stations/2/2110/H/H_1Y.xlsx,2026-09-09T15:53:40.108283Z,bc49d001e492f45756c80b62d58115bb8e715e46d303eb7b00a59e2a089af34c,evidence/2110_stage_reported.evidence.json,recordings/layer_10.recording.json,
2110,HS Drvar,Unac,2,General;Hidrološka stanica,True,False,water_temperature_reported,WT,Tvode_1Y.xlsx,no_data_rows,publisher declares #Rows = 0 while still declaring parameter 'Temperatura vode' and unit '°C',0,0,0,°C,Temperatura vode,81 Web Kontinuirani,,,3625,200,https://vodostaji.voda.ba/data/internet/stations/2/2110/WT/Tvode_1Y.xlsx,2026-09-09T15:53:40.630280Z,c8c7b86552cb546d7c86682a1c4391e00d719514423aa026ee19ad39467b5b6c,evidence/2110_water_temperature_reported.evidence.json,recordings/layer_30.recording.json,
2120,HS Rmanj Manastir,Unac,2,General;Hidrološka stanica,True,True,discharge_reported,Q,Q_1Y.xlsx,measurements_present,8701 populated measurement cells across 8701 timestamped rows,8701,8701,8701,m³/s,Proticaj,81 Web Kontinuirani,2025-09-10 00:00:00,2026-09-09 13:00:00,123677,200,https://vodostaji.voda.ba/data/internet/stations/2/2120/Q/Q_1Y.xlsx,2026-09-09T15:53:41.012561Z,7090fddbb8d704b6bf7400c567456e47037e512394189a196dc639d547a0fb0b,evidence/2120_discharge_reported.evidence.json,recordings/layer_20.recording.json,
2120,HS Rmanj Manastir,Unac,2,General;Hidrološka stanica,True,True,stage_reported,H,H_1Y.xlsx,measurements_present,8701 populated measurement cells across 8701 timestamped rows,8701,8701,8701,cm,Vodostaj,81 Web Kontinuirani,2025-09-10 00:00:00,2026-09-09 13:00:00,119922,200,https://vodostaji.voda.ba/data/internet/stations/2/2120/H/H_1Y.xlsx,2026-09-09T15:53:41.514442Z,d96261f9268c1e80b2917c60f2b844176becbde83b4a1057304a73d3936f84cb,evidence/2120_stage_reported.evidence.json,recordings/layer_10.recording.json,
2120,HS Rmanj Manastir,Unac,2,General;Hidrološka stanica,True,True,water_temperature_reported,WT,Tvode_1Y.xlsx,measurements_present,8701 populated measurement cells across 8701 timestamped rows,8701,8701,8701,°C,Temperatura vode,81 Web Kontinuirani,2025-09-10 00:00:00,2026-09-09 13:00:00,111500,200,https://vodostaji.voda.ba/data/internet/stations/2/2120/WT/Tvode_1Y.xlsx,2026-09-09T15:53:42.016530Z,1db8a2767e9b50d99f7d2a5105805ed3f0c863a9231bdaa984687e663d576e1f,evidence/2120_water_temperature_reported.evidence.json,recordings/layer_30.recording.json,
2210,HS Klokot,Klokot,2,General;Hidrološka stanica,True,True,discharge_reported,Q,Q_1Y.xlsx,measurements_present,8702 populated measurement cells across 8702 timestamped rows,8702,8702,8702,m³/s,Proticaj,81 Web Kontinuirani,2025-09-10 00:00:00,2026-09-09 13:00:00,129368,200,https://vodostaji.voda.ba/data/internet/stations/2/2210/Q/Q_1Y.xlsx,2026-09-09T15:53:42.524614Z,1e8cc2febed67d822e3fb36a15115e3c6786ae701183e99a2abcaddd1d721c11,evidence/2210_discharge_reported.evidence.json,recordings/layer_20.recording.json,
2210,HS Klokot,Klokot,2,General;Hidrološka stanica,True,True,stage_reported,H,H_1Y.xlsx,measurements_present,8702 populated measurement cells across 8702 timestamped rows,8702,8702,8702,cm,Vodostaj,81 Web Kontinuirani,2025-09-10 00:00:00,2026-09-09 13:00:00,125540,200,https://vodostaji.voda.ba/data/internet/stations/2/2210/H/H_1Y.xlsx,2026-09-09T15:53:43.029776Z,b78618b49a06e260781abeb46f39bcc1bd7ec4d2f491b5875604b2b2d6b40fb3,evidence/2210_stage_reported.evidence.json,recordings/layer_10.recording.json,
2210,HS Klokot,Klokot,2,General;Hidrološka stanica,True,False,water_temperature_reported,WT,Tvode_1Y.xlsx,no_data_rows,publisher declares #Rows = 0 while still declaring parameter 'Temperatura vode' and unit '°C',0,0,0,°C,Temperatura vode,81 Web Kontinuirani,,,3627,200,https://vodostaji.voda.ba/data/internet/stations/2/2210/WT/Tvode_1Y.xlsx,2026-09-09T15:53:43.551564Z,ab1f78b44ed741ea86f7d3be1ab1c4a60bdf6f05524c6bc109bb56cb248e33d5,evidence/2210_water_temperature_reported.evidence.json,recordings/layer_30.recording.json,
2310,HS Ključ,Sana,2,General;Hidrološka stanica,True,True,discharge_reported,Q,Q_1Y.xlsx,measurements_present,7750 populated measurement cells across 7814 timestamped rows,7814,7814,7750,m³/s,Proticaj,81 Web Kontinuirani,2025-09-10 00:00:00,2026-09-09 13:00:00,113424,200,https://vodostaji.voda.ba/data/internet/stations/2/2310/Q/Q_1Y.xlsx,2026-09-09T15:53:43.952902Z,7ea3bc82ae5cfac13a6b2c1d55353e45a03e3e5bbb5e90416faf6c0710e0b841,evidence/2310_discharge_reported.evidence.json,recordings/layer_20.recording.json,
2310,HS Ključ,Sana,2,General;Hidrološka stanica,True,True,stage_reported,H,H_1Y.xlsx,measurements_present,7773 populated measurement cells across 7773 timestamped rows,7773,7773,7773,cm,Vodostaj,81 Web Kontinuirani,2025-09-10 00:00:00,2026-09-09 12:00:00,106136,200,https://vodostaji.voda.ba/data/internet/stations/2/2310/H/H_1Y.xlsx,2026-09-09T15:53:44.450070Z,157556352317255dee16736d4262f7e34e9d7983df724754baddad6acd0b5ba9,evidence/2310_stage_reported.evidence.json,recordings/layer_10.recording.json,
2310,HS Ključ,Sana,2,General;Hidrološka stanica,True,False,water_temperature_reported,WT,Tvode_1Y.xlsx,no_data_rows,publisher declares #Rows = 0 while still declaring parameter 'Temperatura vode' and unit '°C',0,0,0,°C,Temperatura vode,81 Web Kontinuirani,,,3631,200,https://vodostaji.voda.ba/data/internet/stations/2/2310/WT/Tvode_1Y.xlsx,2026-09-09T15:53:44.947999Z,73061262a99827f8ba3ce4636baee40f334cac393b5c8335a1b8c5799962e384,evidence/2310_water_temperature_reported.evidence.json,recordings/layer_30.recording.json,
2320,HS Sanski Most,Sana,2,General;Hidrološka stanica,True,True,discharge_reported,Q,Q_1Y.xlsx,measurements_present,8702 populated measurement cells across 8702 timestamped rows,8702,8702,8702,m³/s,Proticaj,81 Web Kontinuirani,2025-09-10 00:00:00,2026-09-09 13:00:00,115550,200,https://vodostaji.voda.ba/data/internet/stations/2/2320/Q/Q_1Y.xlsx,2026-09-09T15:53:45.327190Z,24bfcce856c64b893e0e9ea9bf2a7c5e5dcf12eac61b20dbf1e4aae9a0dacd34,evidence/2320_discharge_reported.evidence.json,recordings/layer_20.recording.json,
2320,HS Sanski Most,Sana,2,General;Hidrološka stanica,True,True,stage_reported,H,H_1Y.xlsx,measurements_present,8702 populated measurement cells across 8702 timestamped rows,8702,8702,8702,cm,Vodostaj,81 Web Kontinuirani,2025-09-10 00:00:00,2026-09-09 13:00:00,110873,200,https://vodostaji.voda.ba/data/internet/stations/2/2320/H/H_1Y.xlsx,2026-09-09T15:53:45.841209Z,8dc2210aa20189d4bef927879ae0ab827218f0cfc9c4017e75e9d0a8a63be580,evidence/2320_stage_reported.evidence.json,recordings/layer_10.recording.json,
2320,HS Sanski Most,Sana,2,General;Hidrološka stanica,True,True,water_temperature_reported,WT,Tvode_1Y.xlsx,measurements_present,8702 populated measurement cells across 8702 timestamped rows,8702,8702,8702,°C,Temperatura vode,81 Web Kontinuirani,2025-09-10 00:00:00,2026-09-09 13:00:00,113855,200,https://vodostaji.voda.ba/data/internet/stations/2/2320/WT/Tvode_1Y.xlsx,2026-09-09T15:53:46.357169Z,c86078740ddfdc8d7a2c207e254eeab39f8ba30cecfadede4824499cb18b4ff3,evidence/2320_water_temperature_reported.evidence.json,recordings/layer_30.recording.json,
3010,HS Gornji Vakuf,Vrbas,3,General;Hidrološka stanica,True,True,discharge_reported,Q,Q_1Y.xlsx,measurements_present,8687 populated measurement cells across 8687 timestamped rows,8687,8687,8687,m³/s,Proticaj,81 Web Kontinuirani,2025-09-10 00:00:00,2026-09-09 12:00:00,121424,200,https://vodostaji.voda.ba/data/internet/stations/3/3010/Q/Q_1Y.xlsx,2026-09-09T15:53:46.916150Z,97fa7cc9e519f3ba899828aeb7825c72a16567201dd73525b642ba3967830f89,evidence/3010_discharge_reported.evidence.json,recordings/layer_20.recording.json,
3010,HS Gornji Vakuf,Vrbas,3,General;Hidrološka stanica,True,True,stage_reported,H,H_1Y.xlsx,measurements_present,8687 populated measurement cells across 8687 timestamped rows,8687,8687,8687,cm,Vodostaj,81 Web Kontinuirani,2025-09-10 00:00:00,2026-09-09 12:00:00,120042,200,https://vodostaji.voda.ba/data/internet/stations/3/3010/H/H_1Y.xlsx,2026-09-09T15:53:47.417743Z,b81ff0ea1d12994fae4b954104f7c75d9e8bdd6f9e9851a4031754325024799a,evidence/3010_stage_reported.evidence.json,recordings/layer_10.recording.json,
3010,HS Gornji Vakuf,Vrbas,3,General;Hidrološka stanica,True,False,water_temperature_reported,WT,Tvode_1Y.xlsx,no_data_rows,publisher declares #Rows = 0 while still declaring parameter 'Temperatura vode' and unit '°C',0,0,0,°C,Temperatura vode,81 Web Kontinuirani,,,3631,200,https://vodostaji.voda.ba/data/internet/stations/3/3010/WT/Tvode_1Y.xlsx,2026-09-09T15:53:47.932135Z,2e4529b05c8ca9ef36f41f10e11a6b7be42d846a058c2ba251556199241ea01d,evidence/3010_water_temperature_reported.evidence.json,recordings/layer_30.recording.json,
3020,HS Daljan,Vrbas,3,General;Hidrološka stanica,True,True,discharge_reported,Q,Q_1Y.xlsx,measurements_present,8687 populated measurement cells across 8687 timestamped rows,8687,8687,8687,m³/s,Proticaj,81 Web Kontinuirani,2025-09-10 00:00:00,2026-09-09 12:00:00,126487,200,https://vodostaji.voda.ba/data/internet/stations/3/3020/Q/Q_1Y.xlsx,2026-09-09T15:53:48.316882Z,4ac28f05f6d7c883164d3f850f814ba750a339a677687982a663f39dccc26d6a,evidence/3020_discharge_reported.evidence.json,recordings/layer_20.recording.json,
3020,HS Daljan,Vrbas,3,General;Hidrološka stanica,True,True,stage_reported,H,H_1Y.xlsx,measurements_present,8687 populated measurement cells across 8687 timestamped rows,8687,8687,8687,cm,Vodostaj,81 Web Kontinuirani,2025-09-10 00:00:00,2026-09-09 12:00:00,122681,200,https://vodostaji.voda.ba/data/internet/stations/3/3020/H/H_1Y.xlsx,2026-09-09T15:53:48.817761Z,74f97fd95477ae8980bfa1fba5885d60feaacb49af7bd536434caeca0f769f2d,evidence/3020_stage_reported.evidence.json,recordings/layer_10.recording.json,
3020,HS Daljan,Vrbas,3,General;Hidrološka stanica,True,False,water_temperature_reported,WT,Tvode_1Y.xlsx,no_data_rows,publisher declares #Rows = 0 while still declaring parameter 'Temperatura vode' and unit '°C',0,0,0,°C,Temperatura vode,81 Web Kontinuirani,,,3628,200,https://vodostaji.voda.ba/data/internet/stations/3/3020/WT/Tvode_1Y.xlsx,2026-09-09T15:53:49.322208Z,9dfe9ef8ba99631fe5f76d15fe9f3ba88691eff9ea3066ca9c7bc173f0b328cc,evidence/3020_water_temperature_reported.evidence.json,recordings/layer_30.recording.json,
3030,HS Kozluk,Vrbas,3,General;Hidrološka stanica,True,True,discharge_reported,Q,Q_1Y.xlsx,measurements_present,8674 populated measurement cells across 8674 timestamped rows,8674,8674,8674,m³/s,Proticaj,81 Web Kontinuirani,2025-09-10 00:00:00,2026-09-09 12:00:00,126436,200,https://vodostaji.voda.ba/data/internet/stations/3/3030/Q/Q_1Y.xlsx,2026-09-09T15:53:49.697571Z,8c761f01df90ab7a39621e332678acc6d3a8a9d07f3362a21cdd8c188aac5f93,evidence/3030_discharge_reported.evidence.json,recordings/layer_20.recording.json,
3030,HS Kozluk,Vrbas,3,General;Hidrološka stanica,True,True,stage_reported,H,H_1Y.xlsx,measurements_present,8674 populated measurement cells across 8674 timestamped rows,8674,8674,8674,cm,Vodostaj,81 Web Kontinuirani,2025-09-10 00:00:00,2026-09-09 12:00:00,122739,200,https://vodostaji.voda.ba/data/internet/stations/3/3030/H/H_1Y.xlsx,2026-09-09T15:53:50.230358Z,2195f0dce47a479a6c66ce9421cce7cf4559585cb76ef8f1497ad59151e5c259,evidence/3030_stage_reported.evidence.json,recordings/layer_10.recording.json,
3030,HS Kozluk,Vrbas,3,General;Hidrološka stanica,True,False,water_temperature_reported,WT,Tvode_1Y.xlsx,no_data_rows,publisher declares #Rows = 0 while still declaring parameter 'Temperatura vode' and unit '°C',0,0,0,°C,Temperatura vode,81 Web Kontinuirani,,,3627,200,https://vodostaji.voda.ba/data/internet/stations/3/3030/WT/Tvode_1Y.xlsx,2026-09-09T15:53:50.732499Z,a1c925bba49d281541b64a0540f40ee17128daeeb961c11a087815b984464532,evidence/3030_water_temperature_reported.evidence.json,recordings/layer_30.recording.json,
3040,HS Bugojno,Vrbas,3,General;Hidrološka stanica,True,True,discharge_reported,Q,Q_1Y.xlsx,measurements_present,8690 populated measurement cells across 8690 timestamped rows,8690,8690,8690,m³/s,Proticaj,81 Web Kontinuirani,2025-09-10 00:00:00,2026-09-09 12:00:00,124261,200,https://vodostaji.voda.ba/data/internet/stations/3/3040/Q/Q_1Y.xlsx,2026-09-09T15:53:51.104772Z,18f9b809f80c8324eb67eb07ba9f59a4bb3d74066353937ec7d16bf2ca1f72e0,evidence/3040_discharge_reported.evidence.json,recordings/layer_20.recording.json,
3040,HS Bugojno,Vrbas,3,General;Hidrološka stanica,True,True,stage_reported,H,H_1Y.xlsx,measurements_present,8690 populated measurement cells across 8690 timestamped rows,8690,8690,8690,cm,Vodostaj,81 Web Kontinuirani,2025-09-10 00:00:00,2026-09-09 12:00:00,121196,200,https://vodostaji.voda.ba/data/internet/stations/3/3040/H/H_1Y.xlsx,2026-09-09T15:53:51.615778Z,8664303c1c228cbd615f4f6a1bc03fac02ba1dbcb4ab20e0176cf45bf111b472,evidence/3040_stage_reported.evidence.json,recordings/layer_10.recording.json,
3040,HS Bugojno,Vrbas,3,General;Hidrološka stanica,True,False,water_temperature_reported,WT,Tvode_1Y.xlsx,no_data_rows,publisher declares #Rows = 0 while still declaring parameter 'Temperatura vode' and unit '°C',0,0,0,°C,Temperatura vode,81 Web Kontinuirani,,,3628,200,https://vodostaji.voda.ba/data/internet/stations/3/3040/WT/Tvode_1Y.xlsx,2026-09-09T15:53:52.134871Z,e6a9b653265e86565efc6cf6c90a9033ec372764872f24c9b0efbed963655ca3,evidence/3040_water_temperature_reported.evidence.json,recordings/layer_30.recording.json,
4010,HS Vrelo Bosne,Bosna,4,General;Hidrološka stanica,True,True,discharge_reported,Q,Q_1Y.xlsx,measurements_present,7861 populated measurement cells across 7861 timestamped rows,7861,7861,7861,m³/s,Proticaj,81 Web Kontinuirani,2025-09-10 00:00:00,2026-09-09 12:00:00,110139,200,https://vodostaji.voda.ba/data/internet/stations/4/4010/Q/Q_1Y.xlsx,2026-09-09T15:53:52.514820Z,c7e145916168597f46bddcb13867213f305dc6d6ed3113d44d03ab8d7c4a3411,evidence/4010_discharge_reported.evidence.json,recordings/layer_20.recording.json,
4010,HS Vrelo Bosne,Bosna,4,General;Hidrološka stanica,True,True,stage_reported,H,H_1Y.xlsx,measurements_present,7861 populated measurement cells across 7861 timestamped rows,7861,7861,7861,cm,Vodostaj,81 Web Kontinuirani,2025-09-10 00:00:00,2026-09-09 12:00:00,108128,200,https://vodostaji.voda.ba/data/internet/stations/4/4010/H/H_1Y.xlsx,2026-09-09T15:53:53.016605Z,5cef3d5da7ef44fd5674133e91e85b6a0ec8173cc3fbbe303e231e78a6f51943,evidence/4010_stage_reported.evidence.json,recordings/layer_10.recording.json,
4010,HS Vrelo Bosne,Bosna,4,General;Hidrološka stanica,True,False,water_temperature_reported,WT,Tvode_1Y.xlsx,no_data_rows,publisher declares #Rows = 0 while still declaring parameter 'Temperatura vode' and unit '°C',0,0,0,°C,Temperatura vode,81 Web Kontinuirani,,,3630,200,https://vodostaji.voda.ba/data/internet/stations/4/4010/WT/Tvode_1Y.xlsx,2026-09-09T15:53:53.510609Z,f5ab5831d391804e42fd3a1f26b4e7a4cf9c5d03519b514780df1d0fb06320f5,evidence/4010_water_temperature_reported.evidence.json,recordings/layer_30.recording.json,
4020,HS Rimski Most,Bosna,4,General;Hidrološka stanica,True,True,discharge_reported,Q,Q_1Y.xlsx,measurements_present,8086 populated measurement cells across 8086 timestamped rows,8086,8086,8086,m³/s,Proticaj,81 Web Kontinuirani,2025-09-10 00:00:00,2026-09-09 07:00:00,114716,200,https://vodostaji.voda.ba/data/internet/stations/4/4020/Q/Q_1Y.xlsx,2026-09-09T15:53:53.885450Z,ee3bc15d61e10a21d45f5f4b092abed37651444b269a4057d24ca534180174fe,evidence/4020_discharge_reported.evidence.json,recordings/layer_20.recording.json,
4020,HS Rimski Most,Bosna,4,General;Hidrološka stanica,True,True,stage_reported,H,H_1Y.xlsx,measurements_present,7978 populated measurement cells across 7978 timestamped rows,7978,7978,7978,cm,Vodostaj,81 Web Kontinuirani,2025-09-10 00:00:00,2026-09-09 07:00:00,112840,200,https://vodostaji.voda.ba/data/internet/stations/4/4020/H/H_1Y.xlsx,2026-09-09T15:53:54.400380Z,5f55f6c7309076f2141adbd15d95a968ca7b9785318e8394155fc54964bde30b,evidence/4020_stage_reported.evidence.json,recordings/layer_10.recording.json,
4020,HS Rimski Most,Bosna,4,General;Hidrološka stanica,True,False,water_temperature_reported,WT,Tvode_1Y.xlsx,no_data_rows,publisher declares #Rows = 0 while still declaring parameter 'Temperatura vode' and unit '°C',0,0,0,°C,Temperatura vode,81 Web Kontinuirani,,,3632,200,https://vodostaji.voda.ba/data/internet/stations/4/4020/WT/Tvode_1Y.xlsx,2026-09-09T15:53:54.934177Z,696fa58f8816a0ea9655c56f1fb966ad856875c49bcbdc6e6708ea06119137c3,evidence/4020_water_temperature_reported.evidence.json,recordings/layer_30.recording.json,
4023,HS Butile n/B,Bosna,4,General;Hidrološka stanica,False,False,discharge_reported,Q,Q_1Y.xlsx,timestamped_without_measurements,"164 timestamped rows, every measurement cell published empty (no <v> child); parameter 'Proticaj' and unit 'm³/s' still declared",164,164,0,m³/s,Proticaj,81 Web Kontinuirani,2025-09-30 09:00:00,2026-08-05 07:00:00,5614,200,https://vodostaji.voda.ba/data/internet/stations/4/4023/Q/Q_1Y.xlsx,2026-09-09T15:53:55.317700Z,ca752f374ee222da7992b331fd1af77c408661cdcf2411d5526fe9400d3daed2,evidence/4023_discharge_reported.evidence.json,recordings/layer_20.recording.json,
4023,HS Butile n/B,Bosna,4,General;Hidrološka stanica,False,True,stage_reported,H,H_1Y.xlsx,measurements_present,7463 populated measurement cells across 7463 timestamped rows,7463,7463,7463,cm,Vodostaj,81 Web Kontinuirani,2025-09-10 00:00:00,2026-08-05 07:00:00,108372,200,https://vodostaji.voda.ba/data/internet/stations/4/4023/H/H_1Y.xlsx,2026-09-09T15:53:55.695845Z,77f2c61635d799e3b4e019ee1c144db8d85e5033cb6aa451b9038add2e5675c3,evidence/4023_stage_reported.evidence.json,recordings/layer_10.recording.json,
4023,HS Butile n/B,Bosna,4,General;Hidrološka stanica,False,False,water_temperature_reported,WT,Tvode_1Y.xlsx,no_data_rows,publisher declares #Rows = 0 while still declaring parameter 'Temperatura vode' and unit '°C',0,0,0,°C,Temperatura vode,81 Web Kontinuirani,,,3631,200,https://vodostaji.voda.ba/data/internet/stations/4/4023/WT/Tvode_1Y.xlsx,2026-09-09T15:53:56.204341Z,d33f95733c600aac23393a3488a94d94a3205e0158abde51a8f516e98d9c4ded,evidence/4023_water_temperature_reported.evidence.json,recordings/layer_30.recording.json,
4024,HS Ljubnići,Bosna,4,General;Hidrološka stanica,True,True,discharge_reported,Q,Q_1Y.xlsx,measurements_present,8346 populated measurement cells across 8346 timestamped rows,8346,8346,8346,m³/s,Proticaj,81 Web Kontinuirani,2025-09-10 00:00:00,2026-09-09 12:00:00,133530,200,https://vodostaji.voda.ba/data/internet/stations/4/4024/Q/Q_1Y.xlsx,2026-09-09T15:53:56.600189Z,e5d74db0c19b25c2e0ca8081fd1bef3efd891709c5abbec071a29437c7f65ee5,evidence/4024_discharge_reported.evidence.json,recordings/layer_20.recording.json,
4024,HS Ljubnići,Bosna,4,General;Hidrološka stanica,True,True,stage_reported,H,H_1Y.xlsx,measurements_present,8347 populated measurement cells across 8347 timestamped rows,8347,8347,8347,cm,Vodostaj,81 Web Kontinuirani,2025-09-10 00:00:00,2026-09-09 12:00:00,121791,200,https://vodostaji.voda.ba/data/internet/stations/4/4024/H/H_1Y.xlsx,2026-09-09T15:53:57.101643Z,38e4df6856a0fd11eff15d629d0a9093deea13d69cdfbbdca2d8261a55b6381b,evidence/4024_stage_reported.evidence.json,recordings/layer_10.recording.json,
4024,HS Ljubnići,Bosna,4,General;Hidrološka stanica,True,False,water_temperature_reported,WT,Tvode_1Y.xlsx,no_data_rows,publisher declares #Rows = 0 while still declaring parameter 'Temperatura vode' and unit '°C',0,0,0,°C,Temperatura vode,81 Web Kontinuirani,,,3633,200,https://vodostaji.voda.ba/data/internet/stations/4/4024/WT/Tvode_1Y.xlsx,2026-09-09T15:53:57.621394Z,507cb6bb714918ae25fa3583bbaa7b2baf5a1119bc874c96830e50b4a2b3f3ea,evidence/4024_water_temperature_reported.evidence.json,recordings/layer_30.recording.json,
4030,HS Visoko n/B,Bosna,4,General;Hidrološka stanica,True,True,discharge_reported,Q,Q_1Y.xlsx,measurements_present,8611 populated measurement cells across 8621 timestamped rows,8621,8621,8611,m³/s,Proticaj,81 Web Kontinuirani,2025-09-10 00:00:00,2026-09-09 13:00:00,114135,200,https://vodostaji.voda.ba/data/internet/stations/4/4030/Q/Q_1Y.xlsx,2026-09-09T15:53:58.000466Z,f904274def3affff7312fedc56ea761ae0a5d6d70591d36fee178c7c02b7e993,evidence/4030_discharge_reported.evidence.json,recordings/layer_20.recording.json,
4030,HS Visoko n/B,Bosna,4,General;Hidrološka stanica,True,True,stage_reported,H,H_1Y.xlsx,measurements_present,8611 populated measurement cells across 8621 timestamped rows,8621,8621,8611,cm,Vodostaj,81 Web Kontinuirani,2025-09-10 00:00:00,2026-09-09 13:00:00,110777,200,https://vodostaji.voda.ba/data/internet/stations/4/4030/H/H_1Y.xlsx,2026-09-09T15:53:58.519893Z,c4d7969243ce7b3ffdcf380fbd07c07050c1fc3e479461392e8ddadce1db7166,evidence/4030_stage_reported.evidence.json,recordings/layer_10.recording.json,
4030,HS Visoko n/B,Bosna,4,General;Hidrološka stanica,True,False,water_temperature_reported,WT,Tvode_1Y.xlsx,no_data_rows,publisher declares #Rows = 0 while still declaring parameter 'Temperatura vode' and unit '°C',0,0,0,°C,Temperatura vode,81 Web Kontinuirani,,,3631,200,https://vodostaji.voda.ba/data/internet/stations/4/4030/WT/Tvode_1Y.xlsx,2026-09-09T15:53:59.013747Z,7fe7f892982b8797c258f7da9d3d74d3c13a81727b6c8329a2042412856eb7ef,evidence/4030_water_temperature_reported.evidence.json,recordings/layer_30.recording.json,
4042,HS Kakanj n/B,Bosna,4,General;Hidrološka stanica,True,True,discharge_reported,Q,Q_1Y.xlsx,measurements_present,8664 populated measurement cells across 8666 timestamped rows,8666,8666,8664,m³/s,Proticaj,81 Web Kontinuirani,2025-09-10 00:00:00,2026-09-09 12:00:00,132222,200,https://vodostaji.voda.ba/data/internet/stations/4/4042/Q/Q_1Y.xlsx,2026-09-09T15:53:59.383536Z,3b0e06049e2b995851b66ead9f5a047be1ab0e47dee1e9cb1fd5cccbb8b3aa19,evidence/4042_discharge_reported.evidence.json,recordings/layer_20.recording.json,
4042,HS Kakanj n/B,Bosna,4,General;Hidrološka stanica,True,True,stage_reported,H,H_1Y.xlsx,measurements_present,8666 populated measurement cells across 8666 timestamped rows,8666,8666,8666,cm,Vodostaj,81 Web Kontinuirani,2025-09-10 00:00:00,2026-09-09 12:00:00,125457,200,https://vodostaji.voda.ba/data/internet/stations/4/4042/H/H_1Y.xlsx,2026-09-09T15:53:59.934957Z,09e2185fb8420e71cf4b16ff47cdd2c52fb547b4d31b18945c14ece2576add81,evidence/4042_stage_reported.evidence.json,recordings/layer_10.recording.json,
4042,HS Kakanj n/B,Bosna,4,General;Hidrološka stanica,True,False,water_temperature_reported,WT,Tvode_1Y.xlsx,no_data_rows,publisher declares #Rows = 0 while still declaring parameter 'Temperatura vode' and unit '°C',0,0,0,°C,Temperatura vode,81 Web Kontinuirani,,,3631,200,https://vodostaji.voda.ba/data/internet/stations/4/4042/WT/Tvode_1Y.xlsx,2026-09-09T15:54:00.438718Z,bd4baa530d02999eef24051cf8d1f8f1b15ddaa0774dd31de70f159d19b823d7,evidence/4042_water_temperature_reported.evidence.json,recordings/layer_30.recording.json,
4050,HS Raspotočje,Bosna,4,General;Hidrološka stanica,True,True,discharge_reported,Q,Q_1Y.xlsx,measurements_present,8692 populated measurement cells across 8692 timestamped rows,8692,8692,8692,m³/s,Proticaj,81 Web Kontinuirani,2025-09-10 00:00:00,2026-09-09 12:00:00,134606,200,https://vodostaji.voda.ba/data/internet/stations/4/4050/Q/Q_1Y.xlsx,2026-09-09T15:54:00.815227Z,ec04435c8579f5c14c969f7f77a9ae399de98ba6f441191fa12d17100482b5a5,evidence/4050_discharge_reported.evidence.json,recordings/layer_20.recording.json,
4050,HS Raspotočje,Bosna,4,General;Hidrološka stanica,True,True,stage_reported,H,H_1Y.xlsx,measurements_present,8692 populated measurement cells across 8692 timestamped rows,8692,8692,8692,cm,Vodostaj,81 Web Kontinuirani,2025-09-10 00:00:00,2026-09-09 12:00:00,127167,200,https://vodostaji.voda.ba/data/internet/stations/4/4050/H/H_1Y.xlsx,2026-09-09T15:54:01.323969Z,68176be9c7a1fe74900a3b18b08238017dfca7c45d0fb6845d1178618fb51fbb,evidence/4050_stage_reported.evidence.json,recordings/layer_10.recording.json,
4050,HS Raspotočje,Bosna,4,General;Hidrološka stanica,True,False,water_temperature_reported,WT,Tvode_1Y.xlsx,no_data_rows,publisher declares #Rows = 0 while still declaring parameter 'Temperatura vode' and unit '°C',0,0,0,°C,Temperatura vode,81 Web Kontinuirani,,,3634,200,https://vodostaji.voda.ba/data/internet/stations/4/4050/WT/Tvode_1Y.xlsx,2026-09-09T15:54:01.826394Z,ba20f05f7a823057e9dda037c76a14d653d89ca3f263f4041625a0b7089a9559,evidence/4050_water_temperature_reported.evidence.json,recordings/layer_30.recording.json,
4055,HS Žepče,Bosna,4,General;Hidrološka stanica,True,True,discharge_reported,Q,Q_1Y.xlsx,measurements_present,8563 populated measurement cells across 8626 timestamped rows,8626,8626,8563,m³/s,Proticaj,81 Web Kontinuirani,2025-09-10 00:00:00,2026-09-09 12:00:00,131621,200,https://vodostaji.voda.ba/data/internet/stations/4/4055/Q/Q_1Y.xlsx,2026-09-09T15:54:02.195939Z,b9e59d81b83e771aee592438a20b04d02f787d906f59d7bfb5a1c145be7d99e9,evidence/4055_discharge_reported.evidence.json,recordings/layer_20.recording.json,
4055,HS Žepče,Bosna,4,General;Hidrološka stanica,True,True,stage_reported,H,H_1Y.xlsx,measurements_present,8563 populated measurement cells across 8626 timestamped rows,8626,8626,8563,cm,Vodostaj,81 Web Kontinuirani,2025-09-10 00:00:00,2026-09-09 12:00:00,124394,200,https://vodostaji.voda.ba/data/internet/stations/4/4055/H/H_1Y.xlsx,2026-09-09T15:54:02.715918Z,26a167b241e58b38435532af51fbf05346d90b2bf9627a73947d647930e615b9,evidence/4055_stage_reported.evidence.json,recordings/layer_10.recording.json,
4055,HS Žepče,Bosna,4,General;Hidrološka stanica,True,False,water_temperature_reported,WT,Tvode_1Y.xlsx,no_data_rows,publisher declares #Rows = 0 while still declaring parameter 'Temperatura vode' and unit '°C',0,0,0,°C,Temperatura vode,81 Web Kontinuirani,,,3633,200,https://vodostaji.voda.ba/data/internet/stations/4/4055/WT/Tvode_1Y.xlsx,2026-09-09T15:54:03.214722Z,445970f24e81b6f979e3733235c0da858e2ebd43eaea7c8d9f982dac9bfdf4c2,evidence/4055_water_temperature_reported.evidence.json,recordings/layer_30.recording.json,
4060,HS Zavidovići n/B,Bosna,4,General;Hidrološka stanica,True,True,discharge_reported,Q,Q_1Y.xlsx,measurements_present,8700 populated measurement cells across 8701 timestamped rows,8701,8701,8700,m³/s,Proticaj,81 Web Kontinuirani,2025-09-10 00:00:00,2026-09-09 13:00:00,117557,200,https://vodostaji.voda.ba/data/internet/stations/4/4060/Q/Q_1Y.xlsx,2026-09-09T15:54:03.593975Z,b1a55d6bea6c990df11e86fff6328dc1928f61b9823abb483f0cd8b8c2b18809,evidence/4060_discharge_reported.evidence.json,recordings/layer_20.recording.json,
4060,HS Zavidovići n/B,Bosna,4,General;Hidrološka stanica,True,True,stage_reported,H,H_1Y.xlsx,measurements_present,8699 populated measurement cells across 8700 timestamped rows,8700,8700,8699,cm,Vodostaj,81 Web Kontinuirani,2025-09-10 00:00:00,2026-09-09 12:00:00,113040,200,https://vodostaji.voda.ba/data/internet/stations/4/4060/H/H_1Y.xlsx,2026-09-09T15:54:04.093673Z,b9ffa648238cef5759df4c8530d27eba36aef28a582f2894a69cfc70cab8062a,evidence/4060_stage_reported.evidence.json,recordings/layer_10.recording.json,
4060,HS Zavidovići n/B,Bosna,4,General;Hidrološka stanica,True,False,water_temperature_reported,WT,Tvode_1Y.xlsx,no_data_rows,publisher declares #Rows = 0 while still declaring parameter 'Temperatura vode' and unit '°C',0,0,0,°C,Temperatura vode,81 Web Kontinuirani,,,3639,200,https://vodostaji.voda.ba/data/internet/stations/4/4060/WT/Tvode_1Y.xlsx,2026-09-09T15:54:04.592740Z,90b54e5c349e5a89f8ae8130252067d0762d79172fc56d21913cf9c6e90799e8,evidence/4060_water_temperature_reported.evidence.json,recordings/layer_30.recording.json,
4061,HS Donji Ulišnjak,Bosna,4,General;Hidrološka stanica,True,True,discharge_reported,Q,Q_1Y.xlsx,measurements_present,8344 populated measurement cells across 8344 timestamped rows,8344,8344,8344,m³/s,Proticaj,81 Web Kontinuirani,2025-09-10 00:00:00,2026-09-09 12:00:00,130025,200,https://vodostaji.voda.ba/data/internet/stations/4/4061/Q/Q_1Y.xlsx,2026-09-09T15:54:04.974251Z,2437508d6c31a8b39fd965d75007a18ac11bc23fd1c71f1829b43e18e6131c14,evidence/4061_discharge_reported.evidence.json,recordings/layer_20.recording.json,
4061,HS Donji Ulišnjak,Bosna,4,General;Hidrološka stanica,True,True,stage_reported,H,H_1Y.xlsx,measurements_present,8344 populated measurement cells across 8344 timestamped rows,8344,8344,8344,cm,Vodostaj,81 Web Kontinuirani,2025-09-10 00:00:00,2026-09-09 12:00:00,122193,200,https://vodostaji.voda.ba/data/internet/stations/4/4061/H/H_1Y.xlsx,2026-09-09T15:54:05.483479Z,4e38b8ffb2b814fe38d56775e01ae17ce28fd6c3323cf7c0b55780a1e318b438,evidence/4061_stage_reported.evidence.json,recordings/layer_10.recording.json,
4061,HS Donji Ulišnjak,Bosna,4,General;Hidrološka stanica,True,False,water_temperature_reported,WT,Tvode_1Y.xlsx,no_data_rows,publisher declares #Rows = 0 while still declaring parameter 'Temperatura vode' and unit '°C',0,0,0,°C,Temperatura vode,81 Web Kontinuirani,,,3639,200,https://vodostaji.voda.ba/data/internet/stations/4/4061/WT/Tvode_1Y.xlsx,2026-09-09T15:54:05.989459Z,8a558cfd7addd5f2de992c718554aebc8e081ac6228b50b2ba9060e526c377b9,evidence/4061_water_temperature_reported.evidence.json,recordings/layer_30.recording.json,
4062,HS Maglaj Grad,Bosna,4,General;Hidrološka stanica,True,True,discharge_reported,Q,Q_1Y.xlsx,measurements_present,34754 populated measurement cells across 34754 timestamped rows,34754,34754,34754,m³/s,Proticaj,81 Web Kontinuirani,2025-09-10 00:00:00,2026-09-09 12:00:00,444603,200,https://vodostaji.voda.ba/data/internet/stations/4/4062/Q/Q_1Y.xlsx,2026-09-09T15:54:06.364142Z,ec98548c8f3581679c1671714ceab862f3b508dd946c389a131b97b4991cee2a,evidence/4062_discharge_reported.evidence.json,recordings/layer_20.recording.json,
4062,HS Maglaj Grad,Bosna,4,General;Hidrološka stanica,True,True,stage_reported,H,H_1Y.xlsx,measurements_present,34754 populated measurement cells across 34754 timestamped rows,34754,34754,34754,cm,Vodostaj,81 Web Kontinuirani,2025-09-10 00:00:00,2026-09-09 12:00:00,429140,200,https://vodostaji.voda.ba/data/internet/stations/4/4062/H/H_1Y.xlsx,2026-09-09T15:54:07.043443Z,5503dd921e5085b7c3ef39b8ffd9d1c337c761a11fb20e3274c4a4c8c903b244,evidence/4062_stage_reported.evidence.json,recordings/layer_10.recording.json,
4062,HS Maglaj Grad,Bosna,4,General;Hidrološka stanica,True,False,water_temperature_reported,WT,Tvode_1Y.xlsx,no_data_rows,publisher declares #Rows = 0 while still declaring parameter 'Temperatura vode' and unit '°C',0,0,0,°C,Temperatura vode,81 Web Kontinuirani,,,3632,200,https://vodostaji.voda.ba/data/internet/stations/4/4062/WT/Tvode_1Y.xlsx,2026-09-09T15:54:07.691308Z,5b8ad2964683c9363b1337c1c861ac709a80aecadd0be2b5778aa229c56c98d5,evidence/4062_water_temperature_reported.evidence.json,recordings/layer_30.recording.json,
4070,HS Maglaj,Bosna,4,General;Hidrološka stanica,True,True,discharge_reported,Q,Q_1Y.xlsx,measurements_present,8688 populated measurement cells across 8688 timestamped rows,8688,8688,8688,m³/s,Proticaj,81 Web Kontinuirani,2025-09-10 00:00:00,2026-09-09 12:00:00,135307,200,https://vodostaji.voda.ba/data/internet/stations/4/4070/Q/Q_1Y.xlsx,2026-09-09T15:54:08.065283Z,cf2220a00d6ceee1ba52960cd8b6ef779ed20e7da15d8f21fa2409a9d38e7930,evidence/4070_discharge_reported.evidence.json,recordings/layer_20.recording.json,
4070,HS Maglaj,Bosna,4,General;Hidrološka stanica,True,True,stage_reported,H,H_1Y.xlsx,measurements_present,8688 populated measurement cells across 8688 timestamped rows,8688,8688,8688,cm,Vodostaj,81 Web Kontinuirani,2025-09-10 00:00:00,2026-09-09 12:00:00,126799,200,https://vodostaji.voda.ba/data/internet/stations/4/4070/H/H_1Y.xlsx,2026-09-09T15:54:08.583584Z,67e9c4a73954c3c380824204d18ef13bd1158051f1a6a35f676132d70cb3df6e,evidence/4070_stage_reported.evidence.json,recordings/layer_10.recording.json,
4070,HS Maglaj,Bosna,4,General;Hidrološka stanica,True,True,water_temperature_reported,WT,Tvode_1Y.xlsx,measurements_present,8686 populated measurement cells across 8686 timestamped rows,8686,8686,8686,°C,Temperatura vode,81 Web Kontinuirani,2025-09-10 00:00:00,2026-09-09 12:00:00,117394,200,https://vodostaji.voda.ba/data/internet/stations/4/4070/WT/Tvode_1Y.xlsx,2026-09-09T15:54:09.093085Z,368be55f57f6c1b9ffdf9eec95fbefe5fdbb99f5becafea522b757983b407b08,evidence/4070_water_temperature_reported.evidence.json,recordings/layer_30.recording.json,
4071,HS Kosova,Bosna,4,General;Hidrološka stanica,False,False,discharge_reported,Q,Q_1Y.xlsx,timestamped_without_measurements,"8456 timestamped rows, every measurement cell published empty (no <v> child); parameter 'Proticaj' and unit 'm³/s' still declared",8456,8456,0,m³/s,Proticaj,81 Web Kontinuirani,2025-09-10 00:00:00,2026-09-09 12:00:00,97301,200,https://vodostaji.voda.ba/data/internet/stations/4/4071/Q/Q_1Y.xlsx,2026-09-09T15:54:09.658444Z,4547a45cbc0f1717d2741c7aa58e1c274a83d202795ccc77ded641d202a1c46c,evidence/4071_discharge_reported.evidence.json,recordings/layer_20.recording.json,
4071,HS Kosova,Bosna,4,General;Hidrološka stanica,False,True,stage_reported,H,H_1Y.xlsx,measurements_present,8688 populated measurement cells across 8688 timestamped rows,8688,8688,8688,cm,Vodostaj,81 Web Kontinuirani,2025-09-10 00:00:00,2026-09-09 12:00:00,126353,200,https://vodostaji.voda.ba/data/internet/stations/4/4071/H/H_1Y.xlsx,2026-09-09T15:54:10.147442Z,44d1153d7a33acd78724c121214350ea330ed05179dfea8c365b5f821d48c395,evidence/4071_stage_reported.evidence.json,recordings/layer_10.recording.json,
4071,HS Kosova,Bosna,4,General;Hidrološka stanica,False,False,water_temperature_reported,WT,Tvode_1Y.xlsx,no_data_rows,publisher declares #Rows = 0 while still declaring parameter 'Temperatura vode' and unit '°C',0,0,0,°C,Temperatura vode,81 Web Kontinuirani,,,3627,200,https://vodostaji.voda.ba/data/internet/stations/4/4071/WT/Tvode_1Y.xlsx,2026-09-09T15:54:10.658530Z,9c0d81b57918a4d1cdedeb0ccc1bb04ccb1f6e23ebcf15ede6e4250e16b356e6,evidence/4071_water_temperature_reported.evidence.json,recordings/layer_30.recording.json,
4080,HS Šamac,Bosna,4,General;Hidrološka stanica,False,False,discharge_reported,Q,Q_1Y.xlsx,timestamped_without_measurements,"8456 timestamped rows, every measurement cell published empty (no <v> child); parameter 'Proticaj' and unit 'm³/s' still declared",8456,8456,0,m³/s,Proticaj,81 Web Kontinuirani,2025-09-10 00:00:00,2026-09-09 12:00:00,97309,200,https://vodostaji.voda.ba/data/internet/stations/4/4080/Q/Q_1Y.xlsx,2026-09-09T15:54:11.039071Z,91f3fd87acc3cf548870e2b790b8212e497e4e499b5038c6fd5ad6d31b3df50b,evidence/4080_discharge_reported.evidence.json,recordings/layer_20.recording.json,
4080,HS Šamac,Bosna,4,General;Hidrološka stanica,False,True,stage_reported,H,H_1Y.xlsx,measurements_present,8671 populated measurement cells across 8673 timestamped rows,8673,8673,8671,cm,Vodostaj,81 Web Kontinuirani,2025-09-10 00:00:00,2026-09-09 12:00:00,129223,200,https://vodostaji.voda.ba/data/internet/stations/4/4080/H/H_1Y.xlsx,2026-09-09T15:54:11.517036Z,772747fbd0c5c09291da879dbbe22c627c976ef2857bc0c805cee48ea694aaee,evidence/4080_stage_reported.evidence.json,recordings/layer_10.recording.json,
4080,HS Šamac,Bosna,4,General;Hidrološka stanica,False,False,water_temperature_reported,WT,Tvode_1Y.xlsx,no_data_rows,publisher declares #Rows = 0 while still declaring parameter 'Temperatura vode' and unit '°C',0,0,0,°C,Temperatura vode,81 Web Kontinuirani,,,3630,200,https://vodostaji.voda.ba/data/internet/stations/4/4080/WT/Tvode_1Y.xlsx,2026-09-09T15:54:12.020028Z,2cbcd6dd6affba0c3f47db9a4751c4b0db81701f4f88bb91fdfe99cc86aa9485,evidence/4080_water_temperature_reported.evidence.json,recordings/layer_30.recording.json,
4109,HS Trnovo,Željeznica,4,General;Hidrološka stanica,False,False,discharge_reported,Q,Q_1Y.xlsx,timestamped_without_measurements,"8197 timestamped rows, every measurement cell published empty (no <v> child); parameter 'Proticaj' and unit 'm³/s' still declared",8197,8197,0,m³/s,Proticaj,81 Web Kontinuirani,2025-09-10 00:00:00,2026-09-09 12:00:00,94764,200,https://vodostaji.voda.ba/data/internet/stations/4/4109/Q/Q_1Y.xlsx,2026-09-09T15:54:12.401267Z,f84201a1c13012e12899e888d4832f1a24b8acc641ca534150ae98777321aff7,evidence/4109_discharge_reported.evidence.json,recordings/layer_20.recording.json,
4109,HS Trnovo,Željeznica,4,General;Hidrološka stanica,False,True,stage_reported,H,H_1Y.xlsx,measurements_present,8439 populated measurement cells across 8439 timestamped rows,8439,8439,8439,cm,Vodostaj,81 Web Kontinuirani,2025-09-10 00:00:00,2026-09-09 12:00:00,117038,200,https://vodostaji.voda.ba/data/internet/stations/4/4109/H/H_1Y.xlsx,2026-09-09T15:54:12.872509Z,3a37012a11ea0614d77e440d69d8ee05fd20d220c5ca1e082004bb963f834c27,evidence/4109_stage_reported.evidence.json,recordings/layer_10.recording.json,
4109,HS Trnovo,Željeznica,4,General;Hidrološka stanica,False,False,water_temperature_reported,WT,Tvode_1Y.xlsx,access_failed,publisher served no workbook at this route (HTTP 404),,,,,,,,,244,404,https://vodostaji.voda.ba/data/internet/stations/4/4109/WT/Tvode_1Y.xlsx,2026-09-09T15:54:13.383293Z,e1201cb8fc2bd6ed7b79d32dedd2368a9c52dd283dd9b5101c5d42c49fa864af,evidence/4109_water_temperature_reported.evidence.json,recordings/layer_30.recording.json,
4110,HS Ilidža,Željeznica,4,General;Hidrološka stanica,True,True,discharge_reported,Q,Q_1Y.xlsx,measurements_present,5189 populated measurement cells across 5189 timestamped rows,5189,5189,5189,m³/s,Proticaj,81 Web Kontinuirani,2025-09-10 00:00:00,2026-09-09 08:00:00,76077,200,https://vodostaji.voda.ba/data/internet/stations/4/4110/Q/Q_1Y.xlsx,2026-09-09T15:54:13.779050Z,7b056eae70856339e09bef90c2b687b48ed68d62575ea2817045dd6c2c79c802,evidence/4110_discharge_reported.evidence.json,recordings/layer_20.recording.json,
4110,HS Ilidža,Željeznica,4,General;Hidrološka stanica,True,True,stage_reported,H,H_1Y.xlsx,measurements_present,5189 populated measurement cells across 5189 timestamped rows,5189,5189,5189,cm,Vodostaj,81 Web Kontinuirani,2025-09-10 00:00:00,2026-09-09 08:00:00,74353,200,https://vodostaji.voda.ba/data/internet/stations/4/4110/H/H_1Y.xlsx,2026-09-09T15:54:14.233461Z,6c2ddc6fc1837284e6c53619b3a276532829b9216d67a5cd3c54054c1a7837ef,evidence/4110_stage_reported.evidence.json,recordings/layer_10.recording.json,
4110,HS Ilidža,Željeznica,4,General;Hidrološka stanica,True,False,water_temperature_reported,WT,Tvode_1Y.xlsx,measurements_present,1827 populated measurement cells across 1827 timestamped rows,1827,1827,1827,°C,Temperatura vode,81 Web Kontinuirani,2025-09-10 00:00:00,2025-11-30 01:00:00,28194,200,https://vodostaji.voda.ba/data/internet/stations/4/4110/WT/Tvode_1Y.xlsx,2026-09-09T15:54:14.705320Z,9305733207fdf900603ec2f3cc42b735bb5d3c895436e4e8fb99340015d9bc90,evidence/4110_water_temperature_reported.evidence.json,recordings/layer_30.recording.json,
4111,HS Podteljig,Crna Rijeka,4,General;Hidrološka stanica,True,True,discharge_reported,Q,Q_1Y.xlsx,measurements_present,8458 populated measurement cells across 8458 timestamped rows,8458,8458,8458,m³/s,Proticaj,81 Web Kontinuirani,2025-09-10 00:00:00,2026-09-09 12:00:00,118566,200,https://vodostaji.voda.ba/data/internet/stations/4/4111/Q/Q_1Y.xlsx,2026-09-09T15:54:15.125113Z,c810ab4a633232595e86d993095d10adb2be91a45801dfeb0e0e0d650ccbbcd7,evidence/4111_discharge_reported.evidence.json,recordings/layer_20.recording.json,
4111,HS Podteljig,Crna Rijeka,4,General;Hidrološka stanica,True,True,stage_reported,H,H_1Y.xlsx,measurements_present,8458 populated measurement cells across 8458 timestamped rows,8458,8458,8458,cm,Vodostaj,81 Web Kontinuirani,2025-09-10 00:00:00,2026-09-09 12:00:00,116928,200,https://vodostaji.voda.ba/data/internet/stations/4/4111/H/H_1Y.xlsx,2026-09-09T15:54:15.640361Z,17874c2d3f0519e4085cf34396f4d1a2271e377be09895ea118994777dd29d55,evidence/4111_stage_reported.evidence.json,recordings/layer_10.recording.json,
4111,HS Podteljig,Crna Rijeka,4,General;Hidrološka stanica,True,False,water_temperature_reported,WT,Tvode_1Y.xlsx,no_data_rows,publisher declares #Rows = 0 while still declaring parameter 'Temperatura vode' and unit '°C',0,0,0,°C,Temperatura vode,81 Web Kontinuirani,,,3629,200,https://vodostaji.voda.ba/data/internet/stations/4/4111/WT/Tvode_1Y.xlsx,2026-09-09T15:54:16.144172Z,678bdbd03e8b353c24cd1f2ce767ebdf86d8ee45543297d49de8762b6e51a04c,evidence/4111_water_temperature_reported.evidence.json,recordings/layer_30.recording.json,
4114,HS Butmir,Tilava,4,General;Hidrološka stanica,False,False,discharge_reported,Q,Q_1Y.xlsx,timestamped_without_measurements,"8286 timestamped rows, every measurement cell published empty (no <v> child); parameter 'Proticaj' and unit 'm³/s' still declared",8286,8286,0,m³/s,Proticaj,81 Web Kontinuirani,2025-09-10 00:00:00,2026-09-09 12:00:00,95717,200,https://vodostaji.voda.ba/data/internet/stations/4/4114/Q/Q_1Y.xlsx,2026-09-09T15:54:16.526487Z,a676d9f93122953fc6fc4717e6d2160022d782cdab4af4ddbbe8546d26ea4dbe,evidence/4114_discharge_reported.evidence.json,recordings/layer_20.recording.json,
4114,HS Butmir,Tilava,4,General;Hidrološka stanica,False,True,stage_reported,H,H_1Y.xlsx,measurements_present,8687 populated measurement cells across 8687 timestamped rows,8687,8687,8687,cm,Vodostaj,81 Web Kontinuirani,2025-09-10 00:00:00,2026-09-09 12:00:00,121741,200,https://vodostaji.voda.ba/data/internet/stations/4/4114/H/H_1Y.xlsx,2026-09-09T15:54:17.007716Z,1bfbf440a90a52c4ace954cadc951c3fdfbf4ed7bc6cab96eed0267c862af524,evidence/4114_stage_reported.evidence.json,recordings/layer_10.recording.json,
4114,HS Butmir,Tilava,4,General;Hidrološka stanica,False,False,water_temperature_reported,WT,Tvode_1Y.xlsx,no_data_rows,publisher declares #Rows = 0 while still declaring parameter 'Temperatura vode' and unit '°C',0,0,0,°C,Temperatura vode,81 Web Kontinuirani,,,3625,200,https://vodostaji.voda.ba/data/internet/stations/4/4114/WT/Tvode_1Y.xlsx,2026-09-09T15:54:17.513055Z,2a4d0b1a358aec142f33d62058ece9dd7d632cc6f3f2d2db3623e35f71752409,evidence/4114_water_temperature_reported.evidence.json,recordings/layer_30.recording.json,
4121,HS Blažuj,Zujevina,4,General;Hidrološka stanica,True,True,discharge_reported,Q,Q_1Y.xlsx,measurements_present,7966 populated measurement cells across 7966 timestamped rows,7966,7966,7966,m³/s,Proticaj,81 Web Kontinuirani,2025-09-10 00:00:00,2026-09-09 12:00:00,108906,200,https://vodostaji.voda.ba/data/internet/stations/4/4121/Q/Q_1Y.xlsx,2026-09-09T15:54:17.889086Z,1120280e7d9e97f2070baf2ab6d549d83c0c75bb2e8679a399046b2381572400,evidence/4121_discharge_reported.evidence.json,recordings/layer_20.recording.json,
4121,HS Blažuj,Zujevina,4,General;Hidrološka stanica,True,True,stage_reported,H,H_1Y.xlsx,measurements_present,7966 populated measurement cells across 7966 timestamped rows,7966,7966,7966,cm,Vodostaj,81 Web Kontinuirani,2025-09-10 00:00:00,2026-09-09 12:00:00,112280,200,https://vodostaji.voda.ba/data/internet/stations/4/4121/H/H_1Y.xlsx,2026-09-09T15:54:18.397849Z,b1293bc49640d561a0965440ce17e66899312d900fc2f309770069b1bb075857,evidence/4121_stage_reported.evidence.json,recordings/layer_10.recording.json,
4121,HS Blažuj,Zujevina,4,General;Hidrološka stanica,True,False,water_temperature_reported,WT,Tvode_1Y.xlsx,no_data_rows,publisher declares #Rows = 0 while still declaring parameter 'Temperatura vode' and unit '°C',0,0,0,°C,Temperatura vode,81 Web Kontinuirani,,,3631,200,https://vodostaji.voda.ba/data/internet/stations/4/4121/WT/Tvode_1Y.xlsx,2026-09-09T15:54:18.911522Z,30ea3fb38f75fe69a0ccd8319e45cf4c26a4af389d100c3b98b4ed1d33c13e80,evidence/4121_water_temperature_reported.evidence.json,recordings/layer_30.recording.json,
4130,HS Doglodi,Dobrinja,4,General;Hidrološka stanica,True,True,discharge_reported,Q,Q_1Y.xlsx,measurements_present,7596 populated measurement cells across 8159 timestamped rows,8159,8159,7596,m³/s,Proticaj,81 Web Kontinuirani,2025-09-10 00:00:00,2026-08-26 13:00:00,112607,200,https://vodostaji.voda.ba/data/internet/stations/4/4130/Q/Q_1Y.xlsx,2026-09-09T15:54:19.284836Z,8a4d2c302039b23355c41c48b3ebdfc26dba275bfaddaee65a485dc4ffa829cb,evidence/4130_discharge_reported.evidence.json,recordings/layer_20.recording.json,
4130,HS Doglodi,Dobrinja,4,General;Hidrološka stanica,True,True,stage_reported,H,H_1Y.xlsx,measurements_present,8159 populated measurement cells across 8159 timestamped rows,8159,8159,8159,cm,Vodostaj,81 Web Kontinuirani,2025-09-10 00:00:00,2026-08-26 13:00:00,114706,200,https://vodostaji.voda.ba/data/internet/stations/4/4130/H/H_1Y.xlsx,2026-09-09T15:54:19.781937Z,6205ea31814e153decb117b83011cb8aa6654bfae23e240c15136b4fcaf658a9,evidence/4130_stage_reported.evidence.json,recordings/layer_10.recording.json,
4130,HS Doglodi,Dobrinja,4,General;Hidrološka stanica,True,False,water_temperature_reported,WT,Tvode_1Y.xlsx,no_data_rows,publisher declares #Rows = 0 while still declaring parameter 'Temperatura vode' and unit '°C',0,0,0,°C,Temperatura vode,81 Web Kontinuirani,,,3629,200,https://vodostaji.voda.ba/data/internet/stations/4/4130/WT/Tvode_1Y.xlsx,2026-09-09T15:54:20.297208Z,761fa21ba50119c174b665d009324db3344eae645d97bd39cb8ffb48187529f0,evidence/4130_water_temperature_reported.evidence.json,recordings/layer_30.recording.json,
4142,HS Vodoprivreda,Miljacka,4,General;Hidrološka stanica,True,True,discharge_reported,Q,Q_1Y.xlsx,measurements_present,8704 populated measurement cells across 8704 timestamped rows,8704,8704,8704,m³/s,Proticaj,81 Web Kontinuirani,2025-09-10 00:00:00,2026-09-09 13:00:00,115357,200,https://vodostaji.voda.ba/data/internet/stations/4/4142/Q/Q_1Y.xlsx,2026-09-09T15:54:20.675799Z,8a1ed2f3d0d2bed8f8455577b082c284ed4c232bc172768cba63c9c6134abb41,evidence/4142_discharge_reported.evidence.json,recordings/layer_20.recording.json,
4142,HS Vodoprivreda,Miljacka,4,General;Hidrološka stanica,True,True,stage_reported,H,H_1Y.xlsx,measurements_present,8704 populated measurement cells across 8704 timestamped rows,8704,8704,8704,cm,Vodostaj,81 Web Kontinuirani,2025-09-10 00:00:00,2026-09-09 13:00:00,112898,200,https://vodostaji.voda.ba/data/internet/stations/4/4142/H/H_1Y.xlsx,2026-09-09T15:54:21.178518Z,de516454806e958367d6046acda664de6b3e32a4eac9b60a0b8eac7a893d6f61,evidence/4142_stage_reported.evidence.json,recordings/layer_10.recording.json,
4142,HS Vodoprivreda,Miljacka,4,General;Hidrološka stanica,True,False,water_temperature_reported,WT,Tvode_1Y.xlsx,no_data_rows,publisher declares #Rows = 0 while still declaring parameter 'Temperatura vode' and unit '°C',0,0,0,°C,Temperatura vode,81 Web Kontinuirani,,,3631,200,https://vodostaji.voda.ba/data/internet/stations/4/4142/WT/Tvode_1Y.xlsx,2026-09-09T15:54:21.679997Z,9f4b9c63a5357b7f0ed160237afbc522ebeab6279b83b6da8030cf886127e009,evidence/4142_water_temperature_reported.evidence.json,recordings/layer_30.recording.json,
4145,HS Butile n/M,Miljacka,4,General;Hidrološka stanica,False,False,discharge_reported,Q,Q_1Y.xlsx,timestamped_without_measurements,"8594 timestamped rows, every measurement cell published empty (no <v> child); parameter 'Proticaj' and unit 'm³/s' still declared",8594,8594,0,m³/s,Proticaj,81 Web Kontinuirani,2025-09-10 00:00:00,2026-09-09 13:00:00,98767,200,https://vodostaji.voda.ba/data/internet/stations/4/4145/Q/Q_1Y.xlsx,2026-09-09T15:54:22.054392Z,0f3fd9332db4b8d43913f3159f47fba8e93d313e9503fc7b4e9c39a1bafb372c,evidence/4145_discharge_reported.evidence.json,recordings/layer_20.recording.json,
4145,HS Butile n/M,Miljacka,4,General;Hidrološka stanica,False,True,stage_reported,H,H_1Y.xlsx,measurements_present,7811 populated measurement cells across 8701 timestamped rows,8701,8701,7811,cm,Vodostaj,81 Web Kontinuirani,2025-09-10 00:00:00,2026-09-09 13:00:00,122959,200,https://vodostaji.voda.ba/data/internet/stations/4/4145/H/H_1Y.xlsx,2026-09-09T15:54:22.532084Z,078217634a0564d31a029efd3060a34f688f121831435568c0539f84bedfd16a,evidence/4145_stage_reported.evidence.json,recordings/layer_10.recording.json,
4145,HS Butile n/M,Miljacka,4,General;Hidrološka stanica,False,False,water_temperature_reported,WT,Tvode_1Y.xlsx,no_data_rows,publisher declares #Rows = 0 while still declaring parameter 'Temperatura vode' and unit '°C',0,0,0,°C,Temperatura vode,81 Web Kontinuirani,,,3630,200,https://vodostaji.voda.ba/data/internet/stations/4/4145/WT/Tvode_1Y.xlsx,2026-09-09T15:54:23.048906Z,6867380232613ecc828e60f60a5f07d55edbeef3c5d823006c169e9bc9728f71,evidence/4145_water_temperature_reported.evidence.json,recordings/layer_30.recording.json,
4150,HS Semizovac,Ljubina,4,General;Hidrološka stanica,True,True,discharge_reported,Q,Q_1Y.xlsx,measurements_present,8686 populated measurement cells across 8686 timestamped rows,8686,8686,8686,m³/s,Proticaj,81 Web Kontinuirani,2025-09-10 00:00:00,2026-09-09 13:00:00,122364,200,https://vodostaji.voda.ba/data/internet/stations/4/4150/Q/Q_1Y.xlsx,2026-09-09T15:54:23.429039Z,b6d3a69a80df4f1af5180c62278389e7501d0dfe8674d3ef1ab12ec1fbadb0cd,evidence/4150_discharge_reported.evidence.json,recordings/layer_20.recording.json,
4150,HS Semizovac,Ljubina,4,General;Hidrološka stanica,True,True,stage_reported,H,H_1Y.xlsx,measurements_present,8686 populated measurement cells across 8686 timestamped rows,8686,8686,8686,cm,Vodostaj,81 Web Kontinuirani,2025-09-10 00:00:00,2026-09-09 13:00:00,120799,200,https://vodostaji.voda.ba/data/internet/stations/4/4150/H/H_1Y.xlsx,2026-09-09T15:54:23.929559Z,0cf4c1f5927138c92a8f54f4b23343931f79155c6dee83e780ef0cf42f40bf76,evidence/4150_stage_reported.evidence.json,recordings/layer_10.recording.json,
4150,HS Semizovac,Ljubina,4,General;Hidrološka stanica,True,False,water_temperature_reported,WT,Tvode_1Y.xlsx,no_data_rows,publisher declares #Rows = 0 while still declaring parameter 'Temperatura vode' and unit '°C',0,0,0,°C,Temperatura vode,81 Web Kontinuirani,,,3630,200,https://vodostaji.voda.ba/data/internet/stations/4/4150/WT/Tvode_1Y.xlsx,2026-09-09T15:54:24.447325Z,091c16b0ba12643a390609b2b63fe058f467fcb94df0a17dc5c56c80f30ae221,evidence/4150_water_temperature_reported.evidence.json,recordings/layer_30.recording.json,
4161,HS Ilijaš,Misoča,4,General;Hidrološka stanica,False,False,discharge_reported,Q,Q_1Y.xlsx,timestamped_without_measurements,"8313 timestamped rows, every measurement cell published empty (no <v> child); parameter 'Proticaj' and unit 'm³/s' still declared",8313,8313,0,m³/s,Proticaj,81 Web Kontinuirani,2025-09-10 00:00:00,2026-09-09 13:00:00,96009,200,https://vodostaji.voda.ba/data/internet/stations/4/4161/Q/Q_1Y.xlsx,2026-09-09T15:54:24.825734Z,242c03146647d0692e1db5057ce38c682c2e360c8e4989cbbc0c59ea56ee05f1,evidence/4161_discharge_reported.evidence.json,recordings/layer_20.recording.json,
4161,HS Ilijaš,Misoča,4,General;Hidrološka stanica,False,True,stage_reported,H,H_1Y.xlsx,measurements_present,8591 populated measurement cells across 8591 timestamped rows,8591,8591,8591,cm,Vodostaj,81 Web Kontinuirani,2025-09-10 00:00:00,2026-09-09 13:00:00,119488,200,https://vodostaji.voda.ba/data/internet/stations/4/4161/H/H_1Y.xlsx,2026-09-09T15:54:25.295395Z,dcf4767af41117715a02880d322bad39dac7a0a52c889c1ebb28a5f5c1a13396,evidence/4161_stage_reported.evidence.json,recordings/layer_10.recording.json,
4161,HS Ilijaš,Misoča,4,General;Hidrološka stanica,False,False,water_temperature_reported,WT,Tvode_1Y.xlsx,no_data_rows,publisher declares #Rows = 0 while still declaring parameter 'Temperatura vode' and unit '°C',0,0,0,°C,Temperatura vode,81 Web Kontinuirani,,,3633,200,https://vodostaji.voda.ba/data/internet/stations/4/4161/WT/Tvode_1Y.xlsx,2026-09-09T15:54:25.808861Z,4d3cafb7b9977db3f8b36d651e352f027e401a687866aa178bec21820321bf37,evidence/4161_water_temperature_reported.evidence.json,recordings/layer_30.recording.json,
4170,HS Podlugovi,Stavnja,4,General;Hidrološka stanica,True,True,discharge_reported,Q,Q_1Y.xlsx,measurements_present,8204 populated measurement cells across 8204 timestamped rows,8204,8204,8204,m³/s,Proticaj,81 Web Kontinuirani,2025-09-10 00:00:00,2026-09-09 11:00:00,119027,200,https://vodostaji.voda.ba/data/internet/stations/4/4170/Q/Q_1Y.xlsx,2026-09-09T15:54:26.190351Z,8c63cf39c7693b11f78f2831cad9223829050db1e034e80f1cbeee1de68d3e6d,evidence/4170_discharge_reported.evidence.json,recordings/layer_20.recording.json,
4170,HS Podlugovi,Stavnja,4,General;Hidrološka stanica,True,True,stage_reported,H,H_1Y.xlsx,measurements_present,8204 populated measurement cells across 8204 timestamped rows,8204,8204,8204,cm,Vodostaj,81 Web Kontinuirani,2025-09-10 00:00:00,2026-09-09 11:00:00,116774,200,https://vodostaji.voda.ba/data/internet/stations/4/4170/H/H_1Y.xlsx,2026-09-09T15:54:26.689583Z,8ad1062d3ee38e93a73b07022ab7f855698b5ca1968d06d7a6044aa5890b0835,evidence/4170_stage_reported.evidence.json,recordings/layer_10.recording.json,
4170,HS Podlugovi,Stavnja,4,General;Hidrološka stanica,True,False,water_temperature_reported,WT,Tvode_1Y.xlsx,no_data_rows,publisher declares #Rows = 0 while still declaring parameter 'Temperatura vode' and unit '°C',0,0,0,°C,Temperatura vode,81 Web Kontinuirani,,,3631,200,https://vodostaji.voda.ba/data/internet/stations/4/4170/WT/Tvode_1Y.xlsx,2026-09-09T15:54:27.192705Z,9949f6963cf214543215e86c4a805d624fe44dff36838a99981026abde5f51fc,evidence/4170_water_temperature_reported.evidence.json,recordings/layer_30.recording.json,
4220,HS Visoko n/F,Fojnička rijeka,4,General;Hidrološka stanica,True,True,discharge_reported,Q,Q_1Y.xlsx,measurements_present,8689 populated measurement cells across 8689 timestamped rows,8689,8689,8689,m³/s,Proticaj,81 Web Kontinuirani,2025-09-10 00:00:00,2026-09-09 12:00:00,122518,200,https://vodostaji.voda.ba/data/internet/stations/4/4220/Q/Q_1Y.xlsx,2026-09-09T15:54:27.579709Z,54e3686d24c9dc396a1ab88844dea12d5bcd279fd00af8ccb548365d5a9541e2,evidence/4220_discharge_reported.evidence.json,recordings/layer_20.recording.json,
4220,HS Visoko n/F,Fojnička rijeka,4,General;Hidrološka stanica,True,True,stage_reported,H,H_1Y.xlsx,measurements_present,8689 populated measurement cells across 8689 timestamped rows,8689,8689,8689,cm,Vodostaj,81 Web Kontinuirani,2025-09-10 00:00:00,2026-09-09 12:00:00,120741,200,https://vodostaji.voda.ba/data/internet/stations/4/4220/H/H_1Y.xlsx,2026-09-09T15:54:28.158973Z,4bb44aef5fb8e113d3d1f4b26b18122afe17bfbf93c5bacee327c2f37dad9207,evidence/4220_stage_reported.evidence.json,recordings/layer_10.recording.json,
4220,HS Visoko n/F,Fojnička rijeka,4,General;Hidrološka stanica,True,False,water_temperature_reported,WT,Tvode_1Y.xlsx,no_data_rows,publisher declares #Rows = 0 while still declaring parameter 'Temperatura vode' and unit '°C',0,0,0,°C,Temperatura vode,81 Web Kontinuirani,,,3632,200,https://vodostaji.voda.ba/data/internet/stations/4/4220/WT/Tvode_1Y.xlsx,2026-09-09T15:54:28.672782Z,0493f471e347e3efa58a1b1f681e04f150aab0a3330da6906c18ee629664d916,evidence/4220_water_temperature_reported.evidence.json,recordings/layer_30.recording.json,
4225,HS Kreševka - Kiseljak,Kreševka,4,General;Hidrološka stanica,False,False,discharge_reported,Q,Q_1Y.xlsx,timestamped_without_measurements,"8458 timestamped rows, every measurement cell published empty (no <v> child); parameter 'Proticaj' and unit 'm³/s' still declared",8458,8458,0,m³/s,Proticaj,81 Web Kontinuirani,2025-09-10 00:00:00,2026-09-09 12:00:00,97339,200,https://vodostaji.voda.ba/data/internet/stations/4/4225/Q/Q_1Y.xlsx,2026-09-09T15:54:29.052651Z,4cd8677ea69616b2a2ae822437e12129ff26590e70f00b03c0d94262dfc2c9a0,evidence/4225_discharge_reported.evidence.json,recordings/layer_20.recording.json,
4225,HS Kreševka - Kiseljak,Kreševka,4,General;Hidrološka stanica,False,True,stage_reported,H,H_1Y.xlsx,measurements_present,8689 populated measurement cells across 8689 timestamped rows,8689,8689,8689,cm,Vodostaj,81 Web Kontinuirani,2025-09-10 00:00:00,2026-09-09 12:00:00,117887,200,https://vodostaji.voda.ba/data/internet/stations/4/4225/H/H_1Y.xlsx,2026-09-09T15:54:29.549775Z,b47db51cea4c8389c02833f05902478c9c411c703fe32292a668c4dd5c05ea77,evidence/4225_stage_reported.evidence.json,recordings/layer_10.recording.json,
4225,HS Kreševka - Kiseljak,Kreševka,4,General;Hidrološka stanica,False,False,water_temperature_reported,WT,Tvode_1Y.xlsx,no_data_rows,publisher declares #Rows = 0 while still declaring parameter 'Temperatura vode' and unit '°C',0,0,0,°C,Temperatura vode,81 Web Kontinuirani,,,3644,200,https://vodostaji.voda.ba/data/internet/stations/4/4225/WT/Tvode_1Y.xlsx,2026-09-09T15:54:30.060878Z,507a9d18d7e10c2dc0256c05fe3a7204c33a4472c15dd98d885598f72b49330b,evidence/4225_water_temperature_reported.evidence.json,recordings/layer_30.recording.json,
4228,HS Bakovići-Željeznica,Bosna,4,General;Hidrološka stanica,False,False,discharge_reported,Q,Q_1Y.xlsx,access_failed,publisher served no workbook at this route (HTTP 404),,,,,,,,,239,404,https://vodostaji.voda.ba/data/internet/stations/4/4228/Q/Q_1Y.xlsx,2026-09-09T15:54:30.442632Z,a5dadfd503b87f64aa73778b8f778ceb3b78367d16d6f27a5c15e8f4f8f1d0a2,evidence/4228_discharge_reported.evidence.json,recordings/layer_20.recording.json,
4228,HS Bakovići-Željeznica,Bosna,4,General;Hidrološka stanica,False,True,stage_reported,H,H_1Y.xlsx,access_failed,publisher served no workbook at this route (HTTP 404),,,,,,,,,239,404,https://vodostaji.voda.ba/data/internet/stations/4/4228/H/H_1Y.xlsx,2026-09-09T15:54:30.829464Z,4e7c38fbff5c42860a9c38f70a7a94d58424499d55d56c61cd15f1b978db22a6,evidence/4228_stage_reported.evidence.json,recordings/layer_10.recording.json,
4228,HS Bakovići-Željeznica,Bosna,4,General;Hidrološka stanica,False,False,water_temperature_reported,WT,Tvode_1Y.xlsx,access_failed,publisher served no workbook at this route (HTTP 404),,,,,,,,,244,404,https://vodostaji.voda.ba/data/internet/stations/4/4228/WT/Tvode_1Y.xlsx,2026-09-09T15:54:31.213627Z,bb82b09c87d4c516f1e1f2aecf2b9acc47eac656de2008df20b7fb718f9d8928,evidence/4228_water_temperature_reported.evidence.json,recordings/layer_30.recording.json,
4230,HS Obre,Trstionica,4,General;Hidrološka stanica,False,False,discharge_reported,Q,Q_1Y.xlsx,measurements_present,8484 populated measurement cells across 8484 timestamped rows,8484,8484,8484,m³/s,Proticaj,81 Web Kontinuirani,2025-09-10 00:00:00,2026-09-09 13:00:00,120520,200,https://vodostaji.voda.ba/data/internet/stations/4/4230/Q/Q_1Y.xlsx,2026-09-09T15:54:31.595374Z,23331160f7b6c7dc23f70e9528524794c36a4ab607c31486346673f315917e4c,evidence/4230_discharge_reported.evidence.json,recordings/layer_20.recording.json,
4230,HS Obre,Trstionica,4,General;Hidrološka stanica,False,True,stage_reported,H,H_1Y.xlsx,measurements_present,8498 populated measurement cells across 8498 timestamped rows,8498,8498,8498,cm,Vodostaj,81 Web Kontinuirani,2025-09-10 00:00:00,2026-09-09 13:00:00,119553,200,https://vodostaji.voda.ba/data/internet/stations/4/4230/H/H_1Y.xlsx,2026-09-09T15:54:32.098362Z,5b172bdc6d10530f38b20ec7b2e191ae6f8d2589bea4fb2a8646a9d735b64661,evidence/4230_stage_reported.evidence.json,recordings/layer_10.recording.json,
4230,HS Obre,Trstionica,4,General;Hidrološka stanica,False,False,water_temperature_reported,WT,Tvode_1Y.xlsx,no_data_rows,publisher declares #Rows = 0 while still declaring parameter 'Temperatura vode' and unit '°C',0,0,0,°C,Temperatura vode,81 Web Kontinuirani,,,3625,200,https://vodostaji.voda.ba/data/internet/stations/4/4230/WT/Tvode_1Y.xlsx,2026-09-09T15:54:32.618099Z,882631c8500f4c726067ddbf0e1b043c7df743e3906c0f3215e7d539614e4de4,evidence/4230_water_temperature_reported.evidence.json,recordings/layer_30.recording.json,
4240,HS Kakanj n/Zg,Zgošća,4,General;Hidrološka stanica,True,True,discharge_reported,Q,Q_1Y.xlsx,measurements_present,8692 populated measurement cells across 8692 timestamped rows,8692,8692,8692,m³/s,Proticaj,81 Web Kontinuirani,2025-09-10 00:00:00,2026-09-09 12:00:00,119030,200,https://vodostaji.voda.ba/data/internet/stations/4/4240/Q/Q_1Y.xlsx,2026-09-09T15:54:32.992803Z,24ec11fecb46e9da7303d78ee41cc610788839072a6522172b7486f96ffe8777,evidence/4240_discharge_reported.evidence.json,recordings/layer_20.recording.json,
4240,HS Kakanj n/Zg,Zgošća,4,General;Hidrološka stanica,True,True,stage_reported,H,H_1Y.xlsx,measurements_present,8692 populated measurement cells across 8692 timestamped rows,8692,8692,8692,cm,Vodostaj,81 Web Kontinuirani,2025-09-10 00:00:00,2026-09-09 12:00:00,118921,200,https://vodostaji.voda.ba/data/internet/stations/4/4240/H/H_1Y.xlsx,2026-09-09T15:54:33.517249Z,539d1e94e1d0bc52722e2ee665b28e4e19757691fb1a9635f9a3d6fd91d9a76b,evidence/4240_stage_reported.evidence.json,recordings/layer_10.recording.json,
4240,HS Kakanj n/Zg,Zgošća,4,General;Hidrološka stanica,True,False,water_temperature_reported,WT,Tvode_1Y.xlsx,no_data_rows,publisher declares #Rows = 0 while still declaring parameter 'Temperatura vode' and unit '°C',0,0,0,°C,Temperatura vode,81 Web Kontinuirani,,,3632,200,https://vodostaji.voda.ba/data/internet/stations/4/4240/WT/Tvode_1Y.xlsx,2026-09-09T15:54:34.027291Z,bde408876ad7f755cce44a118ac7b1c5a232add44d8df9841705a93f78fed8cf,evidence/4240_water_temperature_reported.evidence.json,recordings/layer_30.recording.json,
4310,HS Travnik,Lašva,4,General;Hidrološka stanica,True,True,discharge_reported,Q,Q_1Y.xlsx,measurements_present,8689 populated measurement cells across 8689 timestamped rows,8689,8689,8689,m³/s,Proticaj,81 Web Kontinuirani,2025-09-10 00:00:00,2026-09-09 13:00:00,116848,200,https://vodostaji.voda.ba/data/internet/stations/4/4310/Q/Q_1Y.xlsx,2026-09-09T15:54:34.406833Z,7e76042507db9f31d2332700101626cc06da19d24351d1b729e269cf874a1b97,evidence/4310_discharge_reported.evidence.json,recordings/layer_20.recording.json,
4310,HS Travnik,Lašva,4,General;Hidrološka stanica,True,True,stage_reported,H,H_1Y.xlsx,measurements_present,8689 populated measurement cells across 8689 timestamped rows,8689,8689,8689,cm,Vodostaj,81 Web Kontinuirani,2025-09-10 00:00:00,2026-09-09 13:00:00,116218,200,https://vodostaji.voda.ba/data/internet/stations/4/4310/H/H_1Y.xlsx,2026-09-09T15:54:34.910153Z,fcdcab1cbbe65a108fee59cf17f0e4706aa03da2adc87fa613cd77a87f2a5f3b,evidence/4310_stage_reported.evidence.json,recordings/layer_10.recording.json,
4310,HS Travnik,Lašva,4,General;Hidrološka stanica,True,False,water_temperature_reported,WT,Tvode_1Y.xlsx,no_data_rows,publisher declares #Rows = 0 while still declaring parameter 'Temperatura vode' and unit '°C',0,0,0,°C,Temperatura vode,81 Web Kontinuirani,,,3628,200,https://vodostaji.voda.ba/data/internet/stations/4/4310/WT/Tvode_1Y.xlsx,2026-09-09T15:54:35.412794Z,7c593894b0765a1665ec169f1a15532cdac68a6f210b5c18e91b053af572fe1b,evidence/4310_water_temperature_reported.evidence.json,recordings/layer_30.recording.json,
4320,HS Merdani,Lašva,4,General;Hidrološka stanica,False,False,discharge_reported,Q,Q_1Y.xlsx,timestamped_without_measurements,"8431 timestamped rows, every measurement cell published empty (no <v> child); parameter 'Proticaj' and unit 'm³/s' still declared",8431,8431,0,m³/s,Proticaj,81 Web Kontinuirani,2025-09-10 00:00:00,2026-09-09 12:00:00,97077,200,https://vodostaji.voda.ba/data/internet/stations/4/4320/Q/Q_1Y.xlsx,2026-09-09T15:54:35.787629Z,d13ac49aa203b33ccb4025abb675aae5d5e5aacf02c352bee4cec2add40c6697,evidence/4320_discharge_reported.evidence.json,recordings/layer_20.recording.json,
4320,HS Merdani,Lašva,4,General;Hidrološka stanica,False,True,stage_reported,H,H_1Y.xlsx,measurements_present,8691 populated measurement cells across 8691 timestamped rows,8691,8691,8691,cm,Vodostaj,81 Web Kontinuirani,2025-09-10 00:00:00,2026-09-09 12:00:00,123385,200,https://vodostaji.voda.ba/data/internet/stations/4/4320/H/H_1Y.xlsx,2026-09-09T15:54:36.260311Z,17b7511f52ea31ca7285818408316a52149ca430c9b34a845213751776755f16,evidence/4320_stage_reported.evidence.json,recordings/layer_10.recording.json,
4320,HS Merdani,Lašva,4,General;Hidrološka stanica,False,False,water_temperature_reported,WT,Tvode_1Y.xlsx,no_data_rows,publisher declares #Rows = 0 while still declaring parameter 'Temperatura vode' and unit '°C',0,0,0,°C,Temperatura vode,81 Web Kontinuirani,,,3627,200,https://vodostaji.voda.ba/data/internet/stations/4/4320/WT/Tvode_1Y.xlsx,2026-09-09T15:54:36.779716Z,98941b6b4f8ce3330e902b77bd2ccbea9389adf82a2e002a9b7de8cc6c3882cd,evidence/4320_water_temperature_reported.evidence.json,recordings/layer_30.recording.json,
4340,HS Stipovići,Gostović,4,General;Hidrološka stanica,True,True,discharge_reported,Q,Q_1Y.xlsx,measurements_present,8500 populated measurement cells across 8500 timestamped rows,8500,8500,8500,m³/s,Proticaj,81 Web Kontinuirani,2025-09-10 00:00:00,2026-09-09 13:00:00,126897,200,https://vodostaji.voda.ba/data/internet/stations/4/4340/Q/Q_1Y.xlsx,2026-09-09T15:54:37.159021Z,c7eb66202e0cdca486189bd89837a2a140fe96d5d6b277777a5da781d1344c80,evidence/4340_discharge_reported.evidence.json,recordings/layer_20.recording.json,
4340,HS Stipovići,Gostović,4,General;Hidrološka stanica,True,True,stage_reported,H,H_1Y.xlsx,measurements_present,8500 populated measurement cells across 8500 timestamped rows,8500,8500,8500,cm,Vodostaj,81 Web Kontinuirani,2025-09-10 00:00:00,2026-09-09 13:00:00,123133,200,https://vodostaji.voda.ba/data/internet/stations/4/4340/H/H_1Y.xlsx,2026-09-09T15:54:37.659367Z,39cc5a5235391479848683d1f2d4a98805d81e4d8131bc1de36480a7dcd8e508,evidence/4340_stage_reported.evidence.json,recordings/layer_10.recording.json,
4340,HS Stipovići,Gostović,4,General;Hidrološka stanica,True,False,water_temperature_reported,WT,Tvode_1Y.xlsx,no_data_rows,publisher declares #Rows = 0 while still declaring parameter 'Temperatura vode' and unit '°C',0,0,0,°C,Temperatura vode,81 Web Kontinuirani,,,3633,200,https://vodostaji.voda.ba/data/internet/stations/4/4340/WT/Tvode_1Y.xlsx,2026-09-09T15:54:38.203097Z,ffb8733e2ee61f5294c80cbfed337706e72da84fd1b1373c955e0cec5b986d5e,evidence/4340_water_temperature_reported.evidence.json,recordings/layer_30.recording.json,
4410,HS Olovo,Krivaja,4,General;Hidrološka stanica,True,True,discharge_reported,Q,Q_1Y.xlsx,measurements_present,8682 populated measurement cells across 8682 timestamped rows,8682,8682,8682,m³/s,Proticaj,81 Web Kontinuirani,2025-09-10 00:00:00,2026-09-09 12:00:00,127443,200,https://vodostaji.voda.ba/data/internet/stations/4/4410/Q/Q_1Y.xlsx,2026-09-09T15:54:38.584764Z,e8b7d4df8c313a2adbe9d00ff1e25460c4389590b43b32033e8f0ee70f7804df,evidence/4410_discharge_reported.evidence.json,recordings/layer_20.recording.json,
4410,HS Olovo,Krivaja,4,General;Hidrološka stanica,True,True,stage_reported,H,H_1Y.xlsx,measurements_present,8682 populated measurement cells across 8682 timestamped rows,8682,8682,8682,cm,Vodostaj,81 Web Kontinuirani,2025-09-10 00:00:00,2026-09-09 12:00:00,123603,200,https://vodostaji.voda.ba/data/internet/stations/4/4410/H/H_1Y.xlsx,2026-09-09T15:54:39.110179Z,8a993d7038e9d1d993ae8059cf5be8dd1295093750eb298ac45faf1155b8318d,evidence/4410_stage_reported.evidence.json,recordings/layer_10.recording.json,
4410,HS Olovo,Krivaja,4,General;Hidrološka stanica,True,False,water_temperature_reported,WT,Tvode_1Y.xlsx,no_data_rows,publisher declares #Rows = 0 while still declaring parameter 'Temperatura vode' and unit '°C',0,0,0,°C,Temperatura vode,81 Web Kontinuirani,,,3627,200,https://vodostaji.voda.ba/data/internet/stations/4/4410/WT/Tvode_1Y.xlsx,2026-09-09T15:54:39.632556Z,e676a03bc67677d91136b1be21a19430638f3acfca2a53689cd444d08d51d1d8,evidence/4410_water_temperature_reported.evidence.json,recordings/layer_30.recording.json,
4411,HS Bioštica,Bioštica,4,General;Hidrološka stanica,True,True,discharge_reported,Q,Q_1Y.xlsx,measurements_present,8690 populated measurement cells across 8690 timestamped rows,8690,8690,8690,m³/s,Proticaj,81 Web Kontinuirani,2025-09-10 00:00:00,2026-09-09 13:00:00,123420,200,https://vodostaji.voda.ba/data/internet/stations/4/4411/Q/Q_1Y.xlsx,2026-09-09T15:54:40.009249Z,4ef845579ef2699b0d0775485d23639a28cfc51e2793217a3fc21d0a59ba3a78,evidence/4411_discharge_reported.evidence.json,recordings/layer_20.recording.json,
4411,HS Bioštica,Bioštica,4,General;Hidrološka stanica,True,True,stage_reported,H,H_1Y.xlsx,measurements_present,8690 populated measurement cells across 8690 timestamped rows,8690,8690,8690,cm,Vodostaj,81 Web Kontinuirani,2025-09-10 00:00:00,2026-09-09 13:00:00,121168,200,https://vodostaji.voda.ba/data/internet/stations/4/4411/H/H_1Y.xlsx,2026-09-09T15:54:40.522365Z,142268ba7535e08d8fae57044575bf686d730274e98453e0327dea57d1d6430c,evidence/4411_stage_reported.evidence.json,recordings/layer_10.recording.json,
4411,HS Bioštica,Bioštica,4,General;Hidrološka stanica,True,False,water_temperature_reported,WT,Tvode_1Y.xlsx,no_data_rows,publisher declares #Rows = 0 while still declaring parameter 'Temperatura vode' and unit '°C',0,0,0,°C,Temperatura vode,81 Web Kontinuirani,,,3632,200,https://vodostaji.voda.ba/data/internet/stations/4/4411/WT/Tvode_1Y.xlsx,2026-09-09T15:54:41.038808Z,d1d8788391ac7c963b6c452574beeab2f799a2ebf04b72127cd112bd62ae1c05,evidence/4411_water_temperature_reported.evidence.json,recordings/layer_30.recording.json,
4412,HS Olovske Luke,Stupčanica,4,General;Hidrološka stanica,True,True,discharge_reported,Q,Q_1Y.xlsx,measurements_present,8688 populated measurement cells across 8688 timestamped rows,8688,8688,8688,m³/s,Proticaj,81 Web Kontinuirani,2025-09-10 00:00:00,2026-09-09 13:00:00,122977,200,https://vodostaji.voda.ba/data/internet/stations/4/4412/Q/Q_1Y.xlsx,2026-09-09T15:54:41.422164Z,7450b9235d68c0c9f3cda0e38f38f17153e3eaf467592626e129e359d6b92831,evidence/4412_discharge_reported.evidence.json,recordings/layer_20.recording.json,
4412,HS Olovske Luke,Stupčanica,4,General;Hidrološka stanica,True,True,stage_reported,H,H_1Y.xlsx,measurements_present,8688 populated measurement cells across 8688 timestamped rows,8688,8688,8688,cm,Vodostaj,81 Web Kontinuirani,2025-09-10 00:00:00,2026-09-09 13:00:00,120985,200,https://vodostaji.voda.ba/data/internet/stations/4/4412/H/H_1Y.xlsx,2026-09-09T15:54:41.945181Z,1872c1e6d0157baf9924b89a62bbad927b2e4122c99770ecba7337765d5bb552,evidence/4412_stage_reported.evidence.json,recordings/layer_10.recording.json,
4412,HS Olovske Luke,Stupčanica,4,General;Hidrološka stanica,True,False,water_temperature_reported,WT,Tvode_1Y.xlsx,no_data_rows,publisher declares #Rows = 0 while still declaring parameter 'Temperatura vode' and unit '°C',0,0,0,°C,Temperatura vode,81 Web Kontinuirani,,,3631,200,https://vodostaji.voda.ba/data/internet/stations/4/4412/WT/Tvode_1Y.xlsx,2026-09-09T15:54:42.465293Z,7e6da74d1621a3d88bd7fe10c8ec344959d7bf4831e09a60758d6e851fd99338,evidence/4412_water_temperature_reported.evidence.json,recordings/layer_30.recording.json,
4420,HS Maoča,Krivaja,4,General;Hidrološka stanica,True,True,discharge_reported,Q,Q_1Y.xlsx,measurements_present,8260 populated measurement cells across 8260 timestamped rows,8260,8260,8260,m³/s,Proticaj,81 Web Kontinuirani,2025-09-10 00:00:00,2026-09-09 11:00:00,125842,200,https://vodostaji.voda.ba/data/internet/stations/4/4420/Q/Q_1Y.xlsx,2026-09-09T15:54:42.848967Z,ec7ccc274c1ec5b9137891152da35b723201c65d617ff48fdfa572874a80f639,evidence/4420_discharge_reported.evidence.json,recordings/layer_20.recording.json,
4420,HS Maoča,Krivaja,4,General;Hidrološka stanica,True,True,stage_reported,H,H_1Y.xlsx,measurements_present,8260 populated measurement cells across 8260 timestamped rows,8260,8260,8260,cm,Vodostaj,81 Web Kontinuirani,2025-09-10 00:00:00,2026-09-09 11:00:00,121152,200,https://vodostaji.voda.ba/data/internet/stations/4/4420/H/H_1Y.xlsx,2026-09-09T15:54:43.349762Z,b9d9d6079cfa324c3c556c8851ed3d7aa1436f932a16083259ff4dbd7749828a,evidence/4420_stage_reported.evidence.json,recordings/layer_10.recording.json,
4420,HS Maoča,Krivaja,4,General;Hidrološka stanica,True,False,water_temperature_reported,WT,Tvode_1Y.xlsx,no_data_rows,publisher declares #Rows = 0 while still declaring parameter 'Temperatura vode' and unit '°C',0,0,0,°C,Temperatura vode,81 Web Kontinuirani,,,3631,200,https://vodostaji.voda.ba/data/internet/stations/4/4420/WT/Tvode_1Y.xlsx,2026-09-09T15:54:43.924758Z,f63a128446e8dda79d9c3f9d10e2f4a301eeca2db3150d55e32b0d8c7af64e5e,evidence/4420_water_temperature_reported.evidence.json,recordings/layer_30.recording.json,
4430,HS Zavidovići n/K,Krivaja,4,General;Hidrološka stanica,True,True,discharge_reported,Q,Q_1Y.xlsx,measurements_present,8689 populated measurement cells across 8689 timestamped rows,8689,8689,8689,m³/s,Proticaj,81 Web Kontinuirani,2025-09-10 00:00:00,2026-09-09 13:00:00,129319,200,https://vodostaji.voda.ba/data/internet/stations/4/4430/Q/Q_1Y.xlsx,2026-09-09T15:54:44.302520Z,d6f1b06797ff2f601c519e2cf5ba778f946fce95517eb7b91be17c3a9153a435,evidence/4430_discharge_reported.evidence.json,recordings/layer_20.recording.json,
4430,HS Zavidovići n/K,Krivaja,4,General;Hidrološka stanica,True,True,stage_reported,H,H_1Y.xlsx,measurements_present,8689 populated measurement cells across 8689 timestamped rows,8689,8689,8689,cm,Vodostaj,81 Web Kontinuirani,2025-09-10 00:00:00,2026-09-09 13:00:00,124119,200,https://vodostaji.voda.ba/data/internet/stations/4/4430/H/H_1Y.xlsx,2026-09-09T15:54:44.819635Z,1681639c7d053e49f452ba3bd7e8e30d87707c1a47243fc334a228f0357b3811,evidence/4430_stage_reported.evidence.json,recordings/layer_10.recording.json,
4430,HS Zavidovići n/K,Krivaja,4,General;Hidrološka stanica,True,True,water_temperature_reported,WT,Tvode_1Y.xlsx,measurements_present,8690 populated measurement cells across 8690 timestamped rows,8690,8690,8690,°C,Temperatura vode,81 Web Kontinuirani,2025-09-10 00:00:00,2026-09-09 13:00:00,117894,200,https://vodostaji.voda.ba/data/internet/stations/4/4430/WT/Tvode_1Y.xlsx,2026-09-09T15:54:45.336199Z,ad688cb69d84de6e08a4cbdbaf94aa7619234dd99e3f754eae262374f2c6448d,evidence/4430_water_temperature_reported.evidence.json,recordings/layer_30.recording.json,
4450,HS Liješnica,Lješnica,4,General;Hidrološka stanica,True,True,discharge_reported,Q,Q_1Y.xlsx,measurements_present,8597 populated measurement cells across 8597 timestamped rows,8597,8597,8597,m³/s,Proticaj,81 Web Kontinuirani,2025-09-10 00:00:00,2026-09-05 17:00:00,120140,200,https://vodostaji.voda.ba/data/internet/stations/4/4450/Q/Q_1Y.xlsx,2026-09-09T15:54:45.842095Z,c07bb006ef6c557247353631b4cdb95393a3bee50de96f1bf17242b90bfe720e,evidence/4450_discharge_reported.evidence.json,recordings/layer_20.recording.json,
4450,HS Liješnica,Lješnica,4,General;Hidrološka stanica,True,True,stage_reported,H,H_1Y.xlsx,measurements_present,8597 populated measurement cells across 8597 timestamped rows,8597,8597,8597,cm,Vodostaj,81 Web Kontinuirani,2025-09-10 00:00:00,2026-09-05 17:00:00,118729,200,https://vodostaji.voda.ba/data/internet/stations/4/4450/H/H_1Y.xlsx,2026-09-09T15:54:46.360107Z,bf90eb4c94ed0fbcaff8f2d31f158e15200a4e493acd8c6edd3d9f250871fde2,evidence/4450_stage_reported.evidence.json,recordings/layer_10.recording.json,
4450,HS Liješnica,Lješnica,4,General;Hidrološka stanica,True,False,water_temperature_reported,WT,Tvode_1Y.xlsx,no_data_rows,publisher declares #Rows = 0 while still declaring parameter 'Temperatura vode' and unit '°C',0,0,0,°C,Temperatura vode,81 Web Kontinuirani,,,3634,200,https://vodostaji.voda.ba/data/internet/stations/4/4450/WT/Tvode_1Y.xlsx,2026-09-09T15:54:46.865349Z,b82cb7c1750b35586665311cc1ef5a86e516d9517b52f4e8062c208c84289749,evidence/4450_water_temperature_reported.evidence.json,recordings/layer_30.recording.json,
4510,HS Kaloševići,Usora,4,General;Hidrološka stanica,True,True,discharge_reported,Q,Q_1Y.xlsx,measurements_present,8587 populated measurement cells across 8587 timestamped rows,8587,8587,8587,m³/s,Proticaj,81 Web Kontinuirani,2025-09-10 00:00:00,2026-09-09 12:00:00,123644,200,https://vodostaji.voda.ba/data/internet/stations/4/4510/Q/Q_1Y.xlsx,2026-09-09T15:54:47.248098Z,59c0bb99de80da2da79a1d5717d7b1b6335311cb9ebb46de2637b2d89f104586,evidence/4510_discharge_reported.evidence.json,recordings/layer_20.recording.json,
4510,HS Kaloševići,Usora,4,General;Hidrološka stanica,True,True,stage_reported,H,H_1Y.xlsx,measurements_present,8587 populated measurement cells across 8587 timestamped rows,8587,8587,8587,cm,Vodostaj,81 Web Kontinuirani,2025-09-10 00:00:00,2026-09-09 12:00:00,120439,200,https://vodostaji.voda.ba/data/internet/stations/4/4510/H/H_1Y.xlsx,2026-09-09T15:54:47.760803Z,8c8073c6e8c25e284c16f9aa6b43306aa06f273e109b9e2ec183d77ccb53f388,evidence/4510_stage_reported.evidence.json,recordings/layer_10.recording.json,
4510,HS Kaloševići,Usora,4,General;Hidrološka stanica,True,False,water_temperature_reported,WT,Tvode_1Y.xlsx,no_data_rows,publisher declares #Rows = 0 while still declaring parameter 'Temperatura vode' and unit '°C',0,0,0,°C,Temperatura vode,81 Web Kontinuirani,,,3638,200,https://vodostaji.voda.ba/data/internet/stations/4/4510/WT/Tvode_1Y.xlsx,2026-09-09T15:54:48.275194Z,59792785dc69ddf5e5e57fae520247a576cbeba2627ef55fb4666c2bc43b53fc,evidence/4510_water_temperature_reported.evidence.json,recordings/layer_30.recording.json,
4610,HS Strašanj,Spreča,4,General;Hidrološka stanica,True,True,discharge_reported,Q,Q_1Y.xlsx,measurements_present,7001 populated measurement cells across 7044 timestamped rows,7044,7044,7001,m³/s,Proticaj,81 Web Kontinuirani,2025-09-10 00:00:00,2026-09-09 13:00:00,104727,200,https://vodostaji.voda.ba/data/internet/stations/4/4610/Q/Q_1Y.xlsx,2026-09-09T15:54:48.648383Z,f94448ab9f2cd1f8a0b198bbeb08b4fe00dfb0e5aa8bedfccbd7fe25117bd71a,evidence/4610_discharge_reported.evidence.json,recordings/layer_20.recording.json,
4610,HS Strašanj,Spreča,4,General;Hidrološka stanica,True,True,stage_reported,H,H_1Y.xlsx,measurements_present,8679 populated measurement cells across 8679 timestamped rows,8679,8679,8679,cm,Vodostaj,81 Web Kontinuirani,2025-09-10 00:00:00,2026-09-09 13:00:00,123476,200,https://vodostaji.voda.ba/data/internet/stations/4/4610/H/H_1Y.xlsx,2026-09-09T15:54:49.156143Z,e6a744a74e3bba010512f9f956b6e9c9ee8abcf1debbfa629a2c7e1a3c324267,evidence/4610_stage_reported.evidence.json,recordings/layer_10.recording.json,
4610,HS Strašanj,Spreča,4,General;Hidrološka stanica,True,False,water_temperature_reported,WT,Tvode_1Y.xlsx,no_data_rows,publisher declares #Rows = 0 while still declaring parameter 'Temperatura vode' and unit '°C',0,0,0,°C,Temperatura vode,81 Web Kontinuirani,,,3634,200,https://vodostaji.voda.ba/data/internet/stations/4/4610/WT/Tvode_1Y.xlsx,2026-09-09T15:54:49.662861Z,b756a60929e8ec33a09cb886f55aff96e781fa6c3f92aa1015347cee7e25bb05,evidence/4610_water_temperature_reported.evidence.json,recordings/layer_30.recording.json,
4620,HS Modrac,Spreča,4,General;Hidrološka stanica,True,True,discharge_reported,Q,Q_1Y.xlsx,measurements_present,7996 populated measurement cells across 8038 timestamped rows,8038,8038,7996,m³/s,Proticaj,81 Web Kontinuirani,2025-09-10 00:00:00,2026-09-09 13:00:00,108679,200,https://vodostaji.voda.ba/data/internet/stations/4/4620/Q/Q_1Y.xlsx,2026-09-09T15:54:50.044783Z,d12b07835c5c4d7c788648b53c820bc4be5a9c7f0c91aec43f74823dda1ab442,evidence/4620_discharge_reported.evidence.json,recordings/layer_20.recording.json,
4620,HS Modrac,Spreča,4,General;Hidrološka stanica,True,True,stage_reported,H,H_1Y.xlsx,measurements_present,8688 populated measurement cells across 8688 timestamped rows,8688,8688,8688,cm,Vodostaj,81 Web Kontinuirani,2025-09-10 00:00:00,2026-09-09 13:00:00,115652,200,https://vodostaji.voda.ba/data/internet/stations/4/4620/H/H_1Y.xlsx,2026-09-09T15:54:50.547187Z,925a14e0a6d00772b80ecfcc5b93c9b80f35e39874d90703a87cc107ea6369af,evidence/4620_stage_reported.evidence.json,recordings/layer_10.recording.json,
4620,HS Modrac,Spreča,4,General;Hidrološka stanica,True,False,water_temperature_reported,WT,Tvode_1Y.xlsx,no_data_rows,publisher declares #Rows = 0 while still declaring parameter 'Temperatura vode' and unit '°C',0,0,0,°C,Temperatura vode,81 Web Kontinuirani,,,3629,200,https://vodostaji.voda.ba/data/internet/stations/4/4620/WT/Tvode_1Y.xlsx,2026-09-09T15:54:51.070302Z,87de813ed5caf14b32d93db852010e846fa0890d4be05e9f32c99562ff057f23,evidence/4620_water_temperature_reported.evidence.json,recordings/layer_30.recording.json,
4630,HS Karanovac,Spreča,4,General;Hidrološka stanica,True,True,discharge_reported,Q,Q_1Y.xlsx,measurements_present,8671 populated measurement cells across 8671 timestamped rows,8671,8671,8671,m³/s,Proticaj,81 Web Kontinuirani,2025-09-10 00:00:00,2026-09-09 13:00:00,128442,200,https://vodostaji.voda.ba/data/internet/stations/4/4630/Q/Q_1Y.xlsx,2026-09-09T15:54:51.453778Z,e36cbd2505df4f9d0ee99d1a3df7ae72cc61381f2779cf7d5468c02992229497,evidence/4630_discharge_reported.evidence.json,recordings/layer_20.recording.json,
4630,HS Karanovac,Spreča,4,General;Hidrološka stanica,True,True,stage_reported,H,H_1Y.xlsx,measurements_present,8671 populated measurement cells across 8671 timestamped rows,8671,8671,8671,cm,Vodostaj,81 Web Kontinuirani,2025-09-10 00:00:00,2026-09-09 13:00:00,124488,200,https://vodostaji.voda.ba/data/internet/stations/4/4630/H/H_1Y.xlsx,2026-09-09T15:54:51.981479Z,4ef4e6ac5673a33f170ec6ecee6143c7a2578d8fccd8d173fd9c08d31d280c0e,evidence/4630_stage_reported.evidence.json,recordings/layer_10.recording.json,
4630,HS Karanovac,Spreča,4,General;Hidrološka stanica,True,False,water_temperature_reported,WT,Tvode_1Y.xlsx,no_data_rows,publisher declares #Rows = 0 while still declaring parameter 'Temperatura vode' and unit '°C',0,0,0,°C,Temperatura vode,81 Web Kontinuirani,,,3631,200,https://vodostaji.voda.ba/data/internet/stations/4/4630/WT/Tvode_1Y.xlsx,2026-09-09T15:54:52.476797Z,b45d444a0e9e61b0165ef66d2b0efceb8d018e582786bafb63c07efcd18f4437,evidence/4630_water_temperature_reported.evidence.json,recordings/layer_30.recording.json,
4911,HS Vidara - akumulacija,Jezero Vidara,1,General;Hidrološka stanica,False,False,discharge_reported,Q,Q_1Y.xlsx,timestamped_without_measurements,"337 timestamped rows, every measurement cell published empty (no <v> child); parameter 'Proticaj' and unit 'm³/s' still declared",337,337,0,m³/s,Proticaj,81 Web Kontinuirani,2025-09-10 09:00:00,2026-09-08 09:00:00,7611,200,https://vodostaji.voda.ba/data/internet/stations/1/4911/Q/Q_1Y.xlsx,2026-09-09T15:54:52.857298Z,c0e3ece69129c0adbae3b862d503213b51604b21bdbe49629bdcfd5c31078990,evidence/4911_discharge_reported.evidence.json,recordings/layer_20.recording.json,
4911,HS Vidara - akumulacija,Jezero Vidara,1,General;Hidrološka stanica,False,True,stage_reported,H,H_1Y.xlsx,measurements_present,8650 populated measurement cells across 8650 timestamped rows,8650,8650,8650,cm,Vodostaj,81 Web Kontinuirani,2025-09-10 00:00:00,2026-09-08 09:00:00,114692,200,https://vodostaji.voda.ba/data/internet/stations/1/4911/H/H_1Y.xlsx,2026-09-09T15:54:53.242496Z,08e2228bb67f67e526f62551a8515da6b960648b567a152fc9aaef9565cbf97c,evidence/4911_stage_reported.evidence.json,recordings/layer_10.recording.json,
4911,HS Vidara - akumulacija,Jezero Vidara,1,General;Hidrološka stanica,False,False,water_temperature_reported,WT,Tvode_1Y.xlsx,no_data_rows,publisher declares #Rows = 0 while still declaring parameter 'Temperatura vode' and unit '°C',0,0,0,°C,Temperatura vode,81 Web Kontinuirani,,,3640,200,https://vodostaji.voda.ba/data/internet/stations/1/4911/WT/Tvode_1Y.xlsx,2026-09-09T15:54:53.759130Z,4410d1ba970ab246e57ea78e5ad6ced094f20e77d435945ffe1f5af3f39d26d2,evidence/4911_water_temperature_reported.evidence.json,recordings/layer_30.recording.json,
4931,HS Hazna - akumulacija,Jezero Hazna,1,General;Hidrološka stanica,False,False,discharge_reported,Q,Q_1Y.xlsx,timestamped_without_measurements,"629 timestamped rows, every measurement cell published empty (no <v> child); parameter 'Proticaj' and unit 'm³/s' still declared",629,629,0,m³/s,Proticaj,81 Web Kontinuirani,2025-09-10 09:00:00,2026-09-09 09:00:00,10911,200,https://vodostaji.voda.ba/data/internet/stations/1/4931/Q/Q_1Y.xlsx,2026-09-09T15:54:54.134029Z,2ef47bee587feb515cc51e5643b995a35f86e9ad64569d7cece3533c202032a1,evidence/4931_discharge_reported.evidence.json,recordings/layer_20.recording.json,
4931,HS Hazna - akumulacija,Jezero Hazna,1,General;Hidrološka stanica,False,True,stage_reported,H,H_1Y.xlsx,measurements_present,8698 populated measurement cells across 8698 timestamped rows,8698,8698,8698,cm,Vodostaj,81 Web Kontinuirani,2025-09-10 00:00:00,2026-09-09 09:00:00,116875,200,https://vodostaji.voda.ba/data/internet/stations/1/4931/H/H_1Y.xlsx,2026-09-09T15:54:54.529819Z,3aa3f06eb43333071157e0c791690a858942858e1e167e09b93e6fdacd127f5b,evidence/4931_stage_reported.evidence.json,recordings/layer_10.recording.json,
4931,HS Hazna - akumulacija,Jezero Hazna,1,General;Hidrološka stanica,False,False,water_temperature_reported,WT,Tvode_1Y.xlsx,no_data_rows,publisher declares #Rows = 0 while still declaring parameter 'Temperatura vode' and unit '°C',0,0,0,°C,Temperatura vode,81 Web Kontinuirani,,,3640,200,https://vodostaji.voda.ba/data/internet/stations/1/4931/WT/Tvode_1Y.xlsx,2026-09-09T15:54:55.053672Z,82d5f1a85d08cb9d82461d8dd11a6d20aa416810b7c3f5c8852b71b41b934c41,evidence/4931_water_temperature_reported.evidence.json,recordings/layer_30.recording.json,
5010,HS Goražde,Drina,5,General;Hidrološka stanica,True,True,discharge_reported,Q,Q_1Y.xlsx,measurements_present,17382 populated measurement cells across 17382 timestamped rows,17382,17382,17382,m³/s,Proticaj,81 Web Kontinuirani,2025-09-10 00:00:00,2026-09-09 13:00:00,277053,200,https://vodostaji.voda.ba/data/internet/stations/5/5010/Q/Q_1Y.xlsx,2026-09-09T15:54:55.438465Z,e33a5c8c74b37aa96fdb8d38ae741f5cd4818e93f91af64cd8502cc8f0e9d93d,evidence/5010_discharge_reported.evidence.json,recordings/layer_20.recording.json,
5010,HS Goražde,Drina,5,General;Hidrološka stanica,True,True,stage_reported,H,H_1Y.xlsx,measurements_present,17382 populated measurement cells across 17382 timestamped rows,17382,17382,17382,cm,Vodostaj,81 Web Kontinuirani,2025-09-10 00:00:00,2026-09-09 13:00:00,249001,200,https://vodostaji.voda.ba/data/internet/stations/5/5010/H/H_1Y.xlsx,2026-09-09T15:54:56.001981Z,c1b9f52141b12dd5634957d0a6bd51ac3ae52a734f18ad9e77f5ba8290ffbdeb,evidence/5010_stage_reported.evidence.json,recordings/layer_10.recording.json,
5010,HS Goražde,Drina,5,General;Hidrološka stanica,True,True,water_temperature_reported,WT,Tvode_1Y.xlsx,measurements_present,17379 populated measurement cells across 17379 timestamped rows,17379,17379,17379,°C,Temperatura vode,81 Web Kontinuirani,2025-09-10 00:00:00,2026-09-09 13:00:00,227511,200,https://vodostaji.voda.ba/data/internet/stations/5/5010/WT/Tvode_1Y.xlsx,2026-09-09T15:54:56.637686Z,7c1367436699e39f14970428e084ab1ebf0ff36c17428f1b145971bedae44529,evidence/5010_water_temperature_reported.evidence.json,recordings/layer_30.recording.json,
5101,HS Prača,Prača,5,General;Hidrološka stanica,True,True,discharge_reported,Q,Q_1Y.xlsx,measurements_present,8686 populated measurement cells across 8686 timestamped rows,8686,8686,8686,m³/s,Proticaj,81 Web Kontinuirani,2025-09-10 00:00:00,2026-09-09 13:00:00,124314,200,https://vodostaji.voda.ba/data/internet/stations/5/5101/Q/Q_1Y.xlsx,2026-09-09T15:54:57.196916Z,de937298f1cfe54a435b1e487193377a1c1363884a36cb82512e415ce51dd527,evidence/5101_discharge_reported.evidence.json,recordings/layer_20.recording.json,
5101,HS Prača,Prača,5,General;Hidrološka stanica,True,True,stage_reported,H,H_1Y.xlsx,measurements_present,8686 populated measurement cells across 8686 timestamped rows,8686,8686,8686,cm,Vodostaj,81 Web Kontinuirani,2025-09-10 00:00:00,2026-09-09 13:00:00,121970,200,https://vodostaji.voda.ba/data/internet/stations/5/5101/H/H_1Y.xlsx,2026-09-09T15:54:57.700766Z,17026f29205c1fe3e3dfb2e0af4c571f1483dbd8347082467a89af64747731eb,evidence/5101_stage_reported.evidence.json,recordings/layer_10.recording.json,
5101,HS Prača,Prača,5,General;Hidrološka stanica,True,True,water_temperature_reported,WT,Tvode_1Y.xlsx,measurements_present,8685 populated measurement cells across 8685 timestamped rows,8685,8685,8685,°C,Temperatura vode,81 Web Kontinuirani,2025-09-10 00:00:00,2026-09-09 13:00:00,120448,200,https://vodostaji.voda.ba/data/internet/stations/5/5101/WT/Tvode_1Y.xlsx,2026-09-09T15:54:58.206818Z,86da299a7c666b3e336e56e9b78fd5b8007290f4595a093048dd88b9edec1bd8,evidence/5101_water_temperature_reported.evidence.json,recordings/layer_30.recording.json,
5102,HS Kolina,Kolunska rijeka,5,General;Hidrološka stanica,False,False,discharge_reported,Q,Q_1Y.xlsx,timestamped_without_measurements,"34340 timestamped rows, every measurement cell published empty (no <v> child); parameter 'Proticaj' and unit 'm³/s' still declared",34340,34340,0,m³/s,Proticaj,81 Web Kontinuirani,2025-09-10 00:00:00,2026-09-09 13:00:00,385847,200,https://vodostaji.voda.ba/data/internet/stations/5/5102/Q/Q_1Y.xlsx,2026-09-09T15:54:58.716864Z,8883e3ffb0db011d3f819d247eb8e0ad5ff6d77448c468f96734070c3b7e3fd0,evidence/5102_discharge_reported.evidence.json,recordings/layer_20.recording.json,
5102,HS Kolina,Kolunska rijeka,5,General;Hidrološka stanica,False,True,stage_reported,H,H_1Y.xlsx,measurements_present,34755 populated measurement cells across 34755 timestamped rows,34755,34755,34755,cm,Vodostaj,81 Web Kontinuirani,2025-09-10 00:00:00,2026-09-09 13:00:00,444574,200,https://vodostaji.voda.ba/data/internet/stations/5/5102/H/H_1Y.xlsx,2026-09-09T15:54:59.350990Z,b4a22cedde058ab44e4050d78d466db2caf5644663a7b7996c3621daf7d0d40b,evidence/5102_stage_reported.evidence.json,recordings/layer_10.recording.json,
5102,HS Kolina,Kolunska rijeka,5,General;Hidrološka stanica,False,False,water_temperature_reported,WT,Tvode_1Y.xlsx,no_data_rows,publisher declares #Rows = 0 while still declaring parameter 'Temperatura vode' and unit '°C',0,0,0,°C,Temperatura vode,81 Web Kontinuirani,,,3627,200,https://vodostaji.voda.ba/data/internet/stations/5/5102/WT/Tvode_1Y.xlsx,2026-09-09T15:55:00.016370Z,79c6cb38b6454f31c270bc174a992d068269a31fd54ae70fdf11ef7c8da6214a,evidence/5102_water_temperature_reported.evidence.json,recordings/layer_30.recording.json,
5103,HS Kladanj,Drinjača,5,General;Hidrološka stanica,False,False,discharge_reported,Q,Q_1Y.xlsx,timestamped_without_measurements,"8602 timestamped rows, every measurement cell published empty (no <v> child); parameter 'Proticaj' and unit 'm³/s' still declared",8602,8602,0,m³/s,Proticaj,81 Web Kontinuirani,2025-09-10 00:00:00,2026-09-09 13:00:00,98840,200,https://vodostaji.voda.ba/data/internet/stations/5/5103/Q/Q_1Y.xlsx,2026-09-09T15:55:00.399061Z,59e1be870c4e4f265c56899d7a29e36590f56ae28313590e43cf8d73cb87ae4d,evidence/5103_discharge_reported.evidence.json,recordings/layer_20.recording.json,
5103,HS Kladanj,Drinjača,5,General;Hidrološka stanica,False,True,stage_reported,H,H_1Y.xlsx,measurements_present,8703 populated measurement cells across 8703 timestamped rows,8703,8703,8703,cm,Vodostaj,81 Web Kontinuirani,2025-09-10 00:00:00,2026-09-09 13:00:00,120016,200,https://vodostaji.voda.ba/data/internet/stations/5/5103/H/H_1Y.xlsx,2026-09-09T15:55:00.883164Z,8e1f811cb4b27d54626adbc0cc0b21c706c5cbb1d83edc9ff96895a2ff309d2e,evidence/5103_stage_reported.evidence.json,recordings/layer_10.recording.json,
5103,HS Kladanj,Drinjača,5,General;Hidrološka stanica,False,False,water_temperature_reported,WT,Tvode_1Y.xlsx,no_data_rows,publisher declares #Rows = 0 while still declaring parameter 'Temperatura vode' and unit '°C',0,0,0,°C,Temperatura vode,81 Web Kontinuirani,,,3628,200,https://vodostaji.voda.ba/data/internet/stations/5/5103/WT/Tvode_1Y.xlsx,2026-09-09T15:55:01.384819Z,9c2cbdaa77af675fa413c38075e436f444bcf05c6b24bb2762874fc5a5b55218,evidence/5103_water_temperature_reported.evidence.json,recordings/layer_30.recording.json,
8001,HS Modrac - akumulacija - JP Spreca d.d. Tuzla,Spreča,4,General;Hidrološka stanica,False,False,discharge_reported,Q,Q_1Y.xlsx,timestamped_without_measurements,"8145 timestamped rows, every measurement cell published empty (no <v> child); parameter 'Proticaj' and unit 'm³/s' still declared",8145,8145,0,m³/s,Proticaj,81 Web Kontinuirani,2025-09-10 00:00:00,2026-09-09 12:00:00,94406,200,https://vodostaji.voda.ba/data/internet/stations/4/8001/Q/Q_1Y.xlsx,2026-09-09T15:55:01.762792Z,02c8b205203fafb9812712fa4a249cd6a8d95e40b6810e0e18fa9f9389177a92,evidence/8001_discharge_reported.evidence.json,recordings/layer_20.recording.json,
8001,HS Modrac - akumulacija - JP Spreca d.d. Tuzla,Spreča,4,General;Hidrološka stanica,False,True,stage_reported,H,H_1Y.xlsx,measurements_present,8623 populated measurement cells across 8623 timestamped rows,8623,8623,8623,cm,Vodostaj,81 Web Kontinuirani,2025-09-10 00:00:00,2026-09-09 12:00:00,121725,200,https://vodostaji.voda.ba/data/internet/stations/4/8001/H/H_1Y.xlsx,2026-09-09T15:55:02.250345Z,c1503dad7088e9d88fc7490a625f958cfc72e9b5c79f599993b5a1a1f08fd235,evidence/8001_stage_reported.evidence.json,recordings/layer_10.recording.json,
8001,HS Modrac - akumulacija - JP Spreca d.d. Tuzla,Spreča,4,General;Hidrološka stanica,False,False,water_temperature_reported,WT,Tvode_1Y.xlsx,no_data_rows,publisher declares #Rows = 0 while still declaring parameter 'Temperatura vode' and unit '°C',0,0,0,°C,Temperatura vode,81 Web Kontinuirani,,,3656,200,https://vodostaji.voda.ba/data/internet/stations/4/8001/WT/Tvode_1Y.xlsx,2026-09-09T15:55:02.768218Z,6f8ec53922f2ce7adc3a442203a2e675085d39bfe1e32d221e23b039e0d8ffae,evidence/8001_water_temperature_reported.evidence.json,recordings/layer_30.recording.json,
8002,HS Banovići - JP Spreča d.d. Tuzla,Litva,4,General;Hidrološka stanica,False,False,discharge_reported,Q,Q_1Y.xlsx,timestamped_without_measurements,"7052 timestamped rows, every measurement cell published empty (no <v> child); parameter 'Proticaj' and unit 'm³/s' still declared",7052,7052,0,m³/s,Proticaj,81 Web Kontinuirani,2025-09-10 00:00:00,2026-09-09 11:00:00,83358,200,https://vodostaji.voda.ba/data/internet/stations/4/8002/Q/Q_1Y.xlsx,2026-09-09T15:55:03.157605Z,8f3065d321fd74eeb0641d2b7b64ccfd1aa486bdee0955191979d37248da73d3,evidence/8002_discharge_reported.evidence.json,recordings/layer_20.recording.json,
8002,HS Banovići - JP Spreča d.d. Tuzla,Litva,4,General;Hidrološka stanica,False,True,stage_reported,H,H_1Y.xlsx,measurements_present,8691 populated measurement cells across 8691 timestamped rows,8691,8691,8691,cm,Vodostaj,81 Web Kontinuirani,2025-09-10 00:00:00,2026-09-09 11:00:00,107946,200,https://vodostaji.voda.ba/data/internet/stations/4/8002/H/H_1Y.xlsx,2026-09-09T15:55:03.639141Z,f314fd9f0cbebf4c46ab56e03af2968769f79ecc74937d5a581cb3faf06381f5,evidence/8002_stage_reported.evidence.json,recordings/layer_10.recording.json,
8002,HS Banovići - JP Spreča d.d. Tuzla,Litva,4,General;Hidrološka stanica,False,False,water_temperature_reported,WT,Tvode_1Y.xlsx,no_data_rows,publisher declares #Rows = 0 while still declaring parameter 'Temperatura vode' and unit '°C',0,0,0,°C,Temperatura vode,81 Web Kontinuirani,,,3654,200,https://vodostaji.voda.ba/data/internet/stations/4/8002/WT/Tvode_1Y.xlsx,2026-09-09T15:55:04.138101Z,a6e1f69948b8174dabaa7da540646b5635213887da47ec498ce20049d1d39b3e,evidence/8002_water_temperature_reported.evidence.json,recordings/layer_30.recording.json,
8003,HS Gračanica - JP Spreča d.d. Tuzla,Sokoluša,4,General;Hidrološka stanica,False,False,discharge_reported,Q,Q_1Y.xlsx,timestamped_without_measurements,"8322 timestamped rows, every measurement cell published empty (no <v> child); parameter 'Proticaj' and unit 'm³/s' still declared",8322,8322,0,m³/s,Proticaj,81 Web Kontinuirani,2025-09-10 00:00:00,2026-09-09 12:00:00,96025,200,https://vodostaji.voda.ba/data/internet/stations/4/8003/Q/Q_1Y.xlsx,2026-09-09T15:55:04.515330Z,16ff262aa487bc0c2e0f1f550d7788956b8d06606f3a4923a8fb64bbbe270db2,evidence/8003_discharge_reported.evidence.json,recordings/layer_20.recording.json,
8003,HS Gračanica - JP Spreča d.d. Tuzla,Sokoluša,4,General;Hidrološka stanica,False,True,stage_reported,H,H_1Y.xlsx,measurements_present,8630 populated measurement cells across 8630 timestamped rows,8630,8630,8630,cm,Vodostaj,81 Web Kontinuirani,2025-09-10 00:00:00,2026-09-09 13:00:00,117461,200,https://vodostaji.voda.ba/data/internet/stations/4/8003/H/H_1Y.xlsx,2026-09-09T15:55:04.988700Z,dcd2e213e2e20321850f84f8fa1deddbfce771f013991a017caf0625cc0ebbcf,evidence/8003_stage_reported.evidence.json,recordings/layer_10.recording.json,
8003,HS Gračanica - JP Spreča d.d. Tuzla,Sokoluša,4,General;Hidrološka stanica,False,False,water_temperature_reported,WT,Tvode_1Y.xlsx,no_data_rows,publisher declares #Rows = 0 while still declaring parameter 'Temperatura vode' and unit '°C',0,0,0,°C,Temperatura vode,81 Web Kontinuirani,,,3653,200,https://vodostaji.voda.ba/data/internet/stations/4/8003/WT/Tvode_1Y.xlsx,2026-09-09T15:55:05.495427Z,e8a428c418362bd681d0dd1fac216df9dbe8fc8612ea0055907e7c8a97428bed,evidence/8003_water_temperature_reported.evidence.json,recordings/layer_30.recording.json,
8004,HS Kalesija - JP Spreča d.d. Tuzla,Gribaja,4,General;Hidrološka stanica,False,False,discharge_reported,Q,Q_1Y.xlsx,timestamped_without_measurements,"6957 timestamped rows, every measurement cell published empty (no <v> child); parameter 'Proticaj' and unit 'm³/s' still declared",6957,6957,0,m³/s,Proticaj,81 Web Kontinuirani,2025-09-10 00:00:00,2026-09-09 11:00:00,82300,200,https://vodostaji.voda.ba/data/internet/stations/4/8004/Q/Q_1Y.xlsx,2026-09-09T15:55:05.876841Z,396be655ecb42785d23ce730d9c7df7a8b86bfe044ca5c3c3fbedd6fd92cc9f4,evidence/8004_discharge_reported.evidence.json,recordings/layer_20.recording.json,
8004,HS Kalesija - JP Spreča d.d. Tuzla,Gribaja,4,General;Hidrološka stanica,False,True,stage_reported,H,H_1Y.xlsx,measurements_present,8684 populated measurement cells across 8684 timestamped rows,8684,8684,8684,cm,Vodostaj,81 Web Kontinuirani,2025-09-10 00:00:00,2026-09-09 11:00:00,108818,200,https://vodostaji.voda.ba/data/internet/stations/4/8004/H/H_1Y.xlsx,2026-09-09T15:55:06.363105Z,1bbf79ce59d17c5e986049b484f12ae706ce2906eef4c1ff7533138a1270cd82,evidence/8004_stage_reported.evidence.json,recordings/layer_10.recording.json,
8004,HS Kalesija - JP Spreča d.d. Tuzla,Gribaja,4,General;Hidrološka stanica,False,False,water_temperature_reported,WT,Tvode_1Y.xlsx,no_data_rows,publisher declares #Rows = 0 while still declaring parameter 'Temperatura vode' and unit '°C',0,0,0,°C,Temperatura vode,81 Web Kontinuirani,,,3649,200,https://vodostaji.voda.ba/data/internet/stations/4/8004/WT/Tvode_1Y.xlsx,2026-09-09T15:55:06.866125Z,21f9d7e237ece12468caf985a1355f8d1290d9c9edd69a47a9147d45e5b1a26c,evidence/8004_water_temperature_reported.evidence.json,recordings/layer_30.recording.json,
8006,HS Modrac-Jala-JP Spreča d.d. Tuzla,Jala,4,General;Hidrološka stanica,False,False,discharge_reported,Q,Q_1Y.xlsx,timestamped_without_measurements,"7469 timestamped rows, every measurement cell published empty (no <v> child); parameter 'Proticaj' and unit 'm³/s' still declared",7469,7469,0,m³/s,Proticaj,81 Web Kontinuirani,2025-09-10 00:00:00,2026-09-09 12:00:00,87591,200,https://vodostaji.voda.ba/data/internet/stations/4/8006/Q/Q_1Y.xlsx,2026-09-09T15:55:07.242388Z,9a374c05e9803b228728cb823127558c07d83883326bbf0444208c949c11423a,evidence/8006_discharge_reported.evidence.json,recordings/layer_20.recording.json,
8006,HS Modrac-Jala-JP Spreča d.d. Tuzla,Jala,4,General;Hidrološka stanica,False,True,stage_reported,H,H_1Y.xlsx,measurements_present,8362 populated measurement cells across 8362 timestamped rows,8362,8362,8362,cm,Vodostaj,81 Web Kontinuirani,2025-09-10 00:00:00,2026-09-09 12:00:00,107570,200,https://vodostaji.voda.ba/data/internet/stations/4/8006/H/H_1Y.xlsx,2026-09-09T15:55:07.714110Z,c002242d8e88f53df03eed867026bc0a0cf8d9cf002383a3ff47a51a4aa5e22c,evidence/8006_stage_reported.evidence.json,recordings/layer_10.recording.json,
8006,HS Modrac-Jala-JP Spreča d.d. Tuzla,Jala,4,General;Hidrološka stanica,False,False,water_temperature_reported,WT,Tvode_1Y.xlsx,no_data_rows,publisher declares #Rows = 0 while still declaring parameter 'Temperatura vode' and unit '°C',0,0,0,°C,Temperatura vode,81 Web Kontinuirani,,,3652,200,https://vodostaji.voda.ba/data/internet/stations/4/8006/WT/Tvode_1Y.xlsx,2026-09-09T15:55:08.231282Z,148a4ef82b44877eb07ba896c2faf69a5330bd2acb804d039db33fca0c911fe9,evidence/8006_water_temperature_reported.evidence.json,recordings/layer_30.recording.json,
8007,HS Simin Han - JP Spreča d.d. Tuzla,Litva,4,General;Hidrološka stanica,False,False,discharge_reported,Q,Q_1Y.xlsx,timestamped_without_measurements,"7306 timestamped rows, every measurement cell published empty (no <v> child); parameter 'Proticaj' and unit 'm³/s' still declared",7306,7306,0,m³/s,Proticaj,81 Web Kontinuirani,2025-09-10 00:00:00,2026-09-09 11:00:00,86047,200,https://vodostaji.voda.ba/data/internet/stations/4/8007/Q/Q_1Y.xlsx,2026-09-09T15:55:08.612261Z,88e7fd0d0e561f944bc78da8539e0ad53b3ee6e9ce893175e63f853af63c16a2,evidence/8007_discharge_reported.evidence.json,recordings/layer_20.recording.json,
8007,HS Simin Han - JP Spreča d.d. Tuzla,Litva,4,General;Hidrološka stanica,False,True,stage_reported,H,H_1Y.xlsx,measurements_present,8684 populated measurement cells across 8684 timestamped rows,8684,8684,8684,cm,Vodostaj,81 Web Kontinuirani,2025-09-10 00:00:00,2026-09-09 11:00:00,109640,200,https://vodostaji.voda.ba/data/internet/stations/4/8007/H/H_1Y.xlsx,2026-09-09T15:55:09.078017Z,1764863fff6b20250887c5ad7378ee07647333fe4305e9a9bf205614ce5b23c4,evidence/8007_stage_reported.evidence.json,recordings/layer_10.recording.json,
8007,HS Simin Han - JP Spreča d.d. Tuzla,Litva,4,General;Hidrološka stanica,False,False,water_temperature_reported,WT,Tvode_1Y.xlsx,no_data_rows,publisher declares #Rows = 0 while still declaring parameter 'Temperatura vode' and unit '°C',0,0,0,°C,Temperatura vode,81 Web Kontinuirani,,,3651,200,https://vodostaji.voda.ba/data/internet/stations/4/8007/WT/Tvode_1Y.xlsx,2026-09-09T15:55:09.580036Z,5c4c90b369a3d50979617212439ef7760efc57f6ed8b51e5ce02381fc71d29f5,evidence/8007_water_temperature_reported.evidence.json,recordings/layer_30.recording.json,
8008,HS Solina - JP Spreča d.d. Tuzla,Solina,4,General;Hidrološka stanica,False,False,discharge_reported,Q,Q_1Y.xlsx,timestamped_without_measurements,"8250 timestamped rows, every measurement cell published empty (no <v> child); parameter 'Proticaj' and unit 'm³/s' still declared",8250,8250,0,m³/s,Proticaj,81 Web Kontinuirani,2025-09-10 00:00:00,2026-09-09 12:00:00,95419,200,https://vodostaji.voda.ba/data/internet/stations/4/8008/Q/Q_1Y.xlsx,2026-09-09T15:55:09.963243Z,f818515691a448a4062ba9798c856464af199e74db9132a9c1413b7a4752f1c5,evidence/8008_discharge_reported.evidence.json,recordings/layer_20.recording.json,
8008,HS Solina - JP Spreča d.d. Tuzla,Solina,4,General;Hidrološka stanica,False,True,stage_reported,H,H_1Y.xlsx,measurements_present,8682 populated measurement cells across 8682 timestamped rows,8682,8682,8682,cm,Vodostaj,81 Web Kontinuirani,2025-09-10 00:00:00,2026-09-09 12:00:00,110021,200,https://vodostaji.voda.ba/data/internet/stations/4/8008/H/H_1Y.xlsx,2026-09-09T15:55:10.440627Z,5ef407d522be9ab9a1f6f142bf4defd03852da4bc44f926a29040a2b3de826a5,evidence/8008_stage_reported.evidence.json,recordings/layer_10.recording.json,
8008,HS Solina - JP Spreča d.d. Tuzla,Solina,4,General;Hidrološka stanica,False,False,water_temperature_reported,WT,Tvode_1Y.xlsx,no_data_rows,publisher declares #Rows = 0 while still declaring parameter 'Temperatura vode' and unit '°C',0,0,0,°C,Temperatura vode,81 Web Kontinuirani,,,3649,200,https://vodostaji.voda.ba/data/internet/stations/4/8008/WT/Tvode_1Y.xlsx,2026-09-09T15:55:10.995105Z,31d1e2ae4b0b544287e2ce81c8f9e042a373b8a28aad06f729c1298fe4a4dea2,evidence/8008_water_temperature_reported.evidence.json,recordings/layer_30.recording.json,
8009,HS Živinice - JP Spreča d.d. Tuzla,Oskova,4,General;Hidrološka stanica,False,False,discharge_reported,Q,Q_1Y.xlsx,timestamped_without_measurements,"7939 timestamped rows, every measurement cell published empty (no <v> child); parameter 'Proticaj' and unit 'm³/s' still declared",7939,7939,0,m³/s,Proticaj,81 Web Kontinuirani,2025-09-10 00:00:00,2026-09-09 12:00:00,92547,200,https://vodostaji.voda.ba/data/internet/stations/4/8009/Q/Q_1Y.xlsx,2026-09-09T15:55:11.369496Z,3d7e1ac372e4415981a5db3d01fa92830e520a15a45065fa1d9a2b2a8125750f,evidence/8009_discharge_reported.evidence.json,recordings/layer_20.recording.json,
8009,HS Živinice - JP Spreča d.d. Tuzla,Oskova,4,General;Hidrološka stanica,False,True,stage_reported,H,H_1Y.xlsx,measurements_present,8684 populated measurement cells across 8684 timestamped rows,8684,8684,8684,cm,Vodostaj,81 Web Kontinuirani,2025-09-10 00:00:00,2026-09-09 12:00:00,109725,200,https://vodostaji.voda.ba/data/internet/stations/4/8009/H/H_1Y.xlsx,2026-09-09T15:55:11.845530Z,87aabdcec907ff5079b65e87fd1c237fc86818f099e1ef82446b9c8a0bec3fcd,evidence/8009_stage_reported.evidence.json,recordings/layer_10.recording.json,
8009,HS Živinice - JP Spreča d.d. Tuzla,Oskova,4,General;Hidrološka stanica,False,False,water_temperature_reported,WT,Tvode_1Y.xlsx,no_data_rows,publisher declares #Rows = 0 while still declaring parameter 'Temperatura vode' and unit '°C',0,0,0,°C,Temperatura vode,81 Web Kontinuirani,,,3652,200,https://vodostaji.voda.ba/data/internet/stations/4/8009/WT/Tvode_1Y.xlsx,2026-09-09T15:55:12.337068Z,602722a9feca372fdb6b478df608a89907113da2ecaf0cd8c62a04e701ef9436,evidence/8009_water_temperature_reported.evidence.json,recordings/layer_30.recording.json,
9001,HS Tržačka Raštela,Korana,1,General;Hidrološka stanica,False,False,discharge_reported,Q,Q_1Y.xlsx,timestamped_without_measurements,"1 timestamped rows, every measurement cell published empty (no <v> child); parameter 'Proticaj' and unit 'm³/s' still declared",1,1,0,m³/s,Proticaj,81 Web Kontinuirani,2026-09-09 13:00:00,2026-09-09 13:00:00,3759,200,https://vodostaji.voda.ba/data/internet/stations/1/9001/Q/Q_1Y.xlsx,2026-09-09T15:55:12.710171Z,457917b7ada0c5a96bdd5ddab008cde1fbd85df7dc6c8fa1254862265bf9e94b,evidence/9001_discharge_reported.evidence.json,recordings/layer_20.recording.json,
9001,HS Tržačka Raštela,Korana,1,General;Hidrološka stanica,False,True,stage_reported,H,H_1Y.xlsx,measurements_present,8697 populated measurement cells across 8702 timestamped rows,8702,8702,8697,cm,Vodostaj,81 Web Kontinuirani,2025-09-10 00:00:00,2026-09-09 13:00:00,120926,200,https://vodostaji.voda.ba/data/internet/stations/1/9001/H/H_1Y.xlsx,2026-09-09T15:55:13.085354Z,628320390fdebcea02a437e07f6e996abfbd577c24e6e12df88a91abdc397723,evidence/9001_stage_reported.evidence.json,recordings/layer_10.recording.json,
9001,HS Tržačka Raštela,Korana,1,General;Hidrološka stanica,False,False,water_temperature_reported,WT,Tvode_1Y.xlsx,no_data_rows,publisher declares #Rows = 0 while still declaring parameter 'Temperatura vode' and unit '°C',0,0,0,°C,Temperatura vode,81 Web Kontinuirani,,,3645,200,https://vodostaji.voda.ba/data/internet/stations/1/9001/WT/Tvode_1Y.xlsx,2026-09-09T15:55:13.600579Z,cb02066cb4ef409a4f90f7a0779d55e1aa661e9b2aedb3aa78bcdb675cccdfa8,evidence/9001_water_temperature_reported.evidence.json,recordings/layer_30.recording.json,
9017,HS Hrustovo,Sanica,2,General;Hidrološka stanica,True,True,discharge_reported,Q,Q_1Y.xlsx,measurements_present,8670 populated measurement cells across 8672 timestamped rows,8672,8672,8670,m³/s,Proticaj,81 Web Kontinuirani,2025-09-10 00:00:00,2026-09-09 13:00:00,112477,200,https://vodostaji.voda.ba/data/internet/stations/2/9017/Q/Q_1Y.xlsx,2026-09-09T15:55:13.972966Z,663c6f796364b38d67ee28164ee9242048ff82483ddeb5ddf0758586863e1aca,evidence/9017_discharge_reported.evidence.json,recordings/layer_20.recording.json,
9017,HS Hrustovo,Sanica,2,General;Hidrološka stanica,True,True,stage_reported,H,H_1Y.xlsx,measurements_present,8670 populated measurement cells across 8672 timestamped rows,8672,8672,8670,cm,Vodostaj,81 Web Kontinuirani,2025-09-10 00:00:00,2026-09-09 13:00:00,109481,200,https://vodostaji.voda.ba/data/internet/stations/2/9017/H/H_1Y.xlsx,2026-09-09T15:55:14.478905Z,9a589accec51455054020cec9c5033ab0e1b6590f2e42562dcd78bda83505bf1,evidence/9017_stage_reported.evidence.json,recordings/layer_10.recording.json,
9017,HS Hrustovo,Sanica,2,General;Hidrološka stanica,True,True,water_temperature_reported,WT,Tvode_1Y.xlsx,measurements_present,8668 populated measurement cells across 8672 timestamped rows,8672,8672,8668,°C,Temperatura vode,81 Web Kontinuirani,2025-09-10 00:00:00,2026-09-09 13:00:00,114571,200,https://vodostaji.voda.ba/data/internet/stations/2/9017/WT/Tvode_1Y.xlsx,2026-09-09T15:55:14.998301Z,813c4fce3052d4248824307c5f471bf665f054a065ce8964f865a3531d2be28d,evidence/9017_water_temperature_reported.evidence.json,recordings/layer_30.recording.json,
9018,HS Sanica,Sanica,2,General;Hidrološka stanica,True,True,discharge_reported,Q,Q_1Y.xlsx,measurements_present,8518 populated measurement cells across 8518 timestamped rows,8518,8518,8518,m³/s,Proticaj,81 Web Kontinuirani,2025-09-10 00:00:00,2026-09-09 13:00:00,129230,200,https://vodostaji.voda.ba/data/internet/stations/2/9018/Q/Q_1Y.xlsx,2026-09-09T15:55:15.493821Z,b77ce0086ffc0119ff8a1bfba60800881adba277568afdeb9d7117e56e682e6d,evidence/9018_discharge_reported.evidence.json,recordings/layer_20.recording.json,
9018,HS Sanica,Sanica,2,General;Hidrološka stanica,True,True,stage_reported,H,H_1Y.xlsx,measurements_present,8518 populated measurement cells across 8518 timestamped rows,8518,8518,8518,cm,Vodostaj,81 Web Kontinuirani,2025-09-10 00:00:00,2026-09-09 13:00:00,121337,200,https://vodostaji.voda.ba/data/internet/stations/2/9018/H/H_1Y.xlsx,2026-09-09T15:55:15.984482Z,c813fb34f69701e3f05cfeffc00e1ba727bd8c4226abda84d9f3a07962f5c279,evidence/9018_stage_reported.evidence.json,recordings/layer_10.recording.json,
9018,HS Sanica,Sanica,2,General;Hidrološka stanica,True,True,water_temperature_reported,WT,Tvode_1Y.xlsx,measurements_present,8518 populated measurement cells across 8518 timestamped rows,8518,8518,8518,°C,Temperatura vode,81 Web Kontinuirani,2025-09-10 00:00:00,2026-09-09 13:00:00,111044,200,https://vodostaji.voda.ba/data/internet/stations/2/9018/WT/Tvode_1Y.xlsx,2026-09-09T15:55:16.493376Z,bee23c66dd7d96c408fb169088496c8a6e4cabce2ea2646aaa31e687116c0176,evidence/9018_water_temperature_reported.evidence.json,recordings/layer_30.recording.json,
9019,HS Bliha,Bliha,2,General;Hidrološka stanica,True,True,discharge_reported,Q,Q_1Y.xlsx,measurements_present,8677 populated measurement cells across 8677 timestamped rows,8677,8677,8677,m³/s,Proticaj,81 Web Kontinuirani,2025-09-10 00:00:00,2026-09-09 12:00:00,120194,200,https://vodostaji.voda.ba/data/internet/stations/2/9019/Q/Q_1Y.xlsx,2026-09-09T15:55:16.985082Z,2d8af60f53113ab8bcf1464705e077c1128e791d68c2a8365f366ea98a70de02,evidence/9019_discharge_reported.evidence.json,recordings/layer_20.recording.json,
9019,HS Bliha,Bliha,2,General;Hidrološka stanica,True,True,stage_reported,H,H_1Y.xlsx,measurements_present,8677 populated measurement cells across 8677 timestamped rows,8677,8677,8677,cm,Vodostaj,81 Web Kontinuirani,2025-09-10 00:00:00,2026-09-09 12:00:00,119091,200,https://vodostaji.voda.ba/data/internet/stations/2/9019/H/H_1Y.xlsx,2026-09-09T15:55:17.509630Z,1eda61dc286367344de62c5f9d238456f223cb804c71aa1c9f0129675f561b2b,evidence/9019_stage_reported.evidence.json,recordings/layer_10.recording.json,
9019,HS Bliha,Bliha,2,General;Hidrološka stanica,True,True,water_temperature_reported,WT,Tvode_1Y.xlsx,measurements_present,8677 populated measurement cells across 8677 timestamped rows,8677,8677,8677,°C,Temperatura vode,81 Web Kontinuirani,2025-09-10 00:00:00,2026-09-09 12:00:00,119469,200,https://vodostaji.voda.ba/data/internet/stations/2/9019/WT/Tvode_1Y.xlsx,2026-09-09T15:55:18.017878Z,9a44bd04b0f56ba1dc833c9971a2825da70395e1be28395015da3dc0b0a1b2e7,evidence/9019_water_temperature_reported.evidence.json,recordings/layer_30.recording.json,
9020,HS Dabar,Dabar,2,General;Hidrološka stanica,False,False,discharge_reported,Q,Q_1Y.xlsx,timestamped_without_measurements,"1 timestamped rows, every measurement cell published empty (no <v> child); parameter 'Proticaj' and unit 'm³/s' still declared",1,1,0,m³/s,Proticaj,81 Web Kontinuirani,2026-09-09 13:00:00,2026-09-09 13:00:00,3739,200,https://vodostaji.voda.ba/data/internet/stations/2/9020/Q/Q_1Y.xlsx,2026-09-09T15:55:18.533520Z,a11c44a6d7f294240d3cfc74c0f74e2e4e35e5b7f4e82460c9fcfa2a1c11a8a5,evidence/9020_discharge_reported.evidence.json,recordings/layer_20.recording.json,
9020,HS Dabar,Dabar,2,General;Hidrološka stanica,False,True,stage_reported,H,H_1Y.xlsx,measurements_present,7647 populated measurement cells across 7651 timestamped rows,7651,7651,7647,cm,Vodostaj,81 Web Kontinuirani,2025-09-10 00:00:00,2026-09-09 13:00:00,107878,200,https://vodostaji.voda.ba/data/internet/stations/2/9020/H/H_1Y.xlsx,2026-09-09T15:55:18.912267Z,c2bec33ed7330fd934999bdda79a7fec07e1ee262043e0beaa3d0f6836e2e9b7,evidence/9020_stage_reported.evidence.json,recordings/layer_10.recording.json,
9020,HS Dabar,Dabar,2,General;Hidrološka stanica,False,False,water_temperature_reported,WT,Tvode_1Y.xlsx,no_data_rows,publisher declares #Rows = 0 while still declaring parameter 'Temperatura vode' and unit '°C',0,0,0,°C,Temperatura vode,81 Web Kontinuirani,,,3627,200,https://vodostaji.voda.ba/data/internet/stations/2/9020/WT/Tvode_1Y.xlsx,2026-09-09T15:55:19.423741Z,e467ded50650ed8a2e7392478a263742d952f04877d07ef31f66802d42ba456a,evidence/9020_water_temperature_reported.evidence.json,recordings/layer_30.recording.json,
9025,HS Tržac,Mutnica,1,General;Hidrološka stanica,False,False,discharge_reported,Q,Q_1Y.xlsx,access_failed,publisher served no workbook at this route (HTTP 404),,,,,,,,,239,404,https://vodostaji.voda.ba/data/internet/stations/1/9025/Q/Q_1Y.xlsx,2026-09-09T15:55:19.802101Z,8c97ba618199fe0d12abf4914cae9ee3b3b560a10e76ec2098de3a789cef69f7,evidence/9025_discharge_reported.evidence.json,recordings/layer_20.recording.json,
9025,HS Tržac,Mutnica,1,General;Hidrološka stanica,False,True,stage_reported,H,H_1Y.xlsx,access_failed,publisher served no workbook at this route (HTTP 404),,,,,,,,,239,404,https://vodostaji.voda.ba/data/internet/stations/1/9025/H/H_1Y.xlsx,2026-09-09T15:55:20.185813Z,7e3160c6d6f26ea83581e66421b54caf01460409876735f368530dc55bffd84e,evidence/9025_stage_reported.evidence.json,recordings/layer_10.recording.json,
9025,HS Tržac,Mutnica,1,General;Hidrološka stanica,False,False,water_temperature_reported,WT,Tvode_1Y.xlsx,access_failed,publisher served no workbook at this route (HTTP 404),,,,,,,,,244,404,https://vodostaji.voda.ba/data/internet/stations/1/9025/WT/Tvode_1Y.xlsx,2026-09-09T15:55:20.555089Z,a1fb73e4dc3753ca4bc3cffcb5389635818f4537ab456ccc0c4233ad020e1b9f,evidence/9025_water_temperature_reported.evidence.json,recordings/layer_30.recording.json,
9026,HS Velika Kladuša,Kladušnica,1,General;Hidrološka stanica,False,False,discharge_reported,Q,Q_1Y.xlsx,timestamped_without_measurements,"8592 timestamped rows, every measurement cell published empty (no <v> child); parameter 'Proticaj' and unit 'm³/s' still declared",8592,8592,0,m³/s,Proticaj,81 Web Kontinuirani,2025-09-10 00:00:00,2026-09-09 13:00:00,98767,200,https://vodostaji.voda.ba/data/internet/stations/1/9026/Q/Q_1Y.xlsx,2026-09-09T15:55:20.927102Z,2bd21f8de32517aecdea749691464af8cb0e3fecc8dc86d093ee4b3fc0dd9fcb,evidence/9026_discharge_reported.evidence.json,recordings/layer_20.recording.json,
9026,HS Velika Kladuša,Kladušnica,1,General;Hidrološka stanica,False,True,stage_reported,H,H_1Y.xlsx,measurements_present,8702 populated measurement cells across 8702 timestamped rows,8702,8702,8702,cm,Vodostaj,81 Web Kontinuirani,2025-09-10 00:00:00,2026-09-09 13:00:00,121297,200,https://vodostaji.voda.ba/data/internet/stations/1/9026/H/H_1Y.xlsx,2026-09-09T15:55:21.400561Z,c8d77ca65bba4ff9ddadeb1b0c74e218b89169e914b1a86d32290d60782cbfda,evidence/9026_stage_reported.evidence.json,recordings/layer_10.recording.json,
9026,HS Velika Kladuša,Kladušnica,1,General;Hidrološka stanica,False,True,water_temperature_reported,WT,Tvode_1Y.xlsx,measurements_present,8702 populated measurement cells across 8702 timestamped rows,8702,8702,8702,°C,Temperatura vode,81 Web Kontinuirani,2025-09-10 00:00:00,2026-09-09 13:00:00,118509,200,https://vodostaji.voda.ba/data/internet/stations/1/9026/WT/Tvode_1Y.xlsx,2026-09-09T15:55:21.902563Z,517846b0ef68c29a48db5df181d9dd142cbd06e67c7b0d9918dff114f34b8a08,evidence/9026_water_temperature_reported.evidence.json,recordings/layer_30.recording.json,
9030,HS Fojnica,Dragača,4,General;Hidrološka stanica,True,True,discharge_reported,Q,Q_1Y.xlsx,measurements_present,8688 populated measurement cells across 8688 timestamped rows,8688,8688,8688,m³/s,Proticaj,81 Web Kontinuirani,2025-09-10 00:00:00,2026-09-09 12:00:00,120514,200,https://vodostaji.voda.ba/data/internet/stations/4/9030/Q/Q_1Y.xlsx,2026-09-09T15:55:22.413205Z,dab48d96f1d9b873e82a761ee4b1f547d8879a05e36384050cb3b6d7a40857a9,evidence/9030_discharge_reported.evidence.json,recordings/layer_20.recording.json,
9030,HS Fojnica,Dragača,4,General;Hidrološka stanica,True,True,stage_reported,H,H_1Y.xlsx,measurements_present,8688 populated measurement cells across 8688 timestamped rows,8688,8688,8688,cm,Vodostaj,81 Web Kontinuirani,2025-09-10 00:00:00,2026-09-09 12:00:00,118884,200,https://vodostaji.voda.ba/data/internet/stations/4/9030/H/H_1Y.xlsx,2026-09-09T15:55:22.938770Z,f2c2a8c3c010a0f7a8168778ee5d0513502de5ac1011071184e3961a81a52b48,evidence/9030_stage_reported.evidence.json,recordings/layer_10.recording.json,
9030,HS Fojnica,Dragača,4,General;Hidrološka stanica,True,False,water_temperature_reported,WT,Tvode_1Y.xlsx,no_data_rows,publisher declares #Rows = 0 while still declaring parameter 'Temperatura vode' and unit '°C',0,0,0,°C,Temperatura vode,81 Web Kontinuirani,,,3629,200,https://vodostaji.voda.ba/data/internet/stations/4/9030/WT/Tvode_1Y.xlsx,2026-09-09T15:55:23.460077Z,c09315318512f3aef76bbb3361ce8730bf411f826d7eeaaf3fcafb0f7c74463e,evidence/9030_water_temperature_reported.evidence.json,recordings/layer_30.recording.json,
9043,HS Turija,Turija,4,General;Hidrološka stanica,False,False,discharge_reported,Q,Q_1Y.xlsx,timestamped_without_measurements,"1 timestamped rows, every measurement cell published empty (no <v> child); parameter 'Proticaj' and unit 'm³/s' still declared",1,1,0,m³/s,Proticaj,81 Web Kontinuirani,2026-09-09 13:00:00,2026-09-09 13:00:00,3742,200,https://vodostaji.voda.ba/data/internet/stations/4/9043/Q/Q_1Y.xlsx,2026-09-09T15:55:23.834931Z,2a03a87c5a244e7327e327ca29ebaf0ab0e3240772630bd4630d60232bc1399f,evidence/9043_discharge_reported.evidence.json,recordings/layer_20.recording.json,
9043,HS Turija,Turija,4,General;Hidrološka stanica,False,True,stage_reported,H,H_1Y.xlsx,measurements_present,8689 populated measurement cells across 8689 timestamped rows,8689,8689,8689,cm,Vodostaj,81 Web Kontinuirani,2025-09-10 00:00:00,2026-09-09 13:00:00,119833,200,https://vodostaji.voda.ba/data/internet/stations/4/9043/H/H_1Y.xlsx,2026-09-09T15:55:24.210106Z,d88700618222262b583707ff55274c49ad2692d0c14e5ba9452011a2b728f1cd,evidence/9043_stage_reported.evidence.json,recordings/layer_10.recording.json,
9043,HS Turija,Turija,4,General;Hidrološka stanica,False,False,water_temperature_reported,WT,Tvode_1Y.xlsx,no_data_rows,publisher declares #Rows = 0 while still declaring parameter 'Temperatura vode' and unit '°C',0,0,0,°C,Temperatura vode,81 Web Kontinuirani,,,3627,200,https://vodostaji.voda.ba/data/internet/stations/4/9043/WT/Tvode_1Y.xlsx,2026-09-09T15:55:24.704107Z,6fbbb0069f8c31cad5a2352bf4bec7abfd8bdafb2b904341e3752dcba43bd017,evidence/9043_water_temperature_reported.evidence.json,recordings/layer_30.recording.json,
9044,HS Živinice,Gostelja,4,General;Hidrološka stanica,True,True,discharge_reported,Q,Q_1Y.xlsx,measurements_present,8686 populated measurement cells across 8686 timestamped rows,8686,8686,8686,m³/s,Proticaj,81 Web Kontinuirani,2025-09-10 00:00:00,2026-09-09 13:00:00,122250,200,https://vodostaji.voda.ba/data/internet/stations/4/9044/Q/Q_1Y.xlsx,2026-09-09T15:55:25.097072Z,f0bf63c8564183a7790e7715cf8de02f0f699fe8d204cb1379616096beb860e9,evidence/9044_discharge_reported.evidence.json,recordings/layer_20.recording.json,
9044,HS Živinice,Gostelja,4,General;Hidrološka stanica,True,True,stage_reported,H,H_1Y.xlsx,measurements_present,8686 populated measurement cells across 8686 timestamped rows,8686,8686,8686,cm,Vodostaj,81 Web Kontinuirani,2025-09-10 00:00:00,2026-09-09 13:00:00,120755,200,https://vodostaji.voda.ba/data/internet/stations/4/9044/H/H_1Y.xlsx,2026-09-09T15:55:25.625677Z,1b4aa754248ef389a58735767da52e5d424a00b4c454a36c18976255fc0b1e46,evidence/9044_stage_reported.evidence.json,recordings/layer_10.recording.json,
9044,HS Živinice,Gostelja,4,General;Hidrološka stanica,True,False,water_temperature_reported,WT,Tvode_1Y.xlsx,no_data_rows,publisher declares #Rows = 0 while still declaring parameter 'Temperatura vode' and unit '°C',0,0,0,°C,Temperatura vode,81 Web Kontinuirani,,,3631,200,https://vodostaji.voda.ba/data/internet/stations/4/9044/WT/Tvode_1Y.xlsx,2026-09-09T15:55:26.130423Z,cc6c64ae56ce92a9394222f7b2d716ddeeb79704d54d69ea7a6f47e96336e246,evidence/9044_water_temperature_reported.evidence.json,recordings/layer_30.recording.json,
9045,HS Donja Višća,Oskova,4,General;Hidrološka stanica,True,True,discharge_reported,Q,Q_1Y.xlsx,measurements_present,8681 populated measurement cells across 8681 timestamped rows,8681,8681,8681,m³/s,Proticaj,81 Web Kontinuirani,2025-09-10 00:00:00,2026-09-09 12:00:00,124946,200,https://vodostaji.voda.ba/data/internet/stations/4/9045/Q/Q_1Y.xlsx,2026-09-09T15:55:26.501173Z,2b75c7e86b816d2efbfbe7c0564f05135cca81930dde8f90f50a7858e5013074,evidence/9045_discharge_reported.evidence.json,recordings/layer_20.recording.json,
9045,HS Donja Višća,Oskova,4,General;Hidrološka stanica,True,True,stage_reported,H,H_1Y.xlsx,measurements_present,8681 populated measurement cells across 8681 timestamped rows,8681,8681,8681,cm,Vodostaj,81 Web Kontinuirani,2025-09-10 00:00:00,2026-09-09 12:00:00,122503,200,https://vodostaji.voda.ba/data/internet/stations/4/9045/H/H_1Y.xlsx,2026-09-09T15:55:26.992104Z,274562eaa48eb7b4c7fa46ec15e980a5cd0417d27cbe50ab9151b2767fda77f5,evidence/9045_stage_reported.evidence.json,recordings/layer_10.recording.json,
9045,HS Donja Višća,Oskova,4,General;Hidrološka stanica,True,False,water_temperature_reported,WT,Tvode_1Y.xlsx,no_data_rows,publisher declares #Rows = 0 while still declaring parameter 'Temperatura vode' and unit '°C',0,0,0,°C,Temperatura vode,81 Web Kontinuirani,,,3638,200,https://vodostaji.voda.ba/data/internet/stations/4/9045/WT/Tvode_1Y.xlsx,2026-09-09T15:55:27.489576Z,b657cc46b031298f8b373c9af442a07a65c512604a5017ce1f432c8cb7a7e301,evidence/9045_water_temperature_reported.evidence.json,recordings/layer_30.recording.json,
9102,HS Osjek,Bosna,4,General;Hidrološka stanica,False,False,discharge_reported,Q,Q_1Y.xlsx,no_data_rows,publisher declares #Rows = 0 while still declaring parameter 'Proticaj' and unit 'm³/s',0,0,0,m³/s,Proticaj,81 Web Kontinuirani,,,3625,200,https://vodostaji.voda.ba/data/internet/stations/4/9102/Q/Q_1Y.xlsx,2026-09-09T15:55:27.877328Z,6912691d8eefa768f8f77012407850043a9fe27cc19a5703ca159ff076f84aef,evidence/9102_discharge_reported.evidence.json,recordings/layer_20.recording.json,
9102,HS Osjek,Bosna,4,General;Hidrološka stanica,False,True,stage_reported,H,H_1Y.xlsx,no_data_rows,publisher declares #Rows = 0 while still declaring parameter 'Vodostaj' and unit 'cm',0,0,0,cm,Vodostaj,81 Web Kontinuirani,,,3618,200,https://vodostaji.voda.ba/data/internet/stations/4/9102/H/H_1Y.xlsx,2026-09-09T15:55:28.250602Z,d00b1a972cacc724ec054af73f390139fe6dea9bad27266d1e5a92bf142d8a15,evidence/9102_stage_reported.evidence.json,recordings/layer_10.recording.json,
9102,HS Osjek,Bosna,4,General;Hidrološka stanica,False,False,water_temperature_reported,WT,Tvode_1Y.xlsx,no_data_rows,publisher declares #Rows = 0 while still declaring parameter 'Temperatura vode' and unit '°C',0,0,0,°C,Temperatura vode,81 Web Kontinuirani,,,3630,200,https://vodostaji.voda.ba/data/internet/stations/4/9102/WT/Tvode_1Y.xlsx,2026-09-09T15:55:28.661314Z,bbe4f719edb04e590beea0236bd9178d3dacd761ad1ccf35d0e8a73a7887bf1f,evidence/9102_water_temperature_reported.evidence.json,recordings/layer_30.recording.json,
9130,HS Tešanjka,Usora,4,General;Hidrološka stanica,False,False,discharge_reported,Q,Q_1Y.xlsx,timestamped_without_measurements,"1 timestamped rows, every measurement cell published empty (no <v> child); parameter 'Proticaj' and unit 'm³/s' still declared",1,1,0,m³/s,Proticaj,81 Web Kontinuirani,2026-09-09 13:00:00,2026-09-09 13:00:00,3747,200,https://vodostaji.voda.ba/data/internet/stations/4/9130/Q/Q_1Y.xlsx,2026-09-09T15:55:29.041658Z,ae2741f61f2fc8d656b459f858d903fe23758c10ab5fbb559620673b6d20a17d,evidence/9130_discharge_reported.evidence.json,recordings/layer_20.recording.json,
9130,HS Tešanjka,Usora,4,General;Hidrološka stanica,False,True,stage_reported,H,H_1Y.xlsx,measurements_present,8691 populated measurement cells across 8691 timestamped rows,8691,8691,8691,cm,Vodostaj,81 Web Kontinuirani,2025-09-10 00:00:00,2026-09-09 13:00:00,125669,200,https://vodostaji.voda.ba/data/internet/stations/4/9130/H/H_1Y.xlsx,2026-09-09T15:55:29.424974Z,28e62ed5663de450f914b86b14e6b63959adeb1c5ec5621dca558997cfb4602c,evidence/9130_stage_reported.evidence.json,recordings/layer_10.recording.json,
9130,HS Tešanjka,Usora,4,General;Hidrološka stanica,False,False,water_temperature_reported,WT,Tvode_1Y.xlsx,no_data_rows,publisher declares #Rows = 0 while still declaring parameter 'Temperatura vode' and unit '°C',0,0,0,°C,Temperatura vode,81 Web Kontinuirani,,,3633,200,https://vodostaji.voda.ba/data/internet/stations/4/9130/WT/Tvode_1Y.xlsx,2026-09-09T15:55:29.915348Z,3c734526ea2e0680f732837d75d79ed514e02e8e17f99b9fe7d7a0d9ffca2afb,evidence/9130_water_temperature_reported.evidence.json,recordings/layer_30.recording.json,
