station_no,station_name,river_name,site_no,object_type,in_baseline,in_station_document,declared_in_layer,product_id,source_code,workbook,status,evidence_basis,declared_rows,declared_unit,declared_parameter,timeseries_name,content_length,http_status,url,probed_at,evidence_recording,layer_recording
1010,HS Svilaj,Sava,1,General;Hidrološka stanica,True,True,True,discharge_reported,Q,Q_1Y.xlsx,available,publisher declares #Rows = 17209,17209,m³/s,Proticaj,81 Web Kontinuirani,274750,200,https://vodostaji.voda.ba/data/internet/stations/1/1010/Q/Q_1Y.xlsx,2026-09-07T09:00:12.764401Z,recordings/boundary_1020_WT_populated.recording.json,recordings/layer_20.recording.json
1010,HS Svilaj,Sava,1,General;Hidrološka stanica,True,True,True,stage_reported,H,H_1Y.xlsx,available,publisher declares #Rows = 17209,17209,cm,Vodostaj,81 Web Kontinuirani,245786,200,https://vodostaji.voda.ba/data/internet/stations/1/1010/H/H_1Y.xlsx,2026-09-07T09:00:13.149445Z,recordings/boundary_1020_WT_populated.recording.json,recordings/layer_10.recording.json
1010,HS Svilaj,Sava,1,General;Hidrološka stanica,True,True,False,water_temperature_reported,WT,Tvode_1Y.xlsx,declared_empty_in_rolling_window,publisher declares #Rows = 0 while still declaring parameter 'Temperatura vode' and unit '°C' for this station,0,°C,Temperatura vode,81 Web Kontinuirani,3627,200,https://vodostaji.voda.ba/data/internet/stations/1/1010/WT/Tvode_1Y.xlsx,2026-09-07T09:00:13.525520Z,recordings/boundary_4060_WT_headeronly.recording.json,recordings/layer_30.recording.json
1020,HS Grebnice,Sava,1,General;Hidrološka stanica,True,True,True,discharge_reported,Q,Q_1Y.xlsx,available,publisher declares #Rows = 8517,8517,m³/s,Proticaj,81 Web Kontinuirani,139570,200,https://vodostaji.voda.ba/data/internet/stations/1/1020/Q/Q_1Y.xlsx,2026-09-07T09:00:16.173203Z,recordings/boundary_1020_WT_populated.recording.json,recordings/layer_20.recording.json
1020,HS Grebnice,Sava,1,General;Hidrološka stanica,True,True,True,stage_reported,H,H_1Y.xlsx,available,publisher declares #Rows = 8517,8517,cm,Vodostaj,81 Web Kontinuirani,125654,200,https://vodostaji.voda.ba/data/internet/stations/1/1020/H/H_1Y.xlsx,2026-09-07T09:00:16.559246Z,recordings/boundary_1020_WT_populated.recording.json,recordings/layer_10.recording.json
1020,HS Grebnice,Sava,1,General;Hidrološka stanica,True,True,False,water_temperature_reported,WT,Tvode_1Y.xlsx,available,publisher declares #Rows = 7251,7251,°C,Temperatura vode,81 Web Kontinuirani,95020,200,https://vodostaji.voda.ba/data/internet/stations/1/1020/WT/Tvode_1Y.xlsx,2026-09-07T09:00:16.935984Z,recordings/boundary_1020_WT_populated.recording.json,recordings/layer_30.recording.json
1114,HS Krušnica,Krušnica,2,General;Hidrološka stanica,True,True,True,discharge_reported,Q,Q_1Y.xlsx,available,publisher declares #Rows = 7539,7539,m³/s,Proticaj,81 Web Kontinuirani,114468,200,https://vodostaji.voda.ba/data/internet/stations/2/1114/Q/Q_1Y.xlsx,2026-09-07T09:00:22.992158Z,recordings/boundary_1020_WT_populated.recording.json,recordings/layer_20.recording.json
1114,HS Krušnica,Krušnica,2,General;Hidrološka stanica,True,True,True,stage_reported,H,H_1Y.xlsx,available,publisher declares #Rows = 7539,7539,cm,Vodostaj,81 Web Kontinuirani,109927,200,https://vodostaji.voda.ba/data/internet/stations/2/1114/H/H_1Y.xlsx,2026-09-07T09:00:23.361444Z,recordings/boundary_1020_WT_populated.recording.json,recordings/layer_10.recording.json
1114,HS Krušnica,Krušnica,2,General;Hidrološka stanica,True,True,False,water_temperature_reported,WT,Tvode_1Y.xlsx,declared_empty_in_rolling_window,publisher declares #Rows = 0 while still declaring parameter 'Temperatura vode' and unit '°C' for this station,0,°C,Temperatura vode,81 Web Kontinuirani,3633,200,https://vodostaji.voda.ba/data/internet/stations/2/1114/WT/Tvode_1Y.xlsx,2026-09-07T09:00:23.739805Z,recordings/boundary_4060_WT_headeronly.recording.json,recordings/layer_30.recording.json
2010,HS Martin Brod,Una,2,General;Hidrološka stanica,True,True,True,discharge_reported,Q,Q_1Y.xlsx,available,publisher declares #Rows = 8232,8232,m³/s,Proticaj,81 Web Kontinuirani,121383,200,https://vodostaji.voda.ba/data/internet/stations/2/2010/Q/Q_1Y.xlsx,2026-09-07T09:00:24.112017Z,recordings/boundary_1020_WT_populated.recording.json,recordings/layer_20.recording.json
2010,HS Martin Brod,Una,2,General;Hidrološka stanica,True,True,True,stage_reported,H,H_1Y.xlsx,available,publisher declares #Rows = 8580,8580,cm,Vodostaj,81 Web Kontinuirani,120371,200,https://vodostaji.voda.ba/data/internet/stations/2/2010/H/H_1Y.xlsx,2026-09-07T09:00:24.491076Z,recordings/boundary_1020_WT_populated.recording.json,recordings/layer_10.recording.json
2010,HS Martin Brod,Una,2,General;Hidrološka stanica,True,True,False,water_temperature_reported,WT,Tvode_1Y.xlsx,declared_empty_in_rolling_window,publisher declares #Rows = 0 while still declaring parameter 'Temperatura vode' and unit '°C' for this station,0,°C,Temperatura vode,81 Web Kontinuirani,3629,200,https://vodostaji.voda.ba/data/internet/stations/2/2010/WT/Tvode_1Y.xlsx,2026-09-07T09:00:24.870442Z,recordings/boundary_4060_WT_headeronly.recording.json,recordings/layer_30.recording.json
2020,HS Kulen Vakuf,Una,2,General;Hidrološka stanica,True,True,True,discharge_reported,Q,Q_1Y.xlsx,available,publisher declares #Rows = 8701,8701,m³/s,Proticaj,81 Web Kontinuirani,112148,200,https://vodostaji.voda.ba/data/internet/stations/2/2020/Q/Q_1Y.xlsx,2026-09-07T09:00:25.243475Z,recordings/boundary_1020_WT_populated.recording.json,recordings/layer_20.recording.json
2020,HS Kulen Vakuf,Una,2,General;Hidrološka stanica,True,True,True,stage_reported,H,H_1Y.xlsx,available,publisher declares #Rows = 8701,8701,cm,Vodostaj,81 Web Kontinuirani,108984,200,https://vodostaji.voda.ba/data/internet/stations/2/2020/H/H_1Y.xlsx,2026-09-07T09:00:25.619003Z,recordings/boundary_1020_WT_populated.recording.json,recordings/layer_10.recording.json
2020,HS Kulen Vakuf,Una,2,General;Hidrološka stanica,True,True,False,water_temperature_reported,WT,Tvode_1Y.xlsx,declared_empty_in_rolling_window,publisher declares #Rows = 0 while still declaring parameter 'Temperatura vode' and unit '°C' for this station,0,°C,Temperatura vode,81 Web Kontinuirani,3629,200,https://vodostaji.voda.ba/data/internet/stations/2/2020/WT/Tvode_1Y.xlsx,2026-09-07T09:00:26.003306Z,recordings/boundary_4060_WT_headeronly.recording.json,recordings/layer_30.recording.json
2030,HS Kralje,Una,2,General;Hidrološka stanica,True,True,True,discharge_reported,Q,Q_1Y.xlsx,available,publisher declares #Rows = 8701,8701,m³/s,Proticaj,81 Web Kontinuirani,131539,200,https://vodostaji.voda.ba/data/internet/stations/2/2030/Q/Q_1Y.xlsx,2026-09-07T09:00:26.377747Z,recordings/boundary_1020_WT_populated.recording.json,recordings/layer_20.recording.json
2030,HS Kralje,Una,2,General;Hidrološka stanica,True,True,True,stage_reported,H,H_1Y.xlsx,available,publisher declares #Rows = 8701,8701,cm,Vodostaj,81 Web Kontinuirani,124521,200,https://vodostaji.voda.ba/data/internet/stations/2/2030/H/H_1Y.xlsx,2026-09-07T09:00:26.753321Z,recordings/boundary_1020_WT_populated.recording.json,recordings/layer_10.recording.json
2030,HS Kralje,Una,2,General;Hidrološka stanica,True,True,False,water_temperature_reported,WT,Tvode_1Y.xlsx,declared_empty_in_rolling_window,publisher declares #Rows = 0 while still declaring parameter 'Temperatura vode' and unit '°C' for this station,0,°C,Temperatura vode,81 Web Kontinuirani,3628,200,https://vodostaji.voda.ba/data/internet/stations/2/2030/WT/Tvode_1Y.xlsx,2026-09-07T09:00:27.123702Z,recordings/boundary_4060_WT_headeronly.recording.json,recordings/layer_30.recording.json
2035,HS Ripač,Una,2,General;Hidrološka stanica,True,True,True,discharge_reported,Q,Q_1Y.xlsx,available,publisher declares #Rows = 8690,8690,m³/s,Proticaj,81 Web Kontinuirani,126335,200,https://vodostaji.voda.ba/data/internet/stations/2/2035/Q/Q_1Y.xlsx,2026-09-07T09:00:28.633037Z,recordings/boundary_1020_WT_populated.recording.json,recordings/layer_20.recording.json
2035,HS Ripač,Una,2,General;Hidrološka stanica,True,True,True,stage_reported,H,H_1Y.xlsx,available,publisher declares #Rows = 8690,8690,cm,Vodostaj,81 Web Kontinuirani,120856,200,https://vodostaji.voda.ba/data/internet/stations/2/2035/H/H_1Y.xlsx,2026-09-07T09:00:29.008676Z,recordings/boundary_1020_WT_populated.recording.json,recordings/layer_10.recording.json
2035,HS Ripač,Una,2,General;Hidrološka stanica,True,True,False,water_temperature_reported,WT,Tvode_1Y.xlsx,declared_empty_in_rolling_window,publisher declares #Rows = 0 while still declaring parameter 'Temperatura vode' and unit '°C' for this station,0,°C,Temperatura vode,81 Web Kontinuirani,3631,200,https://vodostaji.voda.ba/data/internet/stations/2/2035/WT/Tvode_1Y.xlsx,2026-09-07T09:00:29.385541Z,recordings/boundary_4060_WT_headeronly.recording.json,recordings/layer_30.recording.json
2050,HS Bosanska Krupa,Una,2,General;Hidrološka stanica,True,True,True,discharge_reported,Q,Q_1Y.xlsx,available,publisher declares #Rows = 6793,6793,m³/s,Proticaj,81 Web Kontinuirani,104729,200,https://vodostaji.voda.ba/data/internet/stations/2/2050/Q/Q_1Y.xlsx,2026-09-07T09:00:30.895144Z,recordings/boundary_1020_WT_populated.recording.json,recordings/layer_20.recording.json
2050,HS Bosanska Krupa,Una,2,General;Hidrološka stanica,True,True,True,stage_reported,H,H_1Y.xlsx,available,publisher declares #Rows = 6793,6793,cm,Vodostaj,81 Web Kontinuirani,97230,200,https://vodostaji.voda.ba/data/internet/stations/2/2050/H/H_1Y.xlsx,2026-09-07T09:00:31.278803Z,recordings/boundary_1020_WT_populated.recording.json,recordings/layer_10.recording.json
2050,HS Bosanska Krupa,Una,2,General;Hidrološka stanica,True,True,False,water_temperature_reported,WT,Tvode_1Y.xlsx,declared_empty_in_rolling_window,publisher declares #Rows = 0 while still declaring parameter 'Temperatura vode' and unit '°C' for this station,0,°C,Temperatura vode,81 Web Kontinuirani,3634,200,https://vodostaji.voda.ba/data/internet/stations/2/2050/WT/Tvode_1Y.xlsx,2026-09-07T09:00:31.656038Z,recordings/boundary_4060_WT_headeronly.recording.json,recordings/layer_30.recording.json
2060,HS Bosanska Otoka,Una,2,General;Hidrološka stanica,True,True,True,discharge_reported,Q,Q_1Y.xlsx,available,publisher declares #Rows = 8702,8702,m³/s,Proticaj,81 Web Kontinuirani,130592,200,https://vodostaji.voda.ba/data/internet/stations/2/2060/Q/Q_1Y.xlsx,2026-09-07T09:00:32.036189Z,recordings/boundary_1020_WT_populated.recording.json,recordings/layer_20.recording.json
2060,HS Bosanska Otoka,Una,2,General;Hidrološka stanica,True,True,True,stage_reported,H,H_1Y.xlsx,available,publisher declares #Rows = 8702,8702,cm,Vodostaj,81 Web Kontinuirani,123154,200,https://vodostaji.voda.ba/data/internet/stations/2/2060/H/H_1Y.xlsx,2026-09-07T09:00:32.418897Z,recordings/boundary_1020_WT_populated.recording.json,recordings/layer_10.recording.json
2060,HS Bosanska Otoka,Una,2,General;Hidrološka stanica,True,True,True,water_temperature_reported,WT,Tvode_1Y.xlsx,available,publisher declares #Rows = 8702,8702,°C,Temperatura vode,81 Web Kontinuirani,114220,200,https://vodostaji.voda.ba/data/internet/stations/2/2060/WT/Tvode_1Y.xlsx,2026-09-07T09:00:32.799525Z,recordings/boundary_1020_WT_populated.recording.json,recordings/layer_30.recording.json
2101-B,HS Bistrica,Bistrica,3,General;Hidrološka stanica,True,True,True,discharge_reported,Q,Q_1Y.xlsx,available,publisher declares #Rows = 8690,8690,m³/s,Proticaj,81 Web Kontinuirani,119600,200,https://vodostaji.voda.ba/data/internet/stations/3/2101-B/Q/Q_1Y.xlsx,2026-09-07T09:00:33.186864Z,recordings/boundary_1020_WT_populated.recording.json,recordings/layer_20.recording.json
2101-B,HS Bistrica,Bistrica,3,General;Hidrološka stanica,True,True,True,stage_reported,H,H_1Y.xlsx,available,publisher declares #Rows = 8690,8690,cm,Vodostaj,81 Web Kontinuirani,118580,200,https://vodostaji.voda.ba/data/internet/stations/3/2101-B/H/H_1Y.xlsx,2026-09-07T09:00:33.560463Z,recordings/boundary_1020_WT_populated.recording.json,recordings/layer_10.recording.json
2101-B,HS Bistrica,Bistrica,3,General;Hidrološka stanica,True,True,False,water_temperature_reported,WT,Tvode_1Y.xlsx,declared_empty_in_rolling_window,publisher declares #Rows = 0 while still declaring parameter 'Temperatura vode' and unit '°C' for this station,0,°C,Temperatura vode,81 Web Kontinuirani,3633,200,https://vodostaji.voda.ba/data/internet/stations/3/2101-B/WT/Tvode_1Y.xlsx,2026-09-07T09:00:33.934397Z,recordings/boundary_4060_WT_headeronly.recording.json,recordings/layer_30.recording.json
2103,HS Veseočica,Veseočica,3,General;Hidrološka stanica,True,True,True,discharge_reported,Q,Q_1Y.xlsx,available,publisher declares #Rows = 8140,8140,m³/s,Proticaj,81 Web Kontinuirani,119012,200,https://vodostaji.voda.ba/data/internet/stations/3/2103/Q/Q_1Y.xlsx,2026-09-07T09:00:34.315645Z,recordings/boundary_1020_WT_populated.recording.json,recordings/layer_20.recording.json
2103,HS Veseočica,Veseočica,3,General;Hidrološka stanica,True,True,True,stage_reported,H,H_1Y.xlsx,available,publisher declares #Rows = 7387,7387,cm,Vodostaj,81 Web Kontinuirani,106827,200,https://vodostaji.voda.ba/data/internet/stations/3/2103/H/H_1Y.xlsx,2026-09-07T09:00:34.687937Z,recordings/boundary_1020_WT_populated.recording.json,recordings/layer_10.recording.json
2103,HS Veseočica,Veseočica,3,General;Hidrološka stanica,True,True,False,water_temperature_reported,WT,Tvode_1Y.xlsx,declared_empty_in_rolling_window,publisher declares #Rows = 0 while still declaring parameter 'Temperatura vode' and unit '°C' for this station,0,°C,Temperatura vode,81 Web Kontinuirani,3634,200,https://vodostaji.voda.ba/data/internet/stations/3/2103/WT/Tvode_1Y.xlsx,2026-09-07T09:00:35.056423Z,recordings/boundary_4060_WT_headeronly.recording.json,recordings/layer_30.recording.json
2110,HS Drvar,Unac,2,General;Hidrološka stanica,True,True,True,discharge_reported,Q,Q_1Y.xlsx,available,publisher declares #Rows = 8701,8701,m³/s,Proticaj,81 Web Kontinuirani,122023,200,https://vodostaji.voda.ba/data/internet/stations/2/2110/Q/Q_1Y.xlsx,2026-09-07T09:00:35.423386Z,recordings/boundary_1020_WT_populated.recording.json,recordings/layer_20.recording.json
2110,HS Drvar,Unac,2,General;Hidrološka stanica,True,True,True,stage_reported,H,H_1Y.xlsx,available,publisher declares #Rows = 8701,8701,cm,Vodostaj,81 Web Kontinuirani,119600,200,https://vodostaji.voda.ba/data/internet/stations/2/2110/H/H_1Y.xlsx,2026-09-07T09:00:35.795734Z,recordings/boundary_1020_WT_populated.recording.json,recordings/layer_10.recording.json
2110,HS Drvar,Unac,2,General;Hidrološka stanica,True,True,False,water_temperature_reported,WT,Tvode_1Y.xlsx,declared_empty_in_rolling_window,publisher declares #Rows = 0 while still declaring parameter 'Temperatura vode' and unit '°C' for this station,0,°C,Temperatura vode,81 Web Kontinuirani,3626,200,https://vodostaji.voda.ba/data/internet/stations/2/2110/WT/Tvode_1Y.xlsx,2026-09-07T09:00:36.175983Z,recordings/boundary_4060_WT_headeronly.recording.json,recordings/layer_30.recording.json
2120,HS Rmanj Manastir,Unac,2,General;Hidrološka stanica,True,True,True,discharge_reported,Q,Q_1Y.xlsx,available,publisher declares #Rows = 8701,8701,m³/s,Proticaj,81 Web Kontinuirani,123794,200,https://vodostaji.voda.ba/data/internet/stations/2/2120/Q/Q_1Y.xlsx,2026-09-07T09:00:36.550609Z,recordings/boundary_1020_WT_populated.recording.json,recordings/layer_20.recording.json
2120,HS Rmanj Manastir,Unac,2,General;Hidrološka stanica,True,True,True,stage_reported,H,H_1Y.xlsx,available,publisher declares #Rows = 8701,8701,cm,Vodostaj,81 Web Kontinuirani,119973,200,https://vodostaji.voda.ba/data/internet/stations/2/2120/H/H_1Y.xlsx,2026-09-07T09:00:36.922546Z,recordings/boundary_1020_WT_populated.recording.json,recordings/layer_10.recording.json
2120,HS Rmanj Manastir,Unac,2,General;Hidrološka stanica,True,True,True,water_temperature_reported,WT,Tvode_1Y.xlsx,available,publisher declares #Rows = 8701,8701,°C,Temperatura vode,81 Web Kontinuirani,111607,200,https://vodostaji.voda.ba/data/internet/stations/2/2120/WT/Tvode_1Y.xlsx,2026-09-07T09:00:37.294586Z,recordings/boundary_1020_WT_populated.recording.json,recordings/layer_30.recording.json
2210,HS Klokot,Klokot,2,General;Hidrološka stanica,True,True,True,discharge_reported,Q,Q_1Y.xlsx,available,publisher declares #Rows = 8701,8701,m³/s,Proticaj,81 Web Kontinuirani,129380,200,https://vodostaji.voda.ba/data/internet/stations/2/2210/Q/Q_1Y.xlsx,2026-09-07T09:00:37.662615Z,recordings/boundary_1020_WT_populated.recording.json,recordings/layer_20.recording.json
2210,HS Klokot,Klokot,2,General;Hidrološka stanica,True,True,True,stage_reported,H,H_1Y.xlsx,available,publisher declares #Rows = 8701,8701,cm,Vodostaj,81 Web Kontinuirani,125577,200,https://vodostaji.voda.ba/data/internet/stations/2/2210/H/H_1Y.xlsx,2026-09-07T09:00:38.038324Z,recordings/boundary_1020_WT_populated.recording.json,recordings/layer_10.recording.json
2210,HS Klokot,Klokot,2,General;Hidrološka stanica,True,True,False,water_temperature_reported,WT,Tvode_1Y.xlsx,declared_empty_in_rolling_window,publisher declares #Rows = 0 while still declaring parameter 'Temperatura vode' and unit '°C' for this station,0,°C,Temperatura vode,81 Web Kontinuirani,3627,200,https://vodostaji.voda.ba/data/internet/stations/2/2210/WT/Tvode_1Y.xlsx,2026-09-07T09:00:38.415170Z,recordings/boundary_4060_WT_headeronly.recording.json,recordings/layer_30.recording.json
2310,HS Ključ,Sana,2,General;Hidrološka stanica,True,True,True,discharge_reported,Q,Q_1Y.xlsx,available,publisher declares #Rows = 7816,7816,m³/s,Proticaj,81 Web Kontinuirani,113539,200,https://vodostaji.voda.ba/data/internet/stations/2/2310/Q/Q_1Y.xlsx,2026-09-07T09:00:38.791990Z,recordings/boundary_1020_WT_populated.recording.json,recordings/layer_20.recording.json
2310,HS Ključ,Sana,2,General;Hidrološka stanica,True,True,True,stage_reported,H,H_1Y.xlsx,available,publisher declares #Rows = 7779,7779,cm,Vodostaj,81 Web Kontinuirani,106162,200,https://vodostaji.voda.ba/data/internet/stations/2/2310/H/H_1Y.xlsx,2026-09-07T09:00:39.164800Z,recordings/boundary_1020_WT_populated.recording.json,recordings/layer_10.recording.json
2310,HS Ključ,Sana,2,General;Hidrološka stanica,True,True,False,water_temperature_reported,WT,Tvode_1Y.xlsx,declared_empty_in_rolling_window,publisher declares #Rows = 0 while still declaring parameter 'Temperatura vode' and unit '°C' for this station,0,°C,Temperatura vode,81 Web Kontinuirani,3631,200,https://vodostaji.voda.ba/data/internet/stations/2/2310/WT/Tvode_1Y.xlsx,2026-09-07T09:00:39.548390Z,recordings/boundary_4060_WT_headeronly.recording.json,recordings/layer_30.recording.json
2320,HS Sanski Most,Sana,2,General;Hidrološka stanica,True,True,True,discharge_reported,Q,Q_1Y.xlsx,available,publisher declares #Rows = 8702,8702,m³/s,Proticaj,81 Web Kontinuirani,115674,200,https://vodostaji.voda.ba/data/internet/stations/2/2320/Q/Q_1Y.xlsx,2026-09-07T09:00:39.928686Z,recordings/boundary_1020_WT_populated.recording.json,recordings/layer_20.recording.json
2320,HS Sanski Most,Sana,2,General;Hidrološka stanica,True,True,True,stage_reported,H,H_1Y.xlsx,available,publisher declares #Rows = 8702,8702,cm,Vodostaj,81 Web Kontinuirani,110927,200,https://vodostaji.voda.ba/data/internet/stations/2/2320/H/H_1Y.xlsx,2026-09-07T09:00:40.296947Z,recordings/boundary_1020_WT_populated.recording.json,recordings/layer_10.recording.json
2320,HS Sanski Most,Sana,2,General;Hidrološka stanica,True,True,True,water_temperature_reported,WT,Tvode_1Y.xlsx,available,publisher declares #Rows = 8702,8702,°C,Temperatura vode,81 Web Kontinuirani,113868,200,https://vodostaji.voda.ba/data/internet/stations/2/2320/WT/Tvode_1Y.xlsx,2026-09-07T09:00:40.674268Z,recordings/boundary_1020_WT_populated.recording.json,recordings/layer_30.recording.json
3010,HS Gornji Vakuf,Vrbas,3,General;Hidrološka stanica,True,True,True,discharge_reported,Q,Q_1Y.xlsx,available,publisher declares #Rows = 8688,8688,m³/s,Proticaj,81 Web Kontinuirani,121535,200,https://vodostaji.voda.ba/data/internet/stations/3/3010/Q/Q_1Y.xlsx,2026-09-07T09:00:41.046139Z,recordings/boundary_1020_WT_populated.recording.json,recordings/layer_20.recording.json
3010,HS Gornji Vakuf,Vrbas,3,General;Hidrološka stanica,True,True,True,stage_reported,H,H_1Y.xlsx,available,publisher declares #Rows = 8687,8687,cm,Vodostaj,81 Web Kontinuirani,120085,200,https://vodostaji.voda.ba/data/internet/stations/3/3010/H/H_1Y.xlsx,2026-09-07T09:00:41.425640Z,recordings/boundary_1020_WT_populated.recording.json,recordings/layer_10.recording.json
3010,HS Gornji Vakuf,Vrbas,3,General;Hidrološka stanica,True,True,False,water_temperature_reported,WT,Tvode_1Y.xlsx,declared_empty_in_rolling_window,publisher declares #Rows = 0 while still declaring parameter 'Temperatura vode' and unit '°C' for this station,0,°C,Temperatura vode,81 Web Kontinuirani,3632,200,https://vodostaji.voda.ba/data/internet/stations/3/3010/WT/Tvode_1Y.xlsx,2026-09-07T09:00:41.812929Z,recordings/boundary_4060_WT_headeronly.recording.json,recordings/layer_30.recording.json
3020,HS Daljan,Vrbas,3,General;Hidrološka stanica,True,True,True,discharge_reported,Q,Q_1Y.xlsx,available,publisher declares #Rows = 8687,8687,m³/s,Proticaj,81 Web Kontinuirani,126529,200,https://vodostaji.voda.ba/data/internet/stations/3/3020/Q/Q_1Y.xlsx,2026-09-07T09:00:42.182590Z,recordings/boundary_1020_WT_populated.recording.json,recordings/layer_20.recording.json
3020,HS Daljan,Vrbas,3,General;Hidrološka stanica,True,True,True,stage_reported,H,H_1Y.xlsx,available,publisher declares #Rows = 8687,8687,cm,Vodostaj,81 Web Kontinuirani,122859,200,https://vodostaji.voda.ba/data/internet/stations/3/3020/H/H_1Y.xlsx,2026-09-07T09:00:42.554856Z,recordings/boundary_1020_WT_populated.recording.json,recordings/layer_10.recording.json
3020,HS Daljan,Vrbas,3,General;Hidrološka stanica,True,True,False,water_temperature_reported,WT,Tvode_1Y.xlsx,declared_empty_in_rolling_window,publisher declares #Rows = 0 while still declaring parameter 'Temperatura vode' and unit '°C' for this station,0,°C,Temperatura vode,81 Web Kontinuirani,3629,200,https://vodostaji.voda.ba/data/internet/stations/3/3020/WT/Tvode_1Y.xlsx,2026-09-07T09:00:42.929632Z,recordings/boundary_4060_WT_headeronly.recording.json,recordings/layer_30.recording.json
3030,HS Kozluk,Vrbas,3,General;Hidrološka stanica,True,True,True,discharge_reported,Q,Q_1Y.xlsx,available,publisher declares #Rows = 8670,8670,m³/s,Proticaj,81 Web Kontinuirani,126338,200,https://vodostaji.voda.ba/data/internet/stations/3/3030/Q/Q_1Y.xlsx,2026-09-07T09:00:43.299606Z,recordings/boundary_1020_WT_populated.recording.json,recordings/layer_20.recording.json
3030,HS Kozluk,Vrbas,3,General;Hidrološka stanica,True,True,True,stage_reported,H,H_1Y.xlsx,available,publisher declares #Rows = 8670,8670,cm,Vodostaj,81 Web Kontinuirani,122776,200,https://vodostaji.voda.ba/data/internet/stations/3/3030/H/H_1Y.xlsx,2026-09-07T09:00:43.673189Z,recordings/boundary_1020_WT_populated.recording.json,recordings/layer_10.recording.json
3030,HS Kozluk,Vrbas,3,General;Hidrološka stanica,True,True,False,water_temperature_reported,WT,Tvode_1Y.xlsx,declared_empty_in_rolling_window,publisher declares #Rows = 0 while still declaring parameter 'Temperatura vode' and unit '°C' for this station,0,°C,Temperatura vode,81 Web Kontinuirani,3628,200,https://vodostaji.voda.ba/data/internet/stations/3/3030/WT/Tvode_1Y.xlsx,2026-09-07T09:00:44.045499Z,recordings/boundary_4060_WT_headeronly.recording.json,recordings/layer_30.recording.json
3040,HS Bugojno,Vrbas,3,General;Hidrološka stanica,True,True,True,discharge_reported,Q,Q_1Y.xlsx,available,publisher declares #Rows = 8690,8690,m³/s,Proticaj,81 Web Kontinuirani,124258,200,https://vodostaji.voda.ba/data/internet/stations/3/3040/Q/Q_1Y.xlsx,2026-09-07T09:00:44.414013Z,recordings/boundary_1020_WT_populated.recording.json,recordings/layer_20.recording.json
3040,HS Bugojno,Vrbas,3,General;Hidrološka stanica,True,True,True,stage_reported,H,H_1Y.xlsx,available,publisher declares #Rows = 8690,8690,cm,Vodostaj,81 Web Kontinuirani,121332,200,https://vodostaji.voda.ba/data/internet/stations/3/3040/H/H_1Y.xlsx,2026-09-07T09:00:44.794257Z,recordings/boundary_1020_WT_populated.recording.json,recordings/layer_10.recording.json
3040,HS Bugojno,Vrbas,3,General;Hidrološka stanica,True,True,False,water_temperature_reported,WT,Tvode_1Y.xlsx,declared_empty_in_rolling_window,publisher declares #Rows = 0 while still declaring parameter 'Temperatura vode' and unit '°C' for this station,0,°C,Temperatura vode,81 Web Kontinuirani,3629,200,https://vodostaji.voda.ba/data/internet/stations/3/3040/WT/Tvode_1Y.xlsx,2026-09-07T09:00:45.170502Z,recordings/boundary_4060_WT_headeronly.recording.json,recordings/layer_30.recording.json
4010,HS Vrelo Bosne,Bosna,4,General;Hidrološka stanica,True,True,True,discharge_reported,Q,Q_1Y.xlsx,available,publisher declares #Rows = 7830,7830,m³/s,Proticaj,81 Web Kontinuirani,109756,200,https://vodostaji.voda.ba/data/internet/stations/4/4010/Q/Q_1Y.xlsx,2026-09-07T09:00:45.544107Z,recordings/boundary_1020_WT_populated.recording.json,recordings/layer_20.recording.json
4010,HS Vrelo Bosne,Bosna,4,General;Hidrološka stanica,True,True,True,stage_reported,H,H_1Y.xlsx,available,publisher declares #Rows = 7830,7830,cm,Vodostaj,81 Web Kontinuirani,107744,200,https://vodostaji.voda.ba/data/internet/stations/4/4010/H/H_1Y.xlsx,2026-09-07T09:00:45.915148Z,recordings/boundary_1020_WT_populated.recording.json,recordings/layer_10.recording.json
4010,HS Vrelo Bosne,Bosna,4,General;Hidrološka stanica,True,True,False,water_temperature_reported,WT,Tvode_1Y.xlsx,declared_empty_in_rolling_window,publisher declares #Rows = 0 while still declaring parameter 'Temperatura vode' and unit '°C' for this station,0,°C,Temperatura vode,81 Web Kontinuirani,3630,200,https://vodostaji.voda.ba/data/internet/stations/4/4010/WT/Tvode_1Y.xlsx,2026-09-07T09:00:46.290504Z,recordings/boundary_4060_WT_headeronly.recording.json,recordings/layer_30.recording.json
4020,HS Rimski Most,Bosna,4,General;Hidrološka stanica,True,True,True,discharge_reported,Q,Q_1Y.xlsx,available,publisher declares #Rows = 8086,8086,m³/s,Proticaj,81 Web Kontinuirani,114829,200,https://vodostaji.voda.ba/data/internet/stations/4/4020/Q/Q_1Y.xlsx,2026-09-07T09:00:46.667826Z,recordings/boundary_1020_WT_populated.recording.json,recordings/layer_20.recording.json
4020,HS Rimski Most,Bosna,4,General;Hidrološka stanica,True,True,True,stage_reported,H,H_1Y.xlsx,available,publisher declares #Rows = 7978,7978,cm,Vodostaj,81 Web Kontinuirani,112906,200,https://vodostaji.voda.ba/data/internet/stations/4/4020/H/H_1Y.xlsx,2026-09-07T09:00:47.039463Z,recordings/boundary_1020_WT_populated.recording.json,recordings/layer_10.recording.json
4020,HS Rimski Most,Bosna,4,General;Hidrološka stanica,True,True,False,water_temperature_reported,WT,Tvode_1Y.xlsx,declared_empty_in_rolling_window,publisher declares #Rows = 0 while still declaring parameter 'Temperatura vode' and unit '°C' for this station,0,°C,Temperatura vode,81 Web Kontinuirani,3632,200,https://vodostaji.voda.ba/data/internet/stations/4/4020/WT/Tvode_1Y.xlsx,2026-09-07T09:00:47.414061Z,recordings/boundary_4060_WT_headeronly.recording.json,recordings/layer_30.recording.json
4024,HS Ljubnići,Bosna,4,General;Hidrološka stanica,True,True,True,discharge_reported,Q,Q_1Y.xlsx,available,publisher declares #Rows = 8346,8346,m³/s,Proticaj,81 Web Kontinuirani,133491,200,https://vodostaji.voda.ba/data/internet/stations/4/4024/Q/Q_1Y.xlsx,2026-09-07T09:00:48.922027Z,recordings/boundary_1020_WT_populated.recording.json,recordings/layer_20.recording.json
4024,HS Ljubnići,Bosna,4,General;Hidrološka stanica,True,True,True,stage_reported,H,H_1Y.xlsx,available,publisher declares #Rows = 8347,8347,cm,Vodostaj,81 Web Kontinuirani,121795,200,https://vodostaji.voda.ba/data/internet/stations/4/4024/H/H_1Y.xlsx,2026-09-07T09:00:49.306420Z,recordings/boundary_1020_WT_populated.recording.json,recordings/layer_10.recording.json
4024,HS Ljubnići,Bosna,4,General;Hidrološka stanica,True,True,False,water_temperature_reported,WT,Tvode_1Y.xlsx,declared_empty_in_rolling_window,publisher declares #Rows = 0 while still declaring parameter 'Temperatura vode' and unit '°C' for this station,0,°C,Temperatura vode,81 Web Kontinuirani,3633,200,https://vodostaji.voda.ba/data/internet/stations/4/4024/WT/Tvode_1Y.xlsx,2026-09-07T09:00:49.688057Z,recordings/boundary_4060_WT_headeronly.recording.json,recordings/layer_30.recording.json
4030,HS Visoko n/B,Bosna,4,General;Hidrološka stanica,True,True,True,discharge_reported,Q,Q_1Y.xlsx,available,publisher declares #Rows = 8621,8621,m³/s,Proticaj,81 Web Kontinuirani,114148,200,https://vodostaji.voda.ba/data/internet/stations/4/4030/Q/Q_1Y.xlsx,2026-09-07T09:00:50.081677Z,recordings/boundary_1020_WT_populated.recording.json,recordings/layer_20.recording.json
4030,HS Visoko n/B,Bosna,4,General;Hidrološka stanica,True,True,True,stage_reported,H,H_1Y.xlsx,available,publisher declares #Rows = 8621,8621,cm,Vodostaj,81 Web Kontinuirani,110815,200,https://vodostaji.voda.ba/data/internet/stations/4/4030/H/H_1Y.xlsx,2026-09-07T09:00:50.454785Z,recordings/boundary_1020_WT_populated.recording.json,recordings/layer_10.recording.json
4030,HS Visoko n/B,Bosna,4,General;Hidrološka stanica,True,True,False,water_temperature_reported,WT,Tvode_1Y.xlsx,declared_empty_in_rolling_window,publisher declares #Rows = 0 while still declaring parameter 'Temperatura vode' and unit '°C' for this station,0,°C,Temperatura vode,81 Web Kontinuirani,3631,200,https://vodostaji.voda.ba/data/internet/stations/4/4030/WT/Tvode_1Y.xlsx,2026-09-07T09:00:50.842899Z,recordings/boundary_4060_WT_headeronly.recording.json,recordings/layer_30.recording.json
4042,HS Kakanj n/B,Bosna,4,General;Hidrološka stanica,True,True,True,discharge_reported,Q,Q_1Y.xlsx,available,publisher declares #Rows = 8666,8666,m³/s,Proticaj,81 Web Kontinuirani,132265,200,https://vodostaji.voda.ba/data/internet/stations/4/4042/Q/Q_1Y.xlsx,2026-09-07T09:00:51.218744Z,recordings/boundary_1020_WT_populated.recording.json,recordings/layer_20.recording.json
4042,HS Kakanj n/B,Bosna,4,General;Hidrološka stanica,True,True,True,stage_reported,H,H_1Y.xlsx,available,publisher declares #Rows = 8666,8666,cm,Vodostaj,81 Web Kontinuirani,125453,200,https://vodostaji.voda.ba/data/internet/stations/4/4042/H/H_1Y.xlsx,2026-09-07T09:00:51.589511Z,recordings/boundary_1020_WT_populated.recording.json,recordings/layer_10.recording.json
4042,HS Kakanj n/B,Bosna,4,General;Hidrološka stanica,True,True,False,water_temperature_reported,WT,Tvode_1Y.xlsx,declared_empty_in_rolling_window,publisher declares #Rows = 0 while still declaring parameter 'Temperatura vode' and unit '°C' for this station,0,°C,Temperatura vode,81 Web Kontinuirani,3631,200,https://vodostaji.voda.ba/data/internet/stations/4/4042/WT/Tvode_1Y.xlsx,2026-09-07T09:00:51.957287Z,recordings/boundary_4060_WT_headeronly.recording.json,recordings/layer_30.recording.json
4050,HS Raspotočje,Bosna,4,General;Hidrološka stanica,True,True,True,discharge_reported,Q,Q_1Y.xlsx,available,publisher declares #Rows = 8692,8692,m³/s,Proticaj,81 Web Kontinuirani,134667,200,https://vodostaji.voda.ba/data/internet/stations/4/4050/Q/Q_1Y.xlsx,2026-09-07T09:00:52.325698Z,recordings/boundary_1020_WT_populated.recording.json,recordings/layer_20.recording.json
4050,HS Raspotočje,Bosna,4,General;Hidrološka stanica,True,True,True,stage_reported,H,H_1Y.xlsx,available,publisher declares #Rows = 8692,8692,cm,Vodostaj,81 Web Kontinuirani,127186,200,https://vodostaji.voda.ba/data/internet/stations/4/4050/H/H_1Y.xlsx,2026-09-07T09:00:52.700262Z,recordings/boundary_1020_WT_populated.recording.json,recordings/layer_10.recording.json
4050,HS Raspotočje,Bosna,4,General;Hidrološka stanica,True,True,False,water_temperature_reported,WT,Tvode_1Y.xlsx,declared_empty_in_rolling_window,publisher declares #Rows = 0 while still declaring parameter 'Temperatura vode' and unit '°C' for this station,0,°C,Temperatura vode,81 Web Kontinuirani,3634,200,https://vodostaji.voda.ba/data/internet/stations/4/4050/WT/Tvode_1Y.xlsx,2026-09-07T09:00:53.082486Z,recordings/boundary_4060_WT_headeronly.recording.json,recordings/layer_30.recording.json
4055,HS Žepče,Bosna,4,General;Hidrološka stanica,True,True,True,discharge_reported,Q,Q_1Y.xlsx,available,publisher declares #Rows = 8626,8626,m³/s,Proticaj,81 Web Kontinuirani,131563,200,https://vodostaji.voda.ba/data/internet/stations/4/4055/Q/Q_1Y.xlsx,2026-09-07T09:00:53.459040Z,recordings/boundary_1020_WT_populated.recording.json,recordings/layer_20.recording.json
4055,HS Žepče,Bosna,4,General;Hidrološka stanica,True,True,True,stage_reported,H,H_1Y.xlsx,available,publisher declares #Rows = 8626,8626,cm,Vodostaj,81 Web Kontinuirani,124434,200,https://vodostaji.voda.ba/data/internet/stations/4/4055/H/H_1Y.xlsx,2026-09-07T09:00:53.839249Z,recordings/boundary_1020_WT_populated.recording.json,recordings/layer_10.recording.json
4055,HS Žepče,Bosna,4,General;Hidrološka stanica,True,True,False,water_temperature_reported,WT,Tvode_1Y.xlsx,declared_empty_in_rolling_window,publisher declares #Rows = 0 while still declaring parameter 'Temperatura vode' and unit '°C' for this station,0,°C,Temperatura vode,81 Web Kontinuirani,3633,200,https://vodostaji.voda.ba/data/internet/stations/4/4055/WT/Tvode_1Y.xlsx,2026-09-07T09:00:54.213009Z,recordings/boundary_4060_WT_headeronly.recording.json,recordings/layer_30.recording.json
4060,HS Zavidovići n/B,Bosna,4,General;Hidrološka stanica,True,True,True,discharge_reported,Q,Q_1Y.xlsx,available,publisher declares #Rows = 8701,8701,m³/s,Proticaj,81 Web Kontinuirani,117574,200,https://vodostaji.voda.ba/data/internet/stations/4/4060/Q/Q_1Y.xlsx,2026-09-07T09:00:54.586218Z,recordings/boundary_1020_WT_populated.recording.json,recordings/layer_20.recording.json
4060,HS Zavidovići n/B,Bosna,4,General;Hidrološka stanica,True,True,True,stage_reported,H,H_1Y.xlsx,available,publisher declares #Rows = 8701,8701,cm,Vodostaj,81 Web Kontinuirani,113060,200,https://vodostaji.voda.ba/data/internet/stations/4/4060/H/H_1Y.xlsx,2026-09-07T09:00:54.964604Z,recordings/boundary_1020_WT_populated.recording.json,recordings/layer_10.recording.json
4060,HS Zavidovići n/B,Bosna,4,General;Hidrološka stanica,True,True,False,water_temperature_reported,WT,Tvode_1Y.xlsx,declared_empty_in_rolling_window,publisher declares #Rows = 0 while still declaring parameter 'Temperatura vode' and unit '°C' for this station,0,°C,Temperatura vode,81 Web Kontinuirani,3640,200,https://vodostaji.voda.ba/data/internet/stations/4/4060/WT/Tvode_1Y.xlsx,2026-09-07T09:00:55.338086Z,recordings/boundary_4060_WT_headeronly.recording.json,recordings/layer_30.recording.json
4061,HS Donji Ulišnjak,Bosna,4,General;Hidrološka stanica,True,True,True,discharge_reported,Q,Q_1Y.xlsx,available,publisher declares #Rows = 8345,8345,m³/s,Proticaj,81 Web Kontinuirani,130125,200,https://vodostaji.voda.ba/data/internet/stations/4/4061/Q/Q_1Y.xlsx,2026-09-07T09:00:55.718733Z,recordings/boundary_1020_WT_populated.recording.json,recordings/layer_20.recording.json
4061,HS Donji Ulišnjak,Bosna,4,General;Hidrološka stanica,True,True,True,stage_reported,H,H_1Y.xlsx,available,publisher declares #Rows = 8345,8345,cm,Vodostaj,81 Web Kontinuirani,122307,200,https://vodostaji.voda.ba/data/internet/stations/4/4061/H/H_1Y.xlsx,2026-09-07T09:00:56.086022Z,recordings/boundary_1020_WT_populated.recording.json,recordings/layer_10.recording.json
4061,HS Donji Ulišnjak,Bosna,4,General;Hidrološka stanica,True,True,False,water_temperature_reported,WT,Tvode_1Y.xlsx,declared_empty_in_rolling_window,publisher declares #Rows = 0 while still declaring parameter 'Temperatura vode' and unit '°C' for this station,0,°C,Temperatura vode,81 Web Kontinuirani,3640,200,https://vodostaji.voda.ba/data/internet/stations/4/4061/WT/Tvode_1Y.xlsx,2026-09-07T09:00:56.464804Z,recordings/boundary_4060_WT_headeronly.recording.json,recordings/layer_30.recording.json
4062,HS Maglaj Grad,Bosna,4,General;Hidrološka stanica,True,True,True,discharge_reported,Q,Q_1Y.xlsx,available,publisher declares #Rows = 34757,34757,m³/s,Proticaj,81 Web Kontinuirani,444907,200,https://vodostaji.voda.ba/data/internet/stations/4/4062/Q/Q_1Y.xlsx,2026-09-07T09:00:56.847533Z,recordings/boundary_1020_WT_populated.recording.json,recordings/layer_20.recording.json
4062,HS Maglaj Grad,Bosna,4,General;Hidrološka stanica,True,True,True,stage_reported,H,H_1Y.xlsx,available,publisher declares #Rows = 34757,34757,cm,Vodostaj,81 Web Kontinuirani,429107,200,https://vodostaji.voda.ba/data/internet/stations/4/4062/H/H_1Y.xlsx,2026-09-07T09:00:57.217728Z,recordings/boundary_1020_WT_populated.recording.json,recordings/layer_10.recording.json
4062,HS Maglaj Grad,Bosna,4,General;Hidrološka stanica,True,True,False,water_temperature_reported,WT,Tvode_1Y.xlsx,declared_empty_in_rolling_window,publisher declares #Rows = 0 while still declaring parameter 'Temperatura vode' and unit '°C' for this station,0,°C,Temperatura vode,81 Web Kontinuirani,3632,200,https://vodostaji.voda.ba/data/internet/stations/4/4062/WT/Tvode_1Y.xlsx,2026-09-07T09:00:57.586503Z,recordings/boundary_4060_WT_headeronly.recording.json,recordings/layer_30.recording.json
4070,HS Maglaj,Bosna,4,General;Hidrološka stanica,True,True,True,discharge_reported,Q,Q_1Y.xlsx,available,publisher declares #Rows = 8689,8689,m³/s,Proticaj,81 Web Kontinuirani,135301,200,https://vodostaji.voda.ba/data/internet/stations/4/4070/Q/Q_1Y.xlsx,2026-09-07T09:00:57.957579Z,recordings/boundary_1020_WT_populated.recording.json,recordings/layer_20.recording.json
4070,HS Maglaj,Bosna,4,General;Hidrološka stanica,True,True,True,stage_reported,H,H_1Y.xlsx,available,publisher declares #Rows = 8689,8689,cm,Vodostaj,81 Web Kontinuirani,126782,200,https://vodostaji.voda.ba/data/internet/stations/4/4070/H/H_1Y.xlsx,2026-09-07T09:00:58.337454Z,recordings/boundary_1020_WT_populated.recording.json,recordings/layer_10.recording.json
4070,HS Maglaj,Bosna,4,General;Hidrološka stanica,True,True,True,water_temperature_reported,WT,Tvode_1Y.xlsx,available,publisher declares #Rows = 8687,8687,°C,Temperatura vode,81 Web Kontinuirani,117433,200,https://vodostaji.voda.ba/data/internet/stations/4/4070/WT/Tvode_1Y.xlsx,2026-09-07T09:00:58.718196Z,recordings/boundary_1020_WT_populated.recording.json,recordings/layer_30.recording.json
4110,HS Ilidža,Željeznica,4,General;Hidrološka stanica,True,True,True,discharge_reported,Q,Q_1Y.xlsx,available,publisher declares #Rows = 5189,5189,m³/s,Proticaj,81 Web Kontinuirani,76202,200,https://vodostaji.voda.ba/data/internet/stations/4/4110/Q/Q_1Y.xlsx,2026-09-07T09:01:02.505050Z,recordings/boundary_1020_WT_populated.recording.json,recordings/layer_20.recording.json
4110,HS Ilidža,Željeznica,4,General;Hidrološka stanica,True,True,True,stage_reported,H,H_1Y.xlsx,available,publisher declares #Rows = 5189,5189,cm,Vodostaj,81 Web Kontinuirani,74560,200,https://vodostaji.voda.ba/data/internet/stations/4/4110/H/H_1Y.xlsx,2026-09-07T09:01:02.873362Z,recordings/boundary_1020_WT_populated.recording.json,recordings/layer_10.recording.json
4110,HS Ilidža,Željeznica,4,General;Hidrološka stanica,True,True,False,water_temperature_reported,WT,Tvode_1Y.xlsx,available,publisher declares #Rows = 1899,1899,°C,Temperatura vode,81 Web Kontinuirani,29228,200,https://vodostaji.voda.ba/data/internet/stations/4/4110/WT/Tvode_1Y.xlsx,2026-09-07T09:01:03.252086Z,recordings/boundary_1020_WT_populated.recording.json,recordings/layer_30.recording.json
4111,HS Podteljig,Crna Rijeka,4,General;Hidrološka stanica,True,True,True,discharge_reported,Q,Q_1Y.xlsx,available,publisher declares #Rows = 8467,8467,m³/s,Proticaj,81 Web Kontinuirani,118738,200,https://vodostaji.voda.ba/data/internet/stations/4/4111/Q/Q_1Y.xlsx,2026-09-07T09:01:03.623991Z,recordings/boundary_1020_WT_populated.recording.json,recordings/layer_20.recording.json
4111,HS Podteljig,Crna Rijeka,4,General;Hidrološka stanica,True,True,True,stage_reported,H,H_1Y.xlsx,available,publisher declares #Rows = 8467,8467,cm,Vodostaj,81 Web Kontinuirani,117141,200,https://vodostaji.voda.ba/data/internet/stations/4/4111/H/H_1Y.xlsx,2026-09-07T09:01:04.008634Z,recordings/boundary_1020_WT_populated.recording.json,recordings/layer_10.recording.json
4111,HS Podteljig,Crna Rijeka,4,General;Hidrološka stanica,True,True,False,water_temperature_reported,WT,Tvode_1Y.xlsx,declared_empty_in_rolling_window,publisher declares #Rows = 0 while still declaring parameter 'Temperatura vode' and unit '°C' for this station,0,°C,Temperatura vode,81 Web Kontinuirani,3629,200,https://vodostaji.voda.ba/data/internet/stations/4/4111/WT/Tvode_1Y.xlsx,2026-09-07T09:01:04.375346Z,recordings/boundary_4060_WT_headeronly.recording.json,recordings/layer_30.recording.json
4121,HS Blažuj,Zujevina,4,General;Hidrološka stanica,True,True,True,discharge_reported,Q,Q_1Y.xlsx,available,publisher declares #Rows = 7935,7935,m³/s,Proticaj,81 Web Kontinuirani,108584,200,https://vodostaji.voda.ba/data/internet/stations/4/4121/Q/Q_1Y.xlsx,2026-09-07T09:01:05.871889Z,recordings/boundary_1020_WT_populated.recording.json,recordings/layer_20.recording.json
4121,HS Blažuj,Zujevina,4,General;Hidrološka stanica,True,True,True,stage_reported,H,H_1Y.xlsx,available,publisher declares #Rows = 7935,7935,cm,Vodostaj,81 Web Kontinuirani,111941,200,https://vodostaji.voda.ba/data/internet/stations/4/4121/H/H_1Y.xlsx,2026-09-07T09:01:06.241738Z,recordings/boundary_1020_WT_populated.recording.json,recordings/layer_10.recording.json
4121,HS Blažuj,Zujevina,4,General;Hidrološka stanica,True,True,False,water_temperature_reported,WT,Tvode_1Y.xlsx,declared_empty_in_rolling_window,publisher declares #Rows = 0 while still declaring parameter 'Temperatura vode' and unit '°C' for this station,0,°C,Temperatura vode,81 Web Kontinuirani,3630,200,https://vodostaji.voda.ba/data/internet/stations/4/4121/WT/Tvode_1Y.xlsx,2026-09-07T09:01:06.621572Z,recordings/boundary_4060_WT_headeronly.recording.json,recordings/layer_30.recording.json
4130,HS Doglodi,Dobrinja,4,General;Hidrološka stanica,True,True,True,discharge_reported,Q,Q_1Y.xlsx,available,publisher declares #Rows = 8231,8231,m³/s,Proticaj,81 Web Kontinuirani,113648,200,https://vodostaji.voda.ba/data/internet/stations/4/4130/Q/Q_1Y.xlsx,2026-09-07T09:01:06.990627Z,recordings/boundary_1020_WT_populated.recording.json,recordings/layer_20.recording.json
4130,HS Doglodi,Dobrinja,4,General;Hidrološka stanica,True,True,True,stage_reported,H,H_1Y.xlsx,available,publisher declares #Rows = 8231,8231,cm,Vodostaj,81 Web Kontinuirani,115804,200,https://vodostaji.voda.ba/data/internet/stations/4/4130/H/H_1Y.xlsx,2026-09-07T09:01:07.412084Z,recordings/boundary_1020_WT_populated.recording.json,recordings/layer_10.recording.json
4130,HS Doglodi,Dobrinja,4,General;Hidrološka stanica,True,True,False,water_temperature_reported,WT,Tvode_1Y.xlsx,declared_empty_in_rolling_window,publisher declares #Rows = 0 while still declaring parameter 'Temperatura vode' and unit '°C' for this station,0,°C,Temperatura vode,81 Web Kontinuirani,3629,200,https://vodostaji.voda.ba/data/internet/stations/4/4130/WT/Tvode_1Y.xlsx,2026-09-07T09:01:07.812497Z,recordings/boundary_4060_WT_headeronly.recording.json,recordings/layer_30.recording.json
4142,HS Vodoprivreda,Miljacka,4,General;Hidrološka stanica,True,True,True,discharge_reported,Q,Q_1Y.xlsx,available,publisher declares #Rows = 8704,8704,m³/s,Proticaj,81 Web Kontinuirani,115442,200,https://vodostaji.voda.ba/data/internet/stations/4/4142/Q/Q_1Y.xlsx,2026-09-07T09:01:08.203806Z,recordings/boundary_1020_WT_populated.recording.json,recordings/layer_20.recording.json
4142,HS Vodoprivreda,Miljacka,4,General;Hidrološka stanica,True,True,True,stage_reported,H,H_1Y.xlsx,available,publisher declares #Rows = 8704,8704,cm,Vodostaj,81 Web Kontinuirani,113012,200,https://vodostaji.voda.ba/data/internet/stations/4/4142/H/H_1Y.xlsx,2026-09-07T09:01:08.587656Z,recordings/boundary_1020_WT_populated.recording.json,recordings/layer_10.recording.json
4142,HS Vodoprivreda,Miljacka,4,General;Hidrološka stanica,True,True,False,water_temperature_reported,WT,Tvode_1Y.xlsx,declared_empty_in_rolling_window,publisher declares #Rows = 0 while still declaring parameter 'Temperatura vode' and unit '°C' for this station,0,°C,Temperatura vode,81 Web Kontinuirani,3632,200,https://vodostaji.voda.ba/data/internet/stations/4/4142/WT/Tvode_1Y.xlsx,2026-09-07T09:01:08.978201Z,recordings/boundary_4060_WT_headeronly.recording.json,recordings/layer_30.recording.json
4150,HS Semizovac,Ljubina,4,General;Hidrološka stanica,True,True,True,discharge_reported,Q,Q_1Y.xlsx,available,publisher declares #Rows = 8686,8686,m³/s,Proticaj,81 Web Kontinuirani,122444,200,https://vodostaji.voda.ba/data/internet/stations/4/4150/Q/Q_1Y.xlsx,2026-09-07T09:01:10.483748Z,recordings/boundary_1020_WT_populated.recording.json,recordings/layer_20.recording.json
4150,HS Semizovac,Ljubina,4,General;Hidrološka stanica,True,True,True,stage_reported,H,H_1Y.xlsx,available,publisher declares #Rows = 8686,8686,cm,Vodostaj,81 Web Kontinuirani,120993,200,https://vodostaji.voda.ba/data/internet/stations/4/4150/H/H_1Y.xlsx,2026-09-07T09:01:10.857708Z,recordings/boundary_1020_WT_populated.recording.json,recordings/layer_10.recording.json
4150,HS Semizovac,Ljubina,4,General;Hidrološka stanica,True,True,False,water_temperature_reported,WT,Tvode_1Y.xlsx,declared_empty_in_rolling_window,publisher declares #Rows = 0 while still declaring parameter 'Temperatura vode' and unit '°C' for this station,0,°C,Temperatura vode,81 Web Kontinuirani,3630,200,https://vodostaji.voda.ba/data/internet/stations/4/4150/WT/Tvode_1Y.xlsx,2026-09-07T09:01:11.232223Z,recordings/boundary_4060_WT_headeronly.recording.json,recordings/layer_30.recording.json
4170,HS Podlugovi,Stavnja,4,General;Hidrološka stanica,True,True,True,discharge_reported,Q,Q_1Y.xlsx,available,publisher declares #Rows = 8222,8222,m³/s,Proticaj,81 Web Kontinuirani,119380,200,https://vodostaji.voda.ba/data/internet/stations/4/4170/Q/Q_1Y.xlsx,2026-09-07T09:01:12.726484Z,recordings/boundary_1020_WT_populated.recording.json,recordings/layer_20.recording.json
4170,HS Podlugovi,Stavnja,4,General;Hidrološka stanica,True,True,True,stage_reported,H,H_1Y.xlsx,available,publisher declares #Rows = 8222,8222,cm,Vodostaj,81 Web Kontinuirani,117145,200,https://vodostaji.voda.ba/data/internet/stations/4/4170/H/H_1Y.xlsx,2026-09-07T09:01:13.098850Z,recordings/boundary_1020_WT_populated.recording.json,recordings/layer_10.recording.json
4170,HS Podlugovi,Stavnja,4,General;Hidrološka stanica,True,True,False,water_temperature_reported,WT,Tvode_1Y.xlsx,declared_empty_in_rolling_window,publisher declares #Rows = 0 while still declaring parameter 'Temperatura vode' and unit '°C' for this station,0,°C,Temperatura vode,81 Web Kontinuirani,3630,200,https://vodostaji.voda.ba/data/internet/stations/4/4170/WT/Tvode_1Y.xlsx,2026-09-07T09:01:13.475517Z,recordings/boundary_4060_WT_headeronly.recording.json,recordings/layer_30.recording.json
4220,HS Visoko n/F,Fojnička rijeka,4,General;Hidrološka stanica,True,True,True,discharge_reported,Q,Q_1Y.xlsx,available,publisher declares #Rows = 8689,8689,m³/s,Proticaj,81 Web Kontinuirani,122578,200,https://vodostaji.voda.ba/data/internet/stations/4/4220/Q/Q_1Y.xlsx,2026-09-07T09:01:13.852536Z,recordings/boundary_1020_WT_populated.recording.json,recordings/layer_20.recording.json
4220,HS Visoko n/F,Fojnička rijeka,4,General;Hidrološka stanica,True,True,True,stage_reported,H,H_1Y.xlsx,available,publisher declares #Rows = 8689,8689,cm,Vodostaj,81 Web Kontinuirani,120884,200,https://vodostaji.voda.ba/data/internet/stations/4/4220/H/H_1Y.xlsx,2026-09-07T09:01:14.231959Z,recordings/boundary_1020_WT_populated.recording.json,recordings/layer_10.recording.json
4220,HS Visoko n/F,Fojnička rijeka,4,General;Hidrološka stanica,True,True,False,water_temperature_reported,WT,Tvode_1Y.xlsx,declared_empty_in_rolling_window,publisher declares #Rows = 0 while still declaring parameter 'Temperatura vode' and unit '°C' for this station,0,°C,Temperatura vode,81 Web Kontinuirani,3631,200,https://vodostaji.voda.ba/data/internet/stations/4/4220/WT/Tvode_1Y.xlsx,2026-09-07T09:01:14.603156Z,recordings/boundary_4060_WT_headeronly.recording.json,recordings/layer_30.recording.json
4240,HS Kakanj n/Zg,Zgošća,4,General;Hidrološka stanica,True,True,True,discharge_reported,Q,Q_1Y.xlsx,available,publisher declares #Rows = 8692,8692,m³/s,Proticaj,81 Web Kontinuirani,119108,200,https://vodostaji.voda.ba/data/internet/stations/4/4240/Q/Q_1Y.xlsx,2026-09-07T09:01:18.358080Z,recordings/boundary_1020_WT_populated.recording.json,recordings/layer_20.recording.json
4240,HS Kakanj n/Zg,Zgošća,4,General;Hidrološka stanica,True,True,True,stage_reported,H,H_1Y.xlsx,available,publisher declares #Rows = 8692,8692,cm,Vodostaj,81 Web Kontinuirani,119073,200,https://vodostaji.voda.ba/data/internet/stations/4/4240/H/H_1Y.xlsx,2026-09-07T09:01:18.732192Z,recordings/boundary_1020_WT_populated.recording.json,recordings/layer_10.recording.json
4240,HS Kakanj n/Zg,Zgošća,4,General;Hidrološka stanica,True,True,False,water_temperature_reported,WT,Tvode_1Y.xlsx,declared_empty_in_rolling_window,publisher declares #Rows = 0 while still declaring parameter 'Temperatura vode' and unit '°C' for this station,0,°C,Temperatura vode,81 Web Kontinuirani,3632,200,https://vodostaji.voda.ba/data/internet/stations/4/4240/WT/Tvode_1Y.xlsx,2026-09-07T09:01:19.112649Z,recordings/boundary_4060_WT_headeronly.recording.json,recordings/layer_30.recording.json
4310,HS Travnik,Lašva,4,General;Hidrološka stanica,True,True,True,discharge_reported,Q,Q_1Y.xlsx,available,publisher declares #Rows = 8689,8689,m³/s,Proticaj,81 Web Kontinuirani,116858,200,https://vodostaji.voda.ba/data/internet/stations/4/4310/Q/Q_1Y.xlsx,2026-09-07T09:01:19.489548Z,recordings/boundary_1020_WT_populated.recording.json,recordings/layer_20.recording.json
4310,HS Travnik,Lašva,4,General;Hidrološka stanica,True,True,True,stage_reported,H,H_1Y.xlsx,available,publisher declares #Rows = 8689,8689,cm,Vodostaj,81 Web Kontinuirani,116183,200,https://vodostaji.voda.ba/data/internet/stations/4/4310/H/H_1Y.xlsx,2026-09-07T09:01:19.863845Z,recordings/boundary_1020_WT_populated.recording.json,recordings/layer_10.recording.json
4310,HS Travnik,Lašva,4,General;Hidrološka stanica,True,True,False,water_temperature_reported,WT,Tvode_1Y.xlsx,declared_empty_in_rolling_window,publisher declares #Rows = 0 while still declaring parameter 'Temperatura vode' and unit '°C' for this station,0,°C,Temperatura vode,81 Web Kontinuirani,3628,200,https://vodostaji.voda.ba/data/internet/stations/4/4310/WT/Tvode_1Y.xlsx,2026-09-07T09:01:20.243687Z,recordings/boundary_4060_WT_headeronly.recording.json,recordings/layer_30.recording.json
4340,HS Stipovići,Gostović,4,General;Hidrološka stanica,True,True,True,discharge_reported,Q,Q_1Y.xlsx,available,publisher declares #Rows = 8500,8500,m³/s,Proticaj,81 Web Kontinuirani,127003,200,https://vodostaji.voda.ba/data/internet/stations/4/4340/Q/Q_1Y.xlsx,2026-09-07T09:01:21.805649Z,recordings/boundary_1020_WT_populated.recording.json,recordings/layer_20.recording.json
4340,HS Stipovići,Gostović,4,General;Hidrološka stanica,True,True,True,stage_reported,H,H_1Y.xlsx,available,publisher declares #Rows = 8499,8499,cm,Vodostaj,81 Web Kontinuirani,123193,200,https://vodostaji.voda.ba/data/internet/stations/4/4340/H/H_1Y.xlsx,2026-09-07T09:01:22.177297Z,recordings/boundary_1020_WT_populated.recording.json,recordings/layer_10.recording.json
4340,HS Stipovići,Gostović,4,General;Hidrološka stanica,True,True,False,water_temperature_reported,WT,Tvode_1Y.xlsx,declared_empty_in_rolling_window,publisher declares #Rows = 0 while still declaring parameter 'Temperatura vode' and unit '°C' for this station,0,°C,Temperatura vode,81 Web Kontinuirani,3632,200,https://vodostaji.voda.ba/data/internet/stations/4/4340/WT/Tvode_1Y.xlsx,2026-09-07T09:01:22.560850Z,recordings/boundary_4060_WT_headeronly.recording.json,recordings/layer_30.recording.json
4410,HS Olovo,Krivaja,4,General;Hidrološka stanica,True,True,True,discharge_reported,Q,Q_1Y.xlsx,available,publisher declares #Rows = 8682,8682,m³/s,Proticaj,81 Web Kontinuirani,127345,200,https://vodostaji.voda.ba/data/internet/stations/4/4410/Q/Q_1Y.xlsx,2026-09-07T09:01:22.931174Z,recordings/boundary_1020_WT_populated.recording.json,recordings/layer_20.recording.json
4410,HS Olovo,Krivaja,4,General;Hidrološka stanica,True,True,True,stage_reported,H,H_1Y.xlsx,available,publisher declares #Rows = 8682,8682,cm,Vodostaj,81 Web Kontinuirani,123587,200,https://vodostaji.voda.ba/data/internet/stations/4/4410/H/H_1Y.xlsx,2026-09-07T09:01:23.311445Z,recordings/boundary_1020_WT_populated.recording.json,recordings/layer_10.recording.json
4410,HS Olovo,Krivaja,4,General;Hidrološka stanica,True,True,False,water_temperature_reported,WT,Tvode_1Y.xlsx,declared_empty_in_rolling_window,publisher declares #Rows = 0 while still declaring parameter 'Temperatura vode' and unit '°C' for this station,0,°C,Temperatura vode,81 Web Kontinuirani,3627,200,https://vodostaji.voda.ba/data/internet/stations/4/4410/WT/Tvode_1Y.xlsx,2026-09-07T09:01:23.688374Z,recordings/boundary_4060_WT_headeronly.recording.json,recordings/layer_30.recording.json
4411,HS Bioštica,Bioštica,4,General;Hidrološka stanica,True,True,True,discharge_reported,Q,Q_1Y.xlsx,available,publisher declares #Rows = 8689,8689,m³/s,Proticaj,81 Web Kontinuirani,123522,200,https://vodostaji.voda.ba/data/internet/stations/4/4411/Q/Q_1Y.xlsx,2026-09-07T09:01:24.062991Z,recordings/boundary_1020_WT_populated.recording.json,recordings/layer_20.recording.json
4411,HS Bioštica,Bioštica,4,General;Hidrološka stanica,True,True,True,stage_reported,H,H_1Y.xlsx,available,publisher declares #Rows = 8689,8689,cm,Vodostaj,81 Web Kontinuirani,121256,200,https://vodostaji.voda.ba/data/internet/stations/4/4411/H/H_1Y.xlsx,2026-09-07T09:01:24.448563Z,recordings/boundary_1020_WT_populated.recording.json,recordings/layer_10.recording.json
4411,HS Bioštica,Bioštica,4,General;Hidrološka stanica,True,True,False,water_temperature_reported,WT,Tvode_1Y.xlsx,declared_empty_in_rolling_window,publisher declares #Rows = 0 while still declaring parameter 'Temperatura vode' and unit '°C' for this station,0,°C,Temperatura vode,81 Web Kontinuirani,3631,200,https://vodostaji.voda.ba/data/internet/stations/4/4411/WT/Tvode_1Y.xlsx,2026-09-07T09:01:24.832871Z,recordings/boundary_4060_WT_headeronly.recording.json,recordings/layer_30.recording.json
4412,HS Olovske Luke,Stupčanica,4,General;Hidrološka stanica,True,True,True,discharge_reported,Q,Q_1Y.xlsx,available,publisher declares #Rows = 8687,8687,m³/s,Proticaj,81 Web Kontinuirani,122911,200,https://vodostaji.voda.ba/data/internet/stations/4/4412/Q/Q_1Y.xlsx,2026-09-07T09:01:25.217094Z,recordings/boundary_1020_WT_populated.recording.json,recordings/layer_20.recording.json
4412,HS Olovske Luke,Stupčanica,4,General;Hidrološka stanica,True,True,True,stage_reported,H,H_1Y.xlsx,available,publisher declares #Rows = 8687,8687,cm,Vodostaj,81 Web Kontinuirani,121004,200,https://vodostaji.voda.ba/data/internet/stations/4/4412/H/H_1Y.xlsx,2026-09-07T09:01:25.592425Z,recordings/boundary_1020_WT_populated.recording.json,recordings/layer_10.recording.json
4412,HS Olovske Luke,Stupčanica,4,General;Hidrološka stanica,True,True,False,water_temperature_reported,WT,Tvode_1Y.xlsx,declared_empty_in_rolling_window,publisher declares #Rows = 0 while still declaring parameter 'Temperatura vode' and unit '°C' for this station,0,°C,Temperatura vode,81 Web Kontinuirani,3633,200,https://vodostaji.voda.ba/data/internet/stations/4/4412/WT/Tvode_1Y.xlsx,2026-09-07T09:01:25.970110Z,recordings/boundary_4060_WT_headeronly.recording.json,recordings/layer_30.recording.json
4420,HS Maoča,Krivaja,4,General;Hidrološka stanica,True,True,True,discharge_reported,Q,Q_1Y.xlsx,available,publisher declares #Rows = 8271,8271,m³/s,Proticaj,81 Web Kontinuirani,126010,200,https://vodostaji.voda.ba/data/internet/stations/4/4420/Q/Q_1Y.xlsx,2026-09-07T09:01:26.359427Z,recordings/boundary_1020_WT_populated.recording.json,recordings/layer_20.recording.json
4420,HS Maoča,Krivaja,4,General;Hidrološka stanica,True,True,True,stage_reported,H,H_1Y.xlsx,available,publisher declares #Rows = 8271,8271,cm,Vodostaj,81 Web Kontinuirani,121297,200,https://vodostaji.voda.ba/data/internet/stations/4/4420/H/H_1Y.xlsx,2026-09-07T09:01:26.727654Z,recordings/boundary_1020_WT_populated.recording.json,recordings/layer_10.recording.json
4420,HS Maoča,Krivaja,4,General;Hidrološka stanica,True,True,False,water_temperature_reported,WT,Tvode_1Y.xlsx,declared_empty_in_rolling_window,publisher declares #Rows = 0 while still declaring parameter 'Temperatura vode' and unit '°C' for this station,0,°C,Temperatura vode,81 Web Kontinuirani,3631,200,https://vodostaji.voda.ba/data/internet/stations/4/4420/WT/Tvode_1Y.xlsx,2026-09-07T09:01:27.104027Z,recordings/boundary_4060_WT_headeronly.recording.json,recordings/layer_30.recording.json
4430,HS Zavidovići n/K,Krivaja,4,General;Hidrološka stanica,True,True,True,discharge_reported,Q,Q_1Y.xlsx,available,publisher declares #Rows = 8688,8688,m³/s,Proticaj,81 Web Kontinuirani,129290,200,https://vodostaji.voda.ba/data/internet/stations/4/4430/Q/Q_1Y.xlsx,2026-09-07T09:01:27.481491Z,recordings/boundary_1020_WT_populated.recording.json,recordings/layer_20.recording.json
4430,HS Zavidovići n/K,Krivaja,4,General;Hidrološka stanica,True,True,True,stage_reported,H,H_1Y.xlsx,available,publisher declares #Rows = 8688,8688,cm,Vodostaj,81 Web Kontinuirani,124256,200,https://vodostaji.voda.ba/data/internet/stations/4/4430/H/H_1Y.xlsx,2026-09-07T09:01:27.866622Z,recordings/boundary_1020_WT_populated.recording.json,recordings/layer_10.recording.json
4430,HS Zavidovići n/K,Krivaja,4,General;Hidrološka stanica,True,True,True,water_temperature_reported,WT,Tvode_1Y.xlsx,available,publisher declares #Rows = 8689,8689,°C,Temperatura vode,81 Web Kontinuirani,117984,200,https://vodostaji.voda.ba/data/internet/stations/4/4430/WT/Tvode_1Y.xlsx,2026-09-07T09:01:28.245344Z,recordings/boundary_1020_WT_populated.recording.json,recordings/layer_30.recording.json
4450,HS Liješnica,Lješnica,4,General;Hidrološka stanica,True,True,True,discharge_reported,Q,Q_1Y.xlsx,available,publisher declares #Rows = 8669,8669,m³/s,Proticaj,81 Web Kontinuirani,121173,200,https://vodostaji.voda.ba/data/internet/stations/4/4450/Q/Q_1Y.xlsx,2026-09-07T09:01:28.629109Z,recordings/boundary_1020_WT_populated.recording.json,recordings/layer_20.recording.json
4450,HS Liješnica,Lješnica,4,General;Hidrološka stanica,True,True,True,stage_reported,H,H_1Y.xlsx,available,publisher declares #Rows = 8669,8669,cm,Vodostaj,81 Web Kontinuirani,119768,200,https://vodostaji.voda.ba/data/internet/stations/4/4450/H/H_1Y.xlsx,2026-09-07T09:01:29.004750Z,recordings/boundary_1020_WT_populated.recording.json,recordings/layer_10.recording.json
4450,HS Liješnica,Lješnica,4,General;Hidrološka stanica,True,True,False,water_temperature_reported,WT,Tvode_1Y.xlsx,declared_empty_in_rolling_window,publisher declares #Rows = 0 while still declaring parameter 'Temperatura vode' and unit '°C' for this station,0,°C,Temperatura vode,81 Web Kontinuirani,3634,200,https://vodostaji.voda.ba/data/internet/stations/4/4450/WT/Tvode_1Y.xlsx,2026-09-07T09:01:29.384807Z,recordings/boundary_4060_WT_headeronly.recording.json,recordings/layer_30.recording.json
4510,HS Kaloševići,Usora,4,General;Hidrološka stanica,True,True,True,discharge_reported,Q,Q_1Y.xlsx,available,publisher declares #Rows = 8587,8587,m³/s,Proticaj,81 Web Kontinuirani,123838,200,https://vodostaji.voda.ba/data/internet/stations/4/4510/Q/Q_1Y.xlsx,2026-09-07T09:01:29.772811Z,recordings/boundary_1020_WT_populated.recording.json,recordings/layer_20.recording.json
4510,HS Kaloševići,Usora,4,General;Hidrološka stanica,True,True,True,stage_reported,H,H_1Y.xlsx,available,publisher declares #Rows = 8587,8587,cm,Vodostaj,81 Web Kontinuirani,120600,200,https://vodostaji.voda.ba/data/internet/stations/4/4510/H/H_1Y.xlsx,2026-09-07T09:01:30.159716Z,recordings/boundary_1020_WT_populated.recording.json,recordings/layer_10.recording.json
4510,HS Kaloševići,Usora,4,General;Hidrološka stanica,True,True,False,water_temperature_reported,WT,Tvode_1Y.xlsx,declared_empty_in_rolling_window,publisher declares #Rows = 0 while still declaring parameter 'Temperatura vode' and unit '°C' for this station,0,°C,Temperatura vode,81 Web Kontinuirani,3638,200,https://vodostaji.voda.ba/data/internet/stations/4/4510/WT/Tvode_1Y.xlsx,2026-09-07T09:01:30.534709Z,recordings/boundary_4060_WT_headeronly.recording.json,recordings/layer_30.recording.json
4610,HS Strašanj,Spreča,4,General;Hidrološka stanica,True,True,True,discharge_reported,Q,Q_1Y.xlsx,available,publisher declares #Rows = 7071,7071,m³/s,Proticaj,81 Web Kontinuirani,105171,200,https://vodostaji.voda.ba/data/internet/stations/4/4610/Q/Q_1Y.xlsx,2026-09-07T09:01:30.914327Z,recordings/boundary_1020_WT_populated.recording.json,recordings/layer_20.recording.json
4610,HS Strašanj,Spreča,4,General;Hidrološka stanica,True,True,True,stage_reported,H,H_1Y.xlsx,available,publisher declares #Rows = 8678,8678,cm,Vodostaj,81 Web Kontinuirani,123640,200,https://vodostaji.voda.ba/data/internet/stations/4/4610/H/H_1Y.xlsx,2026-09-07T09:01:31.296464Z,recordings/boundary_1020_WT_populated.recording.json,recordings/layer_10.recording.json
4610,HS Strašanj,Spreča,4,General;Hidrološka stanica,True,True,False,water_temperature_reported,WT,Tvode_1Y.xlsx,declared_empty_in_rolling_window,publisher declares #Rows = 0 while still declaring parameter 'Temperatura vode' and unit '°C' for this station,0,°C,Temperatura vode,81 Web Kontinuirani,3633,200,https://vodostaji.voda.ba/data/internet/stations/4/4610/WT/Tvode_1Y.xlsx,2026-09-07T09:01:31.673412Z,recordings/boundary_4060_WT_headeronly.recording.json,recordings/layer_30.recording.json
4620,HS Modrac,Spreča,4,General;Hidrološka stanica,True,True,True,discharge_reported,Q,Q_1Y.xlsx,available,publisher declares #Rows = 8110,8110,m³/s,Proticaj,81 Web Kontinuirani,109679,200,https://vodostaji.voda.ba/data/internet/stations/4/4620/Q/Q_1Y.xlsx,2026-09-07T09:01:32.046742Z,recordings/boundary_1020_WT_populated.recording.json,recordings/layer_20.recording.json
4620,HS Modrac,Spreča,4,General;Hidrološka stanica,True,True,True,stage_reported,H,H_1Y.xlsx,available,publisher declares #Rows = 8688,8688,cm,Vodostaj,81 Web Kontinuirani,115878,200,https://vodostaji.voda.ba/data/internet/stations/4/4620/H/H_1Y.xlsx,2026-09-07T09:01:32.424629Z,recordings/boundary_1020_WT_populated.recording.json,recordings/layer_10.recording.json
4620,HS Modrac,Spreča,4,General;Hidrološka stanica,True,True,False,water_temperature_reported,WT,Tvode_1Y.xlsx,declared_empty_in_rolling_window,publisher declares #Rows = 0 while still declaring parameter 'Temperatura vode' and unit '°C' for this station,0,°C,Temperatura vode,81 Web Kontinuirani,3628,200,https://vodostaji.voda.ba/data/internet/stations/4/4620/WT/Tvode_1Y.xlsx,2026-09-07T09:01:32.795683Z,recordings/boundary_4060_WT_headeronly.recording.json,recordings/layer_30.recording.json
4630,HS Karanovac,Spreča,4,General;Hidrološka stanica,True,True,True,discharge_reported,Q,Q_1Y.xlsx,available,publisher declares #Rows = 8669,8669,m³/s,Proticaj,81 Web Kontinuirani,128495,200,https://vodostaji.voda.ba/data/internet/stations/4/4630/Q/Q_1Y.xlsx,2026-09-07T09:01:33.171162Z,recordings/boundary_1020_WT_populated.recording.json,recordings/layer_20.recording.json
4630,HS Karanovac,Spreča,4,General;Hidrološka stanica,True,True,True,stage_reported,H,H_1Y.xlsx,available,publisher declares #Rows = 8669,8669,cm,Vodostaj,81 Web Kontinuirani,124591,200,https://vodostaji.voda.ba/data/internet/stations/4/4630/H/H_1Y.xlsx,2026-09-07T09:01:33.544173Z,recordings/boundary_1020_WT_populated.recording.json,recordings/layer_10.recording.json
4630,HS Karanovac,Spreča,4,General;Hidrološka stanica,True,True,False,water_temperature_reported,WT,Tvode_1Y.xlsx,declared_empty_in_rolling_window,publisher declares #Rows = 0 while still declaring parameter 'Temperatura vode' and unit '°C' for this station,0,°C,Temperatura vode,81 Web Kontinuirani,3630,200,https://vodostaji.voda.ba/data/internet/stations/4/4630/WT/Tvode_1Y.xlsx,2026-09-07T09:01:33.916559Z,recordings/boundary_4060_WT_headeronly.recording.json,recordings/layer_30.recording.json
5010,HS Goražde,Drina,5,General;Hidrološka stanica,True,True,True,discharge_reported,Q,Q_1Y.xlsx,available,publisher declares #Rows = 17382,17382,m³/s,Proticaj,81 Web Kontinuirani,277099,200,https://vodostaji.voda.ba/data/internet/stations/5/5010/Q/Q_1Y.xlsx,2026-09-07T09:01:36.566669Z,recordings/boundary_1020_WT_populated.recording.json,recordings/layer_20.recording.json
5010,HS Goražde,Drina,5,General;Hidrološka stanica,True,True,True,stage_reported,H,H_1Y.xlsx,available,publisher declares #Rows = 17382,17382,cm,Vodostaj,81 Web Kontinuirani,248983,200,https://vodostaji.voda.ba/data/internet/stations/5/5010/H/H_1Y.xlsx,2026-09-07T09:01:36.950391Z,recordings/boundary_1020_WT_populated.recording.json,recordings/layer_10.recording.json
5010,HS Goražde,Drina,5,General;Hidrološka stanica,True,True,True,water_temperature_reported,WT,Tvode_1Y.xlsx,available,publisher declares #Rows = 17379,17379,°C,Temperatura vode,81 Web Kontinuirani,227703,200,https://vodostaji.voda.ba/data/internet/stations/5/5010/WT/Tvode_1Y.xlsx,2026-09-07T09:01:37.331301Z,recordings/boundary_1020_WT_populated.recording.json,recordings/layer_30.recording.json
5101,HS Prača,Prača,5,General;Hidrološka stanica,True,True,True,discharge_reported,Q,Q_1Y.xlsx,available,publisher declares #Rows = 8685,8685,m³/s,Proticaj,81 Web Kontinuirani,124422,200,https://vodostaji.voda.ba/data/internet/stations/5/5101/Q/Q_1Y.xlsx,2026-09-07T09:01:37.713500Z,recordings/boundary_1020_WT_populated.recording.json,recordings/layer_20.recording.json
5101,HS Prača,Prača,5,General;Hidrološka stanica,True,True,True,stage_reported,H,H_1Y.xlsx,available,publisher declares #Rows = 8685,8685,cm,Vodostaj,81 Web Kontinuirani,122170,200,https://vodostaji.voda.ba/data/internet/stations/5/5101/H/H_1Y.xlsx,2026-09-07T09:01:38.097000Z,recordings/boundary_1020_WT_populated.recording.json,recordings/layer_10.recording.json
5101,HS Prača,Prača,5,General;Hidrološka stanica,True,True,True,water_temperature_reported,WT,Tvode_1Y.xlsx,available,publisher declares #Rows = 8684,8684,°C,Temperatura vode,81 Web Kontinuirani,120470,200,https://vodostaji.voda.ba/data/internet/stations/5/5101/WT/Tvode_1Y.xlsx,2026-09-07T09:01:38.474249Z,recordings/boundary_1020_WT_populated.recording.json,recordings/layer_30.recording.json
9017,HS Hrustovo,Sanica,2,General;Hidrološka stanica,True,True,True,discharge_reported,Q,Q_1Y.xlsx,available,publisher declares #Rows = 8672,8672,m³/s,Proticaj,81 Web Kontinuirani,112596,200,https://vodostaji.voda.ba/data/internet/stations/2/9017/Q/Q_1Y.xlsx,2026-09-07T09:01:51.333009Z,recordings/boundary_1020_WT_populated.recording.json,recordings/layer_20.recording.json
9017,HS Hrustovo,Sanica,2,General;Hidrološka stanica,True,True,True,stage_reported,H,H_1Y.xlsx,available,publisher declares #Rows = 8672,8672,cm,Vodostaj,81 Web Kontinuirani,109480,200,https://vodostaji.voda.ba/data/internet/stations/2/9017/H/H_1Y.xlsx,2026-09-07T09:01:51.716371Z,recordings/boundary_1020_WT_populated.recording.json,recordings/layer_10.recording.json
9017,HS Hrustovo,Sanica,2,General;Hidrološka stanica,True,True,True,water_temperature_reported,WT,Tvode_1Y.xlsx,available,publisher declares #Rows = 8672,8672,°C,Temperatura vode,81 Web Kontinuirani,114576,200,https://vodostaji.voda.ba/data/internet/stations/2/9017/WT/Tvode_1Y.xlsx,2026-09-07T09:01:52.083677Z,recordings/boundary_1020_WT_populated.recording.json,recordings/layer_30.recording.json
9018,HS Sanica,Sanica,2,General;Hidrološka stanica,True,True,True,discharge_reported,Q,Q_1Y.xlsx,available,publisher declares #Rows = 8517,8517,m³/s,Proticaj,81 Web Kontinuirani,129264,200,https://vodostaji.voda.ba/data/internet/stations/2/9018/Q/Q_1Y.xlsx,2026-09-07T09:01:52.464799Z,recordings/boundary_1020_WT_populated.recording.json,recordings/layer_20.recording.json
9018,HS Sanica,Sanica,2,General;Hidrološka stanica,True,True,True,stage_reported,H,H_1Y.xlsx,available,publisher declares #Rows = 8517,8517,cm,Vodostaj,81 Web Kontinuirani,121489,200,https://vodostaji.voda.ba/data/internet/stations/2/9018/H/H_1Y.xlsx,2026-09-07T09:01:52.837633Z,recordings/boundary_1020_WT_populated.recording.json,recordings/layer_10.recording.json
9018,HS Sanica,Sanica,2,General;Hidrološka stanica,True,True,True,water_temperature_reported,WT,Tvode_1Y.xlsx,available,publisher declares #Rows = 8517,8517,°C,Temperatura vode,81 Web Kontinuirani,111084,200,https://vodostaji.voda.ba/data/internet/stations/2/9018/WT/Tvode_1Y.xlsx,2026-09-07T09:01:53.215770Z,recordings/boundary_1020_WT_populated.recording.json,recordings/layer_30.recording.json
9019,HS Bliha,Bliha,2,General;Hidrološka stanica,True,True,True,discharge_reported,Q,Q_1Y.xlsx,available,publisher declares #Rows = 8677,8677,m³/s,Proticaj,81 Web Kontinuirani,120300,200,https://vodostaji.voda.ba/data/internet/stations/2/9019/Q/Q_1Y.xlsx,2026-09-07T09:01:53.586370Z,recordings/boundary_1020_WT_populated.recording.json,recordings/layer_20.recording.json
9019,HS Bliha,Bliha,2,General;Hidrološka stanica,True,True,True,stage_reported,H,H_1Y.xlsx,available,publisher declares #Rows = 8677,8677,cm,Vodostaj,81 Web Kontinuirani,119230,200,https://vodostaji.voda.ba/data/internet/stations/2/9019/H/H_1Y.xlsx,2026-09-07T09:01:53.957760Z,recordings/boundary_1020_WT_populated.recording.json,recordings/layer_10.recording.json
9019,HS Bliha,Bliha,2,General;Hidrološka stanica,True,True,True,water_temperature_reported,WT,Tvode_1Y.xlsx,available,publisher declares #Rows = 8677,8677,°C,Temperatura vode,81 Web Kontinuirani,119582,200,https://vodostaji.voda.ba/data/internet/stations/2/9019/WT/Tvode_1Y.xlsx,2026-09-07T09:01:54.334189Z,recordings/boundary_1020_WT_populated.recording.json,recordings/layer_30.recording.json
9030,HS Fojnica,Dragača,4,General;Hidrološka stanica,True,True,True,discharge_reported,Q,Q_1Y.xlsx,available,publisher declares #Rows = 8688,8688,m³/s,Proticaj,81 Web Kontinuirani,120589,200,https://vodostaji.voda.ba/data/internet/stations/4/9030/Q/Q_1Y.xlsx,2026-09-07T09:01:58.101583Z,recordings/boundary_1020_WT_populated.recording.json,recordings/layer_20.recording.json
9030,HS Fojnica,Dragača,4,General;Hidrološka stanica,True,True,True,stage_reported,H,H_1Y.xlsx,available,publisher declares #Rows = 8688,8688,cm,Vodostaj,81 Web Kontinuirani,118999,200,https://vodostaji.voda.ba/data/internet/stations/4/9030/H/H_1Y.xlsx,2026-09-07T09:01:58.487946Z,recordings/boundary_1020_WT_populated.recording.json,recordings/layer_10.recording.json
9030,HS Fojnica,Dragača,4,General;Hidrološka stanica,True,True,False,water_temperature_reported,WT,Tvode_1Y.xlsx,declared_empty_in_rolling_window,publisher declares #Rows = 0 while still declaring parameter 'Temperatura vode' and unit '°C' for this station,0,°C,Temperatura vode,81 Web Kontinuirani,3628,200,https://vodostaji.voda.ba/data/internet/stations/4/9030/WT/Tvode_1Y.xlsx,2026-09-07T09:01:58.870661Z,recordings/boundary_4060_WT_headeronly.recording.json,recordings/layer_30.recording.json
9044,HS Živinice,Gostelja,4,General;Hidrološka stanica,True,True,True,discharge_reported,Q,Q_1Y.xlsx,available,publisher declares #Rows = 8686,8686,m³/s,Proticaj,81 Web Kontinuirani,122354,200,https://vodostaji.voda.ba/data/internet/stations/4/9044/Q/Q_1Y.xlsx,2026-09-07T09:02:00.372684Z,recordings/boundary_1020_WT_populated.recording.json,recordings/layer_20.recording.json
9044,HS Živinice,Gostelja,4,General;Hidrološka stanica,True,True,True,stage_reported,H,H_1Y.xlsx,available,publisher declares #Rows = 8686,8686,cm,Vodostaj,81 Web Kontinuirani,120894,200,https://vodostaji.voda.ba/data/internet/stations/4/9044/H/H_1Y.xlsx,2026-09-07T09:02:00.741360Z,recordings/boundary_1020_WT_populated.recording.json,recordings/layer_10.recording.json
9044,HS Živinice,Gostelja,4,General;Hidrološka stanica,True,True,False,water_temperature_reported,WT,Tvode_1Y.xlsx,declared_empty_in_rolling_window,publisher declares #Rows = 0 while still declaring parameter 'Temperatura vode' and unit '°C' for this station,0,°C,Temperatura vode,81 Web Kontinuirani,3632,200,https://vodostaji.voda.ba/data/internet/stations/4/9044/WT/Tvode_1Y.xlsx,2026-09-07T09:02:01.126579Z,recordings/boundary_4060_WT_headeronly.recording.json,recordings/layer_30.recording.json
9045,HS Donja Višća,Oskova,4,General;Hidrološka stanica,True,True,True,discharge_reported,Q,Q_1Y.xlsx,available,publisher declares #Rows = 8681,8681,m³/s,Proticaj,81 Web Kontinuirani,125042,200,https://vodostaji.voda.ba/data/internet/stations/4/9045/Q/Q_1Y.xlsx,2026-09-07T09:02:01.507705Z,recordings/boundary_1020_WT_populated.recording.json,recordings/layer_20.recording.json
9045,HS Donja Višća,Oskova,4,General;Hidrološka stanica,True,True,True,stage_reported,H,H_1Y.xlsx,available,publisher declares #Rows = 8681,8681,cm,Vodostaj,81 Web Kontinuirani,122686,200,https://vodostaji.voda.ba/data/internet/stations/4/9045/H/H_1Y.xlsx,2026-09-07T09:02:01.883467Z,recordings/boundary_1020_WT_populated.recording.json,recordings/layer_10.recording.json
9045,HS Donja Višća,Oskova,4,General;Hidrološka stanica,True,True,False,water_temperature_reported,WT,Tvode_1Y.xlsx,declared_empty_in_rolling_window,publisher declares #Rows = 0 while still declaring parameter 'Temperatura vode' and unit '°C' for this station,0,°C,Temperatura vode,81 Web Kontinuirani,3639,200,https://vodostaji.voda.ba/data/internet/stations/4/9045/WT/Tvode_1Y.xlsx,2026-09-07T09:02:02.261474Z,recordings/boundary_4060_WT_headeronly.recording.json,recordings/layer_30.recording.json
1011,CS Svilaj,Kanal/Svilaj,1,General;Hidrološka stanica,False,True,False,discharge_reported,Q,Q_1Y.xlsx,available,publisher declares #Rows = 16795,16795,m³/s,Proticaj,81 Web Kontinuirani,192008,200,https://vodostaji.voda.ba/data/internet/stations/1/1011/Q/Q_1Y.xlsx,2026-09-07T09:00:13.908548Z,recordings/boundary_1020_WT_populated.recording.json,recordings/layer_20.recording.json
1011,CS Svilaj,Kanal/Svilaj,1,General;Hidrološka stanica,False,True,True,stage_reported,H,H_1Y.xlsx,available,publisher declares #Rows = 17207,17207,cm,Vodostaj,81 Web Kontinuirani,224404,200,https://vodostaji.voda.ba/data/internet/stations/1/1011/H/H_1Y.xlsx,2026-09-07T09:00:14.291871Z,recordings/boundary_1020_WT_populated.recording.json,recordings/layer_10.recording.json
1011,CS Svilaj,Kanal/Svilaj,1,General;Hidrološka stanica,False,True,False,water_temperature_reported,WT,Tvode_1Y.xlsx,declared_empty_in_rolling_window,publisher declares #Rows = 0 while still declaring parameter 'Temperatura vode' and unit '°C' for this station,0,°C,Temperatura vode,81 Web Kontinuirani,3626,200,https://vodostaji.voda.ba/data/internet/stations/1/1011/WT/Tvode_1Y.xlsx,2026-09-07T09:00:14.668339Z,recordings/boundary_4060_WT_headeronly.recording.json,recordings/layer_30.recording.json
1012,CS Zorice,Kanal/Zorice,1,General;Hidrološka stanica,False,True,False,discharge_reported,Q,Q_1Y.xlsx,available,publisher declares #Rows = 16442,16442,m³/s,Proticaj,81 Web Kontinuirani,188093,200,https://vodostaji.voda.ba/data/internet/stations/1/1012/Q/Q_1Y.xlsx,2026-09-07T09:00:15.038035Z,recordings/boundary_1020_WT_populated.recording.json,recordings/layer_20.recording.json
1012,CS Zorice,Kanal/Zorice,1,General;Hidrološka stanica,False,True,True,stage_reported,H,H_1Y.xlsx,available,publisher declares #Rows = 16983,16983,cm,Vodostaj,81 Web Kontinuirani,222818,200,https://vodostaji.voda.ba/data/internet/stations/1/1012/H/H_1Y.xlsx,2026-09-07T09:00:15.414213Z,recordings/boundary_1020_WT_populated.recording.json,recordings/layer_10.recording.json
1012,CS Zorice,Kanal/Zorice,1,General;Hidrološka stanica,False,True,False,water_temperature_reported,WT,Tvode_1Y.xlsx,declared_empty_in_rolling_window,publisher declares #Rows = 0 while still declaring parameter 'Temperatura vode' and unit '°C' for this station,0,°C,Temperatura vode,81 Web Kontinuirani,3628,200,https://vodostaji.voda.ba/data/internet/stations/1/1012/WT/Tvode_1Y.xlsx,2026-09-07T09:00:15.797644Z,recordings/boundary_4060_WT_headeronly.recording.json,recordings/layer_30.recording.json
1030,HS Orašje,Sava,1,General;Hidrološka stanica,False,True,False,discharge_reported,Q,Q_1Y.xlsx,available,publisher declares #Rows = 2090,2090,m³/s,Proticaj,81 Web Kontinuirani,30848,200,https://vodostaji.voda.ba/data/internet/stations/1/1030/Q/Q_1Y.xlsx,2026-09-07T09:00:17.318552Z,recordings/boundary_1020_WT_populated.recording.json,recordings/layer_20.recording.json
1030,HS Orašje,Sava,1,General;Hidrološka stanica,False,True,True,stage_reported,H,H_1Y.xlsx,available,publisher declares #Rows = 7598,7598,cm,Vodostaj,81 Web Kontinuirani,91191,200,https://vodostaji.voda.ba/data/internet/stations/1/1030/H/H_1Y.xlsx,2026-09-07T09:00:17.690397Z,recordings/boundary_1020_WT_populated.recording.json,recordings/layer_10.recording.json
1030,HS Orašje,Sava,1,General;Hidrološka stanica,False,True,False,water_temperature_reported,WT,Tvode_1Y.xlsx,available,publisher declares #Rows = 5512,5512,°C,Temperatura vode,81 Web Kontinuirani,64871,200,https://vodostaji.voda.ba/data/internet/stations/1/1030/WT/Tvode_1Y.xlsx,2026-09-07T09:00:18.081293Z,recordings/boundary_1020_WT_populated.recording.json,recordings/layer_30.recording.json
1031,CS Tolisa - Demerovac,Kanal/Demerovac,1,General;Hidrološka stanica,False,True,False,discharge_reported,Q,Q_1Y.xlsx,available,publisher declares #Rows = 14777,14777,m³/s,Proticaj,81 Web Kontinuirani,169879,200,https://vodostaji.voda.ba/data/internet/stations/1/1031/Q/Q_1Y.xlsx,2026-09-07T09:00:18.459404Z,recordings/boundary_1020_WT_populated.recording.json,recordings/layer_20.recording.json
1031,CS Tolisa - Demerovac,Kanal/Demerovac,1,General;Hidrološka stanica,False,True,True,stage_reported,H,H_1Y.xlsx,available,publisher declares #Rows = 15565,15565,cm,Vodostaj,81 Web Kontinuirani,218965,200,https://vodostaji.voda.ba/data/internet/stations/1/1031/H/H_1Y.xlsx,2026-09-07T09:00:18.833853Z,recordings/boundary_1020_WT_populated.recording.json,recordings/layer_10.recording.json
1031,CS Tolisa - Demerovac,Kanal/Demerovac,1,General;Hidrološka stanica,False,True,False,water_temperature_reported,WT,Tvode_1Y.xlsx,declared_empty_in_rolling_window,publisher declares #Rows = 0 while still declaring parameter 'Temperatura vode' and unit '°C' for this station,0,°C,Temperatura vode,81 Web Kontinuirani,3638,200,https://vodostaji.voda.ba/data/internet/stations/1/1031/WT/Tvode_1Y.xlsx,2026-09-07T09:00:19.202139Z,recordings/boundary_4060_WT_headeronly.recording.json,recordings/layer_30.recording.json
1032,CS Tolisa - Briježnica,Kanal/Briježnica,1,General;Hidrološka stanica,False,True,False,discharge_reported,Q,Q_1Y.xlsx,available,publisher declares #Rows = 14774,14774,m³/s,Proticaj,81 Web Kontinuirani,169846,200,https://vodostaji.voda.ba/data/internet/stations/1/1032/Q/Q_1Y.xlsx,2026-09-07T09:00:19.581587Z,recordings/boundary_1020_WT_populated.recording.json,recordings/layer_20.recording.json
1032,CS Tolisa - Briježnica,Kanal/Briježnica,1,General;Hidrološka stanica,False,True,True,stage_reported,H,H_1Y.xlsx,available,publisher declares #Rows = 15566,15566,cm,Vodostaj,81 Web Kontinuirani,209107,200,https://vodostaji.voda.ba/data/internet/stations/1/1032/H/H_1Y.xlsx,2026-09-07T09:00:19.949670Z,recordings/boundary_1020_WT_populated.recording.json,recordings/layer_10.recording.json
1032,CS Tolisa - Briježnica,Kanal/Briježnica,1,General;Hidrološka stanica,False,True,False,water_temperature_reported,WT,Tvode_1Y.xlsx,declared_empty_in_rolling_window,publisher declares #Rows = 0 while still declaring parameter 'Temperatura vode' and unit '°C' for this station,0,°C,Temperatura vode,81 Web Kontinuirani,3639,200,https://vodostaji.voda.ba/data/internet/stations/1/1032/WT/Tvode_1Y.xlsx,2026-09-07T09:00:20.326491Z,recordings/boundary_4060_WT_headeronly.recording.json,recordings/layer_30.recording.json
1033,CS Tolisa - Tolisa,Kanal/Tolisa,1,General;Hidrološka stanica,False,True,False,discharge_reported,Q,Q_1Y.xlsx,available,publisher declares #Rows = 14775,14775,m³/s,Proticaj,81 Web Kontinuirani,169846,200,https://vodostaji.voda.ba/data/internet/stations/1/1033/Q/Q_1Y.xlsx,2026-09-07T09:00:20.701401Z,recordings/boundary_1020_WT_populated.recording.json,recordings/layer_20.recording.json
1033,CS Tolisa - Tolisa,Kanal/Tolisa,1,General;Hidrološka stanica,False,True,True,stage_reported,H,H_1Y.xlsx,available,publisher declares #Rows = 15569,15569,cm,Vodostaj,81 Web Kontinuirani,210354,200,https://vodostaji.voda.ba/data/internet/stations/1/1033/H/H_1Y.xlsx,2026-09-07T09:00:21.082843Z,recordings/boundary_1020_WT_populated.recording.json,recordings/layer_10.recording.json
1033,CS Tolisa - Tolisa,Kanal/Tolisa,1,General;Hidrološka stanica,False,True,False,water_temperature_reported,WT,Tvode_1Y.xlsx,declared_empty_in_rolling_window,publisher declares #Rows = 0 while still declaring parameter 'Temperatura vode' and unit '°C' for this station,0,°C,Temperatura vode,81 Web Kontinuirani,3631,200,https://vodostaji.voda.ba/data/internet/stations/1/1033/WT/Tvode_1Y.xlsx,2026-09-07T09:00:21.465004Z,recordings/boundary_4060_WT_headeronly.recording.json,recordings/layer_30.recording.json
1110,HS Srebrenik,Tinja,1,General;Hidrološka stanica,False,True,False,discharge_reported,Q,Q_1Y.xlsx,available,publisher declares #Rows = 1,1,m³/s,Proticaj,81 Web Kontinuirani,3740,200,https://vodostaji.voda.ba/data/internet/stations/1/1110/Q/Q_1Y.xlsx,2026-09-07T09:00:21.850952Z,recordings/boundary_1020_WT_populated.recording.json,recordings/layer_20.recording.json
1110,HS Srebrenik,Tinja,1,General;Hidrološka stanica,False,True,True,stage_reported,H,H_1Y.xlsx,available,publisher declares #Rows = 8688,8688,cm,Vodostaj,81 Web Kontinuirani,118416,200,https://vodostaji.voda.ba/data/internet/stations/1/1110/H/H_1Y.xlsx,2026-09-07T09:00:22.232215Z,recordings/boundary_1020_WT_populated.recording.json,recordings/layer_10.recording.json
1110,HS Srebrenik,Tinja,1,General;Hidrološka stanica,False,True,False,water_temperature_reported,WT,Tvode_1Y.xlsx,declared_empty_in_rolling_window,publisher declares #Rows = 0 while still declaring parameter 'Temperatura vode' and unit '°C' for this station,0,°C,Temperatura vode,81 Web Kontinuirani,3630,200,https://vodostaji.voda.ba/data/internet/stations/1/1110/WT/Tvode_1Y.xlsx,2026-09-07T09:00:22.621335Z,recordings/boundary_4060_WT_headeronly.recording.json,recordings/layer_30.recording.json
2031,HS Bihać,Una,2,General;Hidrološka stanica,False,True,False,discharge_reported,Q,Q_1Y.xlsx,available,publisher declares #Rows = 8569,8569,m³/s,Proticaj,81 Web Kontinuirani,98556,200,https://vodostaji.voda.ba/data/internet/stations/2/2031/Q/Q_1Y.xlsx,2026-09-07T09:00:27.504286Z,recordings/boundary_1020_WT_populated.recording.json,recordings/layer_20.recording.json
2031,HS Bihać,Una,2,General;Hidrološka stanica,False,True,True,stage_reported,H,H_1Y.xlsx,available,publisher declares #Rows = 8695,8695,cm,Vodostaj,81 Web Kontinuirani,106991,200,https://vodostaji.voda.ba/data/internet/stations/2/2031/H/H_1Y.xlsx,2026-09-07T09:00:27.891014Z,recordings/boundary_1020_WT_populated.recording.json,recordings/layer_10.recording.json
2031,HS Bihać,Una,2,General;Hidrološka stanica,False,True,True,water_temperature_reported,WT,Tvode_1Y.xlsx,available,publisher declares #Rows = 8695,8695,°C,Temperatura vode,81 Web Kontinuirani,112443,200,https://vodostaji.voda.ba/data/internet/stations/2/2031/WT/Tvode_1Y.xlsx,2026-09-07T09:00:28.262806Z,recordings/boundary_1020_WT_populated.recording.json,recordings/layer_30.recording.json
2040,HS Kostela,Una,2,General;Hidrološka stanica,False,True,False,discharge_reported,Q,Q_1Y.xlsx,available,publisher declares #Rows = 8535,8535,m³/s,Proticaj,81 Web Kontinuirani,98226,200,https://vodostaji.voda.ba/data/internet/stations/2/2040/Q/Q_1Y.xlsx,2026-09-07T09:00:29.764218Z,recordings/boundary_1020_WT_populated.recording.json,recordings/layer_20.recording.json
2040,HS Kostela,Una,2,General;Hidrološka stanica,False,True,True,stage_reported,H,H_1Y.xlsx,available,publisher declares #Rows = 8701,8701,cm,Vodostaj,81 Web Kontinuirani,110043,200,https://vodostaji.voda.ba/data/internet/stations/2/2040/H/H_1Y.xlsx,2026-09-07T09:00:30.132028Z,recordings/boundary_1020_WT_populated.recording.json,recordings/layer_10.recording.json
2040,HS Kostela,Una,2,General;Hidrološka stanica,False,True,True,water_temperature_reported,WT,Tvode_1Y.xlsx,available,publisher declares #Rows = 8701,8701,°C,Temperatura vode,81 Web Kontinuirani,112790,200,https://vodostaji.voda.ba/data/internet/stations/2/2040/WT/Tvode_1Y.xlsx,2026-09-07T09:00:30.509354Z,recordings/boundary_1020_WT_populated.recording.json,recordings/layer_30.recording.json
4023,HS Butile n/B,Bosna,4,General;Hidrološka stanica,False,True,False,discharge_reported,Q,Q_1Y.xlsx,available,publisher declares #Rows = 164,164,m³/s,Proticaj,81 Web Kontinuirani,5614,200,https://vodostaji.voda.ba/data/internet/stations/4/4023/Q/Q_1Y.xlsx,2026-09-07T09:00:47.787203Z,recordings/boundary_1020_WT_populated.recording.json,recordings/layer_20.recording.json
4023,HS Butile n/B,Bosna,4,General;Hidrološka stanica,False,True,True,stage_reported,H,H_1Y.xlsx,available,publisher declares #Rows = 7535,7535,cm,Vodostaj,81 Web Kontinuirani,109520,200,https://vodostaji.voda.ba/data/internet/stations/4/4023/H/H_1Y.xlsx,2026-09-07T09:00:48.166179Z,recordings/boundary_1020_WT_populated.recording.json,recordings/layer_10.recording.json
4023,HS Butile n/B,Bosna,4,General;Hidrološka stanica,False,True,False,water_temperature_reported,WT,Tvode_1Y.xlsx,declared_empty_in_rolling_window,publisher declares #Rows = 0 while still declaring parameter 'Temperatura vode' and unit '°C' for this station,0,°C,Temperatura vode,81 Web Kontinuirani,3631,200,https://vodostaji.voda.ba/data/internet/stations/4/4023/WT/Tvode_1Y.xlsx,2026-09-07T09:00:48.533536Z,recordings/boundary_4060_WT_headeronly.recording.json,recordings/layer_30.recording.json
4071,HS Kosova,Bosna,4,General;Hidrološka stanica,False,True,False,discharge_reported,Q,Q_1Y.xlsx,available,publisher declares #Rows = 8456,8456,m³/s,Proticaj,81 Web Kontinuirani,97352,200,https://vodostaji.voda.ba/data/internet/stations/4/4071/Q/Q_1Y.xlsx,2026-09-07T09:00:59.087735Z,recordings/boundary_1020_WT_populated.recording.json,recordings/layer_20.recording.json
4071,HS Kosova,Bosna,4,General;Hidrološka stanica,False,True,True,stage_reported,H,H_1Y.xlsx,available,publisher declares #Rows = 8688,8688,cm,Vodostaj,81 Web Kontinuirani,126414,200,https://vodostaji.voda.ba/data/internet/stations/4/4071/H/H_1Y.xlsx,2026-09-07T09:00:59.470294Z,recordings/boundary_1020_WT_populated.recording.json,recordings/layer_10.recording.json
4071,HS Kosova,Bosna,4,General;Hidrološka stanica,False,True,False,water_temperature_reported,WT,Tvode_1Y.xlsx,declared_empty_in_rolling_window,publisher declares #Rows = 0 while still declaring parameter 'Temperatura vode' and unit '°C' for this station,0,°C,Temperatura vode,81 Web Kontinuirani,3627,200,https://vodostaji.voda.ba/data/internet/stations/4/4071/WT/Tvode_1Y.xlsx,2026-09-07T09:00:59.840983Z,recordings/boundary_4060_WT_headeronly.recording.json,recordings/layer_30.recording.json
4080,HS Šamac,Bosna,4,General;Hidrološka stanica,False,True,False,discharge_reported,Q,Q_1Y.xlsx,available,publisher declares #Rows = 8456,8456,m³/s,Proticaj,81 Web Kontinuirani,97359,200,https://vodostaji.voda.ba/data/internet/stations/4/4080/Q/Q_1Y.xlsx,2026-09-07T09:01:00.219548Z,recordings/boundary_1020_WT_populated.recording.json,recordings/layer_20.recording.json
4080,HS Šamac,Bosna,4,General;Hidrološka stanica,False,True,True,stage_reported,H,H_1Y.xlsx,available,publisher declares #Rows = 8673,8673,cm,Vodostaj,81 Web Kontinuirani,129287,200,https://vodostaji.voda.ba/data/internet/stations/4/4080/H/H_1Y.xlsx,2026-09-07T09:01:00.597838Z,recordings/boundary_1020_WT_populated.recording.json,recordings/layer_10.recording.json
4080,HS Šamac,Bosna,4,General;Hidrološka stanica,False,True,False,water_temperature_reported,WT,Tvode_1Y.xlsx,declared_empty_in_rolling_window,publisher declares #Rows = 0 while still declaring parameter 'Temperatura vode' and unit '°C' for this station,0,°C,Temperatura vode,81 Web Kontinuirani,3630,200,https://vodostaji.voda.ba/data/internet/stations/4/4080/WT/Tvode_1Y.xlsx,2026-09-07T09:01:00.982354Z,recordings/boundary_4060_WT_headeronly.recording.json,recordings/layer_30.recording.json
4109,HS Trnovo,Željeznica,4,General;Hidrološka stanica,False,True,False,discharge_reported,Q,Q_1Y.xlsx,available,publisher declares #Rows = 8197,8197,m³/s,Proticaj,81 Web Kontinuirani,94818,200,https://vodostaji.voda.ba/data/internet/stations/4/4109/Q/Q_1Y.xlsx,2026-09-07T09:01:01.363393Z,recordings/boundary_1020_WT_populated.recording.json,recordings/layer_20.recording.json
4109,HS Trnovo,Željeznica,4,General;Hidrološka stanica,False,True,True,stage_reported,H,H_1Y.xlsx,available,publisher declares #Rows = 8439,8439,cm,Vodostaj,81 Web Kontinuirani,117006,200,https://vodostaji.voda.ba/data/internet/stations/4/4109/H/H_1Y.xlsx,2026-09-07T09:01:01.739986Z,recordings/boundary_1020_WT_populated.recording.json,recordings/layer_10.recording.json
4109,HS Trnovo,Željeznica,4,General;Hidrološka stanica,False,True,False,water_temperature_reported,WT,Tvode_1Y.xlsx,access_failed,HTTP 404 - the publisher serves no workbook at this route,,,,,,404,https://vodostaji.voda.ba/data/internet/stations/4/4109/WT/Tvode_1Y.xlsx,2026-09-07T09:01:02.124225Z,recordings/absent_4228_H_404.recording.json,recordings/layer_30.recording.json
4114,HS Butmir,Tilava,4,General;Hidrološka stanica,False,True,False,discharge_reported,Q,Q_1Y.xlsx,available,publisher declares #Rows = 8289,8289,m³/s,Proticaj,81 Web Kontinuirani,95812,200,https://vodostaji.voda.ba/data/internet/stations/4/4114/Q/Q_1Y.xlsx,2026-09-07T09:01:04.746879Z,recordings/boundary_1020_WT_populated.recording.json,recordings/layer_20.recording.json
4114,HS Butmir,Tilava,4,General;Hidrološka stanica,False,True,True,stage_reported,H,H_1Y.xlsx,available,publisher declares #Rows = 8688,8688,cm,Vodostaj,81 Web Kontinuirani,121961,200,https://vodostaji.voda.ba/data/internet/stations/4/4114/H/H_1Y.xlsx,2026-09-07T09:01:05.118226Z,recordings/boundary_1020_WT_populated.recording.json,recordings/layer_10.recording.json
4114,HS Butmir,Tilava,4,General;Hidrološka stanica,False,True,False,water_temperature_reported,WT,Tvode_1Y.xlsx,declared_empty_in_rolling_window,publisher declares #Rows = 0 while still declaring parameter 'Temperatura vode' and unit '°C' for this station,0,°C,Temperatura vode,81 Web Kontinuirani,3626,200,https://vodostaji.voda.ba/data/internet/stations/4/4114/WT/Tvode_1Y.xlsx,2026-09-07T09:01:05.497687Z,recordings/boundary_4060_WT_headeronly.recording.json,recordings/layer_30.recording.json
4145,HS Butile n/M,Miljacka,4,General;Hidrološka stanica,False,True,False,discharge_reported,Q,Q_1Y.xlsx,available,publisher declares #Rows = 8594,8594,m³/s,Proticaj,81 Web Kontinuirani,98799,200,https://vodostaji.voda.ba/data/internet/stations/4/4145/Q/Q_1Y.xlsx,2026-09-07T09:01:09.357676Z,recordings/boundary_1020_WT_populated.recording.json,recordings/layer_20.recording.json
4145,HS Butile n/M,Miljacka,4,General;Hidrološka stanica,False,True,True,stage_reported,H,H_1Y.xlsx,available,publisher declares #Rows = 8701,8701,cm,Vodostaj,81 Web Kontinuirani,123150,200,https://vodostaji.voda.ba/data/internet/stations/4/4145/H/H_1Y.xlsx,2026-09-07T09:01:09.731925Z,recordings/boundary_1020_WT_populated.recording.json,recordings/layer_10.recording.json
4145,HS Butile n/M,Miljacka,4,General;Hidrološka stanica,False,True,False,water_temperature_reported,WT,Tvode_1Y.xlsx,declared_empty_in_rolling_window,publisher declares #Rows = 0 while still declaring parameter 'Temperatura vode' and unit '°C' for this station,0,°C,Temperatura vode,81 Web Kontinuirani,3631,200,https://vodostaji.voda.ba/data/internet/stations/4/4145/WT/Tvode_1Y.xlsx,2026-09-07T09:01:10.111780Z,recordings/boundary_4060_WT_headeronly.recording.json,recordings/layer_30.recording.json
4161,HS Ilijaš,Misoča,4,General;Hidrološka stanica,False,True,False,discharge_reported,Q,Q_1Y.xlsx,available,publisher declares #Rows = 8313,8313,m³/s,Proticaj,81 Web Kontinuirani,96096,200,https://vodostaji.voda.ba/data/internet/stations/4/4161/Q/Q_1Y.xlsx,2026-09-07T09:01:11.601333Z,recordings/boundary_1020_WT_populated.recording.json,recordings/layer_20.recording.json
4161,HS Ilijaš,Misoča,4,General;Hidrološka stanica,False,True,True,stage_reported,H,H_1Y.xlsx,available,publisher declares #Rows = 8591,8591,cm,Vodostaj,81 Web Kontinuirani,119561,200,https://vodostaji.voda.ba/data/internet/stations/4/4161/H/H_1Y.xlsx,2026-09-07T09:01:11.976826Z,recordings/boundary_1020_WT_populated.recording.json,recordings/layer_10.recording.json
4161,HS Ilijaš,Misoča,4,General;Hidrološka stanica,False,True,False,water_temperature_reported,WT,Tvode_1Y.xlsx,declared_empty_in_rolling_window,publisher declares #Rows = 0 while still declaring parameter 'Temperatura vode' and unit '°C' for this station,0,°C,Temperatura vode,81 Web Kontinuirani,3632,200,https://vodostaji.voda.ba/data/internet/stations/4/4161/WT/Tvode_1Y.xlsx,2026-09-07T09:01:12.346657Z,recordings/boundary_4060_WT_headeronly.recording.json,recordings/layer_30.recording.json
4225,HS Kreševka - Kiseljak,Kreševka,4,General;Hidrološka stanica,False,True,False,discharge_reported,Q,Q_1Y.xlsx,available,publisher declares #Rows = 8458,8458,m³/s,Proticaj,81 Web Kontinuirani,97393,200,https://vodostaji.voda.ba/data/internet/stations/4/4225/Q/Q_1Y.xlsx,2026-09-07T09:01:14.981962Z,recordings/boundary_1020_WT_populated.recording.json,recordings/layer_20.recording.json
4225,HS Kreševka - Kiseljak,Kreševka,4,General;Hidrološka stanica,False,True,True,stage_reported,H,H_1Y.xlsx,available,publisher declares #Rows = 8689,8689,cm,Vodostaj,81 Web Kontinuirani,118106,200,https://vodostaji.voda.ba/data/internet/stations/4/4225/H/H_1Y.xlsx,2026-09-07T09:01:15.352068Z,recordings/boundary_1020_WT_populated.recording.json,recordings/layer_10.recording.json
4225,HS Kreševka - Kiseljak,Kreševka,4,General;Hidrološka stanica,False,True,False,water_temperature_reported,WT,Tvode_1Y.xlsx,declared_empty_in_rolling_window,publisher declares #Rows = 0 while still declaring parameter 'Temperatura vode' and unit '°C' for this station,0,°C,Temperatura vode,81 Web Kontinuirani,3644,200,https://vodostaji.voda.ba/data/internet/stations/4/4225/WT/Tvode_1Y.xlsx,2026-09-07T09:01:15.722442Z,recordings/boundary_4060_WT_headeronly.recording.json,recordings/layer_30.recording.json
4228,HS Bakovići-Željeznica,Bosna,4,General;Hidrološka stanica,False,False,False,discharge_reported,Q,Q_1Y.xlsx,access_failed,HTTP 404 - the publisher serves no workbook at this route,,,,,,404,https://vodostaji.voda.ba/data/internet/stations/4/4228/Q/Q_1Y.xlsx,2026-09-07T09:01:16.090839Z,recordings/absent_4228_H_404.recording.json,recordings/layer_20.recording.json
4228,HS Bakovići-Željeznica,Bosna,4,General;Hidrološka stanica,False,False,True,stage_reported,H,H_1Y.xlsx,access_failed,HTTP 404 - the publisher serves no workbook at this route,,,,,,404,https://vodostaji.voda.ba/data/internet/stations/4/4228/H/H_1Y.xlsx,2026-09-07T09:01:16.462642Z,recordings/absent_4228_H_404.recording.json,recordings/layer_10.recording.json
4228,HS Bakovići-Željeznica,Bosna,4,General;Hidrološka stanica,False,False,False,water_temperature_reported,WT,Tvode_1Y.xlsx,access_failed,HTTP 404 - the publisher serves no workbook at this route,,,,,,404,https://vodostaji.voda.ba/data/internet/stations/4/4228/WT/Tvode_1Y.xlsx,2026-09-07T09:01:16.842125Z,recordings/absent_4228_H_404.recording.json,recordings/layer_30.recording.json
4230,HS Obre,Trstionica,4,General;Hidrološka stanica,False,True,False,discharge_reported,Q,Q_1Y.xlsx,available,publisher declares #Rows = 8484,8484,m³/s,Proticaj,81 Web Kontinuirani,120580,200,https://vodostaji.voda.ba/data/internet/stations/4/4230/Q/Q_1Y.xlsx,2026-09-07T09:01:17.224931Z,recordings/boundary_1020_WT_populated.recording.json,recordings/layer_20.recording.json
4230,HS Obre,Trstionica,4,General;Hidrološka stanica,False,True,True,stage_reported,H,H_1Y.xlsx,available,publisher declares #Rows = 8498,8498,cm,Vodostaj,81 Web Kontinuirani,119574,200,https://vodostaji.voda.ba/data/internet/stations/4/4230/H/H_1Y.xlsx,2026-09-07T09:01:17.601665Z,recordings/boundary_1020_WT_populated.recording.json,recordings/layer_10.recording.json
4230,HS Obre,Trstionica,4,General;Hidrološka stanica,False,True,False,water_temperature_reported,WT,Tvode_1Y.xlsx,declared_empty_in_rolling_window,publisher declares #Rows = 0 while still declaring parameter 'Temperatura vode' and unit '°C' for this station,0,°C,Temperatura vode,81 Web Kontinuirani,3627,200,https://vodostaji.voda.ba/data/internet/stations/4/4230/WT/Tvode_1Y.xlsx,2026-09-07T09:01:17.980975Z,recordings/boundary_4060_WT_headeronly.recording.json,recordings/layer_30.recording.json
4320,HS Merdani,Lašva,4,General;Hidrološka stanica,False,True,False,discharge_reported,Q,Q_1Y.xlsx,available,publisher declares #Rows = 8431,8431,m³/s,Proticaj,81 Web Kontinuirani,97145,200,https://vodostaji.voda.ba/data/internet/stations/4/4320/Q/Q_1Y.xlsx,2026-09-07T09:01:20.629734Z,recordings/boundary_1020_WT_populated.recording.json,recordings/layer_20.recording.json
4320,HS Merdani,Lašva,4,General;Hidrološka stanica,False,True,True,stage_reported,H,H_1Y.xlsx,available,publisher declares #Rows = 8692,8692,cm,Vodostaj,81 Web Kontinuirani,123578,200,https://vodostaji.voda.ba/data/internet/stations/4/4320/H/H_1Y.xlsx,2026-09-07T09:01:21.005610Z,recordings/boundary_1020_WT_populated.recording.json,recordings/layer_10.recording.json
4320,HS Merdani,Lašva,4,General;Hidrološka stanica,False,True,False,water_temperature_reported,WT,Tvode_1Y.xlsx,declared_empty_in_rolling_window,publisher declares #Rows = 0 while still declaring parameter 'Temperatura vode' and unit '°C' for this station,0,°C,Temperatura vode,81 Web Kontinuirani,3627,200,https://vodostaji.voda.ba/data/internet/stations/4/4320/WT/Tvode_1Y.xlsx,2026-09-07T09:01:21.380296Z,recordings/boundary_4060_WT_headeronly.recording.json,recordings/layer_30.recording.json
4911,HS Vidara - akumulacija,Jezero Vidara,1,General;Hidrološka stanica,False,True,False,discharge_reported,Q,Q_1Y.xlsx,available,publisher declares #Rows = 338,338,m³/s,Proticaj,81 Web Kontinuirani,7628,200,https://vodostaji.voda.ba/data/internet/stations/1/4911/Q/Q_1Y.xlsx,2026-09-07T09:01:34.289879Z,recordings/boundary_1020_WT_populated.recording.json,recordings/layer_20.recording.json
4911,HS Vidara - akumulacija,Jezero Vidara,1,General;Hidrološka stanica,False,True,True,stage_reported,H,H_1Y.xlsx,available,publisher declares #Rows = 8650,8650,cm,Vodostaj,81 Web Kontinuirani,114867,200,https://vodostaji.voda.ba/data/internet/stations/1/4911/H/H_1Y.xlsx,2026-09-07T09:01:34.665436Z,recordings/boundary_1020_WT_populated.recording.json,recordings/layer_10.recording.json
4911,HS Vidara - akumulacija,Jezero Vidara,1,General;Hidrološka stanica,False,True,False,water_temperature_reported,WT,Tvode_1Y.xlsx,declared_empty_in_rolling_window,publisher declares #Rows = 0 while still declaring parameter 'Temperatura vode' and unit '°C' for this station,0,°C,Temperatura vode,81 Web Kontinuirani,3640,200,https://vodostaji.voda.ba/data/internet/stations/1/4911/WT/Tvode_1Y.xlsx,2026-09-07T09:01:35.048043Z,recordings/boundary_4060_WT_headeronly.recording.json,recordings/layer_30.recording.json
4931,HS Hazna - akumulacija,Jezero Hazna,1,General;Hidrološka stanica,False,True,False,discharge_reported,Q,Q_1Y.xlsx,available,publisher declares #Rows = 629,629,m³/s,Proticaj,81 Web Kontinuirani,10914,200,https://vodostaji.voda.ba/data/internet/stations/1/4931/Q/Q_1Y.xlsx,2026-09-07T09:01:35.433477Z,recordings/boundary_1020_WT_populated.recording.json,recordings/layer_20.recording.json
4931,HS Hazna - akumulacija,Jezero Hazna,1,General;Hidrološka stanica,False,True,True,stage_reported,H,H_1Y.xlsx,available,publisher declares #Rows = 8698,8698,cm,Vodostaj,81 Web Kontinuirani,117049,200,https://vodostaji.voda.ba/data/internet/stations/1/4931/H/H_1Y.xlsx,2026-09-07T09:01:35.809163Z,recordings/boundary_1020_WT_populated.recording.json,recordings/layer_10.recording.json
4931,HS Hazna - akumulacija,Jezero Hazna,1,General;Hidrološka stanica,False,True,False,water_temperature_reported,WT,Tvode_1Y.xlsx,declared_empty_in_rolling_window,publisher declares #Rows = 0 while still declaring parameter 'Temperatura vode' and unit '°C' for this station,0,°C,Temperatura vode,81 Web Kontinuirani,3641,200,https://vodostaji.voda.ba/data/internet/stations/1/4931/WT/Tvode_1Y.xlsx,2026-09-07T09:01:36.191497Z,recordings/boundary_4060_WT_headeronly.recording.json,recordings/layer_30.recording.json
5102,HS Kolina,Kolunska rijeka,5,General;Hidrološka stanica,False,True,False,discharge_reported,Q,Q_1Y.xlsx,available,publisher declares #Rows = 34340,34340,m³/s,Proticaj,81 Web Kontinuirani,385944,200,https://vodostaji.voda.ba/data/internet/stations/5/5102/Q/Q_1Y.xlsx,2026-09-07T09:01:38.858781Z,recordings/boundary_1020_WT_populated.recording.json,recordings/layer_20.recording.json
5102,HS Kolina,Kolunska rijeka,5,General;Hidrološka stanica,False,True,True,stage_reported,H,H_1Y.xlsx,available,publisher declares #Rows = 34755,34755,cm,Vodostaj,81 Web Kontinuirani,444630,200,https://vodostaji.voda.ba/data/internet/stations/5/5102/H/H_1Y.xlsx,2026-09-07T09:01:39.238341Z,recordings/boundary_1020_WT_populated.recording.json,recordings/layer_10.recording.json
5102,HS Kolina,Kolunska rijeka,5,General;Hidrološka stanica,False,True,False,water_temperature_reported,WT,Tvode_1Y.xlsx,declared_empty_in_rolling_window,publisher declares #Rows = 0 while still declaring parameter 'Temperatura vode' and unit '°C' for this station,0,°C,Temperatura vode,81 Web Kontinuirani,3626,200,https://vodostaji.voda.ba/data/internet/stations/5/5102/WT/Tvode_1Y.xlsx,2026-09-07T09:01:39.616750Z,recordings/boundary_4060_WT_headeronly.recording.json,recordings/layer_30.recording.json
5103,HS Kladanj,Drinjača,5,General;Hidrološka stanica,False,True,False,discharge_reported,Q,Q_1Y.xlsx,available,publisher declares #Rows = 8602,8602,m³/s,Proticaj,81 Web Kontinuirani,98878,200,https://vodostaji.voda.ba/data/internet/stations/5/5103/Q/Q_1Y.xlsx,2026-09-07T09:01:39.992051Z,recordings/boundary_1020_WT_populated.recording.json,recordings/layer_20.recording.json
5103,HS Kladanj,Drinjača,5,General;Hidrološka stanica,False,True,True,stage_reported,H,H_1Y.xlsx,available,publisher declares #Rows = 8703,8703,cm,Vodostaj,81 Web Kontinuirani,120202,200,https://vodostaji.voda.ba/data/internet/stations/5/5103/H/H_1Y.xlsx,2026-09-07T09:01:40.363724Z,recordings/boundary_1020_WT_populated.recording.json,recordings/layer_10.recording.json
5103,HS Kladanj,Drinjača,5,General;Hidrološka stanica,False,True,False,water_temperature_reported,WT,Tvode_1Y.xlsx,declared_empty_in_rolling_window,publisher declares #Rows = 0 while still declaring parameter 'Temperatura vode' and unit '°C' for this station,0,°C,Temperatura vode,81 Web Kontinuirani,3628,200,https://vodostaji.voda.ba/data/internet/stations/5/5103/WT/Tvode_1Y.xlsx,2026-09-07T09:01:40.736865Z,recordings/boundary_4060_WT_headeronly.recording.json,recordings/layer_30.recording.json
8001,HS Modrac - akumulacija - JP Spreca d.d. Tuzla,Spreča,4,General;Hidrološka stanica,False,True,False,discharge_reported,Q,Q_1Y.xlsx,available,publisher declares #Rows = 8144,8144,m³/s,Proticaj,81 Web Kontinuirani,94432,200,https://vodostaji.voda.ba/data/internet/stations/4/8001/Q/Q_1Y.xlsx,2026-09-07T09:01:41.109804Z,recordings/boundary_1020_WT_populated.recording.json,recordings/layer_20.recording.json
8001,HS Modrac - akumulacija - JP Spreca d.d. Tuzla,Spreča,4,General;Hidrološka stanica,False,True,True,stage_reported,H,H_1Y.xlsx,available,publisher declares #Rows = 8623,8623,cm,Vodostaj,81 Web Kontinuirani,121844,200,https://vodostaji.voda.ba/data/internet/stations/4/8001/H/H_1Y.xlsx,2026-09-07T09:01:41.488168Z,recordings/boundary_1020_WT_populated.recording.json,recordings/layer_10.recording.json
8001,HS Modrac - akumulacija - JP Spreca d.d. Tuzla,Spreča,4,General;Hidrološka stanica,False,True,False,water_temperature_reported,WT,Tvode_1Y.xlsx,declared_empty_in_rolling_window,publisher declares #Rows = 0 while still declaring parameter 'Temperatura vode' and unit '°C' for this station,0,°C,Temperatura vode,81 Web Kontinuirani,3656,200,https://vodostaji.voda.ba/data/internet/stations/4/8001/WT/Tvode_1Y.xlsx,2026-09-07T09:01:41.869342Z,recordings/boundary_4060_WT_headeronly.recording.json,recordings/layer_30.recording.json
8002,HS Banovići - JP Spreča d.d. Tuzla,Litva,4,General;Hidrološka stanica,False,True,False,discharge_reported,Q,Q_1Y.xlsx,available,publisher declares #Rows = 7066,7066,m³/s,Proticaj,81 Web Kontinuirani,83630,200,https://vodostaji.voda.ba/data/internet/stations/4/8002/Q/Q_1Y.xlsx,2026-09-07T09:01:42.248640Z,recordings/boundary_1020_WT_populated.recording.json,recordings/layer_20.recording.json
8002,HS Banovići - JP Spreča d.d. Tuzla,Litva,4,General;Hidrološka stanica,False,True,True,stage_reported,H,H_1Y.xlsx,available,publisher declares #Rows = 8693,8693,cm,Vodostaj,81 Web Kontinuirani,108185,200,https://vodostaji.voda.ba/data/internet/stations/4/8002/H/H_1Y.xlsx,2026-09-07T09:01:42.624321Z,recordings/boundary_1020_WT_populated.recording.json,recordings/layer_10.recording.json
8002,HS Banovići - JP Spreča d.d. Tuzla,Litva,4,General;Hidrološka stanica,False,True,False,water_temperature_reported,WT,Tvode_1Y.xlsx,declared_empty_in_rolling_window,publisher declares #Rows = 0 while still declaring parameter 'Temperatura vode' and unit '°C' for this station,0,°C,Temperatura vode,81 Web Kontinuirani,3653,200,https://vodostaji.voda.ba/data/internet/stations/4/8002/WT/Tvode_1Y.xlsx,2026-09-07T09:01:42.999078Z,recordings/boundary_4060_WT_headeronly.recording.json,recordings/layer_30.recording.json
8003,HS Gračanica - JP Spreča d.d. Tuzla,Sokoluša,4,General;Hidrološka stanica,False,True,False,discharge_reported,Q,Q_1Y.xlsx,available,publisher declares #Rows = 8322,8322,m³/s,Proticaj,81 Web Kontinuirani,96182,200,https://vodostaji.voda.ba/data/internet/stations/4/8003/Q/Q_1Y.xlsx,2026-09-07T09:01:43.372365Z,recordings/boundary_1020_WT_populated.recording.json,recordings/layer_20.recording.json
8003,HS Gračanica - JP Spreča d.d. Tuzla,Sokoluša,4,General;Hidrološka stanica,False,True,True,stage_reported,H,H_1Y.xlsx,available,publisher declares #Rows = 8629,8629,cm,Vodostaj,81 Web Kontinuirani,117562,200,https://vodostaji.voda.ba/data/internet/stations/4/8003/H/H_1Y.xlsx,2026-09-07T09:01:43.747559Z,recordings/boundary_1020_WT_populated.recording.json,recordings/layer_10.recording.json
8003,HS Gračanica - JP Spreča d.d. Tuzla,Sokoluša,4,General;Hidrološka stanica,False,True,False,water_temperature_reported,WT,Tvode_1Y.xlsx,declared_empty_in_rolling_window,publisher declares #Rows = 0 while still declaring parameter 'Temperatura vode' and unit '°C' for this station,0,°C,Temperatura vode,81 Web Kontinuirani,3653,200,https://vodostaji.voda.ba/data/internet/stations/4/8003/WT/Tvode_1Y.xlsx,2026-09-07T09:01:44.130157Z,recordings/boundary_4060_WT_headeronly.recording.json,recordings/layer_30.recording.json
8004,HS Kalesija - JP Spreča d.d. Tuzla,Gribaja,4,General;Hidrološka stanica,False,True,False,discharge_reported,Q,Q_1Y.xlsx,available,publisher declares #Rows = 6955,6955,m³/s,Proticaj,81 Web Kontinuirani,82334,200,https://vodostaji.voda.ba/data/internet/stations/4/8004/Q/Q_1Y.xlsx,2026-09-07T09:01:44.516435Z,recordings/boundary_1020_WT_populated.recording.json,recordings/layer_20.recording.json
8004,HS Kalesija - JP Spreča d.d. Tuzla,Gribaja,4,General;Hidrološka stanica,False,True,True,stage_reported,H,H_1Y.xlsx,available,publisher declares #Rows = 8686,8686,cm,Vodostaj,81 Web Kontinuirani,108913,200,https://vodostaji.voda.ba/data/internet/stations/4/8004/H/H_1Y.xlsx,2026-09-07T09:01:44.895608Z,recordings/boundary_1020_WT_populated.recording.json,recordings/layer_10.recording.json
8004,HS Kalesija - JP Spreča d.d. Tuzla,Gribaja,4,General;Hidrološka stanica,False,True,False,water_temperature_reported,WT,Tvode_1Y.xlsx,declared_empty_in_rolling_window,publisher declares #Rows = 0 while still declaring parameter 'Temperatura vode' and unit '°C' for this station,0,°C,Temperatura vode,81 Web Kontinuirani,3649,200,https://vodostaji.voda.ba/data/internet/stations/4/8004/WT/Tvode_1Y.xlsx,2026-09-07T09:01:45.277274Z,recordings/boundary_4060_WT_headeronly.recording.json,recordings/layer_30.recording.json
8006,HS Modrac-Jala-JP Spreča d.d. Tuzla,Jala,4,General;Hidrološka stanica,False,True,False,discharge_reported,Q,Q_1Y.xlsx,available,publisher declares #Rows = 7474,7474,m³/s,Proticaj,81 Web Kontinuirani,87727,200,https://vodostaji.voda.ba/data/internet/stations/4/8006/Q/Q_1Y.xlsx,2026-09-07T09:01:45.654356Z,recordings/boundary_1020_WT_populated.recording.json,recordings/layer_20.recording.json
8006,HS Modrac-Jala-JP Spreča d.d. Tuzla,Jala,4,General;Hidrološka stanica,False,True,True,stage_reported,H,H_1Y.xlsx,available,publisher declares #Rows = 8363,8363,cm,Vodostaj,81 Web Kontinuirani,107649,200,https://vodostaji.voda.ba/data/internet/stations/4/8006/H/H_1Y.xlsx,2026-09-07T09:01:46.025882Z,recordings/boundary_1020_WT_populated.recording.json,recordings/layer_10.recording.json
8006,HS Modrac-Jala-JP Spreča d.d. Tuzla,Jala,4,General;Hidrološka stanica,False,True,False,water_temperature_reported,WT,Tvode_1Y.xlsx,declared_empty_in_rolling_window,publisher declares #Rows = 0 while still declaring parameter 'Temperatura vode' and unit '°C' for this station,0,°C,Temperatura vode,81 Web Kontinuirani,3652,200,https://vodostaji.voda.ba/data/internet/stations/4/8006/WT/Tvode_1Y.xlsx,2026-09-07T09:01:46.403394Z,recordings/boundary_4060_WT_headeronly.recording.json,recordings/layer_30.recording.json
8007,HS Simin Han - JP Spreča d.d. Tuzla,Litva,4,General;Hidrološka stanica,False,True,False,discharge_reported,Q,Q_1Y.xlsx,available,publisher declares #Rows = 7318,7318,m³/s,Proticaj,81 Web Kontinuirani,86320,200,https://vodostaji.voda.ba/data/internet/stations/4/8007/Q/Q_1Y.xlsx,2026-09-07T09:01:46.776131Z,recordings/boundary_1020_WT_populated.recording.json,recordings/layer_20.recording.json
8007,HS Simin Han - JP Spreča d.d. Tuzla,Litva,4,General;Hidrološka stanica,False,True,True,stage_reported,H,H_1Y.xlsx,available,publisher declares #Rows = 8685,8685,cm,Vodostaj,81 Web Kontinuirani,109854,200,https://vodostaji.voda.ba/data/internet/stations/4/8007/H/H_1Y.xlsx,2026-09-07T09:01:47.151509Z,recordings/boundary_1020_WT_populated.recording.json,recordings/layer_10.recording.json
8007,HS Simin Han - JP Spreča d.d. Tuzla,Litva,4,General;Hidrološka stanica,False,True,False,water_temperature_reported,WT,Tvode_1Y.xlsx,declared_empty_in_rolling_window,publisher declares #Rows = 0 while still declaring parameter 'Temperatura vode' and unit '°C' for this station,0,°C,Temperatura vode,81 Web Kontinuirani,3652,200,https://vodostaji.voda.ba/data/internet/stations/4/8007/WT/Tvode_1Y.xlsx,2026-09-07T09:01:47.539128Z,recordings/boundary_4060_WT_headeronly.recording.json,recordings/layer_30.recording.json
8008,HS Solina - JP Spreča d.d. Tuzla,Solina,4,General;Hidrološka stanica,False,True,False,discharge_reported,Q,Q_1Y.xlsx,available,publisher declares #Rows = 8251,8251,m³/s,Proticaj,81 Web Kontinuirani,95515,200,https://vodostaji.voda.ba/data/internet/stations/4/8008/Q/Q_1Y.xlsx,2026-09-07T09:01:47.918198Z,recordings/boundary_1020_WT_populated.recording.json,recordings/layer_20.recording.json
8008,HS Solina - JP Spreča d.d. Tuzla,Solina,4,General;Hidrološka stanica,False,True,True,stage_reported,H,H_1Y.xlsx,available,publisher declares #Rows = 8682,8682,cm,Vodostaj,81 Web Kontinuirani,110123,200,https://vodostaji.voda.ba/data/internet/stations/4/8008/H/H_1Y.xlsx,2026-09-07T09:01:48.300587Z,recordings/boundary_1020_WT_populated.recording.json,recordings/layer_10.recording.json
8008,HS Solina - JP Spreča d.d. Tuzla,Solina,4,General;Hidrološka stanica,False,True,False,water_temperature_reported,WT,Tvode_1Y.xlsx,declared_empty_in_rolling_window,publisher declares #Rows = 0 while still declaring parameter 'Temperatura vode' and unit '°C' for this station,0,°C,Temperatura vode,81 Web Kontinuirani,3650,200,https://vodostaji.voda.ba/data/internet/stations/4/8008/WT/Tvode_1Y.xlsx,2026-09-07T09:01:48.680736Z,recordings/boundary_4060_WT_headeronly.recording.json,recordings/layer_30.recording.json
8009,HS Živinice - JP Spreča d.d. Tuzla,Oskova,4,General;Hidrološka stanica,False,True,False,discharge_reported,Q,Q_1Y.xlsx,available,publisher declares #Rows = 7925,7925,m³/s,Proticaj,81 Web Kontinuirani,92404,200,https://vodostaji.voda.ba/data/internet/stations/4/8009/Q/Q_1Y.xlsx,2026-09-07T09:01:49.063378Z,recordings/boundary_1020_WT_populated.recording.json,recordings/layer_20.recording.json
8009,HS Živinice - JP Spreča d.d. Tuzla,Oskova,4,General;Hidrološka stanica,False,True,True,stage_reported,H,H_1Y.xlsx,available,publisher declares #Rows = 8684,8684,cm,Vodostaj,81 Web Kontinuirani,109811,200,https://vodostaji.voda.ba/data/internet/stations/4/8009/H/H_1Y.xlsx,2026-09-07T09:01:49.453252Z,recordings/boundary_1020_WT_populated.recording.json,recordings/layer_10.recording.json
8009,HS Živinice - JP Spreča d.d. Tuzla,Oskova,4,General;Hidrološka stanica,False,True,False,water_temperature_reported,WT,Tvode_1Y.xlsx,declared_empty_in_rolling_window,publisher declares #Rows = 0 while still declaring parameter 'Temperatura vode' and unit '°C' for this station,0,°C,Temperatura vode,81 Web Kontinuirani,3653,200,https://vodostaji.voda.ba/data/internet/stations/4/8009/WT/Tvode_1Y.xlsx,2026-09-07T09:01:49.830912Z,recordings/boundary_4060_WT_headeronly.recording.json,recordings/layer_30.recording.json
9001,HS Tržačka Raštela,Korana,1,General;Hidrološka stanica,False,True,False,discharge_reported,Q,Q_1Y.xlsx,available,publisher declares #Rows = 1,1,m³/s,Proticaj,81 Web Kontinuirani,3758,200,https://vodostaji.voda.ba/data/internet/stations/1/9001/Q/Q_1Y.xlsx,2026-09-07T09:01:50.207570Z,recordings/boundary_1020_WT_populated.recording.json,recordings/layer_20.recording.json
9001,HS Tržačka Raštela,Korana,1,General;Hidrološka stanica,False,True,True,stage_reported,H,H_1Y.xlsx,available,publisher declares #Rows = 8702,8702,cm,Vodostaj,81 Web Kontinuirani,121064,200,https://vodostaji.voda.ba/data/internet/stations/1/9001/H/H_1Y.xlsx,2026-09-07T09:01:50.578658Z,recordings/boundary_1020_WT_populated.recording.json,recordings/layer_10.recording.json
9001,HS Tržačka Raštela,Korana,1,General;Hidrološka stanica,False,True,False,water_temperature_reported,WT,Tvode_1Y.xlsx,declared_empty_in_rolling_window,publisher declares #Rows = 0 while still declaring parameter 'Temperatura vode' and unit '°C' for this station,0,°C,Temperatura vode,81 Web Kontinuirani,3645,200,https://vodostaji.voda.ba/data/internet/stations/1/9001/WT/Tvode_1Y.xlsx,2026-09-07T09:01:50.957931Z,recordings/boundary_4060_WT_headeronly.recording.json,recordings/layer_30.recording.json
9020,HS Dabar,Dabar,2,General;Hidrološka stanica,False,True,False,discharge_reported,Q,Q_1Y.xlsx,available,publisher declares #Rows = 1,1,m³/s,Proticaj,81 Web Kontinuirani,3740,200,https://vodostaji.voda.ba/data/internet/stations/2/9020/Q/Q_1Y.xlsx,2026-09-07T09:01:54.710801Z,recordings/boundary_1020_WT_populated.recording.json,recordings/layer_20.recording.json
9020,HS Dabar,Dabar,2,General;Hidrološka stanica,False,True,True,stage_reported,H,H_1Y.xlsx,available,publisher declares #Rows = 7651,7651,cm,Vodostaj,81 Web Kontinuirani,108052,200,https://vodostaji.voda.ba/data/internet/stations/2/9020/H/H_1Y.xlsx,2026-09-07T09:01:55.090404Z,recordings/boundary_1020_WT_populated.recording.json,recordings/layer_10.recording.json
9020,HS Dabar,Dabar,2,General;Hidrološka stanica,False,True,False,water_temperature_reported,WT,Tvode_1Y.xlsx,declared_empty_in_rolling_window,publisher declares #Rows = 0 while still declaring parameter 'Temperatura vode' and unit '°C' for this station,0,°C,Temperatura vode,81 Web Kontinuirani,3626,200,https://vodostaji.voda.ba/data/internet/stations/2/9020/WT/Tvode_1Y.xlsx,2026-09-07T09:01:55.463646Z,recordings/boundary_4060_WT_headeronly.recording.json,recordings/layer_30.recording.json
9025,HS Tržac,Mutnica,1,General;Hidrološka stanica,False,False,False,discharge_reported,Q,Q_1Y.xlsx,access_failed,HTTP 404 - the publisher serves no workbook at this route,,,,,,404,https://vodostaji.voda.ba/data/internet/stations/1/9025/Q/Q_1Y.xlsx,2026-09-07T09:01:55.840402Z,recordings/absent_4228_H_404.recording.json,recordings/layer_20.recording.json
9025,HS Tržac,Mutnica,1,General;Hidrološka stanica,False,False,True,stage_reported,H,H_1Y.xlsx,access_failed,HTTP 404 - the publisher serves no workbook at this route,,,,,,404,https://vodostaji.voda.ba/data/internet/stations/1/9025/H/H_1Y.xlsx,2026-09-07T09:01:56.212106Z,recordings/absent_4228_H_404.recording.json,recordings/layer_10.recording.json
9025,HS Tržac,Mutnica,1,General;Hidrološka stanica,False,False,False,water_temperature_reported,WT,Tvode_1Y.xlsx,access_failed,HTTP 404 - the publisher serves no workbook at this route,,,,,,404,https://vodostaji.voda.ba/data/internet/stations/1/9025/WT/Tvode_1Y.xlsx,2026-09-07T09:01:56.591129Z,recordings/absent_4228_H_404.recording.json,recordings/layer_30.recording.json
9026,HS Velika Kladuša,Kladušnica,1,General;Hidrološka stanica,False,True,False,discharge_reported,Q,Q_1Y.xlsx,available,publisher declares #Rows = 8592,8592,m³/s,Proticaj,81 Web Kontinuirani,98803,200,https://vodostaji.voda.ba/data/internet/stations/1/9026/Q/Q_1Y.xlsx,2026-09-07T09:01:56.965942Z,recordings/boundary_1020_WT_populated.recording.json,recordings/layer_20.recording.json
9026,HS Velika Kladuša,Kladušnica,1,General;Hidrološka stanica,False,True,True,stage_reported,H,H_1Y.xlsx,available,publisher declares #Rows = 8702,8702,cm,Vodostaj,81 Web Kontinuirani,121523,200,https://vodostaji.voda.ba/data/internet/stations/1/9026/H/H_1Y.xlsx,2026-09-07T09:01:57.339341Z,recordings/boundary_1020_WT_populated.recording.json,recordings/layer_10.recording.json
9026,HS Velika Kladuša,Kladušnica,1,General;Hidrološka stanica,False,True,True,water_temperature_reported,WT,Tvode_1Y.xlsx,available,publisher declares #Rows = 8702,8702,°C,Temperatura vode,81 Web Kontinuirani,118622,200,https://vodostaji.voda.ba/data/internet/stations/1/9026/WT/Tvode_1Y.xlsx,2026-09-07T09:01:57.717592Z,recordings/boundary_1020_WT_populated.recording.json,recordings/layer_30.recording.json
9043,HS Turija,Turija,4,General;Hidrološka stanica,False,True,False,discharge_reported,Q,Q_1Y.xlsx,available,publisher declares #Rows = 1,1,m³/s,Proticaj,81 Web Kontinuirani,3742,200,https://vodostaji.voda.ba/data/internet/stations/4/9043/Q/Q_1Y.xlsx,2026-09-07T09:01:59.244181Z,recordings/boundary_1020_WT_populated.recording.json,recordings/layer_20.recording.json
9043,HS Turija,Turija,4,General;Hidrološka stanica,False,True,True,stage_reported,H,H_1Y.xlsx,available,publisher declares #Rows = 8689,8689,cm,Vodostaj,81 Web Kontinuirani,120068,200,https://vodostaji.voda.ba/data/internet/stations/4/9043/H/H_1Y.xlsx,2026-09-07T09:01:59.617071Z,recordings/boundary_1020_WT_populated.recording.json,recordings/layer_10.recording.json
9043,HS Turija,Turija,4,General;Hidrološka stanica,False,True,False,water_temperature_reported,WT,Tvode_1Y.xlsx,declared_empty_in_rolling_window,publisher declares #Rows = 0 while still declaring parameter 'Temperatura vode' and unit '°C' for this station,0,°C,Temperatura vode,81 Web Kontinuirani,3627,200,https://vodostaji.voda.ba/data/internet/stations/4/9043/WT/Tvode_1Y.xlsx,2026-09-07T09:01:59.993043Z,recordings/boundary_4060_WT_headeronly.recording.json,recordings/layer_30.recording.json
9102,HS Osjek,Bosna,4,General;Hidrološka stanica,False,True,False,discharge_reported,Q,Q_1Y.xlsx,declared_empty_in_rolling_window,publisher declares #Rows = 0 while still declaring parameter 'Proticaj' and unit 'm³/s' for this station,0,m³/s,Proticaj,81 Web Kontinuirani,3625,200,https://vodostaji.voda.ba/data/internet/stations/4/9102/Q/Q_1Y.xlsx,2026-09-07T09:02:02.637109Z,recordings/boundary_4060_WT_headeronly.recording.json,recordings/layer_20.recording.json
9102,HS Osjek,Bosna,4,General;Hidrološka stanica,False,True,True,stage_reported,H,H_1Y.xlsx,declared_empty_in_rolling_window,publisher declares #Rows = 0 while still declaring parameter 'Vodostaj' and unit 'cm' for this station,0,cm,Vodostaj,81 Web Kontinuirani,3618,200,https://vodostaji.voda.ba/data/internet/stations/4/9102/H/H_1Y.xlsx,2026-09-07T09:02:03.008175Z,recordings/boundary_4060_WT_headeronly.recording.json,recordings/layer_10.recording.json
9102,HS Osjek,Bosna,4,General;Hidrološka stanica,False,True,False,water_temperature_reported,WT,Tvode_1Y.xlsx,declared_empty_in_rolling_window,publisher declares #Rows = 0 while still declaring parameter 'Temperatura vode' and unit '°C' for this station,0,°C,Temperatura vode,81 Web Kontinuirani,3630,200,https://vodostaji.voda.ba/data/internet/stations/4/9102/WT/Tvode_1Y.xlsx,2026-09-07T09:02:03.375177Z,recordings/boundary_4060_WT_headeronly.recording.json,recordings/layer_30.recording.json
9130,HS Tešanjka,Usora,4,General;Hidrološka stanica,False,True,False,discharge_reported,Q,Q_1Y.xlsx,available,publisher declares #Rows = 1,1,m³/s,Proticaj,81 Web Kontinuirani,3744,200,https://vodostaji.voda.ba/data/internet/stations/4/9130/Q/Q_1Y.xlsx,2026-09-07T09:02:03.754538Z,recordings/boundary_1020_WT_populated.recording.json,recordings/layer_20.recording.json
9130,HS Tešanjka,Usora,4,General;Hidrološka stanica,False,True,True,stage_reported,H,H_1Y.xlsx,available,publisher declares #Rows = 8690,8690,cm,Vodostaj,81 Web Kontinuirani,125856,200,https://vodostaji.voda.ba/data/internet/stations/4/9130/H/H_1Y.xlsx,2026-09-07T09:02:04.135305Z,recordings/boundary_1020_WT_populated.recording.json,recordings/layer_10.recording.json
9130,HS Tešanjka,Usora,4,General;Hidrološka stanica,False,True,False,water_temperature_reported,WT,Tvode_1Y.xlsx,declared_empty_in_rolling_window,publisher declares #Rows = 0 while still declaring parameter 'Temperatura vode' and unit '°C' for this station,0,°C,Temperatura vode,81 Web Kontinuirani,3633,200,https://vodostaji.voda.ba/data/internet/stations/4/9130/WT/Tvode_1Y.xlsx,2026-09-07T09:02:04.511890Z,recordings/boundary_4060_WT_headeronly.recording.json,recordings/layer_30.recording.json
